beta,eta,N,R,P,U
0.209,4.5,2,0.759678696,0.07644864976,0.7797869055
0.21,4.5,2,0.7596809419,0.07641086482,0.779684314
0.211,4.5,2,0.7596854894,0.07637472248,0.779588645
0.212,4.5,2,0.7596923753,0.07634026019,0.7795000036
0.213,4.5,2,0.7597016365,0.07630751537,0.7794184947
0.214,4.5,2,0.7597133098,0.07627652546,0.7793442234
0.215,4.5,2,0.759727432,0.07624732789,0.7792772948
0.216,4.5,2,0.75974404,0.07621996009,0.7792178139
0.217,4.5,2,0.7597631706,0.0761944595,0.7791658858
0.218,4.5,2,0.7597848607,0.07617086356,0.7791216154
0.219,4.5,2,0.7598091471,0.07614920968,0.7790851078
0.22,4.5,2,0.7598360666,0.07612953531,0.7790564681
0.221,4.5,2,0.7598656561,0.07611187789,0.7790358013
0.222,4.5,2,0.7598979524,0.07609627483,0.7790232124
0.223,4.5,2,0.7599329923,0.07608276359,0.7790188065
0.224,4.5,2,0.7599708127,0.07607138158,0.7790226887
0.225,4.5,2,0.7600114505,0.07606216624,0.7790349638
0.226,4.5,2,0.7600549423,0.07605515501,0.7790557371
0.227,4.5,2,0.7601013252,0.07605038533,0.7790851135
0.228,4.5,2,0.7601506359,0.07604789461,0.7791231981
0.229,4.5,2,0.7602029113,0.0760477203,0.7791700958
0.197,4.5,3,0.7492953813,0.07918594363,0.7735412775
0.198,4.5,3,0.7492435575,0.07918646211,0.77335771
0.199,4.5,3,0.7491937209,0.07918844469,0.7731796563
0.2,4.5,3,0.7491459085,0.07919192882,0.7730072215
0.201,4.5,3,0.749100157,0.07919695193,0.7728405104
0.202,4.5,3,0.7490565034,0.07920355145,0.7726796282
0.203,4.5,3,0.7490149844,0.07921176482,0.7725246799
0.204,4.5,3,0.7489756369,0.07922162947,0.7723757706
0.205,4.5,3,0.7489384977,0.07923318282,0.7722330053
0.206,4.5,3,0.7489036037,0.07924646232,0.772096489
0.207,4.5,3,0.7488709916,0.0792615054,0.7719663268
0.208,4.5,3,0.7488406984,0.07927834949,0.7718426236
0.209,4.5,3,0.7488127609,0.07929703203,0.7717254846
0.21,4.5,3,0.7487872158,0.07931759044,0.7716150149
0.211,4.5,3,0.7487641001,0.07934006216,0.7715113193
0.212,4.5,3,0.7487434506,0.07936448463,0.771414503
0.213,4.5,3,0.7487253041,0.07939089527,0.771324671
0.214,4.5,3,0.7487096975,0.07941933153,0.7712419283
0.215,4.5,3,0.7486966675,0.07944983083,0.7711663801
0.216,4.5,3,0.7486862511,0.0794824306,0.7710981312
0.217,4.5,3,0.7486784851,0.07951716828,0.7710372868
0.218,4.5,3,0.7486734062,0.07955408131,0.770983952
0.219,4.5,3,0.7486710514,0.07959320712,0.7709382316
0.22,4.5,3,0.7486714575,0.07963458313,0.7709002308
0.221,4.5,3,0.7486746613,0.07967824678,0.7708700547
0.222,4.5,3,0.7486806997,0.07972423552,0.7708478082
0.223,4.5,3,0.7486896094,0.07977258676,0.7708335964
0.224,4.5,3,0.7487014274,0.07982333794,0.7708275243
0.232,3.05,4,0.7311042311,0.1293405946,0.7847468312
0.233,3.05,4,0.7310810145,0.1294780034,0.7846378471
0.231,3.06,4,0.7312192619,0.1286735631,0.7842560475
0.232,3.06,4,0.7311938339,0.1288078427,0.7841433314
0.233,3.06,4,0.7311712376,0.1289452665,0.7840376313
0.235,3.06,4,0.7311346867,0.1292296961,0.7838476996
0.23,3.07,4,0.7313397967,0.1280145644,0.7837833214
0.231,3.07,4,0.7313121819,0.1281457537,0.7836669226
0.232,3.07,4,0.7312873656,0.1282800488,0.7835574482
0.234,3.07,4,0.7312462756,0.1285581058,0.7833596927
0.228,3.08,4,0.7314982413,0.1272384161,0.7834552151
0.229,3.08,4,0.7314657359,0.127363524,0.7833284554
0.23,3.08,4,0.7314359589,0.1274916618,0.7832084234
0.231,3.08,4,0.7314089473,0.127622867,0.783095224
0.233,3.08,4,0.7313633672,0.1278946292,0.7828897435
0.234,3.08,4,0.7313448724,0.1280352611,0.7827976725
0.228,3.09,4,0.7315969801,0.1267203673,0.782891252
0.229,3.09,4,0.7315650654,0.1268454925,0.7827676361
0.23,3.09,4,0.7315358829,0.1269736467,0.7826507612
0.231,3.09,4,0.7315094695,0.1271048673,0.7825407323
0.232,3.09,4,0.7314858619,0.1272391918,0.7824376545
0.233,3.09,4,0.731465097,0.1273766575,0.7823416328
0.228,3.1,4,0.7316994018,0.1262071712,0.7823443634
0.229,3.1,4,0.7316680731,0.1263323133,0.7822238623
0.23,3.1,4,0.7316394802,0.1264604834,0.7821101156
0.231,3.1,4,0.7316136601,0.1265917189,0.7820032282
0.232,3.1,4,0.7315906496,0.1267260574,0.7819033052
0.233,3.1,4,0.7315704855,0.1268635362,0.7818104517
0.234,3.1,4,0.7315532047,0.1270041927,0.7817247726
0.235,3.1,4,0.7315388439,0.1271480644,0.7816463731
0.236,3.1,4,0.7315274401,0.1272951888,0.7815753581
0.237,3.1,4,0.7315190301,0.1274456032,0.7815118327
0.238,3.1,4,0.7315136507,0.1275993451,0.7814559019
0.227,3.11,4,0.7318388687,0.1255766233,0.7819384077
0.228,3.11,4,0.7318054182,0.1256987921,0.7818143298
0.229,3.11,4,0.7317746705,0.1258239505,0.7816969146
0.23,3.11,4,0.7317466624,0.1259521361,0.7815862671
0.231,3.11,4,0.7317214309,0.1260833861,0.7814824922
0.232,3.11,4,0.7316990126,0.1262177381,0.7813856951
0.233,3.11,4,0.7316794445,0.1263552294,0.7812959808
0.234,3.11,4,0.7316627633,0.1264958976,0.7812134543
0.235,3.11,4,0.731649006,0.12663978,0.7811382206
0.236,3.11,4,0.7316382093,0.1267869141,0.7810703848
0.237,3.11,4,0.7316304101,0.1269373373,0.781010052
0.227,3.12,4,0.7319478187,0.1250730087,0.7814219663
0.228,3.12,4,0.7319149408,0.1251951943,0.781300932
0.229,3.12,4,0.7318847693,0.1253203687,0.7811865737
0.23,3.12,4,0.7318573412,0.1254485692,0.7810789963
0.231,3.12,4,0.7318326933,0.1255798332,0.780978305
0.232,3.12,4,0.7318108624,0.1257141982,0.7808846048
0.233,3.12,4,0.7317918854,0.1258517017,0.7807980007
0.234,3.12,4,0.7317757991,0.125992381,0.7807185978
0.235,3.12,4,0.7317626403,0.1261362736,0.780646501
0.236,3.12,4,0.7317524459,0.126283417,0.7805818155
0.237,3.12,4,0.7317452527,0.1264338485,0.7805246462
0.238,3.12,4,0.7317410975,0.1265876056,0.7804750983
0.239,3.12,4,0.7317400173,0.1267447257,0.7804332767
0.24,3.12,4,0.7317420488,0.1269052463,0.7803992865
0.241,3.12,4,0.7317472288,0.1270692048,0.7803732327
0.242,3.12,4,0.7317555942,0.1272366386,0.7803552204
0.243,3.12,4,0.7317671819,0.1274075852,0.7803453545
0.244,3.12,4,0.7317820287,0.127582082,0.7803437403
0.226,3.13,4,0.7320951752,0.1244548885,0.7810465742
0.227,3.13,4,0.7320601915,0.1245741402,0.7809219702
0.228,3.13,4,0.7320278812,0.1246963422,0.7808039505
0.229,3.13,4,0.7319982811,0.124821532,0.7806926201
0.23,3.13,4,0.7319714281,0.1249497469,0.780588084
0.231,3.13,4,0.731947359,0.1250810245,0.7804904473
0.232,3.13,4,0.7319261107,0.1252154021,0.780399815
0.233,3.13,4,0.7319077199,0.1253529172,0.7803162921
0.234,3.13,4,0.7318922236,0.1254936072,0.7802399838
0.235,3.13,4,0.7318796585,0.1256375095,0.7801709949
0.236,3.13,4,0.7318700615,0.1257846617,0.7801094307
0.237,3.13,4,0.7318634695,0.125935101,0.780055396
0.238,3.13,4,0.7318599192,0.126088865,0.780008996
0.239,3.13,4,0.7318594476,0.1262459911,0.7799703357
0.24,3.13,4,0.7318620914,0.1264065167,0.7799395201
0.241,3.13,4,0.7318678874,0.1265704792,0.7799166543
0.242,3.13,4,0.7318768726,0.1267379161,0.7799018433
0.243,3.13,4,0.7318890838,0.1269088648,0.7798951921
0.226,3.14,4,0.7322103232,0.1239607136,0.7805598319
0.227,3.14,4,0.7321758985,0.1240799821,0.7804382001
0.228,3.14,4,0.732144151,0.1242022,0.780323166
0.229,3.14,4,0.7321151175,0.1243274047,0.7802148345
0.23,3.14,4,0.7320888347,0.1244556337,0.7801133107
0.231,3.14,4,0.7320653396,0.1245869243,0.7800186996
0.232,3.14,4,0.732044669,0.124721314,0.7799311062
0.233,3.14,4,0.7320268596,0.1248588402,0.7798506356
0.234,3.14,4,0.7320119484,0.1249995404,0.7797773929
0.235,3.14,4,0.7319999722,0.1251434521,0.779711483
0.236,3.14,4,0.7319909678,0.1252906125,0.7796530111
0.237,3.14,4,0.7319849721,0.1254410592,0.7796020821
0.238,3.14,4,0.7319820219,0.1255948296,0.779558801
0.239,3.14,4,0.731982154,0.1257519611,0.779523273
0.24,3.14,4,0.7319854052,0.1259124912,0.7794956031
0.241,3.14,4,0.7319918125,0.1260764573,0.7794758963
0.242,3.14,4,0.7320014126,0.1262438969,0.7794642576
0.243,3.14,4,0.7320142424,0.1264148473,0.7794607921
0.226,3.15,4,0.7323287218,0.1234712138,0.780089125
0.227,3.15,4,0.7322948514,0.1235904987,0.7799704366
0.228,3.15,4,0.7322636619,0.1237127321,0.7798583591
0.229,3.15,4,0.73223519,0.1238379513,0.7797529975
0.23,3.15,4,0.7322094727,0.1239661937,0.779654457
0.231,3.15,4,0.7321865467,0.1240974969,0.7795628425
0.232,3.15,4,0.7321664489,0.1242318983,0.7794782591
0.233,3.15,4,0.7321492161,0.1243694352,0.7794008119
0.234,3.15,4,0.7321348853,0.1245101451,0.7793306058
0.235,3.15,4,0.7321234931,0.1246540655,0.7792677459
0.236,3.15,4,0.7321150764,0.1248012338,0.7792123373
0.237,3.15,4,0.7321096722,0.1249516874,0.7791644849
0.238,3.15,4,0.7321073171,0.1251054637,0.7791242939
0.239,3.15,4,0.7321080481,0.1252626002,0.7790918692
0.24,3.15,4,0.732111902,0.1254231344,0.779067316
0.241,3.15,4,0.7321189156,0.1255871036,0.7790507392
0.242,3.15,4,0.7321291258,0.1257545453,0.7790422439
0.243,3.15,4,0.7321425694,0.1259254969,0.779041935
0.225,3.16,4,0.7324862515,0.1228699628,0.7797565277
0.226,3.16,4,0.7324502828,0.1229863536,0.7796342343
0.227,3.16,4,0.7324169618,0.1231056544,0.7795184602
0.228,3.16,4,0.7323863254,0.1232279027,0.7794093103
0.229,3.16,4,0.7323584104,0.1233531359,0.7793068898
0.23,3.16,4,0.7323332536,0.1234813914,0.7792113036
0.231,3.16,4,0.7323108919,0.1236127067,0.7791226568
0.232,3.16,4,0.7322913621,0.1237471192,0.7790410544
0.233,3.16,4,0.7322747011,0.1238846663,0.7789666015
0.234,3.16,4,0.7322609456,0.1240253855,0.778899403
0.235,3.16,4,0.7322501326,0.1241693142,0.7788395642
0.236,3.16,4,0.7322422989,0.1243164898,0.7787871899
0.237,3.16,4,0.7322374812,0.1244669498,0.7787423852
0.238,3.16,4,0.7322357165,0.1246207316,0.7787052553
0.239,3.16,4,0.7322370416,0.1247778727,0.778675905
0.24,3.16,4,0.7322414933,0.1249384104,0.7786544394
0.241,3.16,4,0.7322491084,0.1251023822,0.7786409637
0.242,3.16,4,0.7322599238,0.1252698256,0.7786355827
0.225,3.17,4,0.7326103457,0.12238969,0.7793143618
0.226,3.17,4,0.7325749178,0.1225060971,0.7791949404
0.227,3.17,4,0.7325421413,0.1226254134,0.7790820516
0.228,3.17,4,0.7325120532,0.1227476761,0.7789758004
0.229,3.17,4,0.7324846901,0.1228729228,0.7788762919
0.23,3.17,4,0.7324600891,0.1230011909,0.778783631
0.231,3.17,4,0.7324382868,0.1231325179,0.7786979229
0.232,3.17,4,0.7324193202,0.123266941,0.7786192726
0.233,3.17,4,0.732403226,0.1234044979,0.778547785
0.234,3.17,4,0.7323900412,0.1235452259,0.7784835653
0.235,3.17,4,0.7323798025,0.1236891624,0.7784267185
0.236,3.17,4,0.7323725468,0.1238363449,0.7783773496
0.237,3.17,4,0.7323683109,0.1239868109,0.7783355637
0.238,3.17,4,0.7323671317,0.1241405977,0.7783014657
0.239,3.17,4,0.732369046,0.1242977428,0.7782751608
0.24,3.17,4,0.7323740906,0.1244582836,0.778256754
0.241,3.17,4,0.7323823024,0.1246222575,0.7782463503
0.242,3.17,4,0.7323937182,0.1247897021,0.7782440548
0.224,3.18,4,0.7327749404,0.1218004334,0.7790106215
0.225,3.18,4,0.7327374301,0.1219139857,0.7788876023
0.226,3.18,4,0.7327025382,0.1220304088,0.7787710239
0.227,3.18,4,0.7326703015,0.12214974,0.7786609915
0.228,3.18,4,0.7326407568,0.1222720167,0.77855761
0.229,3.18,4,0.7326139409,0.1223972765,0.7784609845
0.23,3.18,4,0.7325898907,0.1225255567,0.77837122
0.231,3.18,4,0.732568643,0.1226568948,0.7782884216
0.232,3.18,4,0.7325502347,0.1227913282,0.7782126943
0.233,3.18,4,0.7325347026,0.1229288943,0.7781441432
0.234,3.18,4,0.7325220835,0.1230696306,0.7780828732
0.235,3.18,4,0.7325124143,0.1232135745,0.7780289894
0.236,3.18,4,0.7325057318,0.1233607634,0.777982597
0.237,3.18,4,0.7325020728,0.1235112348,0.7779438008
0.238,3.18,4,0.7325014743,0.1236650262,0.7779127059
0.239,3.18,4,0.7325039729,0.1238221748,0.7778894175
0.24,3.18,4,0.7325096056,0.1239827182,0.7778740404
0.241,3.18,4,0.7325184092,0.1241466939,0.7778666798
0.224,3.19,4,0.7329043995,0.1213292457,0.7785962483
0.225,3.19,4,0.7328674166,0.1214428144,0.7784760298
0.226,3.19,4,0.7328330559,0.1215592528,0.7783622655
0.227,3.19,4,0.732801354,0.1216785985,0.7782550604
0.228,3.19,4,0.7327723478,0.1218008888,0.7781545197
0.229,3.19,4,0.7327460742,0.1219261611,0.7780607482
0.23,3.19,4,0.7327225701,0.122054453,0.7779738512
0.231,3.19,4,0.7327018721,0.1221858017,0.7778939335
0.232,3.19,4,0.7326840173,0.1223202449,0.7778211003
0.233,3.19,4,0.7326690424,0.1224578198,0.7777554566
0.234,3.19,4,0.7326569842,0.1225985639,0.7776971073
0.235,3.19,4,0.7326478796,0.1227425147,0.7776461577
0.236,3.19,4,0.7326417655,0.1228897096,0.7776027126
0.237,3.19,4,0.7326386786,0.123040186,0.7775668772
0.238,3.19,4,0.7326386558,0.1231939813,0.7775387565
0.239,3.19,4,0.732641734,0.1233511331,0.7775184555
0.24,3.19,4,0.73264795,0.1235116787,0.7775060792
0.241,3.19,4,0.7326573405,0.1236756555,0.7775017327
0.224,3.2,4,0.733036677,0.1208625556,0.7781968716
0.225,3.2,4,0.7330002167,0.1209761402,0.7780794249
0.226,3.2,4,0.7329663822,0.1210925936,0.7779684457
0.227,3.2,4,0.7329352104,0.1212119533,0.777864039
0.228,3.2,4,0.7329067379,0.1213342566,0.77776631
0.229,3.2,4,0.7328810018,0.1214595411,0.7776753637
0.23,3.2,4,0.7328580388,0.1215878441,0.7775913051
0.231,3.2,4,0.7328378858,0.1217192031,0.7775142392
0.232,3.2,4,0.7328205796,0.1218536554,0.7774442711
0.233,3.2,4,0.732806157,0.1219912387,0.7773815058
0.234,3.2,4,0.7327946549,0.1221319902,0.7773260484
0.235,3.2,4,0.7327861101,0.1222759474,0.7772780038
0.236,3.2,4,0.7327805595,0.1224231477,0.7772374772
0.237,3.2,4,0.7327780398,0.1225736286,0.7772045736
0.238,3.2,4,0.732778588,0.1227274276,0.777179398
0.239,3.2,4,0.7327822408,0.122884582,0.7771620555
0.24,3.2,4,0.7327890352,0.1230451292,0.7771526511
0.241,3.2,4,0.7327990079,0.1232091068,0.7771512898
0.223,3.21,4,0.7332102198,0.1202895579,0.7779333521
0.224,3.21,4,0.7331716845,0.1204003275,0.7778122722
0.225,3.21,4,0.733135742,0.1205139275,0.7776975683
0.226,3.21,4,0.7331024289,0.1206303954,0.7775893451
0.227,3.21,4,0.7330717822,0.1207497686,0.777487708
0.228,3.21,4,0.7330438387,0.1208720846,0.7773927618
0.229,3.21,4,0.7330186352,0.1209973806,0.7773046115
0.23,3.21,4,0.7329962085,0.1211256943,0.7772233624
0.231,3.21,4,0.7329765956,0.121257063,0.7771491193
0.232,3.21,4,0.7329598331,0.1213915242,0.7770819873
0.233,3.21,4,0.732945958,0.1215291153,0.7770220715
0.234,3.21,4,0.7329350071,0.1216698737,0.7769694769
0.235,3.21,4,0.7329270173,0.1218138368,0.7769243085
0.236,3.21,4,0.7329220253,0.1219610422,0.7768866714
0.237,3.21,4,0.7329200681,0.1221115271,0.7768566706
0.238,3.21,4,0.7329211824,0.1222653292,0.7768344112
0.239,3.21,4,0.732925405,0.1224224857,0.7768199982
0.24,3.21,4,0.7329327729,0.1225830341,0.7768135366
0.223,3.22,4,0.7333473598,0.1198317401,0.7775606101
0.224,3.22,4,0.7333093338,0.1199425257,0.7774422307
0.225,3.22,4,0.7332739041,0.1200561407,0.7773302405
0.226,3.22,4,0.7332411076,0.1201726226,0.7772247445
0.227,3.22,4,0.7332109812,0.1202920088,0.7771258478
0.228,3.22,4,0.7331835618,0.1204143369,0.7770336554
0.229,3.22,4,0.733158886,0.1205396441,0.7769482724
0.23,3.22,4,0.7331369908,0.120667968,0.7768698037
0.231,3.22,4,0.7331179131,0.120799346,0.7767983544
0.232,3.22,4,0.7331016895,0.1209338155,0.7767340296
0.233,3.22,4,0.7330883571,0.1210714139,0.7766769343
0.234,3.22,4,0.7330779526,0.1212121787,0.7766271735
0.235,3.22,4,0.7330705129,0.1213561473,0.7765848523
0.236,3.22,4,0.7330660747,0.1215033572,0.7765500758
0.237,3.22,4,0.733064675,0.1216538457,0.7765229488
0.238,3.22,4,0.7330663505,0.1218076504,0.7765035766
0.239,3.22,4,0.7330711382,0.1219648086,0.7764920641
0.24,3.22,4,0.7330790748,0.1221253577,0.7764885164
0.223,3.23,4,0.733487058,0.1193783135,0.7772022355
0.224,3.23,4,0.7334495362,0.1194891144,0.7770865276
0.225,3.23,4,0.7334146146,0.1196027439,0.7769772223
0.226,3.23,4,0.7333823299,0.1197192393,0.7768744245
0.227,3.23,4,0.733352719,0.1198386382,0.7767782392
0.228,3.23,4,0.7333258187,0.1199609779,0.7766887717
0.229,3.23,4,0.7333016658,0.1200862958,0.7766061268
0.23,3.23,4,0.7332802973,0.1202146294,0.7765304096
0.231,3.23,4,0.7332617499,0.1203460162,0.7764617252
0.232,3.23,4,0.7332460605,0.1204804935,0.7764001786
0.233,3.23,4,0.7332332658,0.1206180988,0.7763458748
0.234,3.23,4,0.7332234029,0.1207588696,0.7762989189
0.235,3.23,4,0.7332165084,0.1209028432,0.7762594159
0.236,3.23,4,0.7332126192,0.1210500571,0.7762274709
0.237,3.23,4,0.7332117721,0.1212005487,0.7762031889
0.238,3.23,4,0.7332140041,0.1213543555,0.7761866749
0.239,3.23,4,0.7332193519,0.1215115149,0.7761780339
0.24,3.23,4,0.7332278524,0.1216720644,0.7761773711
0.222,3.24,4,0.7336688152,0.1188212164,0.7769773853
0.223,3.24,4,0.7336292259,0.1189292422,0.776858009
0.224,3.24,4,0.7335922036,0.1190400581,0.7767449437
0.225,3.24,4,0.7335577851,0.1191537016,0.7766382942
0.226,3.24,4,0.7335260073,0.1192702101,0.7765381655
0.227,3.24,4,0.733496907,0.119389621,0.7764446629
0.228,3.24,4,0.7334705211,0.1195119718,0.7763578912
0.229,3.24,4,0.7334468863,0.1196373,0.7762779555
0.23,3.24,4,0.7334260396,0.1197656429,0.7762049609
0.231,3.24,4,0.7334080177,0.119897038,0.7761390123
0.232,3.24,4,0.7333928575,0.1200315226,0.7760802149
0.233,3.24,4,0.7333805958,0.1201691344,0.7760286737
0.234,3.24,4,0.7333712695,0.1203099106,0.7759844937
0.235,3.24,4,0.7333649154,0.1204538887,0.77594778
0.236,3.24,4,0.7333615704,0.1206011062,0.7759186375
0.237,3.24,4,0.7333612712,0.1207516005,0.7758971714
0.238,3.24,4,0.7333640547,0.120905409,0.7758834866
0.239,3.24,4,0.7333699578,0.1210625691,0.7758776883
0.222,3.25,4,0.7338128734,0.1183764494,0.7766444873
0.223,3.25,4,0.733773775,0.1184844905,0.7765277113
0.224,3.25,4,0.7337372474,0.1185953209,0.7764172594
0.225,3.25,4,0.7337033272,0.1187089779,0.7763132368
0.226,3.25,4,0.7336720515,0.118825499,0.7762157484
0.227,3.25,4,0.733643457,0.1189449216,0.7761248993
0.228,3.25,4,0.7336175806,0.1190672831,0.7760407945
0.229,3.25,4,0.733594459,0.119192621,0.775963539
0.23,3.25,4,0.7335741292,0.1193209727,0.775893238
0.231,3.25,4,0.733556628,0.1194523756,0.7758299963
0.232,3.25,4,0.7335419922,0.1195868672,0.7757739192
0.233,3.25,4,0.7335302586,0.1197244849,0.7757251116
0.234,3.25,4,0.7335214642,0.1198652661,0.7756836785
0.235,3.25,4,0.7335156456,0.1200092483,0.775649725
0.236,3.25,4,0.7335128398,0.1201564689,0.7756233561
0.237,3.25,4,0.7335130837,0.1203069653,0.775604677
0.238,3.25,4,0.7335164139,0.120460775,0.7755937925
0.239,3.25,4,0.7335228675,0.1206179354,0.7755908078
0.221,3.26,4,0.7340003795,0.1178306614,0.7764457648
0.222,3.26,4,0.7339592295,0.1179359667,0.7763253276
0.223,3.26,4,0.7339206172,0.1180440229,0.7762111228
0.224,3.26,4,0.7338845792,0.1181548673,0.7761032556
0.225,3.26,4,0.7338511526,0.1182685374,0.7760018308
0.226,3.26,4,0.7338203741,0.1183850705,0.7759069537
0.227,3.26,4,0.7337922805,0.1185045043,0.7758187291
0.228,3.26,4,0.7337669087,0.118626876,0.7757372622
0.229,3.26,4,0.7337442956,0.1187522232,0.7756626581
0.23,3.26,4,0.7337244779,0.1188805832,0.7755950216
0.231,3.26,4,0.7337074925,0.1190119935,0.7755344579
0.232,3.26,4,0.7336933762,0.1191464915,0.7754810721
0.233,3.26,4,0.7336821659,0.1192841146,0.775434969
0.234,3.26,4,0.7336738984,0.1194249004,0.7753962539
0.235,3.26,4,0.7336686106,0.1195688861,0.7753650317
0.236,3.26,4,0.7336663393,0.1197161093,0.7753414075
0.237,3.26,4,0.7336671212,0.1198666074,0.7753254863
0.238,3.26,4,0.7336709934,0.1200204179,0.7753173731
0.239,3.26,4,0.7336779925,0.120177578,0.775317173
0.221,3.27,4,0.7341484674,0.1173944121,0.7761375951
0.222,3.27,4,0.7341077949,0.1174997329,0.7760196868
0.223,3.27,4,0.7340696638,0.1176078035,0.7759080243
0.224,3.27,4,0.7340341108,0.1177186614,0.7758027127
0.225,3.27,4,0.7340011728,0.1178323441,0.7757038569
0.226,3.27,4,0.7339708866,0.1179488889,0.775611562
0.227,3.27,4,0.7339432891,0.1180683334,0.775525933
0.228,3.27,4,0.7339184172,0.1181907148,0.7754470751
0.229,3.27,4,0.7338963075,0.1183160708,0.7753750932
0.23,3.27,4,0.7338769971,0.1184444386,0.7753100924
0.231,3.27,4,0.7338605227,0.1185758558,0.7752521777
0.232,3.27,4,0.7338469211,0.1187103598,0.7752014541
0.233,3.27,4,0.7338362292,0.1188479879,0.7751580267
0.234,3.27,4,0.7338284839,0.1189887777,0.7751220006
0.235,3.27,4,0.7338237219,0.1191327666,0.7750934807
0.236,3.27,4,0.7338219802,0.1192799919,0.7750725721
0.237,3.27,4,0.7338232955,0.1194304912,0.7750593799
0.238,3.27,4,0.7338277046,0.1195843019,0.7750540091
0.221,3.28,4,0.7342986812,0.1169623764,0.775842754
0.222,3.28,4,0.7342584813,0.1170677121,0.7757273456
0.223,3.28,4,0.7342208265,0.1171757967,0.7756181964
0.224,3.28,4,0.7341857536,0.1172866677,0.7755154114
0.225,3.28,4,0.7341532994,0.1174003625,0.7754190955
0.226,3.28,4,0.7341235008,0.1175169185,0.7753293539
0.227,3.28,4,0.7340963945,0.1176363731,0.7752462916
0.228,3.28,4,0.7340720175,0.1177587639,0.7751700137
0.229,3.28,4,0.7340504066,0.1178841281,0.7751006251
0.23,3.28,4,0.7340315986,0.1180125033,0.7750382309
0.231,3.28,4,0.7340156303,0.1181439269,0.7749829362
0.232,3.28,4,0.7340025385,0.1182784364,0.774934846
0.233,3.28,4,0.7339923603,0.118416069,0.7748940653
0.234,3.28,4,0.7339851322,0.1185568624,0.7748606991
0.235,3.28,4,0.7339808913,0.1187008539,0.7748348526
0.236,3.28,4,0.7339796743,0.1188480809,0.7748166307
0.237,3.28,4,0.733981518,0.118998581,0.7748061385
0.238,3.28,4,0.7339864594,0.1191523914,0.774803481
0.22,3.29,4,0.7344931764,0.1164318788,0.7756801268
0.221,3.29,4,0.7344509324,0.1165345185,0.775561022
0.222,3.29,4,0.7344112003,0.1166398686,0.7754480846
0.223,3.29,4,0.734374017,0.1167479668,0.7753414197
0.224,3.29,4,0.7343394193,0.1168588504,0.7752411323
0.225,3.29,4,0.7343074441,0.1169725568,0.7751473274
0.226,3.29,4,0.7342781281,0.1170891235,0.7750601102
0.227,3.29,4,0.7342515083,0.1172085879,0.7749795856
0.228,3.29,4,0.7342276214,0.1173309874,0.7749058586
0.229,3.29,4,0.7342065043,0.1174563595,0.7748390344
0.23,3.29,4,0.7341881938,0.1175847416,0.7747792179
0.231,3.29,4,0.7341727268,0.1177161712,0.7747265142
0.232,3.29,4,0.7341601401,0.1178506856,0.7746810283
0.233,3.29,4,0.7341504705,0.1179883223,0.7746428653
0.234,3.29,4,0.7341437549,0.1181291188,0.7746121302
0.235,3.29,4,0.7341400302,0.1182731125,0.774588928
0.236,3.29,4,0.734139333,0.1184203407,0.7745733638
0.237,3.29,4,0.7341417004,0.118570841,0.7745655427
0.22,3.3,4,0.7346469174,0.1160081481,0.7754088559
0.221,3.3,4,0.7346051326,0.1161108027,0.7752921797
0.222,3.3,4,0.7345658635,0.1162161669,0.7751816844
0.223,3.3,4,0.7345291468,0.1163242781,0.7750774748
0.224,3.3,4,0.7344950195,0.1164351738,0.7749796561
0.225,3.3,4,0.7344635184,0.1165488914,0.7748883332
0.226,3.3,4,0.7344346803,0.1166654683,0.7748036113
0.227,3.3,4,0.734408542,0.1167849419,0.7747255954
0.228,3.3,4,0.7343851403,0.1169073498,0.7746543905
0.229,3.3,4,0.7343645122,0.1170327293,0.7745901016
0.23,3.3,4,0.7343466945,0.1171611178,0.7745328338
0.231,3.3,4,0.7343317239,0.1172925528,0.7744826922
0.232,3.3,4,0.7343196374,0.1174270718,0.7744397817
0.233,3.3,4,0.7343104717,0.1175647121,0.7744042074
0.234,3.3,4,0.7343042637,0.1177055112,0.7743760743
0.235,3.3,4,0.7343010503,0.1178495065,0.7743554876
0.236,3.3,4,0.7343008682,0.1179967355,0.7743425522
0.237,3.3,4,0.7343037543,0.1181472356,0.7743373731
0.219,3.31,4,0.7348463368,0.1154885264,0.7752706499
0.22,3.31,4,0.7348025238,0.1155885243,0.7751502844
0.221,3.31,4,0.7347611934,0.1156911934,0.7750360079
0.222,3.31,4,0.7347223824,0.1157965711,0.7749279256
0.223,3.31,4,0.7346861276,0.1159046949,0.7748261423
0.224,3.31,4,0.7346524658,0.1160156022,0.7747307633
0.225,3.31,4,0.734621434,0.1161293305,0.7746418935
0.226,3.31,4,0.7345930688,0.1162459172,0.774559638
0.227,3.31,4,0.7345674072,0.1163653996,0.7744841018
0.228,3.31,4,0.734544486,0.1164878153,0.77441539
0.229,3.31,4,0.7345243421,0.1166132017,0.7743536075
0.23,3.31,4,0.7345070122,0.1167415962,0.7742988594
0.231,3.31,4,0.7344925332,0.1168730362,0.7742512509
0.232,3.31,4,0.734480942,0.1170075592,0.7742108868
0.233,3.31,4,0.7344722753,0.1171452026,0.7741778722
0.234,3.31,4,0.7344665701,0.1172860039,0.7741523123
0.235,3.31,4,0.7344638631,0.1174300004,0.774134312
0.236,3.31,4,0.7344641913,0.1175772297,0.7741239763
0.237,3.31,4,0.7344675913,0.117727729,0.7741214103
0.219,3.32,4,0.7350032745,0.1150729588,0.775022201
0.22,3.32,4,0.7349599074,0.1151729717,0.7749041928
0.221,3.32,4,0.7349190265,0.1152756548,0.7747922871
0.222,3.32,4,0.7348806687,0.1153810456,0.7746865888
0.223,3.32,4,0.7348448709,0.1154891815,0.774587203
0.224,3.32,4,0.7348116698,0.1156001,0.7744942347
0.225,3.32,4,0.7347811024,0.1157138385,0.774407789
0.226,3.32,4,0.7347532054,0.1158304344,0.7743279709
0.227,3.32,4,0.7347280156,0.1159499252,0.7742548854
0.228,3.32,4,0.73470557,0.1160723483,0.7741886376
0.229,3.32,4,0.7346859053,0.1161977411,0.7741293326
0.23,3.32,4,0.7346690585,0.116326141,0.7740770753
0.231,3.32,4,0.7346550663,0.1164575856,0.7740319708
0.232,3.32,4,0.7346439655,0.1165921122,0.7739941242
0.233,3.32,4,0.734635793,0.1167297582,0.7739636404
0.234,3.32,4,0.7346305857,0.1168705612,0.7739406246
0.235,3.32,4,0.7346283804,0.1170145584,0.7739251817
0.236,3.32,4,0.7346292139,0.1171617875,0.7739174168
0.219,3.33,4,0.7351619058,0.1146614273,0.7747860417
0.22,3.33,4,0.7351189797,0.1147614547,0.7746703619
0.221,3.33,4,0.7350785435,0.1148641513,0.7745607979
0.222,3.33,4,0.7350406341,0.1149695547,0.7744574547
0.223,3.33,4,0.7350052884,0.1150777023,0.7743604373
0.224,3.33,4,0.7349725431,0.1151886314,0.7742698508
0.225,3.33,4,0.7349424352,0.1153023797,0.7741858002
0.226,3.33,4,0.7349150015,0.1154189844,0.7741083905
0.227,3.33,4,0.7348902788,0.115538483,0.7740377268
0.228,3.33,4,0.7348683039,0.115660913,0.7739739142
0.229,3.33,4,0.7348491137,0.1157863117,0.7739170576
0.23,3.33,4,0.734832745,0.1159147167,0.7738672621
0.231,3.33,4,0.7348192347,0.1160461653,0.7738246327
0.232,3.33,4,0.7348086196,0.116180695,0.7737892746
0.233,3.33,4,0.7348009364,0.1163183432,0.7737612926
0.234,3.33,4,0.7347962222,0.1164591474,0.7737407919
0.235,3.33,4,0.7347945136,0.1166031449,0.7737278775
0.236,3.33,4,0.7347958476,0.1167503732,0.7737226545
0.218,3.34,4,0.7353670892,0.1141564857,0.7746813569
0.219,3.34,4,0.7353221423,0.1142538961,0.7745619526
0.22,3.34,4,0.7352796522,0.1143539375,0.7744485723
0.221,3.34,4,0.7352396558,0.1144566472,0.774341321
0.222,3.34,4,0.73520219,0.1145620627,0.7742403039
0.223,3.34,4,0.7351672916,0.1146702214,0.774145626
0.224,3.34,4,0.7351349974,0.1147811608,0.7740573923
0.225,3.34,4,0.7351053442,0.1148949183,0.7739757078
0.226,3.34,4,0.7350783689,0.1150115314,0.7739006776
0.227,3.34,4,0.7350541083,0.1151310374,0.7738324067
0.228,3.34,4,0.7350325993,0.1152534738,0.7737710002
0.229,3.34,4,0.7350138788,0.115378878,0.773716563
0.23,3.34,4,0.7349979834,0.1155072875,0.7736692004
0.231,3.34,4,0.7349849501,0.1156387397,0.7736290172
0.232,3.34,4,0.7349748158,0.115773272,0.7735961185
0.233,3.34,4,0.7349676171,0.1159109219,0.7735706094
0.234,3.34,4,0.7349633911,0.1160517268,0.7735525949
0.235,3.34,4,0.7349621745,0.1161957241,0.77354218
0.236,3.34,4,0.7349640042,0.1163429512,0.7735394698
0.218,3.35,4,0.7355284149,0.1137529046,0.7744668616
0.219,3.35,4,0.7354838955,0.1138503295,0.7743497143
0.22,3.35,4,0.7354418367,0.1139503844,0.7742386045
0.221,3.35,4,0.7354022753,0.1140531067,0.774133637
0.222,3.35,4,0.7353652482,0.1141585339,0.7740349171
0.223,3.35,4,0.7353307922,0.1142667033,0.7739425496
0.224,3.35,4,0.7352989441,0.1143776524,0.7738566397
0.225,3.35,4,0.7352697408,0.1144914187,0.7737772924
0.226,3.35,4,0.7352432191,0.1146080396,0.7737046126
0.227,3.35,4,0.7352194159,0.1147275525,0.7736387056
0.228,3.35,4,0.7351983679,0.1148499949,0.7735796762
0.229,3.35,4,0.7351801121,0.1149754041,0.7735276296
0.23,3.35,4,0.7351646852,0.1151038177,0.7734826708
0.231,3.35,4,0.7351521241,0.115235273,0.7734449048
0.232,3.35,4,0.7351424657,0.1153698074,0.7734144366
0.233,3.35,4,0.7351357467,0.1155074585,0.7733913714
0.234,3.35,4,0.7351320041,0.1156482637,0.7733758141
0.235,3.35,4,0.7351312746,0.1157922603,0.7733678697
0.236,3.35,4,0.7351335951,0.1159394858,0.7733676434
0.218,3.36,4,0.7356911737,0.113353253,0.7742640266
0.219,3.36,4,0.735647077,0.1134506919,0.7741491075
0.22,3.36,4,0.7356054446,0.1135507598,0.7740402392
0.221,3.36,4,0.7355663134,0.1136534942,0.7739375266
0.222,3.36,4,0.7355297201,0.1137589326,0.7738410748
0.223,3.36,4,0.7354957017,0.1138671122,0.7737509888
0.224,3.36,4,0.7354642949,0.1139780706,0.7736673737
0.225,3.36,4,0.7354355367,0.1140918453,0.7735903346
0.226,3.36,4,0.7354094637,0.1142084735,0.7735199764
0.227,3.36,4,0.735386113,0.1143279928,0.7734564042
0.228,3.36,4,0.7353655212,0.1144504407,0.773399723
0.229,3.36,4,0.7353477253,0.1145758544,0.773350038
0.23,3.36,4,0.7353327621,0.1147042716,0.773307454
0.231,3.36,4,0.7353206684,0.1148357295,0.7732720762
0.232,3.36,4,0.735311481,0.1149702657,0.7732440096
0.233,3.36,4,0.7353052368,0.1151079175,0.7732233592
0.234,3.36,4,0.7353019727,0.1152487224,0.7732102302
0.235,3.36,4,0.7353017255,0.1153927179,0.7732047274
0.217,3.37,4,0.7359013874,0.1128626332,0.7741913117
0.218,3.37,4,0.7358552773,0.112957495,0.7740726327
0.219,3.37,4,0.7358115985,0.1130549474,0.7739599128
0.22,3.37,4,0.7357703877,0.113155028,0.773853257
0.221,3.37,4,0.7357316817,0.113257774,0.7737527702
0.222,3.37,4,0.7356955175,0.1133632231,0.7736585576
0.223,3.37,4,0.7356619318,0.1134714125,0.7735707242
0.224,3.37,4,0.7356309615,0.1135823797,0.773489375
0.225,3.37,4,0.7356026434,0.1136961622,0.7734146151
0.226,3.37,4,0.7355770144,0.1138127973,0.7733465494
0.227,3.37,4,0.7355541113,0.1139323226,0.7732852831
0.228,3.37,4,0.7355339708,0.1140547754,0.7732309212
0.229,3.37,4,0.73551663,0.1141801933,0.7731835687
0.23,3.37,4,0.7355021256,0.1143086135,0.7731433306
0.231,3.37,4,0.7354904944,0.1144400736,0.7731103121
0.232,3.37,4,0.7354817733,0.114574611,0.773084618
0.233,3.37,4,0.7354759991,0.1147122631,0.7730663536
0.234,3.37,4,0.7354732086,0.1148530673,0.7730556237
0.235,3.37,4,0.7354734388,0.1149970611,0.7730525336
0.217,3.38,4,0.7360663381,0.1124707192,0.7740089826
0.218,3.38,4,0.7360206374,0.112565595,0.7738924606
0.219,3.38,4,0.7359773715,0.1126630606,0.7737819108
0.22,3.38,4,0.7359365775,0.1127631532,0.7736774385
0.221,3.38,4,0.735898292,0.1128659105,0.7735791487
0.222,3.38,4,0.7358625519,0.1129713697,0.7734871463
0.223,3.38,4,0.7358293941,0.1130795684,0.7734015364
0.224,3.38,4,0.7357988554,0.1131905439,0.7733224241
0.225,3.38,4,0.7357709727,0.1133043338,0.7732499144
0.226,3.38,4,0.7357457827,0.1134209754,0.7731841124
0.227,3.38,4,0.7357233223,0.1135405061,0.773125123
0.228,3.38,4,0.7357036284,0.1136629635,0.7730730513
0.229,3.38,4,0.7356867378,0.1137883849,0.7730280024
0.23,3.38,4,0.7356726873,0.1139168078,0.7729900812
0.231,3.38,4,0.7356615138,0.1140482695,0.7729593929
0.232,3.38,4,0.7356532541,0.1141828077,0.7729360425
0.233,3.38,4,0.735647945,0.1143204595,0.772920135
0.234,3.38,4,0.7356456234,0.1144612626,0.7729117755
0.235,3.38,4,0.7356463261,0.1146052544,0.7729110689
0.216,3.39,4,0.7362801599,0.11199029,0.7739579597
0.217,3.39,4,0.7362324617,0.112082628,0.7738376849
0.218,3.39,4,0.7361871654,0.1121775174,0.7737232907
0.219,3.39,4,0.7361443077,0.1122749955,0.7736148822
0.22,3.39,4,0.7361039255,0.1123750998,0.7735125645
0.221,3.39,4,0.7360660557,0.1124778678,0.7734164425
0.222,3.39,4,0.7360307349,0.1125833368,0.7733266214
0.223,3.39,4,0.7359980002,0.1126915442,0.7732432061
0.224,3.39,4,0.7359678882,0.1128025276,0.7731663017
0.225,3.39,4,0.735940436,0.1129163244,0.7730960133
0.226,3.39,4,0.7359156802,0.1130329719,0.7730324458
0.227,3.39,4,0.7358936578,0.1131525077,0.7729757044
0.228,3.39,4,0.7358744056,0.1132749691,0.772925894
0.229,3.39,4,0.7358579603,0.1134003936,0.7728831197
0.23,3.39,4,0.7358443589,0.1135288187,0.7728474865
0.231,3.39,4,0.7358336382,0.1136602817,0.7728190995
0.232,3.39,4,0.7358258351,0.11379482,0.7727980637
0.233,3.39,4,0.7358209862,0.1139324712,0.7727844842
0.234,3.39,4,0.7358191286,0.1140732727,0.7727784659
0.216,3.4,4,0.7364469721,0.1116059719,0.7737953883
0.217,3.4,4,0.7363996698,0.111698324,0.773677199
0.218,3.4,4,0.7363547731,0.1117932264,0.7735649038
0.219,3.4,4,0.7363123187,0.1118907166,0.7734586075
0.22,3.4,4,0.7362723436,0.1119908321,0.7733584154
0.221,3.4,4,0.7362348844,0.1120936103,0.7732644324
0.222,3.4,4,0.7361999782,0.1121990885,0.7731767635
0.223,3.4,4,0.7361676616,0.1123073043,0.7730955139
0.224,3.4,4,0.7361379716,0.1124182951,0.7730207885
0.225,3.4,4,0.736110945,0.1125320983,0.7729526923
0.226,3.4,4,0.7360866186,0.1126487513,0.7728913305
0.227,3.4,4,0.7360650293,0.1127682916,0.772836808
0.228,3.4,4,0.7360462138,0.1128907566,0.7727892299
0.229,3.4,4,0.7360302091,0.1130161838,0.7727487012
0.23,3.4,4,0.736017052,0.1131446105,0.7727153271
0.231,3.4,4,0.7360067793,0.1132760742,0.7726892124
0.232,3.4,4,0.7359994278,0.1134106124,0.7726704623
0.233,3.4,4,0.7359950344,0.1135482625,0.7726591817
0.234,3.4,4,0.7359936359,0.1136890618,0.7726554758
0.216,3.41,4,0.7366147852,0.1112254057,0.7736434383
0.217,3.41,4,0.736567874,0.1113177713,0.7735273057
0.218,3.41,4,0.736523372,0.1114126863,0.7734170804
0.219,3.41,4,0.7364813161,0.1115101882,0.7733128675
0.22,3.41,4,0.7364417431,0.1116103144,0.773214772
0.221,3.41,4,0.7364046899,0.1117131023,0.7731228989
0.222,3.41,4,0.7363701933,0.1118185894,0.7730373534
0.223,3.41,4,0.7363382901,0.111926813,0.7729582403
0.224,3.41,4,0.7363090171,0.1120378107,0.7728856649
0.225,3.41,4,0.7362824113,0.1121516199,0.7728197321
0.226,3.41,4,0.7362585095,0.1122682779,0.7727605469
0.227,3.41,4,0.7362373484,0.1123878222,0.7727082144
0.228,3.41,4,0.7362189649,0.1125102904,0.7726628397
0.229,3.41,4,0.7362033959,0.1126357197,0.7726245277
0.23,3.41,4,0.7361906781,0.1127641476,0.7725933835
0.231,3.41,4,0.7361808486,0.1128956116,0.7725695122
0.232,3.41,4,0.7361739439,0.1130301491,0.7725530187
0.233,3.41,4,0.7361700011,0.1131677975,0.7725440082
0.234,3.41,4,0.7361690569,0.1133085943,0.7725425857
0.215,3.42,4,0.736832412,0.1107586881,0.7736218112
0.216,3.42,4,0.7367835109,0.1108485557,0.7735018905
0.217,3.42,4,0.7367369858,0.1109409343,0.7733877855
0.218,3.42,4,0.7366928737,0.1110358615,0.7732796012
0.219,3.42,4,0.7366512114,0.1111333746,0.7731774426
0.22,3.42,4,0.7366120358,0.111233511,0.7730814148
0.221,3.42,4,0.7365753836,0.1113363081,0.7729916227
0.222,3.42,4,0.7365412918,0.1114418035,0.7729081715
0.223,3.42,4,0.7365097971,0.1115500346,0.7728311661
0.224,3.42,4,0.7364809364,0.1116610387,0.7727607117
0.225,3.42,4,0.7364547465,0.1117748533,0.7726969132
0.226,3.42,4,0.7364312643,0.1118915159,0.7726398757
0.227,3.42,4,0.7364105267,0.1120110638,0.7725897043
0.228,3.42,4,0.7363925703,0.1121335346,0.7725465039
0.229,3.42,4,0.7363774321,0.1122589656,0.7725103796
0.23,3.42,4,0.736365149,0.1123873943,0.7724814365
0.231,3.42,4,0.7363557577,0.1125188581,0.7724597795
0.232,3.42,4,0.736349295,0.1126533944,0.7724455138
0.233,3.42,4,0.7363457979,0.1127910407,0.7724387443
0.234,3.42,4,0.7363453032,0.1129318344,0.7724395762
0.215,3.43,4,0.7370015842,0.110385505,0.7734884608
0.216,3.43,4,0.7369530606,0.1104753861,0.7733705255
0.217,3.43,4,0.7369069169,0.1105677774,0.7732584192
0.218,3.43,4,0.7368631899,0.1106627162,0.7731522469
0.219,3.43,4,0.7368219163,0.11076024,0.7730521136
0.22,3.43,4,0.7367831332,0.1108603861,0.7729581244
0.221,3.43,4,0.7367468773,0.1109631921,0.7728703844
0.222,3.43,4,0.7367131854,0.1110686954,0.7727889985
0.223,3.43,4,0.7366820943,0.1111769333,0.7727140719
0.224,3.43,4,0.736653641,0.1112879434,0.7726457095
0.225,3.43,4,0.7366278623,0.111401763,0.7725840164
0.226,3.43,4,0.7366047949,0.1115184296,0.7725290976
0.227,3.43,4,0.7365844758,0.1116379807,0.7724810582
0.228,3.43,4,0.7365669417,0.1117604536,0.7724400032
0.229,3.43,4,0.7365522295,0.1118858858,0.7724060376
0.23,3.43,4,0.736540376,0.1120143148,0.7723792666
0.231,3.43,4,0.7365314182,0.1121457779,0.772359795
0.232,3.43,4,0.7365253927,0.1122803126,0.772347728
0.233,3.43,4,0.7365223365,0.1124179563,0.7723431707
0.234,3.43,4,0.7365222864,0.1125587465,0.7723462279
0.215,3.44,4,0.7371714969,0.1100159672,0.7733651028
0.216,3.44,4,0.7371233461,0.1101058614,0.7732491239
0.217,3.44,4,0.7370775789,0.1101982648,0.7731389872
0.218,3.44,4,0.737034232,0.1102932148,0.773034798
0.219,3.44,4,0.7369933425,0.1103907488,0.7729366611
0.22,3.44,4,0.736954947,0.1104909042,0.7728446816
0.221,3.44,4,0.7369190824,0.1105937185,0.7727589646
0.222,3.44,4,0.7368857856,0.1106992291,0.7726796151
0.223,3.44,4,0.7368550934,0.1108074735,0.7726067382
0.224,3.44,4,0.7368270426,0.1109184891,0.7725404389
0.225,3.44,4,0.7368016701,0.1110323132,0.7724808222
0.226,3.44,4,0.7367790127,0.1111489835,0.7724279931
0.227,3.44,4,0.7367591073,0.1112685372,0.7723820568
0.228,3.44,4,0.7367419906,0.1113910118,0.7723431182
0.229,3.44,4,0.7367276996,0.1115164447,0.7723112824
0.23,3.44,4,0.736716271,0.1116448735,0.7722866544
0.231,3.44,4,0.7367077417,0.1117763354,0.7722693393
0.232,3.44,4,0.7367021486,0.111910868,0.7722594421
0.233,3.44,4,0.7366995284,0.1120485087,0.7722570678
0.214,3.45,4,0.7373921952,0.1095626029,0.77337132
0.215,3.45,4,0.7373420618,0.1096500389,0.7732515178
0.216,3.45,4,0.7372942789,0.1097399458,0.7731374663
0.217,3.45,4,0.7372488833,0.1098323608,0.7730292703
0.218,3.45,4,0.7372059119,0.1099273215,0.7729270351
0.219,3.45,4,0.7371654014,0.1100248652,0.7728308656
0.22,3.45,4,0.7371273887,0.1101250295,0.7727408669
0.221,3.45,4,0.7370919106,0.1102278516,0.772657144
0.222,3.45,4,0.7370590041,0.1103333692,0.7725798019
0.223,3.45,4,0.7370287058,0.1104416195,0.7725089458
0.224,3.45,4,0.7370010527,0.1105526401,0.7724446805
0.225,3.45,4,0.7369760817,0.1106664683,0.7723871112
0.226,3.45,4,0.7369538294,0.1107831416,0.772336343
0.227,3.45,4,0.7369343328,0.1109026975,0.7722924807
0.228,3.45,4,0.7369176288,0.1110251733,0.7722556296
0.229,3.45,4,0.736903754,0.1111506066,0.7722258946
0.23,3.45,4,0.7368927455,0.1112790346,0.7722033807
0.231,3.45,4,0.7368846399,0.1114104949,0.7721881931
0.232,3.45,4,0.7368794743,0.111545025,0.7721804366
0.233,3.45,4,0.7368772853,0.1116826621,0.7721802165
0.214,3.46,4,0.7375629645,0.1092002354,0.7732654035
0.215,3.46,4,0.7375131905,0.1092876846,0.7731474864
0.216,3.46,4,0.7374657707,0.1093776035,0.7730353333
0.217,3.46,4,0.7374207419,0.1094700298,0.7729290491
0.218,3.46,4,0.7373781409,0.1095650007,0.772828739
0.219,3.46,4,0.7373380047,0.1096625537,0.7727345079
0.22,3.46,4,0.7373003699,0.1097627263,0.7726464609
0.221,3.46,4,0.7372652736,0.1098655558,0.7725647031
0.222,3.46,4,0.7372327524,0.1099710798,0.7724893395
0.223,3.46,4,0.7372028433,0.1100793356,0.7724204751
0.224,3.46,4,0.7371755831,0.1101903607,0.772358215
0.225,3.46,4,0.7371510085,0.1103041925,0.7723026642
0.226,3.46,4,0.7371291566,0.1104208685,0.7722539277
0.227,3.46,4,0.737110064,0.1105404261,0.7722121106
0.228,3.46,4,0.7370937677,0.1106629026,0.7721773179
0.229,3.46,4,0.7370803044,0.1107883357,0.7721496547
0.23,3.46,4,0.737069711,0.1109167626,0.772129226
0.231,3.46,4,0.7370620244,0.1110482208,0.7721161368
0.232,3.46,4,0.7370572813,0.1111827477,0.7721104923
0.233,3.46,4,0.7370555187,0.1113203809,0.7721123973
0.214,3.47,4,0.7377342141,0.1088414067,0.7731688503
0.215,3.47,4,0.7376847946,0.1089288684,0.7730527893
0.216,3.47,4,0.737637733,0.109018799,0.7729425055
0.217,3.47,4,0.7375930661,0.109111236,0.7728381041
0.218,3.47,4,0.7375508308,0.1092062166,0.7727396901
0.219,3.47,4,0.737511064,0.1093037784,0.7726473685
0.22,3.47,4,0.7374738023,0.1094039589,0.7725612444
0.221,3.47,4,0.7374390828,0.1095067953,0.7724814227
0.222,3.47,4,0.7374069422,0.1096123253,0.7724080085
0.223,3.47,4,0.7373774174,0.1097205861,0.7723411069
0.224,3.47,4,0.7373505451,0.1098316153,0.772280823
0.225,3.47,4,0.7373263623,0.1099454502,0.7722272616
0.226,3.47,4,0.7373049058,0.1100621283,0.772180528
0.227,3.47,4,0.7372862124,0.1101816871,0.772140727
0.228,3.47,4,0.737270319,0.110304164,0.7721079639
0.229,3.47,4,0.7372572623,0.1104295963,0.7720823435
0.23,3.47,4,0.7372470793,0.1105580216,0.772063971
0.231,3.47,4,0.7372398067,0.1106894772,0.7720529513
0.232,3.47,4,0.7372354814,0.1108240007,0.7720493896
0.233,3.47,4,0.7372341403,0.1109616294,0.7720533908
0.213,3.48,4,0.7379572502,0.1084010375,0.7732013603
0.214,3.48,4,0.7379058555,0.1084860809,0.7730814408
0.215,3.48,4,0.7378567857,0.1085735548,0.7729672069
0.216,3.48,4,0.7378100774,0.1086634965,0.7728587637
0.217,3.48,4,0.7377657677,0.1087559437,0.7727562161
0.218,3.48,4,0.7377238932,0.1088509336,0.7726596692
0.219,3.48,4,0.7376844909,0.1089485038,0.7725692281
0.22,3.48,4,0.7376475975,0.1090486916,0.7724849978
0.221,3.48,4,0.73761325,0.1091515345,0.7724070832
0.222,3.48,4,0.7375814851,0.1092570699,0.7723355896
0.223,3.48,4,0.7375523397,0.1093653353,0.7722706218
0.224,3.48,4,0.7375258506,0.1094763681,0.772212285
0.225,3.48,4,0.7375020547,0.1095902056,0.7721606842
0.226,3.48,4,0.7374809888,0.1097068855,0.7721159244
0.227,3.48,4,0.7374626897,0.109826445,0.7720781107
0.228,3.48,4,0.7374471943,0.1099489216,0.772047348
0.229,3.48,4,0.7374345394,0.1100743528,0.7720237415
0.23,3.48,4,0.7374247618,0.110202776,0.7720073962
0.231,3.48,4,0.7374178984,0.1103342286,0.7719984171
0.232,3.48,4,0.7374139861,0.110468748,0.7719969092
0.233,3.48,4,0.7374130616,0.1106063718,0.7720029777
0.213,3.49,4,0.738128854,0.1080491664,0.7731210905
0.214,3.49,4,0.7380778004,0.1081342224,0.7730029559
0.215,3.49,4,0.7380290753,0.1082217079,0.7728905201
0.216,3.49,4,0.7379827156,0.1083116604,0.7727838884
0.217,3.49,4,0.7379387581,0.1084041173,0.7726831656
0.218,3.49,4,0.7378972396,0.108499116,0.7725884569
0.219,3.49,4,0.737858197,0.1085966941,0.7724998673
0.22,3.49,4,0.7378216671,0.1086968888,0.7724175018
0.221,3.49,4,0.7377876867,0.1087997376,0.7723414655
0.222,3.49,4,0.7377562926,0.1089052781,0.7722718633
0.223,3.49,4,0.7377275218,0.1090135475,0.7722088004
0.224,3.49,4,0.737701411,0.1091245834,0.7721523818
0.225,3.49,4,0.7376779971,0.1092384231,0.7721027126
0.226,3.49,4,0.737657317,0.1093551042,0.7720598976
0.227,3.49,4,0.7376394074,0.109474664,0.7720240421
0.228,3.49,4,0.7376243051,0.1095971399,0.771995251
0.229,3.49,4,0.7376120472,0.1097225695,0.7719736294
0.23,3.49,4,0.7376026702,0.1098509901,0.7719592823
0.231,3.49,4,0.7375962112,0.1099824392,0.7719523148
0.232,3.49,4,0.737592707,0.1101169542,0.7719528318
0.233,3.49,4,0.7375921943,0.1102545725,0.7719609385
0.212,3.5,4,0.7383536903,0.1076180504,0.7731715408
0.213,3.5,4,0.7383006776,0.1077007273,0.7730495548
0.214,3.5,4,0.7382499603,0.1077857954,0.772933176
0.215,3.5,4,0.7382015752,0.1078732921,0.7728225094
0.216,3.5,4,0.7381555592,0.1079632549,0.7727176602
0.217,3.5,4,0.7381119491,0.108055721,0.7726187333
0.218,3.5,4,0.7380707817,0.1081507281,0.7725258338
0.219,3.5,4,0.7380320939,0.1082483135,0.7724390667
0.22,3.5,4,0.7379959226,0.1083485147,0.7723585371
0.221,3.5,4,0.7379623045,0.108451369,0.77228435
0.222,3.5,4,0.7379312764,0.108556914,0.7722166104
0.223,3.5,4,0.7379028754,0.108665187,0.7721554234
0.224,3.5,4,0.7378771381,0.1087762256,0.772100894
0.225,3.5,4,0.7378541013,0.108890067,0.7720531273
0.226,3.5,4,0.7378338021,0.1090067488,0.7720122283
0.227,3.5,4,0.7378162771,0.1091263084,0.771978302
0.228,3.5,4,0.7378015632,0.1092487832,0.7719514535
0.229,3.5,4,0.7377896973,0.1093742107,0.7719317878
0.23,3.5,4,0.7377807162,0.1095026282,0.7719194099
0.231,3.5,4,0.7377746567,0.1096340733,0.771914425
0.232,3.5,4,0.7377715557,0.1097685833,0.771916938
0.233,3.5,4,0.73777145,0.1099061958,0.7719270539
0.212,3.51,4,0.7385253178,0.107272995,0.7731068062
0.213,3.51,4,0.7384726328,0.1073556846,0.7729865337
0.214,3.51,4,0.7384222469,0.1074407644,0.7728718818
0.215,3.51,4,0.7383741969,0.1075282718,0.7727629554
0.216,3.51,4,0.7383285197,0.1076182443,0.7726598598
0.217,3.51,4,0.7382852522,0.1077107193,0.7725626998
0.218,3.51,4,0.7382444311,0.1078057342,0.7724715805
0.219,3.51,4,0.7382060933,0.1079033265,0.772386607
0.22,3.51,4,0.7381702757,0.1080035336,0.7723078842
0.221,3.51,4,0.738137015,0.108106393,0.7722355174
0.222,3.51,4,0.7381063482,0.108211942,0.7721696114
0.223,3.51,4,0.738078312,0.1083202182,0.7721102713
0.224,3.51,4,0.7380529433,0.1084312589,0.7720576022
0.225,3.51,4,0.7380302789,0.1085451015,0.772011709
0.226,3.51,4,0.7380103557,0.1086617836,0.7719726969
0.227,3.51,4,0.7379932105,0.1087813425,0.7719406709
0.228,3.51,4,0.7379788801,0.1089038157,0.771915736
0.229,3.51,4,0.7379674014,0.1090292406,0.7718979973
0.23,3.51,4,0.7379588113,0.1091576546,0.7718875597
0.231,3.51,4,0.7379531465,0.1092890953,0.7718845284
0.232,3.51,4,0.7379504438,0.1094235999,0.7718890084
0.212,3.52,4,0.7386969933,0.1069313009,0.7730503959
0.213,3.52,4,0.7386446311,0.1070140026,0.772931808
0.214,3.52,4,0.7385945717,0.1070990935,0.7728188539
0.215,3.52,4,0.738546852,0.1071866112,0.7727116388
0.216,3.52,4,0.7385015088,0.1072765929,0.7726102677
0.217,3.52,4,0.7384585789,0.1073690763,0.7725148456
0.218,3.52,4,0.7384180993,0.1074640986,0.7724254776
0.219,3.52,4,0.7383801067,0.1075616973,0.7723422687
0.22,3.52,4,0.7383446379,0.10766191,0.7722653239
0.221,3.52,4,0.7383117299,0.1077647739,0.7721947483
0.222,3.52,4,0.7382814194,0.1078703265,0.7721306469
0.223,3.52,4,0.7382537432,0.1079786053,0.7720731247
0.224,3.52,4,0.7382287383,0.1080896477,0.7720222869
0.225,3.52,4,0.7382064414,0.1082034911,0.7719782384
0.226,3.52,4,0.7381868894,0.1083201729,0.7719410843
0.227,3.52,4,0.7381701191,0.1084397307,0.7719109296
0.228,3.52,4,0.7381561674,0.1085622018,0.7718878793
0.229,3.52,4,0.7381450711,0.1086876236,0.7718720385
0.23,3.52,4,0.7381368671,0.1088160337,0.7718635123
0.231,3.52,4,0.7381315921,0.1089474694,0.7718624056
0.232,3.52,4,0.738129283,0.1090819681,0.7718688236
0.211,3.53,4,0.7389229422,0.1065125697,0.7731245651
0.212,3.53,4,0.7388686283,0.1065929322,0.7730020905
0.213,3.53,4,0.738816584,0.1066756455,0.7728851582
0.214,3.53,4,0.7387668463,0.1067607472,0.772773873
0.215,3.53,4,0.7387194521,0.1068482746,0.7726683402
0.216,3.53,4,0.738674438,0.1069382651,0.7725686647
0.217,3.53,4,0.7386318411,0.1070307563,0.7724749516
0.218,3.53,4,0.738591698,0.1071257856,0.7723873058
0.219,3.53,4,0.7385540457,0.1072233903,0.7723058325
0.22,3.53,4,0.738518921,0.1073236079,0.7722306367
0.221,3.53,4,0.7384863607,0.1074264759,0.7721618234
0.222,3.53,4,0.7384564016,0.1075320316,0.7720994976
0.223,3.53,4,0.7384290807,0.1076403126,0.7720437644
0.224,3.53,4,0.7384044347,0.1077513562,0.7719947289
0.225,3.53,4,0.7383825005,0.1078651999,0.771952496
0.226,3.53,4,0.7383633148,0.1079818811,0.7719171709
0.227,3.53,4,0.7383469147,0.1081014372,0.7718888585
0.228,3.53,4,0.7383333368,0.1082239058,0.7718676639
0.229,3.53,4,0.738322618,0.1083493241,0.7718536922
0.23,3.53,4,0.7383147952,0.1084777297,0.7718470483
0.231,3.53,4,0.7383099052,0.1086091599,0.7718478373
0.232,3.53,4,0.7383079848,0.1087436523,0.7718561642
0.211,3.54,4,0.739094139,0.1061774786,0.7730825319
0.212,3.54,4,0.7390401344,0.1062578532,0.7729616706
0.213,3.54,4,0.7389884033,0.1063405777,0.7728463649
0.214,3.54,4,0.7389389825,0.1064256896,0.7727367197
0.215,3.54,4,0.7388919088,0.1065132263,0.7726328402
0.216,3.54,4,0.7388472191,0.1066032252,0.7725348313
0.217,3.54,4,0.7388049501,0.1066957238,0.7724427981
0.218,3.54,4,0.7387651388,0.1067907595,0.7723568457
0.219,3.54,4,0.738727822,0.1068883697,0.772277079
0.22,3.54,4,0.7386930364,0.1069885918,0.7722036032
0.221,3.54,4,0.738660819,0.1070914634,0.7721365232
0.222,3.54,4,0.7386312066,0.1071970218,0.7720759441
0.223,3.54,4,0.738604236,0.1073053045,0.7720219709
0.224,3.54,4,0.7385799441,0.1074163488,0.7719747088
0.225,3.54,4,0.7385583677,0.1075301923,0.7719342626
0.226,3.54,4,0.7385395436,0.1076468724,0.7719007374
0.227,3.54,4,0.7385235086,0.1077664264,0.7718742384
0.228,3.54,4,0.7385102997,0.1078888919,0.7718548705
0.229,3.54,4,0.7384999536,0.1080143062,0.7718427388
0.23,3.54,4,0.7384925072,0.1081427068,0.7718379482
0.231,3.54,4,0.7384879973,0.1082741312,0.771840604
0.232,3.54,4,0.7384864608,0.1084086167,0.771850811
0.211,3.55,4,0.7392651233,0.105845642,0.7730481939
0.212,3.55,4,0.7392114233,0.1059260283,0.7729289169
0.213,3.55,4,0.7391600005,0.1060087635,0.7728152088
0.214,3.55,4,0.7391108917,0.1060938852,0.7727071746
0.215,3.55,4,0.7390641337,0.1061814307,0.7726049194
0.216,3.55,4,0.7390197635,0.1062714374,0.7725085482
0.217,3.55,4,0.7389778177,0.1063639429,0.772418166
0.218,3.55,4,0.7389383333,0.1064589846,0.7723338779
0.219,3.55,4,0.7389013471,0.1065565998,0.7722557889
0.22,3.55,4,0.7388668959,0.106656826,0.7721840041
0.221,3.55,4,0.7388350165,0.1067597007,0.7721186285
0.222,3.55,4,0.7388057459,0.1068652613,0.772059767
0.223,3.55,4,0.7387791208,0.1069735452,0.7720075249
0.224,3.55,4,0.7387551781,0.1070845898,0.7719620071
0.225,3.55,4,0.7387339547,0.1071984326,0.7719233186
0.226,3.55,4,0.7387154872,0.1073151111,0.7718915645
0.227,3.55,4,0.7386998127,0.1074346625,0.7718668499
0.228,3.55,4,0.7386869679,0.1075571245,0.7718492797
0.229,3.55,4,0.7386769896,0.1076825344,0.771838959
0.23,3.55,4,0.7386699148,0.1078109296,0.7718359929
0.231,3.55,4,0.7386657802,0.1079423476,0.7718404863
0.21,3.56,4,0.7394914512,0.1054389374,0.7731445304
0.211,3.56,4,0.7394358069,0.1055170243,0.7730213316
0.212,3.56,4,0.7393824066,0.1055974217,0.77290361
0.213,3.56,4,0.7393312873,0.1056801672,0.7727914705
0.214,3.56,4,0.7392824856,0.1057652981,0.7726850184
0.215,3.56,4,0.7392360385,0.105852852,0.7725843585
0.216,3.56,4,0.7391919828,0.1059428661,0.772489596
0.217,3.56,4,0.7391503554,0.1060353781,0.7724008358
0.218,3.56,4,0.739111193,0.1061304252,0.7723181831
0.219,3.56,4,0.7390745326,0.106228045,0.7722417428
0.22,3.56,4,0.7390404109,0.1063282748,0.77217162
0.221,3.56,4,0.7390088648,0.1064311521,0.7721079197
0.222,3.56,4,0.7389799311,0.1065367144,0.772050747
0.223,3.56,4,0.7389536467,0.1066449991,0.772000207
0.224,3.56,4,0.7389300484,0.1067560435,0.7719564045
0.225,3.56,4,0.738909173,0.1068698852,0.7719194448
0.226,3.56,4,0.7388910574,0.1069865615,0.7718894328
0.227,3.56,4,0.7388757384,0.1071061099,0.7718664735
0.228,3.56,4,0.7388632529,0.1072285679,0.7718506721
0.229,3.56,4,0.7388536376,0.1073539728,0.7718421335
0.23,3.56,4,0.7388469295,0.1074823621,0.7718409628
0.231,3.56,4,0.7388431653,0.1076137733,0.771847265
0.21,3.57,4,0.7396614545,0.1051134912,0.7731234115
0.211,3.57,4,0.7396061013,0.1051915897,0.7730017257
0.212,3.57,4,0.7395529959,0.1052719978,0.7728855304
0.213,3.57,4,0.7395021751,0.1053547531,0.7727749307
0.214,3.57,4,0.7394536758,0.1054398928,0.7726700316
0.215,3.57,4,0.7394075347,0.1055274545,0.7725709381
0.216,3.57,4,0.7393637888,0.1056174756,0.7724777553
0.217,3.57,4,0.7393224749,0.1057099935,0.7723905882
0.218,3.57,4,0.7392836297,0.1058050457,0.7723095418
0.219,3.57,4,0.7392472902,0.1059026695,0.7722347213
0.22,3.57,4,0.7392134931,0.1060029025,0.7721662315
0.221,3.57,4,0.7391822754,0.106105782,0.7721041777
0.222,3.57,4,0.7391536738,0.1062113455,0.7720486647
0.223,3.57,4,0.7391277252,0.1063196304,0.7719997977
0.224,3.57,4,0.7391044665,0.1064306741,0.7719576817
0.225,3.57,4,0.7390839343,0.1065445142,0.7719224217
0.226,3.57,4,0.7390661657,0.106661188,0.7718941228
0.227,3.57,4,0.7390511974,0.1067807329,0.77187289
0.228,3.57,4,0.7390390663,0.1069031864,0.7718588283
0.229,3.57,4,0.7390298092,0.1070285859,0.7718520429
0.23,3.57,4,0.739023463,0.1071569688,0.7718526386
0.21,3.58,4,0.739830985,0.1047911929,0.7731093586
0.211,3.58,4,0.7397759181,0.1048693025,0.7729891568
0.212,3.58,4,0.7397231027,0.1049497209,0.7728744589
0.213,3.58,4,0.7396725757,0.1050324855,0.7727653699
0.214,3.58,4,0.7396243738,0.1051176335,0.7726619949
0.215,3.58,4,0.739578534,0.1052052026,0.7725644388
0.216,3.58,4,0.739535093,0.1052952302,0.7724728067
0.217,3.58,4,0.7394940877,0.1053877536,0.7723872037
0.218,3.58,4,0.7394555549,0.1054828103,0.7723077347
0.219,3.58,4,0.7394195314,0.1055804377,0.7722345049
0.22,3.58,4,0.7393860542,0.1056806733,0.7721676193
0.221,3.58,4,0.73935516,0.1057835545,0.7721071829
0.222,3.58,4,0.7393268857,0.1058891188,0.7720533007
0.223,3.58,4,0.739301268,0.1059974035,0.7720060778
0.224,3.58,4,0.739278344,0.1061084461,0.7719656193
0.225,3.58,4,0.7392581503,0.1062222841,0.7719320301
0.226,3.58,4,0.7392407238,0.1063389548,0.7719054153
0.227,3.58,4,0.7392261013,0.1064584957,0.7718858799
0.228,3.58,4,0.7392143198,0.1065809443,0.7718735291
0.229,3.58,4,0.739205416,0.1067063379,0.7718684677
0.23,3.58,4,0.7391994268,0.106834714,0.7718708009
0.21,3.59,4,0.7399999544,0.1044720068,0.7731021522
0.211,3.59,4,0.7399451689,0.1045501272,0.7729834056
0.212,3.59,4,0.7398926388,0.1046305553,0.7728701761
0.213,3.59,4,0.7398424006,0.1047133286,0.7727625688
0.214,3.59,4,0.7397944914,0.1047984846,0.7726606889
0.215,3.59,4,0.7397489479,0.1048860606,0.7725646412
0.216,3.59,4,0.739705807,0.1049760941,0.7724745309
0.217,3.59,4,0.7396651054,0.1050686225,0.772390463
0.218,3.59,4,0.7396268802,0.1051636833,0.7723125425
0.219,3.59,4,0.739591168,0.1052613139,0.7722408745
0.22,3.59,4,0.7395580057,0.1053615516,0.772175564
0.221,3.59,4,0.7395274301,0.1054644341,0.772116716
0.222,3.59,4,0.7394994782,0.1055699986,0.7720644356
0.223,3.59,4,0.7394741867,0.1056782826,0.7720188279
0.224,3.59,4,0.7394515925,0.1057893236,0.7719799978
0.225,3.59,4,0.7394317323,0.105903159,0.7719480504
0.226,3.59,4,0.7394146431,0.1060198262,0.7719230908
0.227,3.59,4,0.7394003617,0.1061393627,0.7719052239
0.228,3.59,4,0.7393889249,0.1062618058,0.7718945549
0.229,3.59,4,0.7393803696,0.1063871931,0.7718911887
0.21,3.6,4,0.7401682742,0.1041558972,0.7731015731
0.211,3.6,4,0.7401137654,0.1042340278,0.7729842525
0.212,3.6,4,0.7400615156,0.1043144653,0.7728724625
0.213,3.6,4,0.7400115615,0.1043972469,0.772766308
0.214,3.6,4,0.73996394,0.1044824103,0.7726658942
0.215,3.6,4,0.739918688,0.1045699927,0.772571326
0.216,3.6,4,0.7398758423,0.1046600317,0.7724827085
0.217,3.6,4,0.7398354398,0.1047525647,0.7724001467
0.218,3.6,4,0.7397975171,0.1048476291,0.7723237457
0.219,3.6,4,0.7397621113,0.1049452623,0.7722536105
0.22,3.6,4,0.7397292592,0.1050455018,0.7721898461
0.221,3.6,4,0.7396989975,0.105148385,0.7721325576
0.222,3.6,4,0.7396713631,0.1052539493,0.7720818501
0.223,3.6,4,0.7396463929,0.1053622322,0.7720378285
0.224,3.6,4,0.7396241236,0.1054732711,0.7720005979
0.225,3.6,4,0.7396045922,0.1055871034,0.7719702634
0.226,3.6,4,0.7395878355,0.1057037667,0.7719469299
0.227,3.6,4,0.7395738902,0.1058232982,0.7719307026
0.228,3.6,4,0.7395627933,0.1059457354,0.7719216864
0.229,3.6,4,0.7395545816,0.1060711159,0.7719199864
0.21,3.61,4,0.7403358562,0.1038428285,0.7731074018
0.211,3.61,4,0.7402816191,0.1039209689,0.7729914784
0.212,3.61,4,0.7402296448,0.1040014151,0.7728810988
0.213,3.61,4,0.7401799699,0.1040842047,0.7727763682
0.214,3.61,4,0.7401326314,0.1041693749,0.7726773915
0.215,3.61,4,0.740087666,0.1042569634,0.7725842738
0.216,3.61,4,0.7400451107,0.1043470074,0.7724971201
0.217,3.61,4,0.7400050022,0.1044395444,0.7724160355
0.218,3.61,4,0.7399673774,0.1045346119,0.7723411249
0.219,3.61,4,0.7399322732,0.1046322473,0.7722724936
0.22,3.61,4,0.7398997263,0.104732488,0.7722102464
0.221,3.61,4,0.7398697736,0.1048353715,0.7721544884
0.222,3.61,4,0.7398424519,0.1049409351,0.7721053247
0.223,3.61,4,0.7398177981,0.1050492164,0.7720628603
0.224,3.61,4,0.739795849,0.1051602528,0.7720272003
0.225,3.61,4,0.7397766415,0.1052740816,0.7719984496
0.226,3.61,4,0.7397602123,0.1053907404,0.7719767134
0.227,3.61,4,0.7397465984,0.1055102665,0.7719620966
0.228,3.61,4,0.7397358365,0.1056326974,0.7719547043
0.21,3.62,4,0.7405026118,0.1035327649,0.773119419
0.211,3.62,4,0.7404486417,0.1036109146,0.7730048638
0.212,3.62,4,0.740396938,0.1036913692,0.7728958657
0.213,3.62,4,0.7403475375,0.1037741661,0.7727925299
0.214,3.62,4,0.740300477,0.1038593428,0.7726949614
0.215,3.62,4,0.7402557935,0.1039469368,0.7726032652
0.216,3.62,4,0.7402135237,0.1040369853,0.7725175463
0.217,3.62,4,0.7401737045,0.104129526,0.7724379099
0.218,3.62,4,0.7401363727,0.1042245961,0.7723644609
0.219,3.62,4,0.7401015651,0.1043222332,0.7722973044
0.22,3.62,4,0.7400693186,0.1044224747,0.7722365454
0.221,3.62,4,0.74003967,0.1045253579,0.772182289
0.222,3.62,4,0.7400126562,0.1046309205,0.7721346402
0.223,3.62,4,0.739988314,0.1047391997,0.772093704
0.224,3.62,4,0.7399666803,0.104850233,0.7720595855
0.225,3.62,4,0.7399477918,0.1049640578,0.7720323897
0.226,3.62,4,0.7399316854,0.1050807116,0.7720122217
0.227,3.62,4,0.7399183979,0.1052002318,0.7719991865
0.228,3.62,4,0.7399079662,0.1053226559,0.7719933891
0.21,3.63,4,0.7406684527,0.1032256708,0.7731374054
0.211,3.63,4,0.7406147447,0.1033038293,0.7730241893
0.212,3.63,4,0.7405633068,0.1033842917,0.7729165437
0.213,3.63,4,0.7405141758,0.1034670956,0.7728145738
0.214,3.63,4,0.7404673886,0.1035522783,0.7727183844
0.215,3.63,4,0.740422982,0.1036398772,0.7726280808
0.216,3.63,4,0.7403809929,0.1037299299,0.7725437678
0.217,3.63,4,0.7403414581,0.1038224736,0.7724655506
0.218,3.63,4,0.7403044144,0.103917546,0.7723935342
0.219,3.63,4,0.7402698987,0.1040151843,0.7723278236
0.22,3.63,4,0.7402379478,0.104115426,0.7722685238
0.221,3.63,4,0.7402085985,0.1042183086,0.77221574
0.222,3.63,4,0.7401818877,0.1043238695,0.7721695771
0.223,3.63,4,0.7401578523,0.1044321462,0.7721301401
0.224,3.63,4,0.7401365289,0.104543176,0.7720975342
0.225,3.63,4,0.7401179546,0.1046569963,0.7720718644
0.226,3.63,4,0.7401021661,0.1047736448,0.7720532356
0.227,3.63,4,0.7400892003,0.1048931586,0.772041753
0.21,3.64,4,0.7408332906,0.1029215104,0.7731611414
0.211,3.64,4,0.7407798398,0.1029996773,0.7730492355
0.212,3.64,4,0.7407286628,0.1030801471,0.7729429135
0.213,3.64,4,0.7406797965,0.1031629574,0.7728422805
0.214,3.64,4,0.7406332777,0.1032481456,0.7727474414
0.215,3.64,4,0.7405891432,0.1033357491,0.7726585013
0.216,3.64,4,0.74054743,0.1034258053,0.7725755652
0.217,3.64,4,0.7405081747,0.1035183518,0.7724987383
0.218,3.64,4,0.7404714143,0.1036134258,0.7724281254
0.219,3.64,4,0.7404371856,0.1037110649,0.7723638317
0.22,3.64,4,0.7404055254,0.1038113064,0.7723059622
0.221,3.64,4,0.7403764706,0.1039141879,0.772254622
0.222,3.64,4,0.740350058,0.1040197467,0.772209916
0.223,3.64,4,0.7403263244,0.1041280203,0.7721719494
0.224,3.64,4,0.7403053067,0.1042390461,0.7721408271
0.225,3.64,4,0.7402870417,0.1043528615,0.7721166542
0.226,3.64,4,0.7402715663,0.1044695041,0.7720995357
0.227,3.64,4,0.7402589172,0.1045890111,0.7720895767
0.21,3.65,4,0.7409970369,0.1026202481,0.7731904078
0.211,3.65,4,0.7409438385,0.1026984228,0.7730797831
0.212,3.65,4,0.7408929176,0.1027788996,0.7729747557
0.213,3.65,4,0.7408443111,0.1028617159,0.7728754306
0.214,3.65,4,0.7407980559,0.1029469091,0.7727819128
0.215,3.65,4,0.7407541887,0.1030345167,0.7726943073
0.216,3.65,4,0.7407127464,0.103124576,0.7726127191
0.217,3.65,4,0.7406737659,0.1032171246,0.7725372534
0.218,3.65,4,0.7406372839,0.1033121999,0.7724680152
0.219,3.65,4,0.7406033374,0.1034098393,0.7724051095
0.22,3.65,4,0.7405719631,0.1035100801,0.7723486413
0.221,3.65,4,0.7405431978,0.10361296,0.7722987156
0.222,3.65,4,0.7405170785,0.1037185162,0.7722554376
0.223,3.65,4,0.740493642,0.1038267863,0.7722189123
0.224,3.65,4,0.7404729251,0.1039378077,0.7721892446
0.225,3.65,4,0.7404549646,0.1040516177,0.7721665397
0.226,3.65,4,0.7404397974,0.1041682539,0.7721509026
0.212,3.66,4,0.7410559829,0.1024805135,0.773011851
0.213,3.66,4,0.7410076314,0.1025633353,0.7729138048
0.214,3.66,4,0.7409616348,0.1026485331,0.7728215792
0.215,3.66,4,0.7409180301,0.1027361442,0.7727352793
0.216,3.66,4,0.7408768539,0.1028262063,0.7726550102
0.217,3.66,4,0.7408381432,0.1029187566,0.7725808768
0.218,3.66,4,0.7408019349,0.1030138326,0.7725129842
0.219,3.66,4,0.7407682656,0.1031114717,0.7724514374
0.22,3.66,4,0.7407371724,0.1032117115,0.7723963416
0.221,3.66,4,0.7407086919,0.1033145893,0.7723478016
0.222,3.66,4,0.7406828611,0.1034201425,0.7723059226
0.223,3.66,4,0.7406597168,0.1035284086,0.7722708096
0.224,3.66,4,0.7406392958,0.103639425,0.7722425676
0.225,3.66,4,0.7406216349,0.1037532291,0.7722213017
0.226,3.66,4,0.7406067711,0.1038698585,0.7722071169
0.215,3.67,4,0.7410805789,0.1024405961,0.7727811982
0.216,3.67,4,0.7410396641,0.1025306603,0.772702219
0.217,3.67,4,0.7410012184,0.1026232118,0.7726293889
0.218,3.67,4,0.7409652788,0.1027182882,0.772562813
0.219,3.67,4,0.740931882,0.1028159267,0.7725025963
0.22,3.67,4,0.7409010649,0.1029161648,0.7724488437
0.221,3.67,4,0.7408728644,0.10301904,0.7724016604
0.222,3.67,4,0.7408473172,0.1031245897,0.7723611514
0.223,3.67,4,0.7408244602,0.1032328513,0.7723274218
0.224,3.67,4,0.7408043303,0.1033438623,0.7723005765
0.225,3.67,4,0.7407869642,0.1034576601,0.7722807206
0.226,3.67,4,0.7407723989,0.1035742822,0.7722679592
0.22,3.68,4,0.7410635523,0.1026234043,0.7725059284
0.221,3.68,4,0.7410356268,0.1027262765,0.7724600728
0.222,3.68,4,0.7410103585,0.1028318222,0.7724209048
0.223,3.68,4,0.740987784,0.1029400789,0.7723885296
0.224,3.68,4,0.7409679403,0.1030510841,0.772363052
0.225,3.68,4,0.7409508642,0.103164875,0.7723445772
0.145,4.5,4,0.748570703,0.08178141895,0.7890397976
0.146,4.5,4,0.7484316549,0.08179443205,0.788719979
0.147,4.5,4,0.7482928064,0.08180723345,0.7884000639
0.148,4.5,4,0.7481541941,0.08181986057,0.7880801572
0.149,4.5,4,0.7480158551,0.08183235084,0.7877603641
0.15,4.5,4,0.7478778261,0.0818447417,0.7874407895
0.151,4.5,4,0.747740144,0.08185707058,0.7871215385
0.152,4.5,4,0.7476028455,0.08186937492,0.7868027161
0.153,4.5,4,0.7474659676,0.08188169214,0.7864844274
0.154,4.5,4,0.7473295471,0.08189405968,0.7861667774
0.155,4.5,4,0.7471936208,0.08190651498,0.7858498712
0.156,4.5,4,0.7470582255,0.08191909547,0.7855338137
0.157,4.5,4,0.7469233981,0.08193183857,0.7852187101
0.158,4.5,4,0.7467891754,0.08194478173,0.7849046654
0.159,4.5,4,0.7466555943,0.08195796238,0.7845917846
0.16,4.5,4,0.7465226915,0.08197141795,0.7842801727
0.161,4.5,4,0.746390504,0.08198518587,0.7839699348
0.162,4.5,4,0.7462590686,0.08199930357,0.7836611759
0.163,4.5,4,0.7461284221,0.0820138085,0.7833540011
0.164,4.5,4,0.7459986013,0.08202873807,0.7830485154
0.165,4.5,4,0.7458696431,0.08204412974,0.7827448239
0.166,4.5,4,0.7457415843,0.08206002092,0.7824430315
0.167,4.5,4,0.7456144618,0.08207644906,0.7821432433
0.168,4.5,4,0.7454883124,0.08209345158,0.7818455644
0.169,4.5,4,0.7453631729,0.08211106592,0.7815500999
0.17,4.5,4,0.7452390801,0.08212932951,0.7812569546
0.171,4.5,4,0.745116071,0.08214827979,0.7809662337
0.172,4.5,4,0.7449941823,0.08216795418,0.7806780423
0.173,4.5,4,0.7448734509,0.08218839013,0.7803924853
0.174,4.5,4,0.7447539136,0.08220962506,0.7801096678
0.175,4.5,4,0.7446356072,0.08223169641,0.7798296948
0.176,4.5,4,0.7445185686,0.08225464161,0.7795526714
0.177,4.5,4,0.7444028347,0.0822784981,0.7792787027
0.178,4.5,4,0.7442884422,0.0823033033,0.7790078936
0.179,4.5,4,0.7441754281,0.08232909466,0.7787403491
0.18,4.5,4,0.744063829,0.08235590959,0.7784761744
0.181,4.5,4,0.743953682,0.08238378555,0.7782154745
0.182,4.5,4,0.7438450237,0.08241275995,0.7779583544
0.183,4.5,4,0.7437378911,0.08244287024,0.7777049191
0.184,4.5,4,0.743632321,0.08247415385,0.7774552738
0.185,4.5,4,0.7435283502,0.0825066482,0.7772095233
0.186,4.5,4,0.7434260156,0.08254039074,0.7769677728
0.187,4.5,4,0.743325354,0.0825754189,0.7767301274
0.188,4.5,4,0.7432264022,0.0826117701,0.7764966919
0.189,4.5,4,0.7431291971,0.08264948179,0.7762675716
0.19,4.5,4,0.7430337755,0.08268859139,0.7760428714
0.191,4.5,4,0.7429401742,0.08272913635,0.7758226963
0.192,4.5,4,0.7428484301,0.08277115408,0.7756071515
0.193,4.5,4,0.7427585801,0.08281468203,0.7753963419
0.194,4.5,4,0.7426706609,0.08285975763,0.7751903725
0.195,4.5,4,0.7425847094,0.08290641831,0.7749893485
0.196,4.5,4,0.7425007624,0.08295470151,0.7747933749
0.197,4.5,4,0.7424188569,0.08300464466,0.7746025566
0.198,4.5,4,0.7423390295,0.08305628518,0.7744169988
0.199,4.5,4,0.7422613171,0.08310966052,0.7742368065
0.2,4.5,4,0.7421857567,0.08316480811,0.7740620846
0.201,4.5,4,0.7421123849,0.08322176538,0.7738929384
0.202,4.5,4,0.7420412388,0.08328056977,0.7737294727
0.203,4.5,4,0.741972355,0.0833412587,0.7735717927
0.204,4.5,4,0.7419057704,0.08340386961,0.7734200033
0.205,4.5,4,0.7418415219,0.08346843994,0.7732742096
0.206,4.5,4,0.7417796464,0.08353500712,0.7731345167
0.207,4.5,4,0.7417201805,0.08360360857,0.7730010296
0.208,4.5,4,0.7416631613,0.08367428174,0.7728738533
0.209,4.5,4,0.7416086254,0.08374706406,0.7727530929
0.21,4.5,4,0.7415566098,0.08382199295,0.7726388534
0.211,4.5,4,0.7415071513,0.08389910586,0.7725312398
0.212,4.5,4,0.7414602868,0.08397844021,0.7724303573
0.213,4.5,4,0.741416053,0.08406003345,0.7723363107
0.214,4.5,4,0.7413744868,0.084143923,0.7722492052
0.215,4.5,4,0.741335625,0.08423014629,0.7721691458
0.216,4.5,4,0.7412995045,0.08431874076,0.7720962376
0.217,4.5,4,0.7412661622,0.08440974385,0.7720305856
0.218,4.5,4,0.7412356347,0.08450319298,0.7719722947
0.219,4.5,4,0.7412079591,0.08459912558,0.7719214701
0.22,4.5,4,0.7411831721,0.08469757911,0.7718782169
0.221,4.5,4,0.7411613106,0.08479859097,0.7718426399
0.222,4.5,4,0.7411424114,0.08490219862,0.7718148444
0.223,4.5,4,0.7411265113,0.08500843947,0.7717949352
0.224,4.5,4,0.7411136471,0.08511735097,0.7717830176
0.225,4.5,4,0.7411038558,0.08522897055,0.7717791964
0.226,4.5,4,0.7410971742,0.08534333564,0.7717835767
0.227,4.5,4,0.741093639,0.08546048368,0.7717962636
0.228,4.5,4,0.7410932871,0.08558045209,0.7718173622
0.237,3,5,0.7299770165,0.1401632781,0.7921907523
0.238,3,5,0.7299676229,0.1403761689,0.7921058098
0.239,3,5,0.7299613872,0.1405927048,0.7920282853
0.24,3,5,0.7299583463,0.1408129233,0.7919582839
0.241,3,5,0.7299585371,0.1410368617,0.7918959105
0.242,3,5,0.7299619964,0.1412645576,0.7918412703
0.243,3,5,0.7299687609,0.1414960483,0.7917944682
0.244,3,5,0.7299788677,0.1417313712,0.7917556094
0.236,3.01,5,0.7300098437,0.1393922521,0.7916002715
0.237,3.01,5,0.7299978284,0.1396015402,0.7915114419
0.238,3.01,5,0.7299889379,0.1398144351,0.7914299387
0.239,3.01,5,0.7299832092,0.1400309741,0.7913558668
0.24,3.01,5,0.729980679,0.1402511947,0.7912893313
0.241,3.01,5,0.7299813842,0.1404751344,0.7912304372
0.242,3.01,5,0.7299853615,0.1407028305,0.7911792896
0.243,3.01,5,0.7299926479,0.1409343205,0.7911359935
0.244,3.01,5,0.7300032802,0.1411696418,0.7911006539
0.235,3.02,5,0.7300494286,0.1386299307,0.7910290575
0.236,3.02,5,0.7300348163,0.138835655,0.7909363903
0.237,3.02,5,0.7300232956,0.1390449477,0.7908509577
0.238,3.02,5,0.7300149036,0.1392578461,0.7907728647
0.239,3.02,5,0.7300096769,0.1394743878,0.7907022165
0.24,3.02,5,0.7300076525,0.1396946101,0.7906391179
0.241,3.02,5,0.7300088672,0.1399185505,0.7905836741
0.242,3.02,5,0.7300133579,0.1401462464,0.7905359902
0.243,3.02,5,0.7300211613,0.1403777352,0.7904961711
0.244,3.02,5,0.7300323143,0.1406130545,0.7904643218
0.234,3.03,5,0.7300956719,0.1378762394,0.7904769129
0.235,3.03,5,0.730078487,0.1380784388,0.7903804574
0.236,3.03,5,0.7300643607,0.1382841681,0.7902911448
0.237,3.03,5,0.7300533299,0.1384934648,0.7902090802
0.238,3.03,5,0.7300454314,0.1387063664,0.7901343686
0.239,3.03,5,0.730040702,0.1389229102,0.790067115
0.24,3.03,5,0.7300391786,0.1391431338,0.7900074244
0.241,3.03,5,0.730040898,0.1393670744,0.789955402
0.242,3.03,5,0.730045897,0.1395947696,0.7899111527
0.243,3.03,5,0.7300542125,0.1398262569,0.7898747816
0.244,3.03,5,0.7300658814,0.1400615735,0.7898463937
0.233,3.04,5,0.730148474,0.1371311037,0.7899436402
0.234,3.04,5,0.7301287411,0.137329817,0.7898434458
0.235,3.04,5,0.7301120337,0.1375320218,0.7897503027
0.236,3.04,5,0.7300983886,0.1377377557,0.7896643158
0.237,3.04,5,0.7300878428,0.137947056,0.7895855902
0.238,3.04,5,0.7300804329,0.1381599602,0.7895142309
0.239,3.04,5,0.7300761959,0.1383765057,0.7894503429
0.24,3.04,5,0.7300751687,0.13859673,0.7893940314
0.241,3.04,5,0.7300773879,0.1388206705,0.7893454013
0.242,3.04,5,0.7300828905,0.1390483645,0.7893045577
0.243,3.04,5,0.7300917134,0.1392798497,0.7892716057
0.244,3.04,5,0.7301038932,0.1395151633,0.7892466501
0.232,3.05,5,0.7302077353,0.1363944491,0.7894290419
0.233,3.05,5,0.730185479,0.1365897151,0.7893251581
0.234,3.05,5,0.730166215,0.1367884343,0.7892282337
0.235,3.05,5,0.7301499803,0.1369906441,0.7891383739
0.236,3.05,5,0.7301368116,0.1371963821,0.7890556837
0.237,3.05,5,0.7301267459,0.1374056855,0.7889802682
0.238,3.05,5,0.7301198199,0.1376185919,0.7889122322
0.239,3.05,5,0.7301160705,0.1378351386,0.788851681
0.24,3.05,5,0.7301155344,0.1380553631,0.7887987195
0.241,3.05,5,0.7301182487,0.1382793029,0.7887534528
0.242,3.05,5,0.73012425,0.1385069954,0.788715986
0.243,3.05,5,0.7301335753,0.1387384779,0.7886864239
0.244,3.05,5,0.7301462614,0.138973788,0.7886648718
0.232,3.06,5,0.7302486011,0.1358580585,0.7888253967
0.233,3.06,5,0.7302268052,0.1360533309,0.7887247405
0.234,3.06,5,0.7302080053,0.1362520556,0.7886310572
0.235,3.06,5,0.7301922384,0.13645427,0.7885444518
0.236,3.06,5,0.7301795413,0.1366600115,0.7884650293
0.237,3.06,5,0.7301699508,0.1368693176,0.7883928948
0.238,3.06,5,0.7301635038,0.1370822257,0.7883281533
0.239,3.06,5,0.7301602371,0.1372987731,0.7882709098
0.24,3.06,5,0.7301601875,0.1375189975,0.7882212694
0.241,3.06,5,0.7301633919,0.1377429361,0.7881793371
0.242,3.06,5,0.7301698872,0.1379706264,0.788145218
0.243,3.06,5,0.73017971,0.138202106,0.788119017
0.244,3.06,5,0.7301928974,0.138437412,0.7881008394
0.231,3.07,5,0.730318008,0.1351347726,0.7883439641
0.232,3.07,5,0.7302937046,0.1353266372,0.7882396255
0.233,3.07,5,0.7302723642,0.1355219156,0.7881421681
0.234,3.07,5,0.7302540236,0.1357206453,0.7880516969
0.235,3.07,5,0.7302387196,0.1359228637,0.7879683169
0.236,3.07,5,0.7302264892,0.1361286084,0.7878921332
0.237,3.07,5,0.7302173692,0.1363379166,0.7878232507
0.238,3.07,5,0.7302113963,0.1365508259,0.7877617746
0.239,3.07,5,0.7302086075,0.1367673737,0.7877078099
0.24,3.07,5,0.7302090395,0.1369875973,0.7876614616
0.241,3.07,5,0.7302127292,0.1372115343,0.7876228348
0.242,3.07,5,0.7302197135,0.1374392221,0.7875920344
0.243,3.07,5,0.7302300291,0.1376706981,0.7875691656
0.244,3.07,5,0.7302437129,0.1379059997,0.7875543334
0.245,3.07,5,0.7302608018,0.1381451644,0.7875476427
0.23,3.08,5,0.7303936002,0.134419783,0.7878806629
0.231,3.08,5,0.7303668138,0.1346082785,0.7877726913
0.232,3.08,5,0.7303429573,0.1348001494,0.7876715092
0.233,3.08,5,0.7303220676,0.1349954333,0.7875772215
0.234,3.08,5,0.7303041814,0.1351941676,0.7874899334
0.235,3.08,5,0.7302893356,0.1353963897,0.7874097498
0.236,3.08,5,0.7302775671,0.1356021369,0.7873367759
0.237,3.08,5,0.7302689126,0.1358114469,0.7872711166
0.238,3.08,5,0.730263409,0.1360243569,0.7872128769
0.239,3.08,5,0.7302610932,0.1362409044,0.787162162
0.24,3.08,5,0.730262002,0.136461127,0.7871190768
0.241,3.08,5,0.7302661721,0.1366850619,0.7870837264
0.242,3.08,5,0.7302736406,0.1369127466,0.7870562159
0.243,3.08,5,0.7302844441,0.1371442186,0.7870366502
0.244,3.08,5,0.7302986196,0.1373795153,0.7870251345
0.245,3.08,5,0.7303162038,0.1376186741,0.7870217737
0.229,3.09,5,0.730475278,0.133713015,0.7874352955
0.23,3.09,5,0.7304460333,0.1338981803,0.7873237403
0.231,3.09,5,0.7304196853,0.1340866827,0.7872188829
0.232,3.09,5,0.730396271,0.1342785596,0.7871208282
0.233,3.09,5,0.7303758271,0.1344738486,0.7870296814
0.234,3.09,5,0.7303583904,0.1346725869,0.7869455474
0.235,3.09,5,0.7303439979,0.1348748121,0.7868685313
0.236,3.09,5,0.7303326864,0.1350805615,0.7867987381
0.237,3.09,5,0.7303244926,0.1352898727,0.7867362729
0.238,3.09,5,0.7303194535,0.135502783,0.7866812408
0.239,3.09,5,0.7303176059,0.1357193298,0.7866337466
0.24,3.09,5,0.7303189865,0.1359395507,0.7865938956
0.241,3.09,5,0.7303236323,0.1361634831,0.7865617928
0.242,3.09,5,0.7303315801,0.1363911643,0.786537543
0.243,3.09,5,0.7303428667,0.1366226318,0.7865212515
0.244,3.09,5,0.730357529,0.136857923,0.7865130233
0.245,3.09,5,0.7303756037,0.1370970755,0.7865129634
0.229,3.1,5,0.7305312634,0.1331962681,0.7868925752
0.23,3.1,5,0.7305024485,0.1333814408,0.7867840918
0.231,3.1,5,0.7304765341,0.1335699496,0.7866823195
0.232,3.1,5,0.7304535571,0.133761832,0.7865873633
0.233,3.1,5,0.7304335541,0.1339571255,0.7864993282
0.234,3.1,5,0.7304165622,0.1341558674,0.7864183194
0.235,3.1,5,0.7304026182,0.1343580952,0.7863444418
0.236,3.1,5,0.7303917588,0.1345638464,0.7862778005
0.237,3.1,5,0.7303840209,0.1347731583,0.7862185004
0.238,3.1,5,0.7303794414,0.1349860684,0.7861666468
0.239,3.1,5,0.7303780571,0.1352026141,0.7861223445
0.24,3.1,5,0.7303799048,0.1354228329,0.7860856987
0.241,3.1,5,0.7303850214,0.1356467622,0.7860568143
0.242,3.1,5,0.7303934437,0.1358744394,0.7860357965
0.243,3.1,5,0.7304052085,0.136105902,0.7860227502
0.244,3.1,5,0.7304203527,0.1363411873,0.7860177805
0.228,3.11,5,0.7306224048,0.1325024673,0.7864789983
0.229,3.11,5,0.7305911475,0.1326843491,0.7863669384
0.23,3.11,5,0.7305627576,0.1328695287,0.7862614978
0.231,3.11,5,0.7305372719,0.1330580435,0.7861627817
0.232,3.11,5,0.7305147272,0.133249931,0.786070895
0.233,3.11,5,0.7304951605,0.1334452285,0.7859859428
0.234,3.11,5,0.7304786084,0.1336439735,0.7859080301
0.235,3.11,5,0.730465108,0.1338462035,0.785837262
0.236,3.11,5,0.7304546959,0.1340519559,0.7857737436
0.237,3.11,5,0.7304474091,0.1342612681,0.7857175797
0.238,3.11,5,0.7304432843,0.1344741775,0.7856688756
0.239,3.11,5,0.7304423585,0.1346907216,0.7856277362
0.24,3.11,5,0.7304446684,0.1349109378,0.7855942666
0.241,3.11,5,0.7304502509,0.1351348636,0.7855685718
0.242,3.11,5,0.7304591428,0.1353625363,0.7855507569
0.243,3.11,5,0.730471381,0.1355939935,0.7855409268
0.244,3.11,5,0.7304870023,0.1358292725,0.7855391867
0.227,3.12,5,0.7307193578,0.1318167034,0.7860828123
0.228,3.12,5,0.7306856827,0.1319953332,0.7859672252
0.229,3.12,5,0.7306548418,0.1321772224,0.7858581658
0.23,3.12,5,0.730626872,0.1323624084,0.7857557391
0.231,3.12,5,0.7306018102,0.1325509287,0.7856600501
0.232,3.12,5,0.7305796931,0.1327428207,0.7855712039
0.233,3.12,5,0.7305605576,0.1329381218,0.7854893056
0.234,3.12,5,0.7305444406,0.1331368695,0.7854144602
0.235,3.12,5,0.7305313789,0.1333391012,0.7853467726
0.236,3.12,5,0.7305214093,0.1335448543,0.7852863481
0.237,3.12,5,0.7305145687,0.1337541663,0.7852332915
0.238,3.12,5,0.7305108938,0.1339670746,0.7851877079
0.239,3.12,5,0.7305104216,0.1341836166,0.7851497024
0.24,3.12,5,0.7305131889,0.1344038298,0.78511938
0.241,3.12,5,0.7305192325,0.1346277515,0.7850968458
0.242,3.12,5,0.7305285892,0.1348554193,0.7850822048
0.243,3.12,5,0.730541296,0.1350868706,0.785075562
0.227,3.13,5,0.7307859545,0.1313143185,0.7855847548
0.228,3.13,5,0.7307526872,0.1314929561,0.7854721259
0.229,3.13,5,0.7307222579,0.1316748522,0.785366038
0.23,3.13,5,0.7306947034,0.1318600442,0.7852665961
0.231,3.13,5,0.7306700606,0.1320485695,0.7851739054
0.232,3.13,5,0.7306483662,0.1322404656,0.7850880708
0.233,3.13,5,0.7306296573,0.1324357698,0.7850091974
0.234,3.13,5,0.7306139704,0.1326345197,0.7849373902
0.235,3.13,5,0.7306013426,0.1328367526,0.7848727542
0.236,3.13,5,0.7305918106,0.133042506,0.7848153945
0.237,3.13,5,0.7305854114,0.1332518173,0.7847654162
0.238,3.13,5,0.7305821816,0.1334647239,0.7847229242
0.239,3.13,5,0.7305821582,0.1336812634,0.7846880237
0.24,3.13,5,0.730585378,0.133901473,0.7846608196
0.241,3.13,5,0.7305918778,0.1341253903,0.784641417
0.242,3.13,5,0.7306016945,0.1343530527,0.7846299209
0.243,3.13,5,0.7306148649,0.1345844976,0.7846264363
0.226,3.14,5,0.7308918635,0.1306412303,0.7852193296
0.227,3.14,5,0.7308561943,0.1308166553,0.7851031806
0.228,3.14,5,0.73082333,0.1309953003,0.7849934809
0.229,3.14,5,0.7307933074,0.1311772029,0.7848903356
0.23,3.14,5,0.7307661634,0.1313624004,0.7847938497
0.231,3.14,5,0.7307419347,0.1315509302,0.7847041282
0.232,3.14,5,0.7307206583,0.1317428299,0.7846212762
0.233,3.14,5,0.7307023709,0.1319381368,0.7845453987
0.234,3.14,5,0.7306871094,0.1321368883,0.7844766008
0.235,3.14,5,0.7306749107,0.132339122,0.7844149874
0.236,3.14,5,0.7306658115,0.1325448752,0.7843606637
0.237,3.14,5,0.7306598487,0.1327541853,0.7843137346
0.238,3.14,5,0.7306570591,0.1329670899,0.7842743053
0.239,3.14,5,0.7306574797,0.1331836263,0.7842424807
0.24,3.14,5,0.7306611471,0.133403832,0.7842183659
0.241,3.14,5,0.7306680983,0.1336277443,0.7842020659
0.242,3.14,5,0.7306783701,0.1338554008,0.7841936857
0.243,3.14,5,0.7306919994,0.1340868389,0.7841933305
0.226,3.15,5,0.7309652636,0.1301482454,0.7847511325
0.227,3.15,5,0.7309299889,0.1303236782,0.7846378705
0.228,3.15,5,0.7308975227,0.1305023302,0.784531071
0.229,3.15,5,0.730867902,0.1306842387,0.7844308393
0.23,3.15,5,0.7308411636,0.1308694412,0.7843372803
0.231,3.15,5,0.7308173443,0.1310579751,0.7842504991
0.232,3.15,5,0.7307964809,0.1312498779,0.7841706007
0.233,3.15,5,0.7307786102,0.131445187,0.7840976902
0.234,3.15,5,0.7307637692,0.1316439398,0.7840318725
0.235,3.15,5,0.7307519947,0.1318461737,0.7839732528
0.236,3.15,5,0.7307433234,0.1320519262,0.7839219361
0.237,3.15,5,0.7307377923,0.1322612348,0.7838780273
0.238,3.15,5,0.7307354381,0.1324741368,0.7838416316
0.239,3.15,5,0.7307362978,0.1326906696,0.783812854
0.24,3.15,5,0.730740408,0.1329108708,0.7837917995
0.241,3.15,5,0.7307478058,0.1331347778,0.7837785732
0.242,3.15,5,0.7307585278,0.1333624279,0.78377328
0.225,3.16,5,0.7310797956,0.1294876519,0.7844157841
0.226,3.16,5,0.7310421349,0.1296599114,0.784299009
0.227,3.16,5,0.7310072498,0.1298353516,0.7841886049
0.228,3.16,5,0.730975177,0.13001401,0.7840846768
0.229,3.16,5,0.7309459533,0.130195924,0.7839873297
0.23,3.16,5,0.7309196156,0.1303811311,0.7838966687
0.231,3.16,5,0.7308962007,0.1305696686,0.7838127988
0.232,3.16,5,0.7308757455,0.130761574,0.7837358251
0.233,3.16,5,0.7308582868,0.1309568848,0.7836658525
0.234,3.16,5,0.7308438615,0.1311556383,0.7836029862
0.235,3.16,5,0.7308325063,0.131357872,0.7835473311
0.236,3.16,5,0.7308242581,0.1315636234,0.7834989923
0.237,3.16,5,0.7308191538,0.1317729299,0.7834580749
0.238,3.16,5,0.7308172301,0.1319858288,0.7834246839
0.239,3.16,5,0.730818524,0.1322023577,0.7833989243
0.24,3.16,5,0.7308230723,0.132422554,0.7833809011
0.241,3.16,5,0.7308309117,0.1326464551,0.7833707195
0.242,3.16,5,0.7308420792,0.1328740984,0.7833684844
0.224,3.17,5,0.7311996906,0.1288348002,0.7840969379
0.225,3.17,5,0.7311596686,0.1290039252,0.7839766992
0.226,3.17,5,0.731122389,0.1291761925,0.7838627398
0.227,3.17,5,0.7310878886,0.1293516397,0.7837551647
0.228,3.17,5,0.7310562043,0.1295303041,0.7836540789
0.229,3.17,5,0.7310273728,0.1297122231,0.7835595874
0.23,3.17,5,0.731001431,0.1298974342,0.7834717954
0.231,3.17,5,0.7309784157,0.1300859748,0.7833908078
0.232,3.17,5,0.7309583639,0.1302778824,0.7833167298
0.233,3.17,5,0.7309413123,0.1304731944,0.7832496662
0.234,3.17,5,0.7309272977,0.1306719483,0.7831897222
0.235,3.17,5,0.730916357,0.1308741813,0.7831370028
0.236,3.17,5,0.7309085271,0.1310799311,0.7830916131
0.237,3.17,5,0.7309038447,0.131289235,0.783053658
0.238,3.17,5,0.7309023468,0.1315021304,0.7830232427
0.239,3.17,5,0.7309040701,0.1317186548,0.7830004721
0.24,3.17,5,0.7309090514,0.1319388457,0.7829854514
0.241,3.17,5,0.7309173277,0.1321627404,0.7829782855
0.224,3.18,5,0.7312824905,0.1283556451,0.7836707435
0.225,3.18,5,0.7312428409,0.1285247784,0.7835532782
0.226,3.18,5,0.7312059375,0.1286970532,0.7834421054
0.227,3.18,5,0.731171817,0.1288725068,0.7833373303
0.228,3.18,5,0.7311405163,0.1290511767,0.7832390578
0.229,3.18,5,0.7311120721,0.1292331002,0.7831473931
0.23,3.18,5,0.7310865214,0.1294183149,0.7830624411
0.231,3.18,5,0.7310639009,0.1296068582,0.7829843069
0.232,3.18,5,0.7310442476,0.1297987675,0.7829130955
0.233,3.18,5,0.7310275982,0.1299940803,0.782848912
0.234,3.18,5,0.7310139896,0.1301928339,0.7827918614
0.235,3.18,5,0.7310034586,0.1303950658,0.7827420487
0.236,3.18,5,0.730996042,0.1306008135,0.782699579
0.237,3.18,5,0.7309917768,0.1308101143,0.7826645573
0.238,3.18,5,0.7309906997,0.1310230058,0.7826370887
0.239,3.18,5,0.7309928475,0.1312395253,0.7826172782
0.24,3.18,5,0.7309982572,0.1314597103,0.7826052309
0.241,3.18,5,0.7310069655,0.1316835981,0.7826010517
0.224,3.19,5,0.731368506,0.1278810348,0.7832600226
0.225,3.19,5,0.7313292241,0.128050176,0.7831453016
0.226,3.19,5,0.731292692,0.1282224577,0.7830368865
0.227,3.19,5,0.7312589465,0.1283979172,0.7829348824
0.228,3.19,5,0.7312280246,0.1285765921,0.7828393943
0.229,3.19,5,0.7311999629,0.1287585198,0.7827505273
0.23,3.19,5,0.7311747984,0.1289437376,0.7826683864
0.231,3.19,5,0.7311525679,0.1291322831,0.7825930765
0.232,3.19,5,0.7311333082,0.1293241936,0.7825247029
0.233,3.19,5,0.7311170562,0.1295195066,0.7824633704
0.234,3.19,5,0.7311038487,0.1297182596,0.7824091842
0.235,3.19,5,0.7310937225,0.1299204899,0.7823622493
0.236,3.19,5,0.7310867145,0.130126235,0.7823226707
0.237,3.19,5,0.7310828615,0.1303355323,0.7822905534
0.238,3.19,5,0.7310822004,0.1305484193,0.7822660026
0.239,3.19,5,0.731084768,0.1307649334,0.7822491232
0.24,3.19,5,0.7310906011,0.130985112,0.7822400202
0.241,3.19,5,0.7310997365,0.1312089926,0.7822387988
0.224,3.2,5,0.7314576489,0.1274109335,0.7828645557
0.225,3.2,5,0.7314187297,0.1275800821,0.7827525501
0.226,3.2,5,0.7313825641,0.1277523702,0.7826468637
0.227,3.2,5,0.7313491888,0.1279278353,0.7825476017
0.228,3.2,5,0.7313186408,0.1281065147,0.782454869
0.229,3.2,5,0.7312909568,0.128288446,0.7823687707
0.23,3.2,5,0.7312661736,0.1284736665,0.7822894118
0.231,3.2,5,0.7312443282,0.1286622136,0.7822168974
0.232,3.2,5,0.7312254573,0.1288541249,0.7821513325
0.233,3.2,5,0.7312095978,0.1290494378,0.7820928222
0.234,3.2,5,0.7311967866,0.1292481896,0.7820414714
0.235,3.2,5,0.7311870604,0.1294504178,0.7819973852
0.236,3.2,5,0.7311804561,0.1296561599,0.7819606687
0.237,3.2,5,0.7311770106,0.1298654532,0.7819314269
0.238,3.2,5,0.7311767606,0.1300783352,0.7819097648
0.239,3.2,5,0.731179743,0.1302948434,0.7818957876
0.24,3.2,5,0.7311859947,0.1305150152,0.7818896001
0.224,3.21,5,0.7315498306,0.1269453056,0.7824841235
0.225,3.21,5,0.7315112694,0.1271144611,0.7823748043
0.226,3.21,5,0.7314754654,0.1272867552,0.7822718177
0.227,3.21,5,0.7314424555,0.1274622253,0.7821752687
0.228,3.21,5,0.7314122765,0.1276409088,0.7820852625
0.229,3.21,5,0.7313849653,0.1278228432,0.7820019039
0.23,3.21,5,0.7313605587,0.1280080659,0.7819252982
0.231,3.21,5,0.7313390935,0.1281966143,0.7818555502
0.232,3.21,5,0.7313206066,0.1283885258,0.7817927651
0.233,3.21,5,0.7313051348,0.128583838,0.7817370478
0.234,3.21,5,0.731292715,0.1287825882,0.7816885035
0.235,3.21,5,0.7312833839,0.1289848138,0.7816472371
0.236,3.21,5,0.7312771785,0.1291905524,0.7816133538
0.237,3.21,5,0.7312741355,0.1293998413,0.7815869584
0.238,3.21,5,0.7312742918,0.1296127179,0.7815681562
0.239,3.21,5,0.7312776843,0.1298292198,0.781557052
0.24,3.21,5,0.7312843497,0.1300493842,0.7815537511
0.223,3.22,5,0.7316858952,0.1263180536,0.7822314092
0.225,3.22,5,0.7316067547,0.1266532773,0.7820118448
0.226,3.22,5,0.7315713075,0.1268255769,0.781911529
0.227,3.22,5,0.7315386581,0.1270010516,0.7818176641
0.228,3.22,5,0.7315088434,0.1271797387,0.7817303553
0.229,3.22,5,0.7314819001,0.1273616757,0.7816497076
0.23,3.22,5,0.7314578652,0.1275469001,0.7815758259
0.231,3.22,5,0.7314367754,0.1277354492,0.7815088155
0.232,3.22,5,0.7314186676,0.1279273606,0.7814487811
0.233,3.22,5,0.7314035787,0.1281226716,0.781395828
0.234,3.22,5,0.7313915454,0.1283214197,0.7813500612
0.235,3.22,5,0.7313826046,0.1285236424,0.7813115856
0.236,3.22,5,0.7313767932,0.1287293769,0.7812805064
0.237,3.22,5,0.7313741479,0.1289386609,0.7812569286
0.238,3.22,5,0.7313747057,0.1291515316,0.7812409572
0.239,3.22,5,0.7313785033,0.1293680266,0.7812326972
0.24,3.22,5,0.7313855777,0.1295881833,0.7812322538
0.222,3.23,5,0.7318268239,0.1256982515,0.7819942098
0.224,3.23,5,0.7317429572,0.1260273271,0.7817674855
0.225,3.23,5,0.7317050973,0.126196495,0.7816634523
0.226,3.23,5,0.731670002,0.1263687997,0.7815657782
0.227,3.23,5,0.7316377083,0.1265442784,0.7814745686
0.228,3.23,5,0.7316082529,0.1267229686,0.7813899282
0.229,3.23,5,0.7315816728,0.1269049078,0.7813119623
0.23,3.23,5,0.7315580047,0.1270901334,0.7812407758
0.231,3.23,5,0.7315372855,0.1272786829,0.7811764738
0.232,3.23,5,0.7315195519,0.1274705936,0.7811191613
0.233,3.23,5,0.731504841,0.127665903,0.7810689434
0.234,3.23,5,0.7314931894,0.1278646485,0.7810259251
0.235,3.23,5,0.7314846341,0.1280668677,0.7809902114
0.236,3.23,5,0.7314792118,0.1282725978,0.7809619074
0.237,3.23,5,0.7314769595,0.1284818763,0.7809411181
0.238,3.23,5,0.7314779139,0.1286947407,0.7809279485
0.239,3.23,5,0.7314821118,0.1289112284,0.7809225038
0.223,3.24,5,0.7318839735,0.12540883,0.7815385425
0.224,3.24,5,0.7318437253,0.1255749051,0.7814308411
0.225,3.24,5,0.7318062087,0.1257440786,0.7813294073
0.226,3.24,5,0.7317714606,0.1259163877,0.7812343461
0.227,3.24,5,0.7317395177,0.12609187,0.7811457626
0.228,3.24,5,0.7317104168,0.1262705629,0.7810637618
0.229,3.24,5,0.731684195,0.1264525039,0.7809884487
0.23,3.24,5,0.7316608888,0.1266377302,0.7809199284
0.231,3.24,5,0.7316405353,0.1268262795,0.780858306
0.232,3.24,5,0.7316231712,0.1270181891,0.7808036863
0.233,3.24,5,0.7316088334,0.1272134964,0.7807561746
0.234,3.24,5,0.7315975587,0.1274122389,0.7807158758
0.235,3.24,5,0.731589384,0.127614454,0.780682895
0.236,3.24,5,0.7315843461,0.1278201792,0.7806573372
0.237,3.24,5,0.7315824817,0.1280294518,0.7806393075
0.238,3.24,5,0.7315838279,0.1282423094,0.7806289108
0.239,3.24,5,0.7315884213,0.1284587893,0.7806262523
0.224,3.25,5,0.7319471787,0.1251268137,0.7811083538
0.225,3.25,5,0.7319100007,0.1252959922,0.7810094906
0.226,3.25,5,0.7318755948,0.1254683054,0.7809170133
0.227,3.25,5,0.7318439978,0.1256437909,0.7808310269
0.228,3.25,5,0.7318152467,0.125822486,0.7807516367
0.229,3.25,5,0.7317893782,0.1260044281,0.7806789475
0.23,3.25,5,0.7317664292,0.1261896548,0.7806130644
0.231,3.25,5,0.7317464366,0.1263782034,0.7805540925
0.232,3.25,5,0.7317294371,0.1265701113,0.7805021367
0.233,3.25,5,0.7317154676,0.1267654161,0.7804573022
0.234,3.25,5,0.7317045649,0.1269641551,0.780419694
0.235,3.25,5,0.7316967659,0.1271663657,0.7803894171
0.236,3.25,5,0.7316921075,0.1273720855,0.7803665765
0.237,3.25,5,0.7316906263,0.1275813518,0.7803512774
0.238,3.25,5,0.7316923594,0.1277942021,0.7803436246
0.224,3.26,5,0.732053229,0.1246830172,0.7807998044
0.23,3.26,5,0.7318745375,0.1257458714,0.7803199643
0.231,3.26,5,0.7318549008,0.1259344188,0.780263614
0.232,3.26,5,0.7318382611,0.1261263247,0.7802142931
0.233,3.26,5,0.731824655,0.1263216264,0.7801721069
0.234,3.26,5,0.7318141195,0.1265203614,0.7801371603
0.235,3.26,5,0.7318066915,0.1267225672,0.7801095583
0.236,3.26,5,0.7318024076,0.1269282811,0.780089406
0.237,3.26,5,0.7318013048,0.1271375405,0.7800768084
0.238,3.26,5,0.73180342,0.127350383,0.7800718707
0.223,3.27,5,0.7322010462,0.1240773883,0.7806050901
0.229,3.27,5,0.7320073744,0.1251211185,0.7801011044
0.23,3.27,5,0.7319851252,0.1253063443,0.7800404088
0.231,3.27,5,0.7319658397,0.1254948902,0.7799866511
0.232,3.27,5,0.7319495548,0.1256867935,0.7799399362
0.233,3.27,5,0.7319363074,0.1258820917,0.7799003692
0.234,3.27,5,0.7319261343,0.1260808223,0.7798680552
0.235,3.27,5,0.7319190722,0.1262830226,0.7798430992
0.236,3.27,5,0.7319151581,0.1264887301,0.7798256062
0.237,3.27,5,0.7319144289,0.1266979823,0.7798156813
0.238,3.27,5,0.7319169212,0.1269108165,0.7798134295
0.228,3.28,5,0.7321448479,0.1245038703,0.7798973152
0.229,3.28,5,0.7321200106,0.1246858133,0.7798323238
0.23,3.28,5,0.7320981039,0.1248710379,0.7797741785
0.231,3.28,5,0.7320791648,0.1250595817,0.7797229844
0.232,3.28,5,0.7320632299,0.125251482,0.7796788465
0.228,3.29,5,0.7322594575,0.1240727511,0.7796391615
0.212,3.56,5,0.7365647345,0.1113886056,0.7778309928
0.211,3.57,5,0.7367686722,0.1109281558,0.7779379366
0.213,3.57,5,0.7366448088,0.1111950502,0.7777215604
0.21,3.58,5,0.7369745552,0.1104734404,0.7780546195
0.212,3.58,5,0.7368461606,0.110735141,0.7778303225
0.214,3.58,5,0.7367274303,0.1110073089,0.777627868
0.21,3.59,5,0.7371146725,0.1101514065,0.7780621524
0.211,3.59,5,0.7370494072,0.1102809693,0.7779487249
0.212,3.59,5,0.7369865249,0.1104131106,0.7778406662
0.213,3.59,5,0.7369260624,0.1105478677,0.7777380815
0.215,3.59,5,0.7368125441,0.1108253794,0.7775497542
0.209,3.6,5,0.7373219475,0.1097054361,0.7781939051
0.211,3.6,5,0.7371893006,0.1099620251,0.7779645122
0.212,3.6,5,0.7371265389,0.1100941671,0.7778578367
0.213,3.6,5,0.7370662006,0.1102289241,0.7777566484
0.214,3.6,5,0.7370083227,0.1103663334,0.7776610525
0.215,3.6,5,0.736952942,0.1105064326,0.7775711539
0.216,3.6,5,0.7369000953,0.110649259,0.7774870577
0.209,3.61,5,0.7374611868,0.1093895401,0.7782136606
0.21,3.61,5,0.7373937967,0.1095165668,0.778097653
0.211,3.61,5,0.7373287602,0.1096461326,0.7779869359
0.212,3.61,5,0.737266114,0.1097782749,0.7778816145
0.213,3.61,5,0.7372058952,0.1099130313,0.7777817937
0.214,3.61,5,0.7371481404,0.110050439,0.7776875785
0.215,3.61,5,0.7370928866,0.1101905356,0.7775990741
0.208,3.62,5,0.7376695206,0.1089521336,0.7783597989
0.209,3.62,5,0.7375999135,0.1090766612,0.7782398909
0.21,3.62,5,0.7375326268,0.1092036896,0.7781251818
0.211,3.62,5,0.7374676974,0.1093332562,0.7780157766
0.212,3.62,5,0.7374051621,0.1094653983,0.7779117803
0.213,3.62,5,0.7373450578,0.1096001536,0.7778132979
0.214,3.62,5,0.7372874213,0.1097375593,0.7777204346
0.215,3.62,5,0.7372322894,0.1098776529,0.7776332953
0.208,3.63,5,0.7378075515,0.1086422338,0.7783910287
0.209,3.63,5,0.7377380392,0.1087667636,0.7782723768
0.21,3.63,5,0.737670851,0.1088937932,0.7781589372
0.211,3.63,5,0.7376060239,0.1090233601,0.7780508148
0.212,3.63,5,0.7375435946,0.1091555017,0.7779481146
0.213,3.63,5,0.7374836,0.1092902553,0.7778509418
0.214,3.63,5,0.7374260769,0.1094276585,0.7777594013
0.215,3.63,5,0.7373710622,0.1095677486,0.7776735982
0.216,3.63,5,0.7373185927,0.1097105631,0.7775936375
0.208,3.64,5,0.7379448978,0.10833528,0.7784283236
0.209,3.64,5,0.7378754755,0.1084598116,0.7783108989
0.21,3.64,5,0.737808381,0.108586842,0.7781986998
0.211,3.64,5,0.7377436513,0.1087164088,0.7780918312
0.212,3.64,5,0.7376813231,0.1088485492,0.7779903983
0.213,3.64,5,0.7376214334,0.1089833008,0.777894506
0.214,3.64,5,0.7375640189,0.1091207009,0.7778042593
0.215,3.64,5,0.7375091166,0.1092607871,0.7777197635
0.216,3.64,5,0.7374567631,0.1094035967,0.7776411233
0.217,3.64,5,0.7374069954,0.1095491672,0.777568444
0.209,3.65,5,0.738012134,0.1081557696,0.7783552377
0.21,3.65,5,0.7379451284,0.1082828003,0.7782442501
0.211,3.65,5,0.7378804912,0.1084123664,0.7781386065
0.212,3.65,5,0.7378182594,0.1085445052,0.7780384117
0.213,3.65,5,0.7377584697,0.1086792543,0.777943771
0.214,3.65,5,0.7377011589,0.1088166509,0.7778547893
0.215,3.65,5,0.737646364,0.1089567327,0.7777715716
0.216,3.65,5,0.7375941217,0.1090995369,0.7776942231
0.217,3.65,5,0.7375444689,0.1092451011,0.7776228487
0.209,3.66,5,0.7381479263,0.1078546017,0.7784051739
0.21,3.66,5,0.7380810047,0.1079816323,0.7782953689
0.211,3.66,5,0.7380164553,0.1081111973,0.7781909212
0.212,3.66,5,0.7379543149,0.1082433341,0.7780919357
0.213,3.66,5,0.7378946203,0.1083780801,0.7779985175
0.214,3.66,5,0.7378374085,0.1085154728,0.7779107718
0.215,3.66,5,0.7377827162,0.1086555496,0.7778288034
0.216,3.66,5,0.7377305802,0.108798348,0.7777527174
0.217,3.66,5,0.7376810375,0.1089439054,0.777682619
0.218,3.66,5,0.7376341248,0.1090922592,0.777618613
0.209,3.67,5,0.738282764,0.1075562724,0.7784604882
0.21,3.67,5,0.7382159216,0.1076833024,0.7783518368
0.211,3.67,5,0.738151455,0.1078128658,0.778248556
0.212,3.67,5,0.7380894012,0.107945,0.7781507508
0.213,3.67,5,0.738029797,0.1080797426,0.7780585262
0.214,3.67,5,0.7379726792,0.1082171309,0.7779719874
0.215,3.67,5,0.7379180847,0.1083572023,0.7778912393
0.216,3.67,5,0.7378660502,0.1084999944,0.777816387
0.217,3.67,5,0.7378166127,0.1086455445,0.7777475355
0.209,3.68,5,0.7384165587,0.107260746,0.7785209611
0.21,3.68,5,0.7383497906,0.1073877749,0.7784134343
0.211,3.68,5,0.7382854021,0.1075173362,0.7783112915
0.212,3.68,5,0.7382234301,0.1076494674,0.7782146376
0.213,3.68,5,0.7381639113,0.107784206,0.7781235777
0.214,3.68,5,0.7381068827,0.1079215894,0.7780382168
0.215,3.68,5,0.7380523811,0.108061655,0.77795866
0.216,3.68,5,0.7380004433,0.1082044403,0.7778850124
0.217,3.68,5,0.7379511062,0.1083499826,0.7778173789
0.218,3.68,5,0.7379044065,0.1084983195,0.7777558646
0.209,3.69,5,0.7385492221,0.1069679867,0.7785863733
0.21,3.69,5,0.7384825234,0.107095014,0.7784799421
0.211,3.69,5,0.7384182081,0.1072245728,0.7783789083
0.212,3.69,5,0.738356313,0.1073567006,0.7782833767
0.213,3.69,5,0.7382968749,0.1074914347,0.7781934525
0.214,3.69,5,0.7382399307,0.1076288127,0.7781092407
0.215,3.69,5,0.7381855171,0.107768872,0.7780308462
0.216,3.69,5,0.7381336711,0.10791165,0.7779583743
0.217,3.69,5,0.7380844295,0.1080571842,0.7778919298
0.218,3.69,5,0.7380378291,0.1082055119,0.7778316178
0.21,3.7,5,0.7386140316,0.1068049841,0.7785511409
0.211,3.7,5,0.7385497847,0.1069345399,0.7784511871
0.212,3.7,5,0.7384879616,0.1070666637,0.7783567489
0.213,3.7,5,0.7384285993,0.107201393,0.7782679313
0.214,3.7,5,0.7383717346,0.1073387652,0.7781848395
0.215,3.7,5,0.7383174043,0.1074788176,0.7781075785
0.216,3.7,5,0.7382656452,0.1076215879,0.7780362532
0.217,3.7,5,0.7382164943,0.1077671133,0.7779709688
0.218,3.7,5,0.7381699883,0.1079154314,0.7779118302
0.21,3.71,5,0.7387442268,0.1065176495,0.7786268112
0.211,3.71,5,0.7386800434,0.1066472019,0.7785279084
0.212,3.71,5,0.7386182875,0.1067793212,0.7784345346
0.213,3.71,5,0.7385589962,0.1069140451,0.7783467948
0.214,3.71,5,0.7385022061,0.107051411,0.7782647941
0.215,3.71,5,0.7384479542,0.1071914562,0.7781886374
0.216,3.71,5,0.7383962772,0.1073342182,0.7781184299
0.217,3.71,5,0.7383472121,0.1074797345,0.7780542766
0.218,3.71,5,0.7383007957,0.1076280424,0.7779962824
0.219,3.71,5,0.7382570647,0.1077791795,0.7779445525
0.21,3.72,5,0.7388730206,0.1062329746,0.7787067337
0.211,3.72,5,0.7388088958,0.1063625229,0.778608853
0.212,3.72,5,0.7387472023,0.1064946374,0.7785165146
0.213,3.72,5,0.7386879771,0.1066293555,0.7784298235
0.214,3.72,5,0.7386312568,0.1067667145,0.7783488849
0.215,3.72,5,0.7385770784,0.106906752,0.7782738037
0.216,3.72,5,0.7385254788,0.1070495053,0.7782046849
0.217,3.72,5,0.7384764946,0.1071950119,0.7781416337
0.218,3.72,5,0.7384301629,0.1073433093,0.778084755
0.219,3.72,5,0.7383865203,0.1074944348,0.7780341539
0.21,3.73,5,0.7390003246,0.1059509235,0.778790689
0.211,3.73,5,0.7389362536,0.1060804674,0.7786938014
0.212,3.73,5,0.7388746177,0.1062125765,0.7786024694
0.213,3.73,5,0.7388154536,0.1063472883,0.7785167982
0.214,3.73,5,0.7387587984,0.10648464,0.7784368926
0.215,3.73,5,0.7387046887,0.1066246693,0.7783628579
0.216,3.73,5,0.7386531614,0.1067674135,0.7782947989
0.217,3.73,5,0.7386042534,0.10691291,0.7782328208
0.218,3.73,5,0.7385580015,0.1070611963,0.7781770286
0.219,3.73,5,0.7385144426,0.1072123098,0.7781275273
0.211,3.74,5,0.7390620283,0.1058009997,0.7787825342
0.212,3.74,5,0.7390004451,0.1059331029,0.7786921797
0.213,3.74,5,0.7389413374,0.1060678079,0.7786074993
0.214,3.74,5,0.7388847423,0.1062051519,0.7785285979
0.215,3.74,5,0.7388306965,0.1063451725,0.7784555806
0.216,3.74,5,0.7387792368,0.106487907,0.7783885525
0.217,3.74,5,0.7387304001,0.1066333929,0.7783276186
0.218,3.74,5,0.7386842232,0.1067816677,0.7782728838
0.219,3.74,5,0.738640743,0.1069327687,0.7782244534
0.211,3.75,5,0.7391861316,0.1055240839,0.7788748321
0.212,3.75,5,0.7391245962,0.1056561809,0.7787854262
0.213,3.75,5,0.7390655401,0.1057908786,0.7787017075
0.214,3.75,5,0.7390090003,0.1059282144,0.7786237813
0.215,3.75,5,0.7389550134,0.1060682258,0.7785517526
0.216,3.75,5,0.7389036165,0.1062109502,0.7784857263
0.217,3.75,5,0.7388548462,0.106356425,0.7784258075
0.218,3.75,5,0.7388087395,0.1065046878,0.7783721014
0.219,3.75,5,0.7387653332,0.1066557758,0.7783247128
0.211,3.76,5,0.7393084751,0.1052496846,0.7789704758
0.212,3.76,5,0.7392469827,0.1053817747,0.7788819893
0.213,3.76,5,0.7391879733,0.1055164646,0.7787992036
0.214,3.76,5,0.7391314839,0.1056537918,0.7787222236
0.215,3.76,5,0.7390775512,0.1057937935,0.7786511543
0.216,3.76,5,0.7390262121,0.1059365074,0.7785861009
0.217,3.76,5,0.7389775034,0.1060819707,0.7785271684
0.218,3.76,5,0.738931462,0.1062302209,0.7784744618
0.212,3.77,5,0.739367516,0.1051098487,0.7789816498
0.213,3.77,5,0.7393085485,0.1052445305,0.778899768
0.214,3.77,5,0.7392521047,0.1053818484,0.7788237052
0.215,3.77,5,0.7391982213,0.1055218401,0.7787535665
0.216,3.77,5,0.7391469353,0.1056645428,0.7786894571
0.217,3.77,5,0.7390982834,0.1058099941,0.7786314818
0.218,3.77,5,0.7390523024,0.1059582314,0.7785797457
0.212,3.78,5,0.7394861079,0.1048403673,0.7790841883
0.213,3.78,5,0.7394271775,0.1049750403,0.7790031814
0.214,3.78,5,0.7393707743,0.1051123486,0.7789280069
0.215,3.78,5,0.7393169354,0.1052523297,0.7788587698
0.216,3.78,5,0.7392656976,0.1053950209,0.7787955753
0.217,3.78,5,0.7392170976,0.1055404597,0.7787385282
0.218,3.78,5,0.7391711723,0.1056886836,0.7786877338
0.213,3.79,5,0.7395437717,0.1047079584,0.7791092245
0.214,3.79,5,0.7394874044,0.1048452566,0.7790349092
0.215,3.79,5,0.7394336052,0.1049852266,0.7789665448
0.216,3.79,5,0.7393824106,0.1051279058,0.7789042362
0.217,3.79,5,0.7393338577,0.1052733317,0.7788480885
0.214,3.8,5,0.7396019066,0.1045805368,0.7791441929
0.215,3.8,5,0.7395481421,0.1047204953,0.7790766721
0.216,3.8,5,0.739496986,0.104863162,0.7790152205
0.217,3.8,5,0.7394484753,0.1050085744,0.7789599431
0.216,3.81,5,0.7396093354,0.1046007537,0.7791283087
0.217,3.81,5,0.739560862,0.1047461522,0.7790738727
0.177,4.5,5,0.7410822754,0.08622624664,0.7865681904
0.178,4.5,5,0.7409386448,0.08629278697,0.786302465
0.179,4.5,5,0.7407965203,0.08636058416,0.7860398561
0.18,4.5,5,0.7406559386,0.08642967563,0.7857804686
0.181,4.5,5,0.7405169367,0.08650009883,0.7855244076
0.182,4.5,5,0.7403795513,0.08657189117,0.7852717781
0.183,4.5,5,0.7402438193,0.0866450901,0.7850226852
0.184,4.5,5,0.7401097776,0.08671973306,0.7847772339
0.185,4.5,5,0.7399774629,0.08679585746,0.7845355293
0.186,4.5,5,0.7398469122,0.08687350075,0.7842976763
0.187,4.5,5,0.7397181622,0.08695270036,0.7840637801
0.188,4.5,5,0.7395912497,0.08703349372,0.7838339457
0.189,4.5,5,0.7394662117,0.08711591826,0.783608278
0.19,4.5,5,0.739343085,0.08720001143,0.7833868822
0.191,4.5,5,0.7392219063,0.08728581064,0.7831698633
0.192,4.5,5,0.7391027126,0.08737335334,0.7829573263
0.193,4.5,5,0.7389855407,0.08746267696,0.7827493763
0.194,4.5,5,0.7388704273,0.08755381893,0.7825461182
0.195,4.5,5,0.7387574094,0.08764681669,0.7823476572
0.196,4.5,5,0.7386465238,0.08774170766,0.7821540983
0.197,4.5,5,0.7385378073,0.08783852928,0.7819655466
0.198,4.5,5,0.7384312967,0.08793731899,0.7817821069
0.199,4.5,5,0.738327029,0.08803811422,0.7816038845
0.2,4.5,5,0.7382250409,0.08814095239,0.7814309843
0.201,4.5,5,0.7381253692,0.08824587095,0.7812635114
0.202,4.5,5,0.7380280509,0.08835290733,0.7811015708
0.203,4.5,5,0.7379331226,0.08846209895,0.7809452675
0.204,4.5,5,0.7378406214,0.08857348326,0.7807947067
0.205,4.5,5,0.737750584,0.08868709769,0.7806499933
0.206,4.5,5,0.7376630472,0.08880297966,0.7805112323
0.207,4.5,5,0.737578048,0.08892116662,0.7803785289
0.208,4.5,5,0.737495623,0.08904169599,0.780251988
0.209,4.5,5,0.7374158092,0.08916460522,0.7801317147
0.21,4.5,5,0.7373386435,0.08928993172,0.780017814
0.211,4.5,5,0.7372641625,0.08941771294,0.779910391
0.212,4.5,5,0.7371924033,0.08954798631,0.7798095507
0.213,4.5,5,0.7371234025,0.08968078927,0.7797153982
0.214,4.5,5,0.7370571971,0.08981615923,0.7796280385
0.215,4.5,5,0.7369938239,0.08995413365,0.7795475765
0.216,4.5,5,0.7369333197,0.09009474995,0.7794741175
0.217,4.5,5,0.7368757214,0.09023804556,0.7794077663
0.218,4.5,5,0.7368210658,0.09038405792,0.7793486281
0.219,4.5,5,0.7367693897,0.09053282447,0.7792968078
0.22,4.5,5,0.73672073,0.09068438262,0.7792524106
0.221,4.5,5,0.7366751235,0.09083876983,0.7792155415
0.222,4.5,5,0.736632607,0.09099602351,0.7791863054
0.223,4.5,5,0.7365932175,0.09115618111,0.7791648075
0.224,4.5,5,0.7365569916,0.09131928006,0.7791511527
0.225,4.5,5,0.7365239663,0.09148535778,0.7791454462
0.226,4.5,5,0.7364941784,0.09165445173,0.779147793
0.227,4.5,5,0.7364676648,0.09182659931,0.779158298
0.228,4.5,5,0.7364444622,0.09200183798,0.7791770664
0.229,4.5,5,0.7364246075,0.09218020516,0.7792042031
0.23,4.5,5,0.7364081376,0.09236173829,0.7792398132
0.231,4.5,5,0.7363950893,0.0925464748,0.7792840018
0.232,4.5,5,0.7363854993,0.09273445212,0.7793368739
0.233,4.5,5,0.7363794047,0.09292570768,0.7793985346
0.234,4.5,5,0.7363768421,0.09312027893,0.7794690888
0.238,3.04,6,0.7297378656,0.1455757145,0.7984178306
0.239,3.04,6,0.7297368355,0.1458477771,0.7983623182
0.24,3.04,6,0.7297391429,0.1461237891,0.7983142339
0.237,3.05,6,0.7297442879,0.1447639471,0.7978715078
0.238,3.05,6,0.7297402813,0.1450320913,0.7978119393
0.239,3.05,6,0.7297395789,0.1453041466,0.7977597073
0.24,3.05,6,0.7297422177,0.1455801504,0.7977149167
0.236,3.06,6,0.7297579489,0.1439610795,0.7973441308
0.237,3.06,6,0.7297509902,0.1442253442,0.7972805557
0.238,3.06,6,0.7297473027,0.1444934816,0.7972242253
0.239,3.06,6,0.7297469233,0.1447655291,0.7971752446
0.24,3.06,6,0.7297498887,0.1450415242,0.7971337187
0.241,3.06,6,0.7297562359,0.1453215043,0.7970997527
0.236,3.07,6,0.7297688629,0.1434274613,0.7967679697
0.237,3.07,6,0.7297622148,0.1436917196,0.7967075903
0.238,3.07,6,0.7297588416,0.1439598498,0.796654469
0.239,3.07,6,0.7297587802,0.144231889,0.7966087107
0.24,3.07,6,0.7297620675,0.1445078749,0.7965704206
0.241,3.07,6,0.7297687401,0.1447878449,0.7965397036
0.235,3.08,6,0.7297937997,0.1426383679,0.796273984
0.236,3.08,6,0.7297842156,0.1428987861,0.796209605
0.237,3.08,6,0.7297778732,0.1431630377,0.7961523923
0.238,3.08,6,0.7297748096,0.1434311601,0.796102451
0.239,3.08,6,0.7297750614,0.1437031906,0.7960598862
0.24,3.08,6,0.7297786655,0.1439791669,0.7960248029
0.241,3.08,6,0.7297856589,0.1442591262,0.795997306
0.234,3.09,6,0.7298257012,0.1418579897,0.7957984009
0.235,3.09,6,0.7298132055,0.1421146066,0.7957300717
0.236,3.09,6,0.7298039186,0.1423750184,0.7956688171
0.237,3.09,6,0.7297978772,0.1426392627,0.7956147422
0.238,3.09,6,0.7297951181,0.1429073768,0.7955679521
0.239,3.09,6,0.7297956783,0.1431793982,0.7955285517
0.24,3.09,6,0.7297995946,0.1434553643,0.7954966462
0.241,3.09,6,0.7298069037,0.1437353126,0.7954723405
0.242,3.09,6,0.7298176426,0.1440192804,0.7954557397
0.233,3.1,6,0.7298644678,0.1410862519,0.7953410231
0.234,3.1,6,0.7298490852,0.1413391063,0.7952687931
0.235,3.1,6,0.7298368781,0.1415957174,0.795203546
0.236,3.1,6,0.7298278835,0.1418561224,0.7951453869
0.237,3.1,6,0.7298221382,0.1421203589,0.7950944208
0.238,3.1,6,0.729819679,0.1423884643,0.7950507528
0.239,3.1,6,0.7298205427,0.1426604761,0.7950144879
0.24,3.1,6,0.7298247662,0.1429364316,0.7949857312
0.241,3.1,6,0.7298323863,0.1432163683,0.7949645877
0.242,3.1,6,0.7298434398,0.1435003236,0.7949511624
0.233,3.11,6,0.7298917549,0.1405722109,0.7948255716
0.234,3.11,6,0.7298766524,0.14082506,0.7947563814
0.235,3.11,6,0.7298647291,0.1410816646,0.7946941874
0.236,3.11,6,0.7298560221,0.1413420624,0.7946390948
0.237,3.11,6,0.729850568,0.1416062907,0.7945912086
0.238,3.11,6,0.7298484037,0.1418743869,0.7945506338
0.239,3.11,6,0.7298495661,0.1421463885,0.7945174754
0.24,3.11,6,0.729854092,0.142422333,0.7944918386
0.241,3.11,6,0.7298620182,0.1427022576,0.7944738282
0.242,3.11,6,0.7298733816,0.1429862,0.7944635495
0.232,3.12,6,0.7299411153,0.1398138458,0.7944002098
0.233,3.12,6,0.7299231418,0.1400629717,0.7943271258
0.234,3.12,6,0.7299083144,0.1403158148,0.7942609464
0.235,3.12,6,0.7298966701,0.1405724127,0.7942017767
0.236,3.12,6,0.7298882457,0.1408328027,0.7941497216
0.237,3.12,6,0.729883078,0.1410970223,0.7941048863
0.238,3.12,6,0.7298812038,0.1413651089,0.7940673757
0.239,3.12,6,0.7298826601,0.1416370999,0.7940372948
0.24,3.12,6,0.7298874835,0.1419130328,0.7940147489
0.241,3.12,6,0.729895711,0.1421929449,0.7939998427
0.242,3.12,6,0.7299073794,0.1424768739,0.7939926815
0.231,3.13,6,0.7299970668,0.1390639363,0.7939925102
0.232,3.13,6,0.7299762468,0.1393093779,0.7939155819
0.233,3.13,6,0.7299585399,0.1395584984,0.7938454664
0.234,3.13,6,0.729943983,0.1398113353,0.7937822689
0.235,3.13,6,0.7299326128,0.1400679259,0.7937260944
0.236,3.13,6,0.7299244662,0.1403283077,0.7936770479
0.237,3.13,6,0.72991958,0.1405925181,0.7936352344
0.238,3.13,6,0.7299179911,0.1408605945,0.793600759
0.239,3.13,6,0.7299197363,0.1411325744,0.7935737268
0.24,3.13,6,0.7299248524,0.1414084953,0.7935542427
0.241,3.13,6,0.7299333763,0.1416883945,0.7935424118
0.242,3.13,6,0.7299453449,0.1419723095,0.7935383392
0.231,3.14,6,0.7300358679,0.1385642042,0.793521552
0.232,3.14,6,0.7300153061,0.1388096409,0.7934475499
0.233,3.14,6,0.729997861,0.1390587556,0.793380374
0.234,3.14,6,0.7299835695,0.1393115856,0.7933201294
0.235,3.14,6,0.7299724686,0.1395681685,0.7932669211
0.236,3.14,6,0.729964595,0.1398285415,0.7932208542
0.237,3.14,6,0.7299599855,0.1400927423,0.7931820337
0.238,3.14,6,0.729958677,0.1403608081,0.7931505645
0.239,3.14,6,0.7299607063,0.1406327765,0.7931265519
0.231,3.15,6,0.7300785133,0.1380691677,0.7930669993
0.232,3.15,6,0.7300582047,0.1383145991,0.7929958945
0.233,3.15,6,0.7300410165,0.1385637074,0.7929316292
0.234,3.15,6,0.7300269858,0.1388165301,0.7928743086
0.235,3.15,6,0.7300161492,0.1390731047,0.7928240375
0.236,3.15,6,0.7300085437,0.1393334686,0.7927809212
0.237,3.15,6,0.7300042061,0.1395976593,0.7927450646
0.202,4.5,6,0.7363664592,0.0937864235,0.7920579068
0.203,4.5,6,0.7362468069,0.09394014495,0.791907089
0.204,4.5,6,0.7361297094,0.09409632978,0.7917618652
0.205,4.5,6,0.7360152034,0.09425501543,0.7916223406
0.206,4.5,6,0.7359033258,0.09441623933,0.7914886201
0.207,4.5,6,0.7357941135,0.09458003892,0.7913608089
0.208,4.5,6,0.7356876032,0.09474645163,0.791239012
0.209,4.5,6,0.7355838318,0.09491551489,0.7911233344
0.21,4.5,6,0.7354828362,0.09508726613,0.7910138811
0.211,4.5,6,0.7353846532,0.09526174279,0.7909107573
0.212,4.5,6,0.7352893196,0.09543898231,0.7908140678
0.213,4.5,6,0.7351968723,0.09561902211,0.7907239178
0.214,4.5,6,0.7351073481,0.09580189962,0.7906404124
0.215,4.5,6,0.7350207838,0.09598765229,0.7905636565
0.216,4.5,6,0.7349372162,0.09617631754,0.7904937551
0.217,4.5,6,0.7348566823,0.09636793281,0.7904308134
0.218,4.5,6,0.7347792188,0.09656253553,0.7903749364
0.219,4.5,6,0.7347048627,0.09676016313,0.790326229
0.22,4.5,6,0.7346336506,0.09696085305,0.7902847964
0.221,4.5,6,0.7345656195,0.09716464272,0.7902507436
0.222,4.5,6,0.7345008062,0.09737156957,0.7902241756
0.223,4.5,6,0.7344392475,0.09758167104,0.7902051975
0.224,4.5,6,0.7343809803,0.09779498456,0.7901939143
0.225,4.5,6,0.7343260414,0.09801154757,0.790190431
0.226,4.5,6,0.7342744677,0.09823139749,0.7901948526
0.227,4.5,6,0.7342262959,0.09845457175,0.7902072843
0.228,4.5,6,0.7341815629,0.09868110781,0.7902278311
0.229,4.5,6,0.7341403056,0.09891104307,0.7902565979
0.23,4.5,6,0.7341025608,0.09914441499,0.7902936899
0.231,4.5,6,0.7340683654,0.09938126099,0.7903392121
0.232,4.5,6,0.7340377561,0.0996216185,0.7903932694
0.233,4.5,6,0.7340107698,0.09986552496,0.7904559671
0.234,4.5,6,0.7339874433,0.1001130178,0.79052741
0.235,4.5,6,0.7339678136,0.1003641345,0.7906077032
0.236,4.5,6,0.7339519173,0.1006189124,0.7906969518
0.237,4.5,6,0.7339397914,0.100877389,0.7907952609
0.238,4.5,6,0.7339314727,0.1011396017,0.7909027353
0.239,4.5,6,0.733926998,0.1014055879,0.7910194803
0.24,4.5,6,0.7339264042,0.1016753851,0.7911456008
0.235,3.1,7,0.7291911433,0.1482267902,0.8054856701
0.236,3.1,7,0.7291853339,0.1485378763,0.8054401017
0.237,3.1,7,0.7291829015,0.1488530645,0.8054015782
0.238,3.1,7,0.7291838829,0.1491723924,0.8053702044
0.239,3.1,7,0.729188315,0.1494958972,0.8053460855
0.234,3.11,7,0.7292064146,0.1474050162,0.8050204924
0.235,3.11,7,0.729197389,0.1477120228,0.8049709812
0.236,3.11,7,0.7291917073,0.1480230931,0.804928423
0.237,3.11,7,0.7291894062,0.1483382646,0.8048929229
0.238,3.11,7,0.7291905228,0.1486575747,0.804864586
0.239,3.11,7,0.7291950938,0.148981061,0.8048435172
0.233,3.12,7,0.7292291573,0.1465921105,0.8045734457
0.234,3.12,7,0.72921694,0.1468950763,0.804520041
0.235,3.12,7,0.7292080335,0.1472020675,0.8044734976
0.236,3.12,7,0.7292024746,0.1475131216,0.8044339206
0.237,3.12,7,0.7292003002,0.1478282759,0.804401415
0.238,3.12,7,0.7292015471,0.1481475679,0.8043760859
0.239,3.12,7,0.7292062521,0.148471035,0.8043580383
0.24,3.12,7,0.729214452,0.1487987147,0.8043473773
0.232,3.13,7,0.7292592719,0.1457879985,0.8041443325
0.233,3.13,7,0.7292438875,0.1460869624,0.8040870836
0.234,3.13,7,0.7292317807,0.1463899134,0.8040366044
0.235,3.13,7,0.7292229885,0.1466968888,0.8039929998
0.236,3.13,7,0.7292175476,0.1470079261,0.803956375
0.237,3.13,7,0.7292154949,0.1473230627,0.803926835
0.238,3.13,7,0.7292168672,0.1476423361,0.8039044848
0.239,3.13,7,0.7292217014,0.1479657836,0.8038894294
0.24,3.13,7,0.7292300343,0.1482934428,0.8038817739
0.231,3.14,7,0.7292966587,0.1449926056,0.8037329552
0.232,3.14,7,0.7292781317,0.1452876065,0.8036719116
0.233,3.14,7,0.7292628493,0.1455865561,0.8036175459
0.234,3.14,7,0.7292508483,0.1458894917,0.8035699632
0.235,3.14,7,0.7292421656,0.1461964508,0.8035292686
0.236,3.14,7,0.7292368378,0.1465074709,0.803495567
0.237,3.14,7,0.729234902,0.1468225894,0.8034689635
0.238,3.14,7,0.7292363949,0.1471418437,0.8034495632
0.239,3.14,7,0.7292413534,0.1474652712,0.8034374711
0.24,3.14,7,0.7292498143,0.1477929093,0.8034327922
0.23,3.15,7,0.7293412183,0.1442058572,0.8033391165
0.231,3.15,7,0.7293195734,0.144496934,0.8032743275
0.232,3.15,7,0.7293011399,0.144791921,0.8032161248
0.233,3.15,7,0.7292859546,0.1450908558,0.8031646133
0.234,3.15,7,0.7292740545,0.1453937756,0.8031198982
0.235,3.15,7,0.7292654763,0.145700718,0.8030820845
0.236,3.15,7,0.7292602569,0.1460117204,0.8030512772
0.237,3.15,7,0.7292584331,0.1463268202,0.8030275813
0.238,3.15,7,0.7292600418,0.1466460549,0.8030111019
0.239,3.15,7,0.7292651197,0.1469694619,0.803001944
0.24,3.15,7,0.7292737039,0.1472970786,0.8030002127
0.229,3.16,7,0.7293928512,0.1434276789,0.8029626188
0.23,3.16,7,0.7293681128,0.1437148704,0.8028941338
0.231,3.16,7,0.7293465527,0.1440059337,0.8028321434
0.232,3.16,7,0.7293282078,0.1443009064,0.8027767526
0.233,3.16,7,0.7293131148,0.1445998258,0.8027280664
0.234,3.16,7,0.7293013107,0.1449027294,0.8026861899
0.235,3.16,7,0.7292928323,0.1452096546,0.8026512281
0.236,3.16,7,0.7292877163,0.1455206388,0.8026232861
0.237,3.16,7,0.7292859997,0.1458357195,0.8026024688
0.238,3.16,7,0.7292877193,0.1461549342,0.8025888814
0.239,3.16,7,0.7292929119,0.1464783201,0.8025826288
0.229,3.17,7,0.7294236505,0.142941341,0.802531133
0.23,3.17,7,0.7293989884,0.1432285196,0.8024654044
0.231,3.17,7,0.7293775083,0.143519569,0.8024061836
0.232,3.17,7,0.7293592471,0.1438145269,0.8023535757
0.233,3.17,7,0.7293442416,0.1441134305,0.8023076858
0.234,3.17,7,0.7293325287,0.1444163174,0.802268619
0.235,3.17,7,0.7293241451,0.1447232249,0.8022364802
0.236,3.17,7,0.7293191278,0.1450341905,0.8022113744
0.237,3.17,7,0.7293175136,0.1453492516,0.8021934068
0.238,3.17,7,0.7293193392,0.1456684457,0.8021826824
0.239,3.17,7,0.7293246416,0.1459918102,0.8021793061
0.228,3.18,7,0.729486087,0.1421762715,0.8021851277
0.229,3.18,7,0.7294583474,0.142459604,0.8021157102
0.23,3.18,7,0.7294337567,0.1427467692,0.8020527088
0.231,3.18,7,0.7294123518,0.1430378043,0.8019962286
0.232,3.18,7,0.7293941695,0.1433327468,0.8019463748
0.233,3.18,7,0.7293792466,0.1436316342,0.8019032522
0.234,3.18,7,0.72936762,0.1439345038,0.801866966
0.235,3.18,7,0.7293593265,0.1442413932,0.8018376212
0.236,3.18,7,0.729354403,0.1445523397,0.8018153228
0.237,3.18,7,0.7293528862,0.1448673808,0.8018001758
0.238,3.18,7,0.7293548131,0.1451865539,0.8017922854
0.239,3.18,7,0.7293602204,0.1455098964,0.8017917565
0.227,3.19,7,0.7295553227,0.1414195871,0.8018559204
0.228,3.19,7,0.7295245302,0.1416991126,0.8017828633
0.229,3.19,7,0.7294968534,0.1419824322,0.8017161307
0.23,3.19,7,0.7294723293,0.1422695835,0.8016558277
0.231,3.19,7,0.7294509947,0.1425606038,0.8016020592
0.232,3.19,7,0.7294328864,0.1428555305,0.8015549304
0.233,3.19,7,0.7294180413,0.1431544011,0.8015145462
0.234,3.19,7,0.7294064962,0.1434572531,0.8014810116
0.235,3.19,7,0.7293982879,0.1437641238,0.8014544318
0.236,3.19,7,0.7293934533,0.1440750507,0.8014349118
0.237,3.19,7,0.7293920292,0.1443900713,0.8014225566
0.238,3.19,7,0.7293940525,0.1447092229,0.8014174712
0.226,3.2,7,0.7296312581,0.1406712134,0.8015433135
0.227,3.2,7,0.7295974372,0.1409469707,0.8014666663
0.228,3.2,7,0.7295666989,0.1412264837,0.801396252
0.229,3.2,7,0.7295390802,0.1415097899,0.8013321754
0.23,3.2,7,0.7295146179,0.1417969268,0.8012745417
0.231,3.2,7,0.7294933487,0.1420879317,0.801223456
0.232,3.2,7,0.7294753097,0.1423828422,0.8011790232
0.233,3.2,7,0.7294605375,0.1426816957,0.8011413483
0.234,3.2,7,0.729449069,0.1429845295,0.8011105365
0.235,3.2,7,0.7294409411,0.1432913811,0.8010866928
0.236,3.2,7,0.7294361905,0.143602288,0.8010699221
0.237,3.2,7,0.7294348543,0.1439172875,0.8010603296
0.238,3.2,7,0.729436969,0.1442364172,0.8010580203
0.225,3.21,7,0.7297137937,0.1399310759,0.8012471096
0.226,3.21,7,0.7296769689,0.1402031037,0.8011669217
0.227,3.21,7,0.7296431937,0.1404788489,0.801092875
0.228,3.21,7,0.7296125049,0.140758349,0.8010250743
0.229,3.21,7,0.7295849394,0.1410416413,0.8009636248
0.23,3.21,7,0.7295605339,0.1413287634,0.8009086315
0.231,3.21,7,0.7295393254,0.1416197526,0.8008601995
0.232,3.21,7,0.7295213507,0.1419146463,0.8008184337
0.233,3.21,7,0.7295066466,0.1422134821,0.8007834393
0.234,3.21,7,0.7294952499,0.1425162973,0.8007553212
0.235,3.21,7,0.7294871975,0.1428231293,0.8007341846
0.236,3.21,7,0.7294825262,0.1431340157,0.8007201343
0.237,3.21,7,0.7294812729,0.1434489937,0.8007132756
0.225,3.22,7,0.7297630258,0.1394674371,0.8008834321
0.226,3.22,7,0.7297262382,0.1397394535,0.8008058023
0.227,3.22,7,0.7296925039,0.1400151862,0.8007343269
0.228,3.22,7,0.7296618597,0.1402946729,0.8006691109
0.229,3.22,7,0.7296343425,0.1405779509,0.8006102595
0.23,3.22,7,0.7296099891,0.1408650576,0.8005578777
0.231,3.22,7,0.7295888364,0.1411560305,0.8005120704
0.232,3.22,7,0.7295709212,0.1414509071,0.8004729427
0.233,3.22,7,0.7295562803,0.1417497247,0.8004405997
0.234,3.22,7,0.7295449506,0.1420525208,0.8004151464
0.235,3.22,7,0.7295369688,0.1423593328,0.8003966879
0.236,3.22,7,0.7295323719,0.1426701981,0.8003853291
0.237,3.22,7,0.7295311967,0.1429851543,0.8003811751
0.224,3.23,7,0.7298555084,0.1387398964,0.8006159998
0.225,3.23,7,0.7298157329,0.1390082227,0.8005348364
0.226,3.23,7,0.7297789776,0.139280227,0.8004597356
0.227,3.23,7,0.7297452793,0.1395559469,0.8003908027
0.228,3.23,7,0.7297146749,0.1398354197,0.8003281425
0.229,3.23,7,0.7296872012,0.1401186828,0.8002718602
0.23,3.23,7,0.7296628951,0.1404057738,0.8002220608
0.231,3.23,7,0.7296417933,0.14069673,0.8001788493
0.232,3.23,7,0.7296239327,0.1409915888,0.8001423308
0.233,3.23,7,0.7296093502,0.1412903878,0.8001126102
0.234,3.23,7,0.7295980826,0.1415931643,0.8000897927
0.235,3.23,7,0.7295901667,0.1418999558,0.8000739833
0.236,3.23,7,0.7295856393,0.1422107997,0.800065287
0.237,3.23,7,0.7295845374,0.1425257334,0.8000638088
0.223,3.24,7,0.7299543171,0.1380204071,0.8003644275
0.224,3.24,7,0.7299115783,0.1382850821,0.8002797798
0.225,3.24,7,0.7298718266,0.1385533969,0.8002011032
0.226,3.24,7,0.7298350987,0.1388253887,0.8001285026
0.227,3.24,7,0.7298014317,0.1391010952,0.8000620831
0.228,3.24,7,0.7297708622,0.1393805536,0.8000019497
0.229,3.24,7,0.7297434271,0.1396638014,0.7999482075
0.23,3.24,7,0.7297191634,0.1399508761,0.7999009616
0.231,3.24,7,0.7296981077,0.1402418151,0.7998603169
0.232,3.24,7,0.7296802969,0.1405366558,0.7998263785
0.233,3.24,7,0.7296657679,0.1408354357,0.7997992514
0.234,3.24,7,0.7296545575,0.1411381922,0.7997790407
0.235,3.24,7,0.7296467026,0.1414449626,0.7997658515
0.236,3.24,7,0.72964224,0.1417557846,0.7997597887
0.237,3.24,7,0.7296412065,0.1420706954,0.7997609574
0.222,3.25,7,0.7300593524,0.1373088944,0.8001285177
0.223,3.25,7,0.7300136748,0.1375699571,0.8000404351
0.224,3.25,7,0.7299709512,0.1378346212,0.7999582319
0.225,3.25,7,0.7299312184,0.1381029239,0.7998820131
0.226,3.25,7,0.7298945132,0.1383749029,0.7998118836
0.227,3.25,7,0.7298608725,0.1386505954,0.7997479486
0.228,3.25,7,0.7298303331,0.138930039,0.799690313
0.229,3.25,7,0.7298029319,0.1392132711,0.799639082
0.23,3.25,7,0.7297787056,0.139500329,0.7995943606
0.231,3.25,7,0.7297576911,0.1397912503,0.7995562537
0.232,3.25,7,0.7297399253,0.1400860724,0.7995248665
0.233,3.25,7,0.7297254451,0.1403848327,0.7995003039
0.234,3.25,7,0.7297142871,0.1406875687,0.7994826711
0.235,3.25,7,0.7297064883,0.1409943177,0.799472073
0.236,3.25,7,0.7297020855,0.1413051172,0.7994686148
0.237,3.25,7,0.7297011156,0.1416200046,0.7994724013
0.222,3.26,7,0.730121923,0.1368627732,0.7998166048
0.223,3.26,7,0.730076252,0.1371238254,0.7997309244
0.224,3.26,7,0.7300335388,0.1373884779,0.7996511367
0.225,3.26,7,0.72999382,0.1376567682,0.7995773467
0.226,3.26,7,0.7299571326,0.1379287337,0.7995096594
0.227,3.26,7,0.7299235134,0.1382044119,0.7994481799
0.228,3.26,7,0.7298929993,0.1384838402,0.7993930132
0.229,3.26,7,0.729865627,0.138767056,0.7993442644
0.23,3.26,7,0.7298414334,0.1390540968,0.7993020384
0.231,3.26,7,0.7298204553,0.1393449999,0.7992664404
0.232,3.26,7,0.7298027296,0.1396398029,0.7992375754
0.233,3.26,7,0.7297882932,0.1399385432,0.7992155484
0.234,3.26,7,0.7297771828,0.1402412581,0.7992004645
0.235,3.26,7,0.7297694353,0.1405479852,0.7991924286
0.236,3.26,7,0.7297650875,0.1408587618,0.7991915459
0.237,3.26,7,0.7297641763,0.1411736254,0.7991979213
0.222,3.27,7,0.7301876295,0.1364209349,0.7995189832
0.223,3.27,7,0.7301419603,0.1366819761,0.799435676
0.224,3.27,7,0.7300992526,0.1369466166,0.7993582748
0.225,3.27,7,0.730059543,0.137214894,0.7992868847
0.226,3.27,7,0.7300228686,0.1374868456,0.7992216106
0.227,3.27,7,0.7299892661,0.137762509,0.7991625576
0.228,3.27,7,0.7299587723,0.1380419215,0.7991098308
0.229,3.27,7,0.7299314241,0.1383251206,0.7990635352
0.23,3.27,7,0.7299072583,0.1386121437,0.7990237758
0.231,3.27,7,0.7298863118,0.1389030282,0.7989906577
0.232,3.27,7,0.7298686214,0.1391978116,0.7989642859
0.233,3.27,7,0.729854224,0.1394965313,0.7989447655
0.234,3.27,7,0.7298431563,0.1397992248,0.7989322014
0.235,3.27,7,0.7298354552,0.1401059294,0.7989266988
0.236,3.27,7,0.7298311576,0.1404166827,0.7989283627
0.237,3.27,7,0.7298303002,0.140731522,0.7989372981
0.223,3.28,7,0.7302107113,0.1362443735,0.7991544706
0.224,3.28,7,0.7301680042,0.1365090016,0.7990794269
0.225,3.28,7,0.730128299,0.1367772656,0.7990104076
0.226,3.28,7,0.7300916327,0.1370492028,0.7989475178
0.227,3.28,7,0.730058042,0.1373248509,0.7988908624
0.228,3.28,7,0.7300275637,0.1376042472,0.7988405464
0.229,3.28,7,0.7300002348,0.137887429,0.7987966751
0.23,3.28,7,0.729976092,0.138174434,0.7987593533
0.231,3.28,7,0.7299551722,0.1384652994,0.7987286861
0.232,3.28,7,0.7299375122,0.1387600628,0.7987047786
0.233,3.28,7,0.7299231489,0.1390587615,0.7986877357
0.234,3.28,7,0.7299121191,0.139361433,0.7986776626
0.235,3.28,7,0.7299044596,0.1396681148,0.7986746643
0.236,3.28,7,0.7299002073,0.1399788442,0.7986788458
0.237,3.28,7,0.729899399,0.1402936587,0.7986903121
0.225,3.29,7,0.7301999996,0.1363438473,0.7987476962
0.226,3.29,7,0.7301633365,0.1366157697,0.7986871616
0.227,3.29,7,0.7301297528,0.136891402,0.7986328748
0.228,3.29,7,0.7300992852,0.1371707815,0.7985849408
0.229,3.29,7,0.7300719707,0.1374539457,0.7985434647
0.23,3.29,7,0.7300478461,0.1377409321,0.7985085515
0.231,3.29,7,0.7300269481,0.1380317779,0.7984803063
0.232,3.29,7,0.7300093138,0.1383265208,0.798458834
0.233,3.29,7,0.7299949797,0.138625198,0.7984442398
0.234,3.29,7,0.729983983,0.1389278472,0.7984366287
0.235,3.29,7,0.7299763602,0.1392345055,0.7984361056
0.236,3.29,7,0.7299721484,0.1395452107,0.7984427757
0.228,3.3,7,0.7301738484,0.1367414889,0.7983427945
0.229,3.3,7,0.7301465435,0.137024635,0.7983036846
0.23,3.3,7,0.7301224321,0.1373116022,0.7982711511
0.231,3.3,7,0.7301015512,0.137602428,0.7982452988
0.232,3.3,7,0.7300839375,0.1378971499,0.7982262329
0.233,3.3,7,0.730069628,0.1381958052,0.7982140583
0.225,4.5,7,0.7338596006,0.1041733993,0.8021761349
0.226,4.5,7,0.7337875614,0.1044400323,0.8021867401
0.227,4.5,7,0.7337190518,0.1047102604,0.8022052071
0.228,4.5,7,0.7336541089,0.1049841209,0.8022316408
0.229,4.5,7,0.7335927693,0.1052616514,0.8022661463
0.23,4.5,7,0.73353507,0.1055428892,0.8023088287
0.231,4.5,7,0.7334810478,0.1058278719,0.8023597929
0.232,4.5,7,0.7334307395,0.1061166367,0.8024191441
0.233,4.5,7,0.7333841819,0.1064092212,0.8024869873
0.234,4.5,7,0.7333414119,0.1067056628,0.8025634275
0.235,4.5,7,0.7333024664,0.1070059988,0.8026485698
0.236,4.5,7,0.7332673821,0.1073102669,0.8027425191
0.237,4.5,7,0.7332361959,0.1076185043,0.8028453806
0.238,4.5,7,0.7332089447,0.1079307485,0.8029572592
0.239,4.5,7,0.7331856652,0.108247037,0.80307826
0.24,4.5,7,0.7331663944,0.1085674072,0.8032084881
0.241,4.5,7,0.733151169,0.1088918965,0.8033480485
0.242,4.5,7,0.7331400259,0.1092205423,0.8034970462
0.243,4.5,7,0.7331330019,0.1095533821,0.8036555863
0.244,4.5,7,0.7331301338,0.1098904534,0.8038237738
0.227,3.33,8,0.728946913,0.1402467217,0.8064422308
0.228,3.33,8,0.7289162477,0.1405703765,0.8064201242
0.229,3.33,8,0.728888878,0.1408980828,0.8064043805
0.23,3.33,8,0.7288648409,0.1412298782,0.8063951048
0.231,3.33,8,0.7288441731,0.1415658001,0.8063924022
0.232,3.33,8,0.7288269115,0.1419058858,0.8063963776
0.233,3.33,8,0.7288130929,0.1422501729,0.8064071361
0.234,3.33,8,0.7288027542,0.1425986987,0.8064247828
0.235,3.33,8,0.7287959322,0.1429515007,0.8064494226
0.222,3.34,8,0.7292341774,0.1382761585,0.8064389788
0.223,3.34,8,0.7291873943,0.138580094,0.806388747
0.224,3.34,8,0.7291437265,0.1388878929,0.8063443663
0.225,3.34,8,0.7291032107,0.1391995928,0.8063059418
0.226,3.34,8,0.7290658838,0.139515231,0.8062735784
0.227,3.34,8,0.7290317826,0.1398348449,0.8062473813
0.228,3.34,8,0.7290009439,0.1401584721,0.8062274554
0.229,3.34,8,0.7289734047,0.1404861499,0.8062139057
0.23,3.34,8,0.7289492016,0.1408179158,0.8062068374
0.231,3.34,8,0.7289283717,0.1411538072,0.8062063555
0.232,3.34,8,0.7289109516,0.1414938616,0.806212565
0.233,3.34,8,0.7288969783,0.1418381163,0.8062255709
0.234,3.34,8,0.7288864886,0.1421866088,0.8062454783
0.235,3.34,8,0.7288795192,0.1425393766,0.8062723922
0.236,3.34,8,0.7288761072,0.142896457,0.8063064177
0.219,3.35,8,0.7294819919,0.1369794787,0.8064247958
0.22,3.35,8,0.7294258763,0.1372720279,0.806359686
0.221,3.35,8,0.7293727691,0.1375683272,0.8063001256
0.222,3.35,8,0.7293227072,0.1378684143,0.8062462195
0.223,3.35,8,0.7292757273,0.1381723264,0.8061980728
0.224,3.35,8,0.7292318664,0.1384801011,0.8061557905
0.225,3.35,8,0.7291911612,0.1387917757,0.8061194777
0.226,3.35,8,0.7291536487,0.1391073878,0.8060892394
0.227,3.35,8,0.7291193655,0.1394269746,0.8060651806
0.228,3.35,8,0.7290883487,0.1397505737,0.8060474064
0.229,3.35,8,0.729060635,0.1400782225,0.8060360219
0.23,3.35,8,0.7290362612,0.1404099584,0.806031132
0.231,3.35,8,0.7290152642,0.1407458189,0.8060328418
0.232,3.35,8,0.7289976809,0.1410858414,0.8060412564
0.233,3.35,8,0.728983548,0.1414300633,0.8060564807
0.234,3.35,8,0.7289729024,0.1417785221,0.8060786199
0.235,3.35,8,0.7289657809,0.1421312551,0.8061077789
0.236,3.35,8,0.7289622204,0.1424882999,0.8061440628
0.217,3.36,8,0.7296953441,0.136001815,0.8063809779
0.218,3.36,8,0.7296331019,0.136286957,0.806307074
0.219,3.36,8,0.7295737982,0.1365757733,0.8062385226
0.22,3.36,8,0.7295174698,0.1368683015,0.8061754289
0.221,3.36,8,0.7294641535,0.137164579,0.8061178979
0.222,3.36,8,0.7294138862,0.1374646432,0.8060660345
0.223,3.36,8,0.7293667047,0.1377685315,0.8060199439
0.224,3.36,8,0.7293226458,0.1380762814,0.805979731
0.225,3.36,8,0.7292817464,0.1383879304,0.8059455009
0.226,3.36,8,0.7292440434,0.1387035157,0.8059173587
0.227,3.36,8,0.7292095735,0.139023075,0.8058954094
0.228,3.36,8,0.7291783736,0.1393466456,0.805879758
0.229,3.36,8,0.7291504806,0.1396742649,0.8058705095
0.23,3.36,8,0.7291259312,0.1400059703,0.8058677691
0.231,3.36,8,0.7291047624,0.1403417994,0.8058716417
0.232,3.36,8,0.7290870109,0.1406817896,0.8058822324
0.233,3.36,8,0.7290727135,0.1410259782,0.8058996462
0.234,3.36,8,0.7290619072,0.1413744027,0.8059239882
0.235,3.36,8,0.7290546288,0.1417271006,0.8059553633
0.236,3.36,8,0.7290509151,0.1420841092,0.8059938767
0.214,3.37,8,0.7299948589,0.1347683877,0.8064501879
0.215,3.37,8,0.7299237861,0.1350427143,0.806362777
0.216,3.37,8,0.7298555449,0.1353206021,0.8062804168
0.217,3.37,8,0.7297901723,0.1356020884,0.8062032124
0.218,3.37,8,0.729727705,0.1358872109,0.806131269
0.219,3.37,8,0.7296681798,0.1361760067,0.8060646914
0.22,3.37,8,0.7296116338,0.1364685135,0.8060035848
0.221,3.37,8,0.7295581035,0.1367647686,0.8059480541
0.222,3.37,8,0.729507626,0.1370648095,0.8058982045
0.223,3.37,8,0.729460238,0.1373686735,0.805854141
0.224,3.37,8,0.7294159764,0.1376763982,0.8058159686
0.225,3.37,8,0.729374878,0.137988021,0.8057837923
0.226,3.37,8,0.7293369796,0.1383035792,0.8057577172
0.227,3.37,8,0.7293023181,0.1386231104,0.8057378483
0.228,3.37,8,0.7292709303,0.1389466519,0.8057242907
0.229,3.37,8,0.7292428531,0.1392742413,0.8057171494
0.23,3.37,8,0.7292181233,0.1396059158,0.8057165294
0.231,3.37,8,0.7291967778,0.1399417131,0.8057225358
0.232,3.37,8,0.7291788532,0.1402816704,0.8057352737
0.233,3.37,8,0.7291643866,0.1406258252,0.8057548479
0.234,3.37,8,0.7291534148,0.140974215,0.8057813637
0.235,3.37,8,0.7291459745,0.1413268773,0.8058149261
0.236,3.37,8,0.7291421027,0.1416838493,0.80585564
0.213,3.38,8,0.7301670084,0.1341018328,0.8063694674
0.214,3.38,8,0.7300928959,0.1343726195,0.8062789887
0.215,3.38,8,0.7300215819,0.134646929,0.8061934692
0.216,3.38,8,0.7299531034,0.1349247986,0.8061130137
0.217,3.38,8,0.7298874971,0.1352062659,0.8060377275
0.218,3.38,8,0.7298247998,0.1354913683,0.8059677154
0.219,3.38,8,0.7297650485,0.1357801433,0.8059030826
0.22,3.38,8,0.7297082799,0.1360726281,0.8058439341
0.221,3.38,8,0.7296545309,0.1363688604,0.805790375
0.222,3.38,8,0.7296038383,0.1366688774,0.8057425102
0.223,3.38,8,0.7295562389,0.1369727167,0.8057004447
0.224,3.38,8,0.7295117697,0.1372804157,0.8056642838
0.225,3.38,8,0.7294704674,0.1375920118,0.8056341323
0.226,3.38,8,0.7294323688,0.1379075425,0.8056100954
0.227,3.38,8,0.7293975109,0.1382270451,0.805592278
0.228,3.38,8,0.7293659304,0.1385505572,0.8055807852
0.229,3.38,8,0.7293376642,0.1388781161,0.805575722
0.23,3.38,8,0.7293127491,0.1392097592,0.8055771935
0.231,3.38,8,0.7292912219,0.1395455241,0.8055853048
0.232,3.38,8,0.7292731196,0.1398854481,0.8056001608
0.233,3.38,8,0.7292584789,0.1402295688,0.8056218666
0.234,3.38,8,0.7292473366,0.1405779234,0.8056505272
0.235,3.38,8,0.7292397297,0.1409305495,0.8056862478
0.211,3.39,8,0.7304247018,0.1331788269,0.8064003232
0.212,3.39,8,0.7303448455,0.1334426656,0.8063020639
0.213,3.39,8,0.7302677179,0.1337099511,0.806208567
0.214,3.39,8,0.7301933557,0.1339807211,0.8061199375
0.215,3.39,8,0.7301217958,0.1342550129,0.8060362804
0.216,3.39,8,0.730053075,0.134532864,0.8059577007
0.217,3.39,8,0.7299872301,0.1348143118,0.8058843036
0.218,3.39,8,0.7299242981,0.1350993937,0.805816194
0.219,3.39,8,0.7298643157,0.1353881472,0.8057534771
0.22,3.39,8,0.7298073197,0.1356806097,0.8056962577
0.221,3.39,8,0.7297533471,0.1359768186,0.805644641
0.222,3.39,8,0.7297024346,0.1362768114,0.805598732
0.223,3.39,8,0.729654619,0.1365806255,0.8055586358
0.224,3.39,8,0.7296099373,0.1368882983,0.8055244573
0.225,3.39,8,0.7295684263,0.1371998673,0.8054963016
0.226,3.39,8,0.7295301227,0.1375153698,0.8054742739
0.227,3.39,8,0.7294950635,0.1378348435,0.805458479
0.228,3.39,8,0.7294632854,0.1381583255,0.805449022
0.229,3.39,8,0.7294348253,0.1384858535,0.8054460081
0.23,3.39,8,0.7294097201,0.1388174648,0.8054495421
0.231,3.39,8,0.7293880065,0.1391531969,0.8054597292
0.232,3.39,8,0.7293697215,0.1394930872,0.8054766744
0.233,3.39,8,0.7293549018,0.1398371731,0.8055004828
0.234,3.39,8,0.7293435843,0.140185492,0.8055312593
0.235,3.39,8,0.7293358059,0.1405380815,0.805569109
0.21,3.4,8,0.7306110845,0.1325303965,0.8063489167
0.211,3.4,8,0.7305282708,0.1327908113,0.8062477802
0.212,3.4,8,0.7304481525,0.1330546346,0.8061513144
0.213,3.4,8,0.7303707666,0.133321904,0.8060596243
0.214,3.4,8,0.7302961499,0.1335926568,0.8059728149
0.215,3.4,8,0.7302243392,0.1338669305,0.8058909913
0.216,3.4,8,0.7301553713,0.1341447626,0.8058142584
0.217,3.4,8,0.7300892831,0.1344261903,0.8057427215
0.218,3.4,8,0.7300261114,0.1347112513,0.8056764854
0.219,3.4,8,0.729965893,0.1349999829,0.8056156552
0.22,3.4,8,0.7299086649,0.1352924225,0.805560336
0.221,3.4,8,0.7298544637,0.1355886076,0.8055106328
0.222,3.4,8,0.7298033265,0.1358885756,0.8054666507
0.223,3.4,8,0.7297552899,0.136192364,0.8054284946
0.224,3.4,8,0.7297103909,0.1365000102,0.8053962697
0.225,3.4,8,0.7296686663,0.1368115516,0.8053700809
0.226,3.4,8,0.7296301528,0.1371270256,0.8053500333
0.227,3.4,8,0.7295948875,0.1374464697,0.805336232
0.228,3.4,8,0.729562907,0.1377699214,0.8053287819
0.229,3.4,8,0.7295342482,0.138097418,0.8053277882
0.23,3.4,8,0.729508948,0.1384289969,0.8053333558
0.231,3.4,8,0.7294870432,0.1387646957,0.8053455898
0.232,3.4,8,0.7294685706,0.1391045518,0.8053645952
0.233,3.4,8,0.7294535671,0.1394486025,0.8053904771
0.234,3.4,8,0.7294420695,0.1397968853,0.8054233406
0.212,3.41,8,0.7305537152,0.1326704031,0.8060123321
0.213,3.41,8,0.7304760662,0.1329376558,0.8059224198
0.214,3.41,8,0.7304011901,0.1332083909,0.8058374015
0.215,3.41,8,0.7303291237,0.1334826461,0.8057573824
0.216,3.41,8,0.7302599039,0.1337604585,0.8056824674
0.217,3.41,8,0.7301935675,0.1340418658,0.8056127617
0.218,3.41,8,0.7301301513,0.1343269054,0.8055483701
0.219,3.41,8,0.7300696922,0.1346156146,0.8054893978
0.22,3.41,8,0.730012227,0.1349080309,0.8054359498
0.221,3.41,8,0.7299577925,0.1352041917,0.8053881311
0.222,3.41,8,0.7299064257,0.1355041345,0.8053460469
0.223,3.41,8,0.7298581632,0.1358078967,0.805309802
0.224,3.41,8,0.7298130421,0.1361155158,0.8052795016
0.225,3.41,8,0.729771099,0.1364270291,0.8052552507
0.226,3.41,8,0.7297323708,0.1367424741,0.8052371544
0.227,3.41,8,0.7296968945,0.1370618883,0.8052253176
0.228,3.41,8,0.7296647067,0.137385309,0.8052198454
0.229,3.41,8,0.7296358444,0.1377127737,0.8052208429
0.23,3.41,8,0.7296103444,0.1380443199,0.8052284151
0.231,3.41,8,0.7295882434,0.1383799849,0.805242667
0.232,3.41,8,0.7295695785,0.1387198062,0.8052637037
0.233,3.41,8,0.7295543863,0.1390638213,0.8052916302
0.234,3.41,8,0.7295427038,0.1394120675,0.8053265516
0.213,3.42,8,0.7305835283,0.1325571707,0.8057967341
0.214,3.42,8,0.7305083879,0.1328278877,0.8057134781
0.215,3.42,8,0.730436061,0.1331021238,0.8056352345
0.216,3.42,8,0.7303665844,0.1333799163,0.8055621084
0.217,3.42,8,0.730299995,0.1336613026,0.8054942048
0.218,3.42,8,0.7302363294,0.1339463203,0.8054316288
0.219,3.42,8,0.7301756247,0.1342350066,0.8053744854
0.22,3.42,8,0.7301179176,0.1345273991,0.8053228796
0.221,3.42,8,0.730063245,0.1348235352,0.8052769165
0.222,3.42,8,0.7300116437,0.1351234523,0.8052367011
0.223,3.42,8,0.7299631505,0.1354271879,0.8052023385
0.224,3.42,8,0.7299178024,0.1357347793,0.8051739337
0.225,3.42,8,0.729875636,0.1360462641,0.8051515917
0.226,3.42,8,0.7298366883,0.1363616796,0.8051354176
0.227,3.42,8,0.7298009961,0.1366810633,0.8051255165
0.228,3.42,8,0.7297685962,0.1370044527,0.8051219932
0.229,3.42,8,0.7297395255,0.1373318851,0.805124953
0.23,3.42,8,0.7297138208,0.1376633979,0.8051345008
0.231,3.42,8,0.7296915189,0.1379990287,0.8051507417
0.232,3.42,8,0.7296726568,0.1383388149,0.8051737806
0.233,3.42,8,0.7296572711,0.1386827938,0.8052037228
0.214,3.43,8,0.730617655,0.1324511116,0.8056008251
0.215,3.43,8,0.7305450628,0.1327253281,0.8055243281
0.216,3.43,8,0.7304753245,0.1330031001,0.8054529619
0.217,3.43,8,0.7304084771,0.133284465,0.8053868316
0.218,3.43,8,0.7303445574,0.1335694602,0.8053260421
0.219,3.43,8,0.7302836023,0.1338581233,0.8052706986
0.22,3.43,8,0.7302256484,0.1341504915,0.8052209061
0.221,3.43,8,0.7301707328,0.1344466024,0.8051767696
0.222,3.43,8,0.7301188922,0.1347464933,0.8051383942
0.223,3.43,8,0.7300701635,0.1350502018,0.8051058848
0.224,3.43,8,0.7300245834,0.1353577651,0.8050793466
0.225,3.43,8,0.7299821889,0.1356692209,0.8050588846
0.226,3.43,8,0.7299430168,0.1359846065,0.8050446037
0.227,3.43,8,0.7299071039,0.1363039593,0.8050366092
0.228,3.43,8,0.7298744871,0.1366273167,0.8050350059
0.229,3.43,8,0.7298452032,0.1369547163,0.805039899
0.23,3.43,8,0.7298192889,0.1372861954,0.8050513934
0.231,3.43,8,0.7297967813,0.1376217915,0.8050695942
0.232,3.43,8,0.729777717,0.137961542,0.8050946065
0.216,3.44,8,0.7305860357,0.1326299743,0.8053548086
0.217,3.44,8,0.7305189256,0.1329113173,0.8052904225
0.218,3.44,8,0.7304547469,0.1331962897,0.8052313907
0.219,3.44,8,0.7303935364,0.1334849289,0.8051778181
0.22,3.44,8,0.730335331,0.1337772724,0.8051298099
0.221,3.44,8,0.7302801675,0.1340733575,0.805087471
0.222,3.44,8,0.7302280827,0.1343732218,0.8050509065
0.223,3.44,8,0.7301791136,0.1346769027,0.8050202215
0.224,3.44,8,0.7301332969,0.1349844375,0.8049955209
0.225,3.44,8,0.7300906694,0.1352958638,0.8049769098
0.226,3.44,8,0.730051268,0.1356112189,0.8049644933
0.227,3.44,8,0.7300151296,0.1359305403,0.8049583764
0.228,3.44,8,0.729982291,0.1362538655,0.8049586641
0.229,3.44,8,0.7299527889,0.1365812318,0.8049654615
0.23,3.44,8,0.7299266604,0.1369126767,0.8049788736
0.231,3.44,8,0.7299039421,0.1372482376,0.8049990054
0.232,3.44,8,0.7298846709,0.1375879519,0.8050259621
0.218,3.45,8,0.7305668094,0.1328267728,0.8051474551
0.219,3.45,8,0.7305053387,0.1331153878,0.8050956245
0.22,3.45,8,0.7304468769,0.133407706,0.8050493716
0.221,3.45,8,0.7303914607,0.133703765,0.8050088013
0.222,3.45,8,0.730339127,0.1340036022,0.8049740188
0.223,3.45,8,0.7302899125,0.134307255,0.8049451291
0.224,3.45,8,0.7302438543,0.1346147608,0.8049222372
0.225,3.45,8,0.730200989,0.1349261571,0.8049054481
0.226,3.45,8,0.7301613535,0.1352414813,0.804894867
0.227,3.45,8,0.7301249847,0.1355607709,0.8048905987
0.228,3.45,8,0.7300919194,0.1358840632,0.8048927484
0.229,3.45,8,0.7300621945,0.1362113958,0.8049014212
0.23,3.45,8,0.7300358467,0.1365428059,0.804916722
0.231,3.45,8,0.7300129129,0.1368783312,0.8049387558
0.22,3.46,8,0.7305601978,0.1330417568,0.8049793718
0.221,3.46,8,0.730504524,0.1333377891,0.8049405413
0.222,3.46,8,0.7304519364,0.1336375987,0.8049075118
0.223,3.46,8,0.7304024719,0.1339412229,0.8048803884
0.224,3.46,8,0.7303561673,0.1342486993,0.8048592762
0.225,3.46,8,0.7303130593,0.1345600652,0.8048442801
0.226,3.46,8,0.7302731849,0.134875358,0.8048355053
0.227,3.46,8,0.7302365809,0.1351946152,0.8048330568
0.228,3.46,8,0.7302032841,0.1355178742,0.8048370396
0.229,3.46,8,0.7301733314,0.1358451726,0.8048475587
0.23,3.46,8,0.7301467595,0.1361765476,0.8048647192
0.231,3.46,8,0.7301236054,0.1365120367,0.8048886261
0.228,3.47,8,0.7303162966,0.1351552629,0.8047913181
0.229,3.47,8,0.7302861112,0.1354825265,0.8048036546
0.231,3.07,10,0.7202290881,0.1579842131,0.8192796967
0.232,3.07,10,0.7202271544,0.158404332,0.8192626658
0.233,3.07,10,0.7202288224,0.1588292183,0.8192517747
0.229,3.08,10,0.7202488384,0.1566353602,0.8187096316
0.23,3.08,10,0.7202394522,0.1570460225,0.8186834843
0.231,3.08,10,0.7202335978,0.1574613763,0.81866328
0.232,3.08,10,0.720231312,0.1578814591,0.8186491237
0.233,3.08,10,0.7202326317,0.1583063083,0.8186411206
0.234,3.08,10,0.7202375937,0.1587359614,0.8186393756
0.227,3.09,10,0.7202896434,0.155310216,0.8181704207
0.228,3.09,10,0.7202729323,0.1557115746,0.8181354948
0.229,3.09,10,0.7202596831,0.156117549,0.8181063152
0.23,3.09,10,0.7202499325,0.1565281766,0.8180829869
0.231,3.09,10,0.7202437175,0.1569434947,0.8180656149
0.232,3.09,10,0.7202410748,0.157363541,0.8180543043
0.233,3.09,10,0.7202420413,0.1577883527,0.8180491602
0.226,3.1,10,0.7203272854,0.1544006449,0.8176179717
0.227,3.1,10,0.7203067689,0.1547973928,0.8175801545
0.228,3.1,10,0.7202896812,0.1551987182,0.817547992
0.229,3.1,10,0.7202760591,0.1556046584,0.817521589
0.23,3.1,10,0.7202659393,0.1560152508,0.8175010507
0.231,3.1,10,0.7202593587,0.1564305328,0.8174864821
0.232,3.1,10,0.7202563543,0.156850542,0.8174779882
0.233,3.1,10,0.7202569627,0.1572753158,0.8174756741
0.224,3.11,10,0.7204022021,0.1531128894,0.817130189
0.225,3.11,10,0.720374546,0.1535005641,0.8170840721
0.226,3.11,10,0.7203502487,0.1538927403,0.8170434132
0.227,3.11,10,0.7203293471,0.1542894555,0.8170083171
0.228,3.11,10,0.7203118779,0.1546907471,0.8169788889
0.229,3.11,10,0.7202978779,0.1550966526,0.8169552336
0.23,3.11,10,0.7202873841,0.1555072094,0.8169374563
0.231,3.11,10,0.7202804332,0.1559224549,0.8169256621
0.232,3.11,10,0.7202770621,0.1563424266,0.8169199559
0.222,3.12,10,0.720497373,0.1518479646,0.8166714209
0.223,3.12,10,0.720462705,0.152226719,0.8166173423
0.224,3.12,10,0.7204313258,0.1526098991,0.8165685247
0.225,3.12,10,0.7204032722,0.1529975424,0.8165250733
0.226,3.12,10,0.7203785811,0.1533896863,0.816487093
0.227,3.12,10,0.7203572894,0.1537863683,0.816454689
0.228,3.12,10,0.7203394338,0.1541876257,0.8164279662
0.229,3.12,10,0.7203250513,0.1545934961,0.8164070297
0.23,3.12,10,0.7203141785,0.1550040168,0.8163919845
0.231,3.12,10,0.7203068525,0.1554192252,0.8163829356
0.232,3.12,10,0.7203031099,0.1558391589,0.8163799882
0.233,3.12,10,0.7203029877,0.1562638553,0.8163832472
0.221,3.13,10,0.7205709364,0.1509755139,0.8161792392
0.222,3.13,10,0.7205326029,0.151349851,0.8161226009
0.223,3.13,10,0.7204975251,0.1517285754,0.8160711319
0.224,3.13,10,0.7204657398,0.1521117247,0.8160249374
0.225,3.13,10,0.7204372839,0.1524993362,0.8159841224
0.226,3.13,10,0.7204121942,0.1528914473,0.8159487919
0.227,3.13,10,0.7203905075,0.1532880955,0.8159190509
0.228,3.13,10,0.7203722607,0.1536893183,0.8158950045
0.229,3.13,10,0.7203574907,0.154095153,0.8158767578
0.23,3.13,10,0.7203462342,0.1545056372,0.8158644157
0.231,3.13,10,0.7203385281,0.1549208081,0.8158580833
0.232,3.13,10,0.7203344093,0.1553407034,0.8158578656
0.233,3.13,10,0.7203339145,0.1557653603,0.8158638677
0.219,3.14,10,0.7206989311,0.1497466051,0.815769037
0.22,3.14,10,0.7206537708,0.1501122522,0.8157049157
0.221,3.14,10,0.7206117963,0.1504822109,0.8156457672
0.222,3.14,10,0.7205730444,0.1508565185,0.8155916963
0.223,3.14,10,0.720537552,0.1512352126,0.8155428081
0.224,3.14,10,0.7205053557,0.1516183305,0.8154992077
0.225,3.14,10,0.7204764926,0.1520059096,0.8154610001
0.226,3.14,10,0.7204509994,0.1523979875,0.8154282904
0.227,3.14,10,0.720428913,0.1527946016,0.8154011835
0.228,3.14,10,0.7204102702,0.1531957892,0.8153797845
0.229,3.14,10,0.7203951078,0.1536015878,0.8153641986
0.23,3.14,10,0.7203834628,0.1540120349,0.8153545306
0.231,3.14,10,0.7203753718,0.1544271679,0.8153508856
0.232,3.14,10,0.7203708718,0.1548470242,0.8153533688
0.233,3.14,10,0.7203699996,0.1552716412,0.815362085
0.217,3.15,10,0.7208463795,0.1485396489,0.8153860099
0.218,3.15,10,0.7207945202,0.1488967591,0.8153147436
0.219,3.15,10,0.7207457766,0.149258105,0.8152482532
0.22,3.15,10,0.7207001857,0.1496237241,0.8151866437
0.221,3.15,10,0.7206577843,0.1499936537,0.8151300203
0.222,3.15,10,0.7206186092,0.1503679314,0.8150784878
0.223,3.15,10,0.7205826972,0.1507465946,0.8150321514
0.224,3.15,10,0.7205500852,0.1511296807,0.8149911161
0.225,3.15,10,0.72052081,0.1515172271,0.814955487
0.226,3.15,10,0.7204949085,0.1519092713,0.814925369
0.227,3.15,10,0.7204724175,0.1523058507,0.8149008673
0.228,3.15,10,0.7204533738,0.1527070027,0.8148820868
0.229,3.15,10,0.7204378143,0.1531127647,0.8148691327
0.23,3.15,10,0.7204257757,0.1535231743,0.8148621098
0.231,3.15,10,0.7204172951,0.1539382688,0.8148611234
0.232,3.15,10,0.7204124091,0.1543580857,0.8148662784
0.233,3.15,10,0.7204111546,0.1547826624,0.8148776798
0.216,3.16,10,0.7209545416,0.1477030279,0.8149513587
0.217,3.16,10,0.7208991566,0.1480559141,0.8148778642
0.218,3.16,10,0.7208468544,0.1484129977,0.814809054
0.219,3.16,10,0.7207976716,0.148774316,0.8147450331
0.22,3.16,10,0.7207516452,0.1491399066,0.8146859064
0.221,3.16,10,0.720708812,0.1495098068,0.8146317791
0.222,3.16,10,0.7206692088,0.1498840541,0.8145827561
0.223,3.16,10,0.7206328724,0.150262686,0.8145389425
0.224,3.16,10,0.7205998398,0.1506457397,0.8145004434
0.225,3.16,10,0.7205701478,0.1510332529,0.8144673637
0.226,3.16,10,0.7205438331,0.1514252629,0.8144398086
0.227,3.16,10,0.7205209326,0.1518218071,0.814417883
0.228,3.16,10,0.7205014831,0.152222923,0.8144016921
0.229,3.16,10,0.7204855216,0.1526286481,0.8143913407
0.23,3.16,10,0.7204730848,0.1530390197,0.8143869341
0.231,3.16,10,0.7204642096,0.1534540752,0.8143885771
0.232,3.16,10,0.7204589327,0.1538738522,0.814396375
0.233,3.16,10,0.7204572911,0.1542983881,0.8144104326
0.215,3.17,10,0.721071627,0.1468752945,0.8145338745
0.216,3.17,10,0.7210127409,0.1472239956,0.8144582014
0.217,3.17,10,0.7209569044,0.1475768557,0.8143871208
0.218,3.17,10,0.7209041544,0.1479339122,0.8143207377
0.219,3.17,10,0.7208545275,0.1482952025,0.8142591572
0.22,3.17,10,0.7208080607,0.1486607641,0.8142024844
0.221,3.17,10,0.7207647909,0.1490306344,0.8141508242
0.222,3.17,10,0.7207247548,0.1494048509,0.8141042817
0.223,3.17,10,0.7206879893,0.1497834509,0.814062962
0.224,3.17,10,0.7206545312,0.1501664719,0.81402697
0.225,3.17,10,0.7206244174,0.1505539513,0.8139964109
0.226,3.17,10,0.7205976847,0.1509459266,0.8139713896
0.227,3.17,10,0.7205743699,0.1513424353,0.8139520112
0.228,3.17,10,0.7205545099,0.1517435146,0.8139383808
0.229,3.17,10,0.7205381415,0.1521492022,0.8139306033
0.23,3.17,10,0.7205253015,0.1525595353,0.8139287839
0.231,3.17,10,0.7205160269,0.1529745515,0.8139330275
0.232,3.17,10,0.7205103543,0.1533942881,0.8139434392
0.233,3.17,10,0.7205083208,0.1538187826,0.8139601241
0.214,3.18,10,0.7211975361,0.1460563743,0.81413336
0.215,3.18,10,0.7211351735,0.1464009291,0.8140555576
0.216,3.18,10,0.7210758274,0.1467496046,0.813982256
0.217,3.18,10,0.7210195345,0.1471024381,0.8139135602
0.218,3.18,10,0.7209663318,0.147459467,0.8138495753
0.219,3.18,10,0.720916256,0.1478207288,0.8137904063
0.22,3.18,10,0.720869344,0.148186261,0.8137361583
0.221,3.18,10,0.7208256327,0.1485561009,0.8136869363
0.222,3.18,10,0.7207851588,0.148930286,0.8136428454
0.223,3.18,10,0.7207479593,0.1493088537,0.8136039905
0.224,3.18,10,0.7207140709,0.1496918414,0.8135704768
0.225,3.18,10,0.7206835305,0.1500792867,0.8135424092
0.226,3.18,10,0.7206563749,0.1504712269,0.8135198928
0.227,3.18,10,0.720632641,0.1508676994,0.8135030326
0.228,3.18,10,0.7206123655,0.1512687417,0.8134919337
0.229,3.18,10,0.7205955854,0.1516743913,0.8134867011
0.23,3.18,10,0.7205823375,0.1520846855,0.8134874399
0.231,3.18,10,0.7205726586,0.1524996617,0.8134942551
0.232,3.18,10,0.7205665855,0.1529193576,0.8135072517
0.233,3.18,10,0.7205641552,0.1533438103,0.8135265348
0.213,3.19,10,0.7213321695,0.1452461925,0.8137496177
0.214,3.19,10,0.7212663549,0.14558664,0.8136697353
0.215,3.19,10,0.7212035236,0.1459311697,0.8135942621
0.216,3.19,10,0.7211437125,0.146279819,0.813523303
0.217,3.19,10,0.7210869585,0.1466326254,0.8134569631
0.218,3.19,10,0.7210332982,0.1469896263,0.8133953474
0.219,3.19,10,0.7209827687,0.1473508592,0.813338561
0.22,3.19,10,0.7209354067,0.1477163614,0.8132867088
0.221,3.19,10,0.720891249,0.1480861704,0.8132398961
0.222,3.19,10,0.7208503326,0.1484603237,0.8131982277
0.223,3.19,10,0.7208126941,0.1488388586,0.8131618087
0.224,3.19,10,0.7207783706,0.1492218127,0.8131307441
0.225,3.19,10,0.7207473987,0.1496092233,0.8131051391
0.226,3.19,10,0.7207198154,0.1500011279,0.8130850986
0.227,3.19,10,0.7206956575,0.1503975638,0.8130707277
0.228,3.19,10,0.7206749618,0.1507985686,0.8130621314
0.229,3.19,10,0.7206577651,0.1512041797,0.8130594148
0.23,3.19,10,0.7206441044,0.1516144345,0.8130626828
0.231,3.19,10,0.7206340164,0.1520293704,0.8130720406
0.232,3.19,10,0.7206275379,0.1524490249,0.8130875932
0.233,3.19,10,0.7206247059,0.1528734355,0.8131094455
0.212,3.2,10,0.7214754275,0.1444446748,0.81338245
0.213,3.2,10,0.7214061854,0.1447810537,0.8133005371
0.214,3.2,10,0.7213398936,0.1451214765,0.8132229417
0.215,3.2,10,0.7212765889,0.1454659805,0.8131497686
0.216,3.2,10,0.721216308,0.1458146033,0.8130811231
0.217,3.2,10,0.7211590879,0.1461673821,0.8130171101
0.218,3.2,10,0.7211049653,0.1465243545,0.8129578346
0.219,3.2,10,0.7210539772,0.1468855579,0.8129034017
0.22,3.2,10,0.7210061602,0.1472510298,0.8128539165
0.221,3.2,10,0.7209615514,0.1476208074,0.812809484
0.222,3.2,10,0.7209201875,0.1479949284,0.8127702092
0.223,3.2,10,0.7208821054,0.1483734301,0.8127361971
0.224,3.2,10,0.7208473418,0.14875635,0.8127075528
0.225,3.2,10,0.7208159337,0.1491437254,0.8126843814
0.226,3.2,10,0.7207879178,0.1495355939,0.8126667879
0.227,3.2,10,0.720763331,0.1499319929,0.8126548772
0.228,3.2,10,0.7207422102,0.1503329597,0.8126487545
0.229,3.2,10,0.7207245922,0.1507385318,0.8126485248
0.23,3.2,10,0.7207105137,0.1511487467,0.8126542932
0.231,3.2,10,0.7207000118,0.1515636418,0.8126661646
0.232,3.2,10,0.7206931231,0.1519832546,0.8126842441
0.233,3.2,10,0.7206898845,0.1524076224,0.8127086368
0.212,3.21,10,0.7215545657,0.1439840958,0.8129477655
0.213,3.21,10,0.7214848379,0.1443204505,0.8128680972
0.214,3.21,10,0.721418064,0.1446608481,0.8127927596
0.215,3.21,10,0.7213542809,0.145005326,0.8127218579
0.216,3.21,10,0.7212935254,0.1453539216,0.8126554969
0.217,3.21,10,0.7212358344,0.1457066724,0.8125937818
0.218,3.21,10,0.7211812446,0.1460636159,0.8125368176
0.219,3.21,10,0.721129793,0.1464247894,0.8124847093
0.22,3.21,10,0.7210815164,0.1467902303,0.812437562
0.221,3.21,10,0.7210364515,0.1471599762,0.8123954808
0.222,3.21,10,0.7209946353,0.1475340644,0.8123585706
0.223,3.21,10,0.7209561046,0.1479125324,0.8123269364
0.224,3.21,10,0.7209208962,0.1482954176,0.8123006835
0.225,3.21,10,0.7208890469,0.1486827574,0.8122799167
0.226,3.21,10,0.7208605936,0.1490745894,0.8122647411
0.227,3.21,10,0.7208355732,0.1494709508,0.8122552617
0.228,3.21,10,0.7208140224,0.1498718792,0.8122515837
0.229,3.21,10,0.7207959781,0.1502774119,0.812253812
0.23,3.21,10,0.7207814772,0.1506875865,0.8122620516
0.231,3.21,10,0.7207705564,0.1511024403,0.8122764077
0.232,3.21,10,0.7207632527,0.1515220107,0.8122969852
0.233,3.21,10,0.7207596028,0.1519463353,0.8123238892
0.211,3.22,10,0.7217113962,0.1431956915,0.812611223
0.212,3.22,10,0.7216382569,0.143528017,0.8125295313
0.213,3.22,10,0.7215680384,0.1438643471,0.8124520786
0.214,3.22,10,0.7215007776,0.144204719,0.8123789699
0.215,3.22,10,0.7214365113,0.1445491703,0.8123103104
0.216,3.22,10,0.7213752764,0.1448977384,0.812246205
0.217,3.22,10,0.7213171096,0.1452504607,0.8121867589
0.218,3.22,10,0.7212620478,0.1456073747,0.812132077
0.219,3.22,10,0.7212101279,0.1459685178,0.8120822643
0.22,3.22,10,0.7211613866,0.1463339274,0.812037426
0.221,3.22,10,0.7211158609,0.146703641,0.811997667
0.222,3.22,10,0.7210735876,0.147077696,0.8119630925
0.223,3.22,10,0.7210346034,0.1474561298,0.8119338073
0.224,3.22,10,0.7209989453,0.1478389798,0.8119099166
0.225,3.22,10,0.7209666501,0.1482262836,0.8118915255
0.226,3.22,10,0.7209377546,0.1486180785,0.8118787389
0.227,3.22,10,0.7209122956,0.1490144019,0.8118716619
0.228,3.22,10,0.72089031,0.1494152914,0.8118703995
0.229,3.22,10,0.7208718346,0.1498207842,0.8118750568
0.23,3.22,10,0.7208569063,0.150230918,0.8118857388
0.231,3.22,10,0.7208455619,0.15064573,0.8119025505
0.232,3.22,10,0.7208378382,0.1510652577,0.811925597
0.233,3.22,10,0.7208337721,0.1514895387,0.8119549834
0.234,3.22,10,0.7208334004,0.1519186102,0.8119908146
0.21,3.23,10,0.7218765774,0.1424157665,0.8122907122
0.211,3.23,10,0.7218000511,0.1427441017,0.8122070464
0.212,3.23,10,0.7217264126,0.143076403,0.8121275279
0.213,3.23,10,0.7216556987,0.1434127078,0.8120522618
0.214,3.23,10,0.7215879461,0.1437530536,0.8119813531
0.215,3.23,10,0.7215231917,0.1440974778,0.8119149069
0.216,3.23,10,0.7214614725,0.1444460179,0.8118530282
0.217,3.23,10,0.7214028251,0.1447987113,0.811795822
0.218,3.23,10,0.7213472864,0.1451555953,0.8117433934
0.219,3.23,10,0.7212948933,0.1455167076,0.8116958474
0.22,3.23,10,0.7212456827,0.1458820854,0.811653289
0.221,3.23,10,0.7211996913,0.1462517662,0.8116158234
0.222,3.23,10,0.7211569559,0.1466257874,0.8115835555
0.223,3.23,10,0.7211175135,0.1470041866,0.8115565903
0.224,3.23,10,0.7210814008,0.147387001,0.811535033
0.225,3.23,10,0.7210486548,0.1477742682,0.8115189885
0.226,3.23,10,0.7210193122,0.1481660256,0.8115085619
0.227,3.23,10,0.7209934098,0.1485623106,0.8115038583
0.228,3.23,10,0.7209709846,0.1489631606,0.8115049826
0.229,3.23,10,0.7209520733,0.1493686131,0.8115120399
0.23,3.23,10,0.7209367127,0.1497787056,0.8115251353
0.231,3.23,10,0.7209249398,0.1501934753,0.8115443737
0.232,3.23,10,0.7209167914,0.1506129599,0.8115698603
0.233,3.23,10,0.7209123042,0.1510371967,0.8116017
0.234,3.23,10,0.7209115152,0.1514662231,0.811639998
0.209,3.24,10,0.7220500096,0.1416442461,0.8119860355
0.21,3.24,10,0.721970121,0.1419686298,0.811900445
0.211,3.24,10,0.721893087,0.1422969412,0.8118189101
0.212,3.24,10,0.7218189445,0.1426292178,0.811741536
0.213,3.24,10,0.7217477302,0.142965497,0.8116684275
0.214,3.24,10,0.721679481,0.1433058162,0.8115996898
0.215,3.24,10,0.7216142338,0.1436502129,0.8115354279
0.216,3.24,10,0.7215520253,0.1439987245,0.8114757468
0.217,3.24,10,0.7214928925,0.1443513884,0.8114207517
0.218,3.24,10,0.7214368721,0.144708242,0.8113705474
0.219,3.24,10,0.721384001,0.1450693229,0.8113252391
0.22,3.24,10,0.7213343161,0.1454346684,0.8112849317
0.221,3.24,10,0.7212878541,0.145804316,0.8112497304
0.222,3.24,10,0.7212446519,0.1461783031,0.8112197402
0.223,3.24,10,0.7212047464,0.1465566671,0.8111950661
0.224,3.24,10,0.7211681743,0.1469394455,0.8111758132
0.225,3.24,10,0.7211349726,0.1473266756,0.8111620864
0.226,3.24,10,0.721105178,0.147718395,0.8111539908
0.227,3.24,10,0.7210788275,0.1481146411,0.8111516316
0.228,3.24,10,0.7210559577,0.1485154512,0.8111551136
0.229,3.24,10,0.7210366056,0.1489208629,0.811164542
0.23,3.24,10,0.7210208081,0.1493309136,0.8111800217
0.231,3.24,10,0.7210086018,0.1497456406,0.8112016579
0.232,3.24,10,0.7210000238,0.1501650815,0.8112295556
0.233,3.24,10,0.7209951107,0.1505892737,0.8112638197
0.234,3.24,10,0.7209938995,0.1510182545,0.8113045554
0.208,3.25,10,0.7222315935,0.1408810558,0.8116969954
0.209,3.25,10,0.7221483671,0.1412015268,0.8116095297
0.21,3.25,10,0.7220679621,0.1415258873,0.8115260278
0.211,3.25,10,0.7219904155,0.1418541744,0.811446595
0.212,3.25,10,0.721915764,0.1421864259,0.8113713361
0.213,3.25,10,0.7218440446,0.1425226789,0.8113003564
0.214,3.25,10,0.7217752939,0.1428629711,0.8112337607
0.215,3.25,10,0.721709549,0.1432073397,0.8111716541
0.216,3.25,10,0.7216468465,0.1435558223,0.8111141417
0.217,3.25,10,0.7215872234,0.1439084563,0.8110613286
0.218,3.25,10,0.7215307164,0.1442652791,0.8110133197
0.219,3.25,10,0.7214773625,0.1446263282,0.8109702201
0.22,3.25,10,0.7214271984,0.1449916409,0.8109321348
0.221,3.25,10,0.721380261,0.1453612548,0.8108991689
0.222,3.25,10,0.7213365872,0.1457352072,0.8108714274
0.223,3.25,10,0.7212962137,0.1461135356,0.8108490153
0.224,3.25,10,0.7212591774,0.1464962774,0.8108320377
0.225,3.25,10,0.7212255152,0.1468834701,0.8108205997
0.226,3.25,10,0.7211952638,0.147275151,0.8108148062
0.227,3.25,10,0.7211684602,0.1476713577,0.8108147624
0.228,3.25,10,0.7211451411,0.1480721275,0.8108205731
0.229,3.25,10,0.7211253434,0.1484774979,0.8108323436
0.23,3.25,10,0.7211091039,0.1488875063,0.8108501788
0.231,3.25,10,0.7210964595,0.1493021901,0.8108741838
0.232,3.25,10,0.721087447,0.1497215869,0.8109044635
0.233,3.25,10,0.7210821032,0.1501457339,0.8109411231
0.234,3.25,10,0.721080465,0.1505746687,0.8109842676
0.207,3.26,10,0.7224212294,0.140126121,0.8114233946
0.208,3.26,10,0.7223346897,0.1404427183,0.8113341029
0.209,3.26,10,0.7222509384,0.1407631666,0.8112486835
0.21,3.26,10,0.7221700122,0.1410875032,0.8111672413
0.211,3.26,10,0.7220919482,0.1414157657,0.8110898815
0.212,3.26,10,0.7220167829,0.1417479915,0.811016709
0.213,3.26,10,0.7219445534,0.1420842179,0.810947829
0.214,3.26,10,0.7218752965,0.1424244825,0.8108833463
0.215,3.26,10,0.721809049,0.1427688227,0.8108233661
0.216,3.26,10,0.7217458476,0.1431172759,0.8107679935
0.217,3.26,10,0.7216857294,0.1434698795,0.8107173334
0.218,3.26,10,0.721628731,0.1438266709,0.8106714908
0.219,3.26,10,0.7215748894,0.1441876877,0.810630571
0.22,3.26,10,0.7215242414,0.1445529672,0.8105946787
0.221,3.26,10,0.7214768237,0.1449225469,0.8105639192
0.222,3.26,10,0.7214326733,0.1452964642,0.8105383975
0.223,3.26,10,0.7213918271,0.1456747565,0.8105182185
0.224,3.26,10,0.7213543217,0.1460574613,0.8105034874
0.225,3.26,10,0.7213201941,0.1464446159,0.8104943091
0.226,3.26,10,0.7212894811,0.146836258,0.8104907887
0.227,3.26,10,0.7212622195,0.1472324247,0.8104930313
0.228,3.26,10,0.7212384462,0.1476331537,0.8105011419
0.229,3.26,10,0.7212181981,0.1480384823,0.8105152254
0.23,3.26,10,0.7212015118,0.148448448,0.8105353871
0.231,3.26,10,0.7211884244,0.1488630882,0.8105617318
0.232,3.26,10,0.7211789726,0.1492824403,0.8105943647
0.233,3.26,10,0.7211731932,0.1497065418,0.8106333908
0.234,3.26,10,0.7211711231,0.1501354301,0.8106789151
0.207,3.27,10,0.7225289895,0.1396921296,0.8110739673
0.208,3.27,10,0.7224419163,0.1400087046,0.8109866796
0.209,3.27,10,0.7223576352,0.1403291295,0.8109032776
0.21,3.27,10,0.722276183,0.140653442,0.8108238662
0.211,3.27,10,0.7221975966,0.1409816793,0.8107485504
0.212,3.27,10,0.7221219128,0.1413138789,0.8106774353
0.213,3.27,10,0.7220491684,0.1416500783,0.8106106259
0.214,3.27,10,0.7219794003,0.1419903149,0.8105482273
0.215,3.27,10,0.7219126454,0.1423346261,0.8104903446
0.216,3.27,10,0.7218489403,0.1426830493,0.8104370827
0.217,3.27,10,0.7217883221,0.1430356221,0.8103885466
0.218,3.27,10,0.7217308275,0.1433923817,0.8103448415
0.219,3.27,10,0.7216764933,0.1437533657,0.8103060724
0.22,3.27,10,0.7216253565,0.1441186115,0.8102723443
0.221,3.27,10,0.7215774537,0.1444881566,0.8102437622
0.222,3.27,10,0.721532822,0.1448620382,0.8102204312
0.223,3.27,10,0.721491498,0.145240294,0.8102024564
0.224,3.27,10,0.7214535188,0.1456229613,0.8101899427
0.225,3.27,10,0.7214189209,0.1460100775,0.8101829952
0.226,3.27,10,0.7213877415,0.1464016801,0.810181719
0.227,3.27,10,0.7213600171,0.1467978065,0.810186219
0.228,3.27,10,0.7213357848,0.1471984942,0.8101966004
0.229,3.27,10,0.7213150813,0.1476037806,0.8102129681
0.23,3.27,10,0.7212979435,0.1480137031,0.8102354272
0.231,3.27,10,0.7212844082,0.1484282991,0.8102640828
0.232,3.27,10,0.7212745122,0.1488476061,0.8102990398
0.233,3.27,10,0.7212682924,0.1492716616,0.8103404034
0.234,3.27,10,0.7212657856,0.1497005029,0.8103882785
0.206,3.28,10,0.7227311668,0.1389496862,0.8108289252
0.207,3.28,10,0.7226407963,0.1392624267,0.8107398188
0.208,3.28,10,0.7225531848,0.1395789789,0.8106545062
0.209,3.28,10,0.7224683691,0.1398993801,0.8105730926
0.21,3.28,10,0.722386386,0.1402236678,0.8104956829
0.211,3.28,10,0.7223072724,0.1405518795,0.8104223822
0.212,3.28,10,0.7222310652,0.1408840525,0.8103532955
0.213,3.28,10,0.7221578011,0.1412202244,0.8102885279
0.214,3.28,10,0.722087517,0.1415604324,0.8102281844
0.215,3.28,10,0.7220202498,0.1419047142,0.8101723701
0.216,3.28,10,0.7219560362,0.1422531071,0.8101211899
0.217,3.28,10,0.7218949131,0.1426056485,0.810074749
0.218,3.28,10,0.7218369174,0.1429623758,0.8100331524
0.219,3.28,10,0.7217820859,0.1433233266,0.809996505
0.22,3.28,10,0.7217304553,0.1436885382,0.809964912
0.221,3.28,10,0.7216820627,0.1440580481,0.8099384784
0.222,3.28,10,0.7216369447,0.1444318937,0.8099173092
0.223,3.28,10,0.7215951383,0.1448101124,0.8099015095
0.224,3.28,10,0.7215566802,0.1451927417,0.8098911843
0.225,3.28,10,0.7215216074,0.145579819,0.8098864386
0.226,3.28,10,0.7214899565,0.1459713818,0.8098873776
0.227,3.28,10,0.7214617646,0.1463674674,0.8098941061
0.228,3.28,10,0.7214370684,0.1467681133,0.8099067293
0.229,3.28,10,0.7214159047,0.1471733569,0.8099253522
0.23,3.28,10,0.7213983105,0.1475832358,0.8099500798
0.231,3.28,10,0.7213843224,0.1479977872,0.8099810172
0.232,3.28,10,0.7213739774,0.1484170486,0.8100182694
0.233,3.28,10,0.7213673124,0.1488410576,0.8100619415
0.234,3.28,10,0.7213643641,0.1492698514,0.8101121385
0.205,3.29,10,0.7229411221,0.1382153135,0.8105987793
0.206,3.29,10,0.7228474789,0.1385242584,0.8105079035
0.207,3.29,10,0.7227565615,0.1388369766,0.8104207298
0.208,3.29,10,0.7226684068,0.1391535055,0.8103373633
0.209,3.29,10,0.7225830516,0.1394738825,0.8102579091
0.21,3.29,10,0.7225005329,0.139798145,0.8101824721
0.211,3.29,10,0.7224208873,0.1401263306,0.8101111575
0.212,3.29,10,0.7223441518,0.1404584766,0.8100440703
0.213,3.29,10,0.7222703631,0.1407946204,0.8099813155
0.214,3.29,10,0.7221995582,0.1411347995,0.8099229981
0.215,3.29,10,0.7221317738,0.1414790514,0.8098692233
0.216,3.29,10,0.7220670468,0.1418274133,0.8098200959
0.217,3.29,10,0.7220054141,0.1421799229,0.8097757211
0.218,3.29,10,0.7219469124,0.1425366175,0.809736204
0.219,3.29,10,0.7218915786,0.1428975346,0.8097016494
0.22,3.29,10,0.7218394496,0.1432627116,0.8096721626
0.221,3.29,10,0.7217905622,0.1436321858,0.8096478485
0.222,3.29,10,0.7217449531,0.1440059949,0.8096288121
0.223,3.29,10,0.7217026594,0.1443841761,0.8096151586
0.224,3.29,10,0.7216637177,0.144766767,0.8096069929
0.225,3.29,10,0.7216281649,0.1451538049,0.80960442
0.226,3.29,10,0.7215960379,0.1455453272,0.8096075451
0.227,3.29,10,0.7215673735,0.1459413716,0.8096164732
0.228,3.29,10,0.7215422086,0.1463419752,0.8096313092
0.229,3.29,10,0.7215205799,0.1467471757,0.8096521583
0.23,3.29,10,0.7215025244,0.1471570104,0.8096791255
0.231,3.29,10,0.7214880787,0.1475715167,0.8097123158
0.232,3.29,10,0.7214772799,0.1479907321,0.8097518342
0.233,3.29,10,0.7214701647,0.1484146941,0.8097977858
0.234,3.29,10,0.72146677,0.14884344,0.8098502757
0.204,3.3,10,0.723158756,0.137488937,0.8103833321
0.205,3.3,10,0.7230618645,0.1377941252,0.8102907362
0.206,3.3,10,0.7229676658,0.1381030483,0.8102017507
0.207,3.3,10,0.7228761967,0.1384157437,0.8101164808
0.208,3.3,10,0.722787494,0.1387322488,0.8100350315
0.209,3.3,10,0.7227015945,0.1390526011,0.8099575077
0.21,3.3,10,0.7226185352,0.139376838,0.8098840146
0.211,3.3,10,0.7225383527,0.139704997,0.8098146571
0.212,3.3,10,0.7224610841,0.1400371154,0.8097495404
0.213,3.3,10,0.722386766,0.1403732307,0.8096887694
0.214,3.3,10,0.7223154354,0.1407133804,0.8096324491
0.215,3.3,10,0.7222471291,0.1410576018,0.8095806848
0.216,3.3,10,0.7221818838,0.1414059325,0.8095335812
0.217,3.3,10,0.7221197366,0.1417584098,0.8094912436
0.218,3.3,10,0.7220607241,0.1421150712,0.809453777
0.219,3.3,10,0.7220048833,0.1424759541,0.8094212863
0.22,3.3,10,0.7219522509,0.1428410959,0.8093938766
0.221,3.3,10,0.7219028638,0.1432105341,0.809371653
0.222,3.3,10,0.7218567588,0.1435843061,0.8093547205
0.223,3.3,10,0.7218139729,0.1439624494,0.8093431842
0.224,3.3,10,0.7217745427,0.1443450013,0.809337149
0.225,3.3,10,0.7217385052,0.1447319993,0.80933672
0.226,3.3,10,0.7217058972,0.1451234809,0.8093420023
0.227,3.3,10,0.7216767555,0.1455194834,0.8093531009
0.228,3.3,10,0.721651117,0.1459200444,0.8093701209
0.229,3.3,10,0.7216290185,0.1463252012,0.8093931672
0.23,3.3,10,0.7216104968,0.1467349912,0.8094223449
0.231,3.3,10,0.7215955888,0.147149452,0.8094577591
0.232,3.3,10,0.7215843313,0.1475686209,0.8094995148
0.233,3.3,10,0.7215767611,0.1479925354,0.809547717
0.234,3.3,10,0.7215729151,0.1484212329,0.8096024708
0.203,3.31,10,0.7233839688,0.1367704822,0.810182386
0.204,3.31,10,0.7232838537,0.1370719525,0.8100881194
0.205,3.31,10,0.7231863982,0.1373771193,0.8099973717
0.206,3.31,10,0.7230916392,0.1376860201,0.8099102477
0.207,3.31,10,0.7229996135,0.1379986922,0.8098268526
0.208,3.31,10,0.7229103579,0.1383151731,0.8097472914
0.209,3.31,10,0.7228239093,0.1386355002,0.8096716691
0.21,3.31,10,0.7227403045,0.138959711,0.8096000908
0.211,3.31,10,0.7226595804,0.1392878429,0.8095326615
0.212,3.31,10,0.7225817738,0.1396199333,0.8094694863
0.213,3.31,10,0.7225069214,0.1399560196,0.8094106701
0.214,3.31,10,0.7224350603,0.1402961394,0.8093563181
0.215,3.31,10,0.7223662271,0.14064033,0.8093065352
0.216,3.31,10,0.7223004588,0.1409886288,0.8092614265
0.217,3.31,10,0.7222377922,0.1413410734,0.8092210971
0.218,3.31,10,0.7221782641,0.1416977011,0.809185652
0.219,3.31,10,0.7221219113,0.1420585493,0.8091551961
0.22,3.31,10,0.7220687707,0.1424236555,0.8091298347
0.221,3.31,10,0.7220188792,0.1427930571,0.8091096726
0.222,3.31,10,0.7219722735,0.1431667917,0.809094815
0.223,3.31,10,0.7219289905,0.1435448965,0.8090853669
0.224,3.31,10,0.721889067,0.143927409,0.8090814333
0.225,3.31,10,0.7218525399,0.1443143667,0.8090831192
0.226,3.31,10,0.721819446,0.1447058069,0.8090905297
0.227,3.31,10,0.7217898222,0.1451017672,0.8091037699
0.228,3.31,10,0.7217637052,0.145502285,0.8091229448
0.229,3.31,10,0.721741132,0.1459073976,0.8091481593
0.23,3.31,10,0.7217221393,0.1463171426,0.8091795187
0.231,3.31,10,0.7217067641,0.1467315573,0.8092171278
0.232,3.31,10,0.721695043,0.1471506793,0.8092610917
0.233,3.31,10,0.721687013,0.1475745458,0.8093115155
0.202,3.32,10,0.7236166611,0.1360598744,0.8099957436
0.203,3.32,10,0.7235133468,0.1363576657,0.8098998558
0.204,3.32,10,0.7234126591,0.1366591151,0.8098073951
0.205,3.32,10,0.7233146348,0.1369642601,0.8097184665
0.206,3.32,10,0.7232193106,0.137273138,0.809633175
0.207,3.32,10,0.7231267235,0.1375857864,0.8095516257
0.208,3.32,10,0.7230369102,0.1379022426,0.8094739237
0.209,3.32,10,0.7229499076,0.1382225441,0.8094001739
0.21,3.32,10,0.7228657525,0.1385467283,0.8093304815
0.211,3.32,10,0.7227844819,0.1388748326,0.8092649514
0.212,3.32,10,0.7227061324,0.1392068945,0.8092036886
0.213,3.32,10,0.722630741,0.1395429515,0.8091467983
0.214,3.32,10,0.7225583445,0.1398830408,0.8090943855
0.215,3.32,10,0.7224889797,0.1402272001,0.8090465552
0.216,3.32,10,0.7224226834,0.1405754667,0.8090034124
0.217,3.32,10,0.7223594926,0.140927878,0.8089650622
0.218,3.32,10,0.722299444,0.1412844715,0.8089316096
0.219,3.32,10,0.7222425744,0.1416452846,0.8089031597
0.22,3.32,10,0.7221889208,0.1420103547,0.8088798174
0.221,3.32,10,0.7221385199,0.1423797193,0.808861688
0.222,3.32,10,0.7220914086,0.1427534158,0.8088488763
0.223,3.32,10,0.7220476237,0.1431314817,0.8088414874
0.224,3.32,10,0.7220072021,0.1435139544,0.8088396264
0.225,3.32,10,0.7219701806,0.1439008712,0.8088433982
0.226,3.32,10,0.721936596,0.1442922697,0.808852908
0.227,3.32,10,0.7219064851,0.1446881873,0.8088682608
0.228,3.32,10,0.7218798849,0.1450886614,0.8088895616
0.229,3.32,10,0.7218568321,0.1454937294,0.8089169154
0.23,3.32,10,0.7218373636,0.1459034289,0.8089504274
0.231,3.32,10,0.7218215163,0.1463177971,0.8089902024
0.232,3.32,10,0.7218093268,0.1467368715,0.8090363457
0.233,3.32,10,0.7218008322,0.1471606897,0.8090889621
0.201,3.33,10,0.7238567333,0.1353570392,0.8098232074
0.202,3.33,10,0.7237502445,0.1356511903,0.8097257477
0.203,3.33,10,0.7236463491,0.1359489612,0.8096316234
0.204,3.33,10,0.7235450839,0.1362503892,0.8095409396
0.205,3.33,10,0.7234464859,0.1365555119,0.8094538012
0.206,3.33,10,0.7233505917,0.1368643665,0.8093703132
0.207,3.33,10,0.7232574383,0.1371769907,0.8092905808
0.208,3.33,10,0.7231670624,0.1374934217,0.809214709
0.209,3.33,10,0.723079501,0.1378136971,0.8091428027
0.21,3.33,10,0.7229947908,0.1381378542,0.8090749672
0.211,3.33,10,0.7229129688,0.1384659305,0.8090113073
0.212,3.33,10,0.7228340716,0.1387979635,0.8089519281
0.213,3.33,10,0.7227581363,0.1391339905,0.8088969347
0.214,3.33,10,0.7226851995,0.139474049,0.8088464321
0.215,3.33,10,0.7226152982,0.1398181765,0.8088005253
0.216,3.33,10,0.7225484692,0.1401664103,0.8087593194
0.217,3.33,10,0.7224847493,0.1405187879,0.8087229195
0.218,3.33,10,0.7224241753,0.1408753467,0.8086914305
0.219,3.33,10,0.7223667842,0.1412361242,0.8086649575
0.22,3.33,10,0.7223126126,0.1416011578,0.8086436055
0.221,3.33,10,0.7222616976,0.1419704849,0.8086274797
0.222,3.33,10,0.7222140758,0.142344143,0.8086166849
0.223,3.33,10,0.7221697842,0.1427221695,0.8086113263
0.224,3.33,10,0.7221288596,0.1431046018,0.8086115089
0.225,3.33,10,0.7220913388,0.1434914773,0.8086173377
0.226,3.33,10,0.7220572586,0.1438828336,0.8086289178
0.227,3.33,10,0.722026656,0.144278708,0.8086463542
0.228,3.33,10,0.7219995676,0.1446791379,0.808669752
0.229,3.33,10,0.7219760304,0.1450841609,0.8086992161
0.23,3.33,10,0.7219560813,0.1454938143,0.8087348517
0.231,3.33,10,0.7219397569,0.1459081355,0.8087767638
0.232,3.33,10,0.7219270943,0.146327162,0.8088250573
0.2,3.34,10,0.7241040859,0.1346619019,0.8096645799
0.201,3.34,10,0.7239944471,0.1349524517,0.8095655978
0.202,3.34,10,0.7238873685,0.1352465829,0.8094698593
0.203,3.34,10,0.7237828871,0.1355443329,0.8093774696
0.204,3.34,10,0.7236810397,0.1358457391,0.8092885336
0.205,3.34,10,0.723581863,0.1361508389,0.8092031564
0.206,3.34,10,0.723485394,0.1364596699,0.809121443
0.207,3.34,10,0.7233916695,0.1367722693,0.8090434985
0.208,3.34,10,0.7233007262,0.1370886747,0.8089694279
0.209,3.34,10,0.7232126011,0.1374089235,0.8088993362
0.21,3.34,10,0.723127331,0.1377330531,0.8088333285
0.211,3.34,10,0.7230449527,0.1380611009,0.8087715099
0.212,3.34,10,0.722965503,0.1383931044,0.8087139853
0.213,3.34,10,0.7228890189,0.138729101,0.8086608598
0.214,3.34,10,0.7228155371,0.1390691282,0.8086122385
0.215,3.34,10,0.7227450944,0.1394132234,0.8085682263
0.216,3.34,10,0.7226777277,0.139761424,0.8085289284
0.217,3.34,10,0.7226134739,0.1401137674,0.8084944497
0.218,3.34,10,0.7225523698,0.1404702911,0.8084648953
0.219,3.34,10,0.7224944522,0.1408310325,0.8084403702
0.22,3.34,10,0.7224397579,0.1411960291,0.8084209796
0.221,3.34,10,0.7223883238,0.1415653182,0.8084068283
0.222,3.34,10,0.7223401868,0.1419389374,0.8083980215
0.223,3.34,10,0.7222953836,0.142316924,0.8083946642
0.224,3.34,10,0.7222539511,0.1426993155,0.8083968614
0.225,3.34,10,0.7222159262,0.1430861493,0.8084047183
0.226,3.34,10,0.7221813456,0.1434774628,0.8084183397
0.227,3.34,10,0.7221502463,0.1438732935,0.8084378307
0.228,3.34,10,0.722122665,0.1442736789,0.8084632965
0.229,3.34,10,0.7220986386,0.1446786563,0.808494842
0.23,3.34,10,0.7220782039,0.1450882631,0.8085325722
0.231,3.34,10,0.7220613977,0.1455025369,0.8085765923
0.232,3.34,10,0.722048257,0.145921515,0.8086270072
0.199,3.35,10,0.7243586193,0.1339743881,0.8095196637
0.2,3.35,10,0.7242458551,0.1342613754,0.8094192085
0.201,3.35,10,0.7241356179,0.1345519058,0.8093219052
0.202,3.35,10,0.7240279448,0.1348460166,0.809227859
0.203,3.35,10,0.7239228726,0.1351437452,0.8091371748
0.204,3.35,10,0.723820438,0.1354451291,0.8090499577
0.205,3.35,10,0.7237206779,0.1357502056,0.8089663128
0.206,3.35,10,0.7236236292,0.1360590123,0.808886345
0.207,3.35,10,0.7235293287,0.1363715866,0.8088101594
0.208,3.35,10,0.7234378132,0.1366879659,0.808737861
0.209,3.35,10,0.7233491195,0.1370081876,0.8086695549
0.21,3.35,10,0.7232632846,0.1373322891,0.8086053462
0.211,3.35,10,0.7231803452,0.137660308,0.8085453398
0.212,3.35,10,0.7231003382,0.1379922816,0.8084896408
0.213,3.35,10,0.7230233004,0.1383282474,0.8084383543
0.214,3.35,10,0.7229492687,0.1386682428,0.8083915852
0.215,3.35,10,0.7228782798,0.1390123052,0.8083494387
0.216,3.35,10,0.7228103707,0.139360472,0.8083120197
0.217,3.35,10,0.7227455781,0.1397127808,0.8082794333
0.218,3.35,10,0.722683939,0.1400692689,0.8082517846
0.219,3.35,10,0.72262549,0.1404299738,0.8082291785
0.22,3.35,10,0.7225702682,0.1407949329,0.8082117202
0.221,3.35,10,0.7225183103,0.1411641836,0.8081995146
0.222,3.35,10,0.7224696531,0.1415377633,0.8081926668
0.223,3.35,10,0.7224243335,0.1419157096,0.8081912818
0.224,3.35,10,0.7223823883,0.1422980598,0.8081954647
0.225,3.35,10,0.7223438544,0.1426848513,0.8082053205
0.226,3.35,10,0.7223087686,0.1430761217,0.8082209543
0.227,3.35,10,0.7222771677,0.1434719083,0.808242471
0.228,3.35,10,0.7222490886,0.1438722485,0.8082699758
0.229,3.35,10,0.7222245681,0.1442771799,0.8083035737
0.23,3.35,10,0.722203643,0.1446867398,0.8083433696
0.231,3.35,10,0.7221863502,0.1451009656,0.8083894687
0.198,3.36,10,0.7246202342,0.1332944231,0.8093882612
0.199,3.36,10,0.7245043689,0.1335778869,0.8092863823
0.2,3.36,10,0.7243909978,0.1338648553,0.8091875637
0.201,3.36,10,0.7242801575,0.1341553657,0.8090919104
0.202,3.36,10,0.724171885,0.1344494556,0.8089995274
0.203,3.36,10,0.724066217,0.1347471623,0.8089105198
0.204,3.36,10,0.7239631904,0.1350485234,0.8088249926
0.205,3.36,10,0.7238628421,0.1353535762,0.8087430509
0.206,3.36,10,0.7237652088,0.1356623582,0.8086647997
0.207,3.36,10,0.7236703275,0.1359749069,0.8085903441
0.208,3.36,10,0.7235782349,0.1362912595,0.808519789
0.209,3.36,10,0.7234889679,0.1366114537,0.8084532396
0.21,3.36,10,0.7234025633,0.1369355268,0.8083908008
0.211,3.36,10,0.723319058,0.1372635162,0.8083325777
0.212,3.36,10,0.7232384888,0.1375954594,0.8082786754
0.213,3.36,10,0.7231608925,0.1379313939,0.8082291988
0.214,3.36,10,0.723086306,0.138271357,0.8081842531
0.215,3.36,10,0.7230147661,0.1386153861,0.8081439432
0.216,3.36,10,0.7229463097,0.1389635188,0.8081083742
0.217,3.36,10,0.7228809735,0.1393157925,0.8080776511
0.218,3.36,10,0.7228187945,0.1396722445,0.8080518791
0.219,3.36,10,0.7227598094,0.1400329124,0.808031163
0.22,3.36,10,0.7227040551,0.1403978334,0.808015608
0.221,3.36,10,0.7226515684,0.1407670452,0.8080053191
0.222,3.36,10,0.7226023863,0.1411405851,0.8080004013
0.223,3.36,10,0.7225565454,0.1415184906,0.8080009597
0.224,3.36,10,0.7225140827,0.141900799,0.8080070993
0.225,3.36,10,0.7224750349,0.1422875478,0.8080189251
0.226,3.36,10,0.722439439,0.1426787745,0.8080365423
0.227,3.36,10,0.7224073318,0.1430745165,0.8080600557
0.228,3.36,10,0.72237875,0.1434748112,0.8080895705
0.229,3.36,10,0.7223537306,0.143879696,0.8081251918
0.23,3.36,10,0.7223323103,0.1442892085,0.8081670245
0.231,3.36,10,0.722314526,0.1447033859,0.8082151736
0.197,3.37,10,0.7248888308,0.1326219324,0.809270175
0.198,3.37,10,0.7247698892,0.1329019115,0.8091669218
0.199,3.37,10,0.7246534085,0.1331853568,0.8090666372
0.2,3.37,10,0.7245394257,0.1334723057,0.8089694262
0.201,3.37,10,0.7244279774,0.1337627957,0.8088753938
0.202,3.37,10,0.7243191006,0.1340568642,0.8087846451
0.203,3.37,10,0.7242128321,0.1343545486,0.8086972851
0.204,3.37,10,0.7241092087,0.1346558864,0.8086134189
0.205,3.37,10,0.7240082672,0.134960915,0.8085331515
0.206,3.37,10,0.7239100446,0.1352696719,0.8084565879
0.207,3.37,10,0.7238145776,0.1355821944,0.8083838333
0.208,3.37,10,0.723721903,0.13589852,0.8083149925
0.209,3.37,10,0.7236320578,0.1362186862,0.8082501707
0.21,3.37,10,0.7235450787,0.1365427303,0.8081894729
0.211,3.37,10,0.7234610026,0.1368706898,0.8081330042
0.212,3.37,10,0.7233798664,0.1372026022,0.8080808695
0.213,3.37,10,0.7233017067,0.1375385048,0.8080331739
0.214,3.37,10,0.7232265606,0.1378784351,0.8079900225
0.215,3.37,10,0.7231544648,0.1382224306,0.8079515203
0.216,3.37,10,0.7230854562,0.1385705286,0.8079177723
0.217,3.37,10,0.7230195716,0.1389227667,0.8078888836
0.218,3.37,10,0.7229568479,0.1392791822,0.8078649593
0.219,3.37,10,0.7228973218,0.1396398125,0.8078461042
0.22,3.37,10,0.7228410302,0.1400046952,0.8078324236
0.221,3.37,10,0.72278801,0.1403738675,0.8078240224
0.222,3.37,10,0.722738298,0.1407473671,0.8078210057
0.223,3.37,10,0.722691931,0.1411252313,0.8078234784
0.224,3.37,10,0.7226489459,0.1415074974,0.8078315458
0.225,3.37,10,0.7226093795,0.1418942031,0.8078453127
0.226,3.37,10,0.7225732686,0.1422853857,0.8078648842
0.227,3.37,10,0.7225406502,0.1426810825,0.8078903654
0.228,3.37,10,0.7225115609,0.1430813312,0.8079218613
0.229,3.37,10,0.7224860377,0.1434861691,0.807959477
0.23,3.37,10,0.7224641174,0.1438956336,0.8080033174
0.197,3.38,10,0.7250423163,0.1322333748,0.8090606295
0.198,3.38,10,0.7249227507,0.1325133358,0.8089589283
0.199,3.38,10,0.7248056497,0.1327967621,0.8088602089
0.2,3.38,10,0.7246910503,0.133083691,0.8087645765
0.201,3.38,10,0.7245789892,0.1333741601,0.8086721361
0.202,3.38,10,0.7244695032,0.1336682068,0.8085829927
0.203,3.38,10,0.7243626293,0.1339658684,0.8084972514
0.204,3.38,10,0.7242584042,0.1342671825,0.8084150172
0.205,3.38,10,0.7241568648,0.1345721864,0.8083363951
0.206,3.38,10,0.724058048,0.1348809176,0.8082614902
0.207,3.38,10,0.7239619904,0.1351934135,0.8081904075
0.208,3.38,10,0.7238687291,0.1355097116,0.8081232521
0.209,3.38,10,0.7237783008,0.1358298492,0.808060129
0.21,3.38,10,0.7236907424,0.1361538639,0.8080011432
0.211,3.38,10,0.7236060907,0.1364817931,0.8079463998
0.212,3.38,10,0.7235243825,0.1368136741,0.8078960038
0.213,3.38,10,0.7234456547,0.1371495445,0.8078500603
0.214,3.38,10,0.7233699442,0.1374894416,0.8078086743
0.215,3.38,10,0.7232972876,0.1378334029,0.8077719508
0.216,3.38,10,0.723227722,0.1381814658,0.8077399948
0.217,3.38,10,0.7231612841,0.1385336677,0.8077129115
0.218,3.38,10,0.7230980108,0.1388900462,0.8076908059
0.219,3.38,10,0.7230379389,0.1392506386,0.8076737829
0.22,3.38,10,0.7229811052,0.1396154823,0.8076619477
0.221,3.38,10,0.7229275466,0.1399846148,0.8076554052
0.222,3.38,10,0.7228772999,0.1403580736,0.8076542605
0.223,3.38,10,0.7228304019,0.1407358959,0.8076586187
0.224,3.38,10,0.7227868896,0.1411181194,0.8076685848
0.225,3.38,10,0.7227467997,0.1415047814,0.8076842638
0.226,3.38,10,0.722710169,0.1418959194,0.8077057608
0.227,3.38,10,0.7226770345,0.1422915707,0.8077331808
0.228,3.38,10,0.7226474329,0.1426917728,0.8077666288
0.229,3.38,10,0.722621401,0.1430965632,0.8078062099
0.23,3.38,10,0.7225989758,0.1435059793,0.8078520291
0.196,3.39,10,0.7253215506,0.1315722021,0.8089673079
0.197,3.39,10,0.7251989246,0.1318487177,0.8088642395
0.198,3.39,10,0.7250787302,0.1321286602,0.8087640612
0.199,3.39,10,0.7249610041,0.132412067,0.8086668782
0.2,3.39,10,0.7248457833,0.1326989755,0.8085727954
0.201,3.39,10,0.7247331045,0.1329894233,0.808481918
0.202,3.39,10,0.7246230046,0.1332834476,0.808394351
0.203,3.39,10,0.7245155204,0.133581086,0.8083101993
0.204,3.39,10,0.7244106888,0.1338823758,0.8082295681
0.205,3.39,10,0.7243085466,0.1341873545,0.8081525624
0.206,3.39,10,0.7242091306,0.1344960596,0.8080792872
0.207,3.39,10,0.7241124778,0.1348085285,0.8080098475
0.208,3.39,10,0.7240186248,0.1351247986,0.8079443485
0.209,3.39,10,0.7239276086,0.1354449073,0.807882895
0.21,3.39,10,0.723839466,0.135768892,0.8078255923
0.211,3.39,10,0.7237542338,0.1360967903,0.8077725453
0.212,3.39,10,0.7236719489,0.1364286396,0.807723859
0.213,3.39,10,0.7235926481,0.1367644772,0.8076796386
0.214,3.39,10,0.7235163682,0.1371043406,0.8076399889
0.215,3.39,10,0.7234431461,0.1374482672,0.8076050152
0.216,3.39,10,0.7233730186,0.1377962945,0.8075748223
0.217,3.39,10,0.7233060226,0.1381484599,0.8075495154
0.218,3.39,10,0.7232421948,0.1385048009,0.8075291995
0.219,3.39,10,0.7231815722,0.1388653548,0.8075139796
0.22,3.39,10,0.7231241916,0.1392301592,0.8075039608
0.221,3.39,10,0.7230700897,0.1395992513,0.8074992481
0.222,3.39,10,0.7230193035,0.1399726688,0.8074999465
0.223,3.39,10,0.7229718698,0.1403504489,0.8075061612
0.224,3.39,10,0.7229278253,0.1407326292,0.807517997
0.225,3.39,10,0.722887207,0.1411192471,0.8075355592
0.226,3.39,10,0.7228500518,0.1415103399,0.8075589526
0.227,3.39,10,0.7228163963,0.1419059452,0.8075882824
0.228,3.39,10,0.7227862775,0.1423061004,0.8076236535
0.229,3.39,10,0.7227597322,0.1427108429,0.8076651711
0.195,3.4,10,0.7256074928,0.1309183189,0.8088867596
0.196,3.4,10,0.725481831,0.131191428,0.8087823733
0.197,3.4,10,0.7253585675,0.1314679256,0.8086807855
0.198,3.4,10,0.7252377394,0.1317478491,0.8085821012
0.199,3.4,10,0.7251193833,0.1320312359,0.8084864255
0.2,3.4,10,0.7250035362,0.1323181236,0.8083938635
0.201,3.4,10,0.7248902349,0.1326085494,0.8083045201
0.202,3.4,10,0.7247795162,0.132902551,0.8082185004
0.203,3.4,10,0.7246714169,0.1332001656,0.8081359094
0.204,3.4,10,0.7245659739,0.1335014307,0.8080568523
0.205,3.4,10,0.7244632241,0.1338063839,0.8079814339
0.206,3.4,10,0.7243632042,0.1341150624,0.8079097594
0.207,3.4,10,0.7242659511,0.1344275037,0.8078419338
0.208,3.4,10,0.7241715017,0.1347437453,0.8077780622
0.209,3.4,10,0.7240798927,0.1350638245,0.8077182495
0.21,3.4,10,0.7239911611,0.1353877789,0.8076626008
0.211,3.4,10,0.7239053436,0.1357156459,0.8076112212
0.212,3.4,10,0.7238224771,0.1360474628,0.8075642157
0.213,3.4,10,0.7237425984,0.1363832672,0.8075216893
0.214,3.4,10,0.7236657443,0.1367230964,0.8074837471
0.215,3.4,10,0.7235919518,0.1370669879,0.8074504941
0.216,3.4,10,0.7235212576,0.1374149792,0.8074220354
0.217,3.4,10,0.7234536986,0.1377671076,0.8073984759
0.218,3.4,10,0.7233893116,0.1381234106,0.8073799208
0.219,3.4,10,0.7233281335,0.1384839256,0.807366475
0.22,3.4,10,0.723270201,0.1388486901,0.8073582436
0.221,3.4,10,0.723215551,0.1392177414,0.8073553317
0.222,3.4,10,0.7231642205,0.1395911171,0.8073578443
0.223,3.4,10,0.7231162461,0.1399688545,0.8073658864
0.224,3.4,10,0.7230716647,0.1403509912,0.8073795631
0.225,3.4,10,0.7230305132,0.1407375644,0.8073989793
0.226,3.4,10,0.7229928284,0.1411286117,0.8074242403
0.227,3.4,10,0.7229586472,0.1415241705,0.8074554508
0.228,3.4,10,0.7229280064,0.1419242782,0.8074927162
0.194,3.41,10,0.7259000432,0.1302716508,0.808818787
0.195,3.41,10,0.72577137,0.1305413921,0.8087131322
0.196,3.41,10,0.7256450622,0.1308144836,0.8086101843
0.197,3.41,10,0.7255211565,0.1310909627,0.8085100481
0.198,3.41,10,0.7253996898,0.1313708667,0.8084128289
0.199,3.41,10,0.7252806989,0.1316542331,0.8083186316
0.2,3.41,10,0.7251642207,0.1319410994,0.8082275613
0.201,3.41,10,0.725050292,0.132231503,0.8081397229
0.202,3.41,10,0.7249389496,0.1325254812,0.8080552216
0.203,3.41,10,0.7248302304,0.1328230716,0.8079741624
0.204,3.41,10,0.7247241712,0.1331243116,0.8078966503
0.205,3.41,10,0.7246208089,0.1334292386,0.8078227904
0.206,3.41,10,0.7245201802,0.13373789,0.8077526876
0.207,3.41,10,0.7244223221,0.1340503034,0.8076864471
0.208,3.41,10,0.7243272714,0.134366516,0.8076241739
0.209,3.41,10,0.7242350648,0.1346865653,0.807565973
0.21,3.41,10,0.7241457393,0.1350104889,0.8075119494
0.211,3.41,10,0.7240593316,0.135338324,0.8074622082
0.212,3.41,10,0.7239758786,0.1356701082,0.8074168545
0.213,3.41,10,0.7238954172,0.1360058789,0.8073759932
0.214,3.41,10,0.7238179842,0.1363456735,0.8073397294
0.215,3.41,10,0.7237436164,0.1366895294,0.8073081682
0.216,3.41,10,0.7236723507,0.1370374841,0.8072814146
0.217,3.41,10,0.7236042238,0.137389575,0.8072595736
0.218,3.41,10,0.7235392727,0.1377458396,0.8072427503
0.219,3.41,10,0.7234775342,0.1381063152,0.8072310497
0.22,3.41,10,0.7234190451,0.1384710393,0.8072245768
0.221,3.41,10,0.7233638422,0.1388400494,0.8072234367
0.222,3.41,10,0.7233119624,0.1392133828,0.8072277344
0.223,3.41,10,0.7232634425,0.1395910771,0.807237575
0.224,3.41,10,0.7232183193,0.1399731696,0.8072530635
0.225,3.41,10,0.7231766298,0.1403596977,0.807274305
0.226,3.41,10,0.7231384107,0.140750699,0.8073014044
0.227,3.41,10,0.7231036989,0.1411462108,0.8073344668
0.228,3.41,10,0.7230725311,0.1415462706,0.8073735974
0.193,3.42,10,0.7261991023,0.129632123,0.8087631926
0.194,3.42,10,0.7260674424,0.1298985355,0.8086563188
0.195,3.42,10,0.7259381147,0.1301682598,0.8085520601
0.196,3.42,10,0.725811156,0.1304413333,0.8084505215
0.197,3.42,10,0.7256866032,0.1307177933,0.8083518081
0.198,3.42,10,0.7255644931,0.1309976774,0.808256025
0.199,3.42,10,0.7254448626,0.1312810229,0.8081632771
0.2,3.42,10,0.7253277484,0.1315678674,0.8080736695
0.201,3.42,10,0.7252131875,0.1318582481,0.8079873072
0.202,3.42,10,0.7251012166,0.1321522026,0.8079042953
0.203,3.42,10,0.7249918726,0.1324497684,0.8078247389
0.204,3.42,10,0.7248851923,0.1327509827,0.8077487429
0.205,3.42,10,0.7247812127,0.1330558831,0.8076764124
0.206,3.42,10,0.7246799704,0.133364507,0.8076078524
0.207,3.42,10,0.7245815024,0.1336768918,0.807543168
0.208,3.42,10,0.7244858454,0.133993075,0.8074824642
0.209,3.42,10,0.7243930364,0.134313094,0.8074258461
0.21,3.42,10,0.7243031121,0.1346369862,0.8073734186
0.211,3.42,10,0.7242161095,0.1349647891,0.8073252869
0.212,3.42,10,0.7241320652,0.1352965401,0.807281556
0.213,3.42,10,0.7240510163,0.1356322766,0.8072423309
0.214,3.42,10,0.7239729994,0.135972036,0.8072077166
0.215,3.42,10,0.7238980515,0.1363158559,0.8071778182
0.216,3.42,10,0.7238262094,0.1366637735,0.8071527407
0.217,3.42,10,0.7237575098,0.1370158265,0.8071325892
0.218,3.42,10,0.7236919898,0.1373720521,0.8071174687
0.219,3.42,10,0.723629686,0.1377324879,0.8071074843
0.22,3.42,10,0.7235706354,0.1380971712,0.8071027409
0.221,3.42,10,0.7235148747,0.1384661395,0.8071033437
0.222,3.42,10,0.7234624408,0.1388394302,0.8071093976
0.223,3.42,10,0.7234133706,0.1392170808,0.8071210077
0.224,3.42,10,0.7233677009,0.1395991287,0.8071382791
0.225,3.42,10,0.7233254684,0.1399856113,0.8071613167
0.226,3.42,10,0.7232867101,0.1403765661,0.8071902257
0.227,3.42,10,0.7232514628,0.1407720305,0.807225111
0.193,3.43,10,0.7263699485,0.1292627837,0.8086117356
0.194,3.43,10,0.7262376255,0.1295291796,0.8085062155
0.195,3.43,10,0.7261076383,0.1297988863,0.8084033239
0.196,3.43,10,0.725980024,0.1300719412,0.8083031657
0.197,3.43,10,0.7258548192,0.1303483818,0.8082058461
0.198,3.43,10,0.7257320609,0.1306282455,0.80811147
0.199,3.43,10,0.7256117858,0.1309115696,0.8080201425
0.2,3.43,10,0.7254940308,0.1311983917,0.8079319687
0.201,3.43,10,0.7253788328,0.1314887492,0.8078470536
0.202,3.43,10,0.7252662286,0.1317826795,0.8077655021
0.203,3.43,10,0.725156255,0.1320802201,0.8076874195
0.204,3.43,10,0.7250489488,0.1323814083,0.8076129106
0.205,3.43,10,0.724944347,0.1326862817,0.8075420805
0.206,3.43,10,0.7248424862,0.1329948776,0.8074750344
0.207,3.43,10,0.7247434035,0.1333072334,0.8074118771
0.208,3.43,10,0.7246471355,0.1336233867,0.8073527138
0.209,3.43,10,0.7245537192,0.1339433748,0.8072976495
0.21,3.43,10,0.7244631914,0.1342672353,0.8072467892
0.211,3.43,10,0.7243755888,0.1345950054,0.807200238
0.212,3.43,10,0.7242909485,0.1349267226,0.8071581008
0.213,3.43,10,0.7242093071,0.1352624245,0.8071204829
0.214,3.43,10,0.7241307015,0.1356021484,0.8070874891
0.215,3.43,10,0.7240551687,0.1359459317,0.8070592246
0.216,3.43,10,0.7239827453,0.1362938118,0.8070357943
0.217,3.43,10,0.7239134682,0.1366458263,0.8070173033
0.218,3.43,10,0.7238473744,0.1370020126,0.8070038567
0.219,3.43,10,0.7237845005,0.137362408,0.8069955594
0.22,3.43,10,0.7237248835,0.13772705,0.8069925166
0.221,3.43,10,0.7236685602,0.1380959761,0.8069948332
0.222,3.43,10,0.7236155675,0.1384692236,0.8070026143
0.223,3.43,10,0.723565942,0.1388468301,0.807015965
0.224,3.43,10,0.7235197208,0.1392288329,0.8070349903
0.225,3.43,10,0.7234769406,0.1396152695,0.8070597951
0.226,3.43,10,0.7234376383,0.1400061773,0.8070904847
0.227,3.43,10,0.7234018507,0.1404015937,0.8071271639
0.192,3.44,10,0.7266787888,0.128634062,0.808579185
0.193,3.44,10,0.726543495,0.1288971684,0.808472453
0.194,3.44,10,0.726410504,0.1291635472,0.8083682577
0.195,3.44,10,0.7262798526,0.1294332359,0.8082667041
0.196,3.44,10,0.7261515777,0.1297062718,0.8081678974
0.197,3.44,10,0.7260257161,0.1299826924,0.8080719426
0.198,3.44,10,0.7259023047,0.1302625352,0.8079789446
0.199,3.44,10,0.7257813803,0.1305458375,0.8078890086
0.2,3.44,10,0.7256629797,0.1308326368,0.8078022396
0.201,3.44,10,0.7255471397,0.1311229706,0.8077187426
0.202,3.44,10,0.7254338973,0.1314168762,0.8076386226
0.203,3.44,10,0.7253232892,0.1317143911,0.8075619848
0.204,3.44,10,0.7252153523,0.1320155528,0.807488934
0.205,3.44,10,0.7251101234,0.1323203986,0.8074195755
0.206,3.44,10,0.7250076394,0.132628966,0.8073540141
0.207,3.44,10,0.724907937,0.1329412924,0.807292355
0.208,3.44,10,0.7248110532,0.1332574153,0.8072347032
0.209,3.44,10,0.7247170247,0.1335773721,0.8071811637
0.21,3.44,10,0.7246258885,0.1339012003,0.8071318416
0.211,3.44,10,0.7245376813,0.1342289372,0.8070868419
0.212,3.44,10,0.7244524399,0.1345606203,0.8070462697
0.213,3.44,10,0.7243702013,0.134896287,0.8070102299
0.214,3.44,10,0.7242910022,0.1352359748,0.8069788277
0.215,3.44,10,0.7242148795,0.1355797211,0.806952168
0.216,3.44,10,0.72414187,0.1359275633,0.8069303559
0.217,3.44,10,0.7240720106,0.1362795389,0.8069134965
0.218,3.44,10,0.7240053381,0.1366356852,0.8069016947
0.219,3.44,10,0.7239418894,0.1369960399,0.8068950557
0.22,3.44,10,0.7238817012,0.1373606401,0.8068936845
0.221,3.44,10,0.7238248104,0.1377295235,0.806897686
0.222,3.44,10,0.7237712538,0.1381027274,0.8069071654
0.223,3.44,10,0.7237210684,0.1384802892,0.8069222276
0.224,3.44,10,0.7236742909,0.1388622465,0.8069429778
0.225,3.44,10,0.7236309581,0.1392486366,0.8069695209
0.226,3.44,10,0.7235911069,0.1396394969,0.807001962
0.192,3.45,10,0.7268556238,0.1282721517,0.808450575
0.193,3.45,10,0.7267196534,0.1285352415,0.8083451254
0.194,3.45,10,0.7265859896,0.1288016027,0.8082422259
0.195,3.45,10,0.7264546691,0.1290712729,0.8081419815
0.196,3.45,10,0.7263257288,0.1293442893,0.8080444973
0.197,3.45,10,0.7261992056,0.1296206895,0.8079498783
0.198,3.45,10,0.7260751362,0.1299005109,0.8078582295
0.199,3.45,10,0.7259535576,0.1301837909,0.807769656
0.2,3.45,10,0.7258345065,0.130470567,0.8076842627
0.201,3.45,10,0.7257180198,0.1307608765,0.8076021549
0.202,3.45,10,0.7256041343,0.131054757,0.8075234374
0.203,3.45,10,0.7254928869,0.1313522458,0.8074482154
0.204,3.45,10,0.7253843144,0.1316533804,0.8073765939
0.205,3.45,10,0.7252784536,0.1319581982,0.8073086778
0.206,3.45,10,0.7251753414,0.1322667366,0.8072445723
0.207,3.45,10,0.7250750146,0.1325790332,0.8071843824
0.208,3.45,10,0.7249775101,0.1328951252,0.8071282131
0.209,3.45,10,0.7248828647,0.1332150502,0.8070761695
0.21,3.45,10,0.7247911151,0.1335388456,0.8070283566
0.211,3.45,10,0.7247022984,0.1338665488,0.8069848795
0.212,3.45,10,0.7246164512,0.1341981972,0.8069458431
0.213,3.45,10,0.7245336105,0.1345338284,0.8069113526
0.214,3.45,10,0.724453813,0.1348734796,0.8068815129
0.215,3.45,10,0.7243770957,0.1352171884,0.8068564291
0.216,3.45,10,0.7243034953,0.1355649922,0.8068362063
0.217,3.45,10,0.7242330486,0.1359169284,0.8068209494
0.218,3.45,10,0.7241657926,0.1362730344,0.8068107636
0.219,3.45,10,0.7241017641,0.1366333477,0.8068057538
0.22,3.45,10,0.7240409999,0.1369979058,0.8068060252
0.221,3.45,10,0.7239835367,0.137366746,0.8068116826
0.222,3.45,10,0.7239294116,0.1377399057,0.8068228313
0.223,3.45,10,0.7238786613,0.1381174225,0.8068395761
0.224,3.45,10,0.7238313226,0.1384993337,0.8068620222
0.225,3.45,10,0.7237874324,0.1388856768,0.8068902746
0.191,3.46,10,0.7271739122,0.1276540549,0.8084403842
0.192,3.46,10,0.7270349871,0.1279138945,0.8083337297
0.193,3.46,10,0.7268983353,0.1281769672,0.8082295336
0.194,3.46,10,0.7267639938,0.1284433104,0.8081279009
0.195,3.46,10,0.7266319994,0.1287129615,0.8080289367
0.196,3.46,10,0.7265023889,0.1289859581,0.807932746
0.197,3.46,10,0.7263751992,0.1292623374,0.8078394338
0.198,3.46,10,0.726250467,0.1295421369,0.8077491052
0.199,3.46,10,0.7261282293,0.1298253941,0.8076618652
0.2,3.46,10,0.7260085229,0.1301121464,0.8075778188
0.201,3.46,10,0.7258913846,0.1304024313,0.8074970711
0.202,3.46,10,0.7257768512,0.1306962861,0.8074197272
0.203,3.46,10,0.7256649596,0.1309937483,0.807345892
0.204,3.46,10,0.7255557467,0.1312948554,0.8072756707
0.205,3.46,10,0.7254492492,0.1315996447,0.8072091682
0.206,3.46,10,0.725345504,0.1319081537,0.8071464896
0.207,3.46,10,0.7252445479,0.1322204199,0.8070877399
0.208,3.46,10,0.7251464178,0.1325364806,0.8070330242
0.209,3.46,10,0.7250511505,0.1328563734,0.8069824475
0.21,3.46,10,0.7249587829,0.1331801355,0.8069361148
0.211,3.46,10,0.7248693517,0.1335078046,0.8068941312
0.212,3.46,10,0.7247828939,0.1338394179,0.8068566018
0.213,3.46,10,0.7246994462,0.1341750129,0.8068236315
0.214,3.46,10,0.7246190455,0.1345146272,0.8067953254
0.215,3.46,10,0.7245417287,0.134858298,0.8067717885
0.216,3.46,10,0.7244675325,0.1352060629,0.806753126
0.217,3.46,10,0.7243964938,0.1355579592,0.8067394427
0.218,3.46,10,0.7243286495,0.1359140244,0.8067308438
0.219,3.46,10,0.7242640363,0.136274296,0.8067274343
0.22,3.46,10,0.7242026912,0.1366388113,0.8067293193
0.221,3.46,10,0.7241446509,0.1370076078,0.8067366037
0.222,3.46,10,0.7240899523,0.137380723,0.8067493927
0.223,3.46,10,0.7240386323,0.1377581942,0.8067677912
0.224,3.46,10,0.7239907276,0.1381400589,0.8067919042
0.225,3.46,10,0.7239462751,0.1385263546,0.806821837
0.19,3.47,10,0.7274982609,0.1270428034,0.8084416831
0.191,3.47,10,0.7273564055,0.1272994318,0.8083338731
0.192,3.47,10,0.7272167903,0.1275592548,0.8082284298
0.193,3.47,10,0.7270794523,0.1278223099,0.8081254582
0.194,3.47,10,0.7269444283,0.1280886346,0.8080250633
0.195,3.47,10,0.7268117551,0.1283582662,0.8079273503
0.196,3.47,10,0.7266814695,0.1286312423,0.8078324241
0.197,3.47,10,0.7265536085,0.1289076003,0.8077403897
0.198,3.47,10,0.7264282087,0.1291873775,0.8076513523
0.199,3.47,10,0.7263053071,0.1294706115,0.8075654168
0.2,3.47,10,0.7261849405,0.1297573396,0.8074826884
0.201,3.47,10,0.7260671457,0.1300475993,0.8074032719
0.202,3.47,10,0.7259519596,0.130341428,0.8073272725
0.203,3.47,10,0.725839419,0.1306388631,0.8072547953
0.204,3.47,10,0.7257295608,0.1309399422,0.8071859452
0.205,3.47,10,0.7256224217,0.1312447026,0.8071208272
0.206,3.47,10,0.7255180387,0.1315531817,0.8070595465
0.207,3.47,10,0.7254164485,0.131865417,0.8070022081
0.208,3.47,10,0.725317688,0.1321814459,0.806948917
0.209,3.47,10,0.725221794,0.1325013059,0.8068997782
0.21,3.47,10,0.7251288034,0.1328250344,0.8068548968
0.211,3.47,10,0.725038753,0.1331526687,0.8068143778
0.212,3.47,10,0.7249516797,0.1334842465,0.8067783263
0.213,3.47,10,0.7248676202,0.133819805,0.8067468473
0.214,3.47,10,0.7247866114,0.1341593817,0.8067200458
0.215,3.47,10,0.7247086902,0.1345030141,0.8066980269
0.216,3.47,10,0.7246338934,0.1348507396,0.8066808956
0.217,3.47,10,0.7245622578,0.1352025956,0.806668757
0.218,3.47,10,0.7244938203,0.1355586195,0.8066617161
0.219,3.47,10,0.7244286177,0.1359188489,0.8066598779
0.22,3.47,10,0.7243666868,0.136283321,0.8066633475
0.221,3.47,10,0.7243080645,0.1366520734,0.8066722299
0.222,3.47,10,0.7242527877,0.1370251435,0.8066866302
0.223,3.47,10,0.724200893,0.1374025687,0.8067066533
0.224,3.47,10,0.7241524175,0.1377843864,0.8067324044
0.189,3.48,10,0.7278285702,0.1264383228,0.808454274
0.19,3.48,10,0.727683809,0.1266917787,0.8083453579
0.191,3.48,10,0.7275412551,0.1269483909,0.8082387168
0.192,3.48,10,0.7274009452,0.1272081968,0.8081344557
0.193,3.48,10,0.7272629161,0.1274712339,0.8080326796
0.194,3.48,10,0.7271272047,0.1277375395,0.8079334937
0.195,3.48,10,0.7269938479,0.1280071513,0.8078370028
0.196,3.48,10,0.7268628824,0.1282801065,0.8077433122
0.197,3.48,10,0.7267343451,0.1285564426,0.8076525267
0.198,3.48,10,0.7266082729,0.128836197,0.8075647516
0.199,3.48,10,0.7264847025,0.1291194072,0.8074800917
0.2,3.48,10,0.7263636709,0.1294061106,0.8073986521
0.201,3.48,10,0.7262452148,0.1296963447,0.8073205379
0.202,3.48,10,0.7261293711,0.1299901468,0.8072458541
0.203,3.48,10,0.7260161767,0.1302875545,0.8071747058
0.204,3.48,10,0.7259056683,0.130588605,0.8071071979
0.205,3.48,10,0.7257978828,0.130893336,0.8070434356
0.206,3.48,10,0.7256928571,0.1312017847,0.8069835238
0.207,3.48,10,0.7255906279,0.1315139887,0.8069275676
0.208,3.48,10,0.7254912322,0.1318299854,0.8068756721
0.209,3.48,10,0.7253947067,0.1321498121,0.8068279423
0.21,3.48,10,0.7253010883,0.1324735064,0.8067844832
0.211,3.48,10,0.7252104138,0.1328011057,0.8067453998
0.212,3.48,10,0.7251227201,0.1331326474,0.8067107973
0.213,3.48,10,0.725038044,0.1334681689,0.8066807806
0.214,3.48,10,0.7249564223,0.1338077076,0.8066554547
0.215,3.48,10,0.7248778919,0.1341513011,0.8066349248
0.216,3.48,10,0.7248024896,0.1344989867,0.8066192959
0.217,3.48,10,0.7247302523,0.1348508019,0.8066086729
0.218,3.48,10,0.7246612167,0.1352067841,0.806603161
0.219,3.48,10,0.7245954198,0.1355669707,0.8066028652
0.22,3.48,10,0.7245328983,0.1359313992,0.8066078904
0.221,3.48,10,0.7244736892,0.136300107,0.8066183418
0.222,3.48,10,0.7244178292,0.1366731315,0.8066343245
0.223,3.48,10,0.7243653551,0.1370505102,0.8066559433
0.189,3.49,10,0.7280170983,0.1260908608,0.8083679869
0.19,3.49,10,0.7278716301,0.1263443009,0.8082601973
0.191,3.49,10,0.7277283727,0.1266008965,0.8081546961
0.192,3.49,10,0.7275873632,0.1268606848,0.8080515882
0.193,3.49,10,0.7274486382,0.1271237034,0.8079509787
0.194,3.49,10,0.7273122346,0.1273899896,0.8078529726
0.195,3.49,10,0.7271781892,0.1276595809,0.807757675
0.196,3.49,10,0.727046539,0.1279325147,0.807665191
0.197,3.49,10,0.7269173207,0.1282088285,0.8075756254
0.198,3.49,10,0.7267905711,0.1284885597,0.8074890835
0.199,3.49,10,0.7266663272,0.1287717457,0.8074056702
0.2,3.49,10,0.7265446257,0.129058424,0.8073254906
0.201,3.49,10,0.7264255035,0.1293486319,0.8072486497
0.202,3.49,10,0.7263089974,0.129642407,0.8071752525
0.203,3.49,10,0.7261951442,0.1299397866,0.8071054041
0.204,3.49,10,0.7260839808,0.1302408083,0.8070392095
0.205,3.49,10,0.7259755441,0.1305455093,0.8069767738
0.206,3.49,10,0.7258698708,0.1308539272,0.806918202
0.207,3.49,10,0.7257669978,0.1311660994,0.8068635992
0.208,3.49,10,0.725666962,0.1314820633,0.8068130703
0.209,3.49,10,0.7255698001,0.1318018563,0.8067667204
0.21,3.49,10,0.7254755491,0.132125516,0.8067246546
0.211,3.49,10,0.7253842456,0.1324530797,0.8066869779
0.212,3.49,10,0.7252959267,0.1327845848,0.8066537954
0.213,3.49,10,0.7252106291,0.1331200688,0.806625212
0.214,3.49,10,0.7251283897,0.1334595691,0.8066013329
0.215,3.49,10,0.7250492452,0.1338031232,0.8065822629
0.216,3.49,10,0.7249732326,0.1341507685,0.8065681073
0.217,3.49,10,0.7249003887,0.1345025424,0.8065589711
0.218,3.49,10,0.7248307503,0.1348584824,0.8065549592
0.219,3.49,10,0.7247643542,0.1352186258,0.8065561767
0.22,3.49,10,0.7247012373,0.1355830102,0.8065627287
0.221,3.49,10,0.7246414365,0.1359516729,0.8065747201
0.222,3.49,10,0.7245849884,0.1363246514,0.8065922561
0.223,3.49,10,0.7245319301,0.1367019831,0.8066154417
0.188,3.5,10,0.7283561737,0.1254966034,0.8084015624
0.189,3.5,10,0.7282078157,0.1257469105,0.8082926738
0.19,3.5,10,0.7280616356,0.1260003345,0.8081859818
0.191,3.5,10,0.72791767,0.1262569129,0.8080815915
0.192,3.5,10,0.7277759559,0.1265166832,0.8079796079
0.193,3.5,10,0.7276365302,0.1267796828,0.807880136
0.194,3.5,10,0.7274994295,0.1270459491,0.8077832808
0.195,3.5,10,0.7273646909,0.1273155195,0.8076891475
0.196,3.5,10,0.727232351,0.1275884315,0.807597841
0.197,3.5,10,0.7271024468,0.1278647225,0.8075094665
0.198,3.5,10,0.7269750151,0.1281444299,0.8074241288
0.199,3.5,10,0.7268500927,0.1284275913,0.8073419331
0.2,3.5,10,0.7267277165,0.1287142439,0.8072629845
0.201,3.5,10,0.7266079233,0.1290044253,0.8071873878
0.202,3.5,10,0.7264907499,0.1292981728,0.8071152483
0.203,3.5,10,0.7263762332,0.1295955239,0.8070466709
0.204,3.5,10,0.72626441,0.1298965161,0.8069817606
0.205,3.5,10,0.7261553171,0.1302011868,0.8069206226
0.206,3.5,10,0.7260489915,0.1305095734,0.8068633618
0.207,3.5,10,0.7259454698,0.1308217133,0.8068100832
0.208,3.5,10,0.725844789,0.131137644,0.806760892
0.209,3.5,10,0.7257469859,0.1314574029,0.8067158932
0.21,3.5,10,0.7256520974,0.1317810274,0.8066751918
0.211,3.5,10,0.7255601602,0.132108555,0.8066388927
0.212,3.5,10,0.7254712112,0.1324400231,0.8066071012
0.213,3.5,10,0.7253852873,0.1327754692,0.8065799222
0.214,3.5,10,0.7253024253,0.1331149306,0.8065574607
0.215,3.5,10,0.7252226619,0.1334584448,0.8065398219
0.216,3.5,10,0.7251460342,0.1338060493,0.8065271106
0.217,3.5,10,0.7250725788,0.1341577815,0.8065194321
0.218,3.5,10,0.7250023326,0.1345136787,0.8065168912
0.219,3.5,10,0.7249353326,0.1348737785,0.8065195931
0.22,3.5,10,0.7248716154,0.1352381183,0.8065276428
0.221,3.5,10,0.724811218,0.1356067354,0.8065411454
0.222,3.5,10,0.7247541771,0.1359796674,0.8065602058
0.187,3.51,10,0.7287009357,0.124908932,0.808445887
0.188,3.51,10,0.7285497125,0.1251561448,0.8083359488
0.189,3.51,10,0.7284006341,0.1254064362,0.8082281154
0.19,3.51,10,0.7282537371,0.1256598436,0.8081224921
0.191,3.51,10,0.7281090585,0.1259164045,0.8080191837
0.192,3.51,10,0.7279666351,0.1261761563,0.8079182953
0.193,3.51,10,0.7278265037,0.1264391364,0.807819932
0.194,3.51,10,0.7276887012,0.1267053823,0.8077241989
0.195,3.51,10,0.7275532643,0.1269749313,0.8076312009
0.196,3.51,10,0.72742023,0.127247821,0.807541043
0.197,3.51,10,0.7272896351,0.1275240887,0.8074538304
0.198,3.51,10,0.7271615164,0.127803772,0.8073696681
0.199,3.51,10,0.7270359107,0.1280869081,0.8072886611
0.2,3.51,10,0.7269128549,0.1283735347,0.8072109144
0.201,3.51,10,0.7267923859,0.128663689,0.8071365331
0.202,3.51,10,0.7266745404,0.1289574085,0.8070656222
0.203,3.51,10,0.7265593553,0.1292547307,0.8069982868
0.204,3.51,10,0.7264468674,0.129555693,0.8069346319
0.205,3.51,10,0.7263371136,0.1298603328,0.8068747625
0.206,3.51,10,0.7262301307,0.1301686876,0.8068187837
0.207,3.51,10,0.7261259555,0.1304807948,0.8067668006
0.208,3.51,10,0.7260246249,0.1307966918,0.8067189181
0.209,3.51,10,0.7259261758,0.131116416,0.8066752412
0.21,3.51,10,0.7258306449,0.1314400049,0.8066358752
0.211,3.51,10,0.7257380691,0.131767496,0.8066009249
0.212,3.51,10,0.7256484852,0.1320989266,0.8065704954
0.213,3.51,10,0.7255619301,0.1324343343,0.8065446918
0.214,3.51,10,0.7254784406,0.1327737563,0.806523619
0.215,3.51,10,0.7253980535,0.1331172302,0.8065073822
0.216,3.51,10,0.7253208057,0.1334647934,0.8064960864
0.217,3.51,10,0.7252467341,0.1338164833,0.8064898366
0.218,3.51,10,0.7251758754,0.1341723374,0.8064887378
0.219,3.51,10,0.7251082665,0.134532393,0.8064928952
0.22,3.51,10,0.7250439442,0.1348966877,0.8065024136
0.221,3.51,10,0.7249829453,0.1352652589,0.8065173982
0.186,3.52,10,0.7290512848,0.1243277722,0.8085007632
0.187,3.52,10,0.728897221,0.1245719295,0.8083898247
0.188,3.52,10,0.7287452688,0.1248191271,0.8082808994
0.189,3.52,10,0.728595465,0.1250694024,0.8081740924
0.19,3.52,10,0.7284478464,0.1253227927,0.8080695087
0.191,3.52,10,0.7283024499,0.1255793355,0.8079672533
0.192,3.52,10,0.7281593123,0.1258390683,0.8078674312
0.193,3.52,10,0.7280184704,0.1261020285,0.8077701476
0.194,3.52,10,0.7278799611,0.1263682535,0.8076755074
0.195,3.52,10,0.7277438213,0.1266377807,0.8075836157
0.196,3.52,10,0.7276100877,0.1269106476,0.8074945776
0.197,3.52,10,0.7274787972,0.1271868916,0.807408498
0.198,3.52,10,0.7273499866,0.1274665501,0.807325482
0.199,3.52,10,0.7272236928,0.1277496607,0.8072456346
0.2,3.52,10,0.7270999526,0.1280362606,0.8071690609
0.201,3.52,10,0.7269788028,0.1283263874,0.807095866
0.202,3.52,10,0.7268602804,0.1286200785,0.8070261548
0.203,3.52,10,0.726744422,0.1289173712,0.8069600324
0.204,3.52,10,0.7266312646,0.1292183031,0.8068976039
0.205,3.52,10,0.726520845,0.1295229116,0.8068389742
0.206,3.52,10,0.7264132,0.1298312341,0.8067842485
0.207,3.52,10,0.7263083665,0.1301433081,0.8067335317
0.208,3.52,10,0.7262063813,0.1304591709,0.8066869289
0.209,3.52,10,0.7261072812,0.1307788601,0.8066445452
0.21,3.52,10,0.7260111031,0.1311024129,0.8066064855
0.211,3.52,10,0.7259178839,0.131429867,0.806572855
0.212,3.52,10,0.7258276602,0.1317612597,0.8065437585
0.213,3.52,10,0.7257404691,0.1320966284,0.8065193013
0.214,3.52,10,0.7256563473,0.1324360105,0.8064995884
0.215,3.52,10,0.7255753317,0.1327794436,0.8064847247
0.216,3.52,10,0.725497459,0.1331269651,0.8064748153
0.217,3.52,10,0.7254227662,0.1334786123,0.8064699652
0.218,3.52,10,0.7253512901,0.1338344227,0.8064702796
0.219,3.52,10,0.7252830675,0.1341944338,0.8064758633
0.22,3.52,10,0.7252181352,0.1345586829,0.8064868216
0.185,3.53,10,0.7294071214,0.1237530492,0.8085659936
0.186,3.53,10,0.7292502415,0.12399419,0.8084541042
0.187,3.53,10,0.7290954401,0.1242383327,0.8083441364
0.188,3.53,10,0.728942754,0.1244855146,0.8082361951
0.189,3.53,10,0.72879222,0.1247357732,0.8081303854
0.19,3.53,10,0.7286438749,0.124989146,0.8080268123
0.191,3.53,10,0.7284977556,0.1252456703,0.8079255809
0.192,3.53,10,0.728353899,0.1255053836,0.8078267962
0.193,3.53,10,0.7282123418,0.1257683234,0.8077305632
0.194,3.53,10,0.728073121,0.126034527,0.8076369871
0.195,3.53,10,0.7279362732,0.1263040319,0.8075461727
0.196,3.53,10,0.7278018355,0.1265768755,0.8074582253
0.197,3.53,10,0.7276698446,0.1268530953,0.8073732497
0.198,3.53,10,0.7275403373,0.1271327287,0.8072913511
0.199,3.53,10,0.7274133505,0.1274158131,0.8072126344
0.2,3.53,10,0.727288921,0.127702386,0.8071372048
0.201,3.53,10,0.7271670858,0.1279924848,0.8070651672
0.202,3.53,10,0.7270478815,0.1282861469,0.8069966268
0.203,3.53,10,0.726931345,0.1285834098,0.8069316884
0.204,3.53,10,0.7268175133,0.1288843109,0.8068704573
0.205,3.53,10,0.726706423,0.1291888876,0.8068130384
0.206,3.53,10,0.7265981111,0.1294971773,0.8067595367
0.207,3.53,10,0.7264926144,0.1298092176,0.8067100573
0.208,3.53,10,0.7263899697,0.1301250458,0.8066647053
0.209,3.53,10,0.7262902139,0.1304446993,0.8066235856
0.21,3.53,10,0.7261933837,0.1307682157,0.8065868034
0.211,3.53,10,0.7260995161,0.1310956322,0.8065544636
0.212,3.53,10,0.7260086479,0.1314269865,0.8065266713
0.213,3.53,10,0.7259208159,0.1317623158,0.8065035315
0.214,3.53,10,0.725836057,0.1321016576,0.8064851493
0.215,3.53,10,0.7257544079,0.1324450495,0.8064716298
0.216,3.53,10,0.7256759056,0.1327925287,0.8064630778
0.217,3.53,10,0.7256005868,0.1331441327,0.8064595986
0.218,3.53,10,0.7255284884,0.133499899,0.8064612971
0.219,3.53,10,0.7254596473,0.133859865,0.8064682783
0.185,3.54,10,0.7296086747,0.1234228517,0.8085285898
0.186,3.54,10,0.7294510486,0.1236639783,0.8084176288
0.187,3.54,10,0.7292955047,0.1239081058,0.8083086026
0.188,3.54,10,0.7291420798,0.1241552716,0.8082016163
0.189,3.54,10,0.7289908107,0.1244055131,0.8080967749
0.19,3.54,10,0.7288417343,0.1246588678,0.8079941835
0.191,3.54,10,0.7286948874,0.1249153731,0.8078939472
0.192,3.54,10,0.7285503069,0.1251750665,0.8077961708
0.193,3.54,10,0.7284080296,0.1254379854,0.8077009596
0.194,3.54,10,0.7282680923,0.1257041671,0.8076084184
0.195,3.54,10,0.7281305319,0.1259736493,0.8075186525
0.196,3.54,10,0.7279953851,0.1262464692,0.8074317667
0.197,3.54,10,0.7278626889,0.1265226643,0.8073478662
0.198,3.54,10,0.7277324801,0.126802272,0.807267056
0.199,3.54,10,0.7276047955,0.1270853299,0.8071894411
0.2,3.54,10,0.7274796719,0.1273718753,0.8071151265
0.201,3.54,10,0.7273571463,0.1276619456,0.8070442174
0.202,3.54,10,0.7272372553,0.1279555783,0.8069768187
0.203,3.54,10,0.7271200359,0.1282528108,0.8069130354
0.204,3.54,10,0.727005525,0.1285536805,0.8068529727
0.205,3.54,10,0.7268937592,0.1288582249,0.8067967356
0.206,3.54,10,0.7267847755,0.1291664815,0.806744429
0.207,3.54,10,0.7266786108,0.1294784876,0.8066961581
0.208,3.54,10,0.7265753018,0.1297942806,0.8066520278
0.209,3.54,10,0.7264748853,0.1301138981,0.8066121433
0.21,3.54,10,0.7263773983,0.1304373775,0.8065766095
0.211,3.54,10,0.7262828776,0.1307647561,0.8065455315
0.212,3.54,10,0.7261913599,0.1310960714,0.8065190143
0.213,3.54,10,0.7261028822,0.1314313609,0.806497163
0.214,3.54,10,0.7260174812,0.1317706619,0.8064800826
0.215,3.54,10,0.7259351939,0.132114012,0.8064678782
0.216,3.54,10,0.725856057,0.1324614485,0.8064606547
0.217,3.54,10,0.7257801074,0.1328130088,0.8064585173
0.184,3.55,10,0.7299724208,0.1228578401,0.8086130839
0.185,3.55,10,0.7298119947,0.1230959895,0.8085011791
0.186,3.55,10,0.7296536175,0.1233371013,0.8083911174
0.187,3.55,10,0.7294973263,0.1235812131,0.8082830039
0.188,3.55,10,0.7293431577,0.1238283623,0.8081769437
0.189,3.55,10,0.7291911488,0.1240785862,0.8080730417
0.19,3.55,10,0.7290413362,0.1243319224,0.807971403
0.191,3.55,10,0.7288937569,0.1245884083,0.8078721327
0.192,3.55,10,0.7287484477,0.1248480813,0.8077753358
0.193,3.55,10,0.7286054453,0.1251109788,0.8076811172
0.194,3.55,10,0.7284647868,0.1253771382,0.8075895822
0.195,3.55,10,0.7283265088,0.1256465971,0.8075008356
0.196,3.55,10,0.7281906482,0.1259193928,0.8074149826
0.197,3.55,10,0.7280572419,0.1261955628,0.8073321282
0.198,3.55,10,0.7279263267,0.1264751444,0.8072523774
0.199,3.55,10,0.7277979394,0.1267581752,0.8071758352
0.2,3.55,10,0.7276721169,0.1270446926,0.8071026068
0.201,3.55,10,0.727548896,0.1273347339,0.8070327971
0.202,3.55,10,0.7274283135,0.1276283367,0.8069665111
0.203,3.55,10,0.7273104064,0.1279255384,0.806903854
0.204,3.55,10,0.7271952113,0.1282263763,0.8068449308
0.205,3.55,10,0.7270827652,0.128530888,0.8067898464
0.206,3.55,10,0.7269731049,0.1288391109,0.806738706
0.207,3.55,10,0.7268662673,0.1291510823,0.8066916145
0.208,3.55,10,0.7267622891,0.1294668398,0.806648677
0.209,3.55,10,0.7266612072,0.1297864208,0.8066099986
0.21,3.55,10,0.7265630585,0.1301098626,0.8065756843
0.211,3.55,10,0.7264678797,0.1304372028,0.8065458392
0.212,3.55,10,0.7263757078,0.1307684787,0.8065205682
0.213,3.55,10,0.7262865795,0.1311037279,0.8064999764
0.214,3.55,10,0.7262005317,0.1314429876,0.8064841688
0.215,3.55,10,0.7261176012,0.1317862955,0.8064732505
0.216,3.55,10,0.726037825,0.1321336888,0.8064673266
0.183,3.56,10,0.7303413805,0.1222990806,0.8087073891
0.184,3.56,10,0.7301781788,0.1225342916,0.8085945899
0.185,3.56,10,0.730016993,0.1227724267,0.8084835421
0.186,3.56,10,0.7298578599,0.1230135234,0.8083743509
0.187,3.56,10,0.7297008165,0.123257619,0.8082671211
0.188,3.56,10,0.7295458995,0.1235047511,0.8081619579
0.189,3.56,10,0.7293931458,0.123754957,0.8080589663
0.19,3.56,10,0.7292425922,0.1240082742,0.8079582514
0.191,3.56,10,0.7290942756,0.1242647401,0.8078599182
0.192,3.56,10,0.7289482328,0.1245243922,0.8077640716
0.193,3.56,10,0.7288045006,0.1247872679,0.8076708169
0.194,3.56,10,0.7286631159,0.1250534046,0.8075802589
0.195,3.56,10,0.7285241155,0.1253228397,0.8074925028
0.196,3.56,10,0.7283875363,0.1255956107,0.8074076536
0.197,3.56,10,0.728253415,0.125871755,0.8073258162
0.198,3.56,10,0.7281217885,0.1261513101,0.8072470959
0.199,3.56,10,0.7279926937,0.1264343134,0.8071715975
0.2,3.56,10,0.7278661674,0.1267208023,0.8070994262
0.201,3.56,10,0.7277422465,0.1270108142,0.8070306869
0.202,3.56,10,0.7276209677,0.1273043866,0.8069654848
0.203,3.56,10,0.7275023679,0.127601557,0.8069039248
0.204,3.56,10,0.7273864839,0.1279023627,0.8068461121
0.205,3.56,10,0.7272733526,0.1282068411,0.8067921515
0.206,3.56,10,0.7271630109,0.1285150298,0.8067421482
0.207,3.56,10,0.7270554955,0.1288269662,0.8066962073
0.208,3.56,10,0.7269508433,0.1291426876,0.8066544336
0.209,3.56,10,0.7268490911,0.1294622315,0.8066169324
0.21,3.56,10,0.7267502758,0.1297856354,0.8065838086
0.211,3.56,10,0.7266544342,0.1301129367,0.8065551673
0.212,3.56,10,0.7265616031,0.1304441728,0.8065311135
0.213,3.56,10,0.7264718194,0.1307793811,0.8065117522
0.214,3.56,10,0.7263851199,0.1311185991,0.8064971885
0.182,3.57,10,0.7307154542,0.1217464987,0.8088113079
0.183,3.57,10,0.7305495014,0.1219788101,0.8086976637
0.184,3.57,10,0.7303855315,0.1222140074,0.8085856792
0.185,3.57,10,0.7302235812,0.1224521278,0.8084754595
0.186,3.57,10,0.7300636874,0.1226932088,0.8083671097
0.187,3.57,10,0.729905887,0.1229372878,0.8082607347
0.188,3.57,10,0.7297502167,0.1231844023,0.8081564396
0.189,3.57,10,0.7295967134,0.1234345897,0.8080543294
0.19,3.57,10,0.729445414,0.1236878874,0.8079545093
0.191,3.57,10,0.7292963552,0.123944333,0.8078570841
0.192,3.57,10,0.729149574,0.1242039637,0.8077621591
0.193,3.57,10,0.7290051071,0.124466817,0.8076698391
0.194,3.57,10,0.7288629914,0.1247329304,0.8075802293
0.195,3.57,10,0.7287232638,0.1250023414,0.8074934346
0.196,3.57,10,0.728585961,0.1252750872,0.8074095602
0.197,3.57,10,0.7284511199,0.1255512055,0.807328711
0.198,3.57,10,0.7283187773,0.1258307335,0.8072509921
0.199,3.57,10,0.7281889702,0.1261137088,0.8071765086
0.2,3.57,10,0.7280617352,0.1264001687,0.8071053654
0.201,3.57,10,0.7279371093,0.1266901508,0.8070376676
0.202,3.57,10,0.7278151293,0.1269836923,0.8069735203
0.203,3.57,10,0.7276958321,0.1272808309,0.8069130285
0.204,3.57,10,0.7275792544,0.1275816038,0.8068562972
0.205,3.57,10,0.7274654331,0.1278860486,0.8068034315
0.206,3.57,10,0.727354405,0.1281942027,0.8067545364
0.207,3.57,10,0.727246207,0.1285061034,0.806709717
0.208,3.57,10,0.7271408759,0.1288217883,0.8066690782
0.209,3.57,10,0.7270384486,0.1291412947,0.8066327252
0.21,3.57,10,0.7269389619,0.1294646602,0.806600763
0.211,3.57,10,0.7268424526,0.1297919221,0.8065732965
0.212,3.57,10,0.7267489575,0.1301231178,0.8065504309
0.181,3.58,10,0.7310945424,0.1212000197,0.8089246428
0.182,3.58,10,0.7309258631,0.1214294706,0.808810203
0.183,3.58,10,0.7307591336,0.1216617687,0.8086973312
0.184,3.58,10,0.7305943906,0.1218969517,0.8085861325
0.185,3.58,10,0.730431671,0.1221350569,0.8084767119
0.186,3.58,10,0.7302710116,0.1223761218,0.8083691745
0.187,3.58,10,0.7301124493,0.1226201837,0.8082636253
0.188,3.58,10,0.7299560208,0.1228672802,0.8081601693
0.189,3.58,10,0.7298017631,0.1231174486,0.8080589116
0.19,3.58,10,0.729649713,0.1233707264,0.8079599573
0.191,3.58,10,0.7294999072,0.123627151,0.8078634113
0.192,3.58,10,0.7293523827,0.1238867599,0.8077693787
0.193,3.58,10,0.7292071763,0.1241495905,0.8076779645
0.194,3.58,10,0.7290643248,0.1244156802,0.8075892738
0.195,3.58,10,0.7289238651,0.1246850664,0.8075034117
0.196,3.58,10,0.7287858339,0.1249577867,0.807420483
0.197,3.58,10,0.7286502682,0.1252338783,0.807340593
0.198,3.58,10,0.7285172047,0.1255133788,0.8072638467
0.199,3.58,10,0.7283866803,0.1257963256,0.807190349
0.2,3.58,10,0.7282587319,0.1260827561,0.807120205
0.201,3.58,10,0.7281333962,0.1263727078,0.8070535197
0.202,3.58,10,0.7280107102,0.1266662181,0.8069903983
0.203,3.58,10,0.7278907106,0.1269633244,0.8069309457
0.204,3.58,10,0.7277734343,0.1272640641,0.8068752669
0.205,3.58,10,0.7276589181,0.1275684747,0.8068234671
0.206,3.58,10,0.7275471989,0.1278765936,0.8067756512
0.207,3.58,10,0.7274383135,0.1281884583,0.8067319243
0.208,3.58,10,0.7273322987,0.1285041062,0.8066923915
0.209,3.58,10,0.7272291914,0.1288235747,0.8066571577
0.21,3.58,10,0.7271290284,0.1291469013,0.806626328
0.211,3.58,10,0.7270318465,0.1294741233,0.8066000074
0.18,3.59,10,0.7314785454,0.1206595693,0.8090471964
0.181,3.59,10,0.7313071643,0.1208861983,0.8089320103
0.182,3.59,10,0.7311376997,0.1211156363,0.8088183006
0.183,3.59,10,0.7309701886,0.1213479207,0.8087061723
0.184,3.59,10,0.7308046677,0.121583089,0.8085957304
0.185,3.59,10,0.7306411739,0.1218211785,0.8084870799
0.186,3.59,10,0.7304797441,0.1220622267,0.808380326
0.187,3.59,10,0.730320415,0.1223062711,0.8082755736
0.188,3.59,10,0.7301632236,0.1225533491,0.8081729278
0.189,3.59,10,0.7300082066,0.122803498,0.8080724936
0.19,3.59,10,0.7298554009,0.1230567554,0.807974376
0.191,3.59,10,0.7297048433,0.1233131587,0.8078786802
0.192,3.59,10,0.7295565707,0.1235727453,0.8077855111
0.193,3.59,10,0.7294106199,0.1238355526,0.8076949738
0.194,3.59,10,0.7292670278,0.1241016181,0.8076071733
0.195,3.59,10,0.7291258311,0.1243709792,0.8075222146
0.196,3.59,10,0.7289870667,0.1246436733,0.8074402029
0.197,3.59,10,0.7288507714,0.1249197379,0.807361243
0.198,3.59,10,0.7287169822,0.1251992104,0.8072854402
0.199,3.59,10,0.7285857358,0.1254821283,0.8072128994
0.2,3.59,10,0.728457069,0.1257685289,0.8071437256
0.201,3.59,10,0.7283310187,0.1260584497,0.8070780239
0.202,3.59,10,0.7282076218,0.1263519282,0.8070158993
0.203,3.59,10,0.728086915,0.1266490017,0.806957457
0.204,3.59,10,0.7279689353,0.1269497078,0.8069028018
0.205,3.59,10,0.7278537194,0.1272540838,0.8068520388
0.206,3.59,10,0.7277413042,0.1275621671,0.8068052732
0.207,3.59,10,0.7276317265,0.1278739953,0.8067626099
0.208,3.59,10,0.7275250231,0.1281896057,0.8067241539
0.209,3.59,10,0.727421231,0.1285090357,0.8066900104
0.18,3.6,10,0.7316933054,0.1203489188,0.8090628882
0.181,3.6,10,0.7315211303,0.1205755355,0.80894839
0.182,3.6,10,0.7313508756,0.1208049602,0.8088353814
0.183,3.6,10,0.731182578,0.1210372304,0.8087239675
0.184,3.6,10,0.7310162744,0.1212723834,0.8086142534
0.185,3.6,10,0.7308520016,0.1215104568,0.8085063442
0.186,3.6,10,0.7306897965,0.121751488,0.8084003447
0.187,3.6,10,0.7305296959,0.1219955143,0.8082963602
0.188,3.6,10,0.7303717366,0.1222425733,0.8081944955
0.189,3.6,10,0.7302159555,0.1224927023,0.8080948558
0.19,3.6,10,0.7300623894,0.1227459388,0.8079975461
0.191,3.6,10,0.7299110751,0.1230023202,0.8079026715
0.192,3.6,10,0.7297620496,0.123261884,0.8078103369
0.193,3.6,10,0.7296153495,0.1235246676,0.8077206475
0.194,3.6,10,0.7294710118,0.1237907084,0.8076337082
0.195,3.6,10,0.7293290733,0.1240600439,0.8075496241
0.196,3.6,10,0.7291895709,0.1243327115,0.8074685002
0.197,3.6,10,0.7290525413,0.1246087486,0.8073904416
0.198,3.6,10,0.7289180214,0.1248881926,0.8073155533
0.199,3.6,10,0.7287860481,0.125171081,0.8072439404
0.2,3.6,10,0.7286566582,0.1254574513,0.8071757078
0.201,3.6,10,0.7285298884,0.1257473408,0.8071109607
0.202,3.6,10,0.7284057758,0.126040787,0.8070498041
0.203,3.6,10,0.728284357,0.1263378273,0.806992343
0.204,3.6,10,0.7281656689,0.1266384992,0.8069386824
0.205,3.6,10,0.7280497485,0.1269428401,0.8068889274
0.206,3.6,10,0.7279366324,0.1272508874,0.806843183
0.207,3.6,10,0.7278263576,0.1275626785,0.8068015543
0.179,3.61,10,0.7320841869,0.1198175575,0.8092026392
0.18,3.61,10,0.7319093259,0.1200413917,0.8090874018
0.181,3.61,10,0.7317363521,0.1202679956,0.8089735623
0.182,3.61,10,0.7315653024,0.1204974065,0.8088612259
0.183,3.61,10,0.7313962135,0.120729662,0.8087504976
0.184,3.61,10,0.7312291223,0.1209647994,0.8086414824
0.185,3.61,10,0.7310640656,0.1212028562,0.8085342853
0.186,3.61,10,0.7309010804,0.1214438698,0.8084290113
0.187,3.61,10,0.7307402034,0.1216878776,0.8083257656
0.188,3.61,10,0.7305814714,0.1219349171,0.8082246532
0.189,3.61,10,0.7304249213,0.1221850257,0.8081257791
0.19,3.61,10,0.73027059,0.1224382409,0.8080292483
0.191,3.61,10,0.7301185142,0.1226946,0.8079351658
0.192,3.61,10,0.7299687308,0.1229541405,0.8078436368
0.193,3.61,10,0.7298212767,0.1232168999,0.8077547663
0.194,3.61,10,0.7296761886,0.1234829156,0.8076686592
0.195,3.61,10,0.7295335035,0.1237522249,0.8075854207
0.196,3.61,10,0.7293932581,0.1240248655,0.8075051557
0.197,3.61,10,0.7292554894,0.1243008745,0.8074279694
0.198,3.61,10,0.729120234,0.1245802896,0.8073539667
0.199,3.61,10,0.728987529,0.1248631482,0.8072832527
0.2,3.61,10,0.728857411,0.1251494876,0.8072159324
0.201,3.61,10,0.7287299169,0.1254393453,0.8071521109
0.202,3.61,10,0.7286050837,0.1257327588,0.8070918932
0.203,3.61,10,0.7284829481,0.1260297654,0.8070353843
0.204,3.61,10,0.7283635469,0.1263304027,0.8069826893
0.205,3.61,10,0.728246917,0.1266347079,0.8069339133
0.206,3.61,10,0.7281330952,0.1269427187,0.8068891612
0.178,3.62,10,0.7324797094,0.1192920399,0.8093510657
0.179,3.62,10,0.732302187,0.1195131305,0.8092351385
0.18,3.62,10,0.7321265186,0.1197369524,0.8091205177
0.181,3.62,10,0.7319527413,0.119963543,0.8090073081
0.182,3.62,10,0.7317808916,0.1201929397,0.8088956149
0.183,3.62,10,0.7316110066,0.1204251799,0.8087855431
0.184,3.62,10,0.731443123,0.1206603012,0.8086771977
0.185,3.62,10,0.7312772776,0.1208983409,0.8085706839
0.186,3.62,10,0.7311135074,0.1211393364,0.8084661065
0.187,3.62,10,0.7309518491,0.1213833252,0.8083635707
0.188,3.62,10,0.7307923396,0.1216303448,0.8082631815
0.189,3.62,10,0.7306350157,0.1218804325,0.8081650439
0.19,3.62,10,0.7304799143,0.1221336259,0.808069263
0.191,3.62,10,0.7303270721,0.1223899622,0.8079759438
0.192,3.62,10,0.7301765261,0.122649479,0.8078851914
0.193,3.62,10,0.730028313,0.1229122137,0.8077971108
0.194,3.62,10,0.7298824698,0.1231782038,0.807711807
0.195,3.62,10,0.7297390332,0.1234474866,0.807629385
0.196,3.62,10,0.7295980401,0.1237200996,0.80754995
0.197,3.62,10,0.7294595272,0.1239960802,0.8074736069
0.198,3.62,10,0.7293235316,0.1242754659,0.8074004609
0.199,3.62,10,0.7291900899,0.124558294,0.8073306168
0.2,3.62,10,0.7290592391,0.1248446021,0.8072641798
0.201,3.62,10,0.7289310159,0.1251344276,0.8072012549
0.202,3.62,10,0.7288054572,0.1254278078,0.8071419472
0.203,3.62,10,0.7286825999,0.1257247803,0.8070863617
0.204,3.62,10,0.7285624807,0.1260253825,0.8070346033
0.205,3.62,10,0.7284451366,0.1263296517,0.8069867773
0.179,3.63,10,0.7325212756,0.119211756,0.8092760499
0.18,3.63,10,0.7323447952,0.119435565,0.8091620165
0.181,3.63,10,0.7321702093,0.1196621418,0.8090494079
0.182,3.63,10,0.731997555,0.1198915238,0.8089383289
0.183,3.63,10,0.731826869,0.1201237484,0.8088288846
0.184,3.63,10,0.7316581881,0.1203588531,0.8087211802
0.185,3.63,10,0.7314915492,0.1205968752,0.8086153206
0.186,3.63,10,0.7313269891,0.1208378522,0.8085114108
0.187,3.63,10,0.7311645447,0.1210818216,0.8084095559
0.188,3.63,10,0.7310042528,0.1213288208,0.8083098609
0.189,3.63,10,0.7308461503,0.1215788871,0.808212431
0.19,3.63,10,0.7306902739,0.1218320582,0.808117371
0.191,3.63,10,0.7305366605,0.1220883713,0.8080247861
0.192,3.63,10,0.730385347,0.1223478639,0.8079347813
0.193,3.63,10,0.7302363702,0.1226105734,0.8078474616
0.194,3.63,10,0.7300897669,0.1228765374,0.8077629321
0.195,3.63,10,0.729945574,0.1231457931,0.8076812978
0.196,3.63,10,0.7298038282,0.1234183781,0.8076026637
0.197,3.63,10,0.7296645665,0.1236943298,0.807527135
0.198,3.63,10,0.7295278257,0.1239736856,0.8074548165
0.199,3.63,10,0.7293936426,0.1242564829,0.8073858135
0.2,3.63,10,0.729262054,0.1245427592,0.8073202308
0.201,3.63,10,0.7291330969,0.124832552,0.8072581736
0.202,3.63,10,0.7290068079,0.1251258985,0.8071997468
0.203,3.63,10,0.728883224,0.1254228364,0.8071450556
0.204,3.63,10,0.728762382,0.1257234029,0.807094205
0.179,3.64,10,0.7327413646,0.1189133983,0.8093251538
0.18,3.64,10,0.7325640671,0.119137194,0.809211679
0.181,3.64,10,0.732388668,0.1193637566,0.8090996422
0.182,3.64,10,0.7322152041,0.1195931234,0.8089891485
0.183,3.64,10,0.7320437122,0.1198253318,0.8088803029
0.184,3.64,10,0.7318742292,0.1200604194,0.8087732104
0.185,3.64,10,0.7317067919,0.1202984235,0.808667976
0.186,3.64,10,0.7315414372,0.1205393815,0.8085647048
0.187,3.64,10,0.7313782018,0.120783331,0.8084635019
0.188,3.64,10,0.7312171227,0.1210303093,0.8083644722
0.189,3.64,10,0.7310582366,0.1212803538,0.8082677209
0.19,3.64,10,0.7309015805,0.121533502,0.8081733529
0.191,3.64,10,0.730747191,0.1217897914,0.8080814733
0.192,3.64,10,0.7305951052,0.1220492594,0.8079921871
0.193,3.64,10,0.7304453597,0.1223119433,0.8079055994
0.194,3.64,10,0.7302979915,0.1225778807,0.8078218152
0.195,3.64,10,0.7301530374,0.1228471089,0.8077409396
0.196,3.64,10,0.7300105343,0.1231196654,0.8076630775
0.197,3.64,10,0.7298705188,0.1233955877,0.8075883341
0.198,3.64,10,0.729733028,0.1236749131,0.8075168143
0.199,3.64,10,0.7295980986,0.1239576791,0.8074486232
0.2,3.64,10,0.7294657675,0.1242439232,0.8073838659
0.201,3.64,10,0.7293360714,0.1245336827,0.8073226474
0.202,3.64,10,0.7292090474,0.1248269951,0.8072650727
0.203,3.64,10,0.7290847321,0.1251238978,0.8072112468
0.179,3.65,10,0.7329623653,0.1186180216,0.8093822308
0.18,3.65,10,0.732784246,0.1188418036,0.8092692857
0.181,3.65,10,0.7326080288,0.1190683515,0.8091577919
0.182,3.65,10,0.7324337504,0.1192977026,0.8090478545
0.183,3.65,10,0.7322614479,0.1195298944,0.8089395784
0.184,3.65,10,0.7320911579,0.1197649644,0.8088330689
0.185,3.65,10,0.7319229174,0.12000295,0.8087284308
0.186,3.65,10,0.7317567631,0.1202438886,0.8086257693
0.187,3.65,10,0.731592732,0.1204878177,0.8085251893
0.188,3.65,10,0.7314308608,0.1207347746,0.808426796
0.189,3.65,10,0.7312711864,0.1209847968,0.8083306943
0.19,3.65,10,0.7311137456,0.1212379218,0.8082369893
0.191,3.65,10,0.7309585752,0.121494187,0.808145786
0.192,3.65,10,0.7308057122,0.1217536298,0.8080571895
0.193,3.65,10,0.7306551933,0.1220162876,0.8079713048
0.194,3.65,10,0.7305070554,0.1222821979,0.8078882369
0.195,3.65,10,0.7303613352,0.1225513982,0.807808091
0.196,3.65,10,0.7302180697,0.1228239258,0.8077309719
0.197,3.65,10,0.7300772957,0.1230998181,0.8076569848
0.198,3.65,10,0.72993905,0.1233791127,0.8075862348
0.199,3.65,10,0.7298033695,0.123661847,0.8075188267
0.2,3.65,10,0.729670291,0.1239480583,0.8074548658
0.201,3.65,10,0.7295398513,0.1242377841,0.807394457
0.202,3.65,10,0.7294120872,0.1245310619,0.8073377053
0.18,3.66,10,0.7330052435,0.1185493582,0.8093346172
0.181,3.66,10,0.7328282033,0.1187758908,0.8092236374
0.182,3.66,10,0.7326531057,0.1190052258,0.8091142273
0.183,3.66,10,0.7324799876,0.1192374006,0.8090064919
0.184,3.66,10,0.7323088859,0.1194724525,0.8089005363
0.185,3.66,10,0.7321398373,0.1197104191,0.8087964656
0.186,3.66,10,0.7319728786,0.1199513378,0.8086943847
0.187,3.66,10,0.7318080469,0.120195246,0.8085943988
0.188,3.66,10,0.7316453787,0.1204421811,0.8084966128
0.189,3.66,10,0.7314849111,0.1206921805,0.8084011318
0.19,3.66,10,0.7313266808,0.1209452818,0.8083080608
0.191,3.66,10,0.7311707248,0.1212015223,0.8082175048
0.192,3.66,10,0.7310170797,0.1214609395,0.808129569
0.193,3.66,10,0.7308657825,0.1217235707,0.8080443584
0.194,3.66,10,0.7307168699,0.1219894535,0.8079619779
0.195,3.66,10,0.7305703789,0.1222586253,0.8078825326
0.196,3.66,10,0.7304263463,0.1225311235,0.8078061276
0.197,3.66,10,0.7302848089,0.1228069855,0.8077328679
0.198,3.66,10,0.7301458035,0.1230862487,0.8076628586
0.199,3.66,10,0.730009367,0.1233689507,0.8075962046
0.2,3.66,10,0.7298755362,0.1236551288,0.8075330111
0.201,3.66,10,0.7297443479,0.1239448205,0.807473383
0.181,3.67,10,0.7330491032,0.1184863389,0.8092969594
0.182,3.67,10,0.7328731816,0.1187156573,0.8091880477
0.183,3.67,10,0.7326992431,0.1189478145,0.809080824
0.184,3.67,10,0.7325273247,0.119182848,0.8089753934
0.185,3.67,10,0.7323574631,0.1194207951,0.808871861
0.186,3.67,10,0.7321896953,0.1196616934,0.8087703318
0.187,3.67,10,0.732024058,0.1199055802,0.8086709109
0.188,3.67,10,0.7318605881,0.120152493,0.8085737033
0.189,3.67,10,0.7316993225,0.1204024692,0.808478814
0.19,3.67,10,0.7315402979,0.1206555463,0.808386348
0.191,3.67,10,0.7313835512,0.1209117616,0.8082964105
0.192,3.67,10,0.7312291192,0.1211711527,0.8082091064
0.193,3.67,10,0.7310770388,0.1214337569,0.8081245408
0.194,3.67,10,0.7309273469,0.1216996117,0.8080428187
0.195,3.67,10,0.7307800802,0.1219687546,0.8079640452
0.196,3.67,10,0.7306352755,0.1222412228,0.8078883253
0.197,3.67,10,0.7304929698,0.122517054,0.807815764
0.198,3.67,10,0.7303531999,0.1227962855,0.8077464664
0.199,3.67,10,0.7302160026,0.1230789547,0.8076805375
0.2,3.67,10,0.7300814147,0.1233650991,0.8076180824
0.201,3.67,10,0.7299494731,0.1236547562,0.8075592061
0.182,3.68,10,0.7330938895,0.1184289614,0.8092690962
0.183,3.68,10,0.7329191258,0.1186611006,0.8091623552
0.184,3.68,10,0.7327463859,0.118896115,0.8090574207
0.185,3.68,10,0.7325757066,0.1191340423,0.8089543977
0.186,3.68,10,0.7324071247,0.1193749196,0.8088533912
0.187,3.68,10,0.732240677,0.1196187846,0.8087545063
0.188,3.68,10,0.7320764005,0.1198656746,0.8086578481
0.189,3.68,10,0.731914332,0.1201156271,0.8085635215
0.19,3.68,10,0.7317545082,0.1203686795,0.8084716316
0.191,3.68,10,0.7315969661,0.1206248693,0.8083822835
0.192,3.68,10,0.7314417424,0.1208842338,0.8082955822
0.193,3.68,10,0.731288874,0.1211468105,0.8082116327
0.194,3.68,10,0.7311383978,0.1214126368,0.80813054
0.195,3.68,10,0.7309903505,0.1216817502,0.8080524093
0.196,3.68,10,0.7308447691,0.1219541882,0.8079773454
0.197,3.68,10,0.7307016902,0.122229988,0.8079054536
0.198,3.68,10,0.7305611509,0.1225091872,0.8078368388
0.199,3.68,10,0.7304231879,0.1227918233,0.807771606
0.2,3.68,10,0.7302878381,0.1230779335,0.8077098604
0.184,3.69,10,0.7329659811,0.1186122181,0.8091463988
0.185,3.69,10,0.7327944792,0.1188501249,0.8090438562
0.186,3.69,10,0.7326250784,0.1190909809,0.8089433435
0.187,3.69,10,0.7324578156,0.1193348236,0.8088449657
0.188,3.69,10,0.7322927276,0.1195816904,0.8087488279
0.189,3.69,10,0.7321298513,0.1198316187,0.8086550351
0.19,3.69,10,0.7319692236,0.1200846459,0.8085636923
0.191,3.69,10,0.7318108811,0.1203408096,0.8084749046
0.192,3.69,10,0.7316548609,0.120600147,0.808388777
0.193,3.69,10,0.7315011996,0.1208626957,0.8083054146
0.194,3.69,10,0.7313499343,0.1211284932,0.8082249224
0.195,3.69,10,0.7312011016,0.1213975767,0.8081474055
0.196,3.69,10,0.7310547385,0.1216699838,0.8080729688
0.197,3.69,10,0.7309108817,0.1219457518,0.8080017174
0.198,3.69,10,0.7307695681,0.1222249183,0.8079337564
0.199,3.69,10,0.7306308346,0.1225075207,0.8078691908
0.185,3.7,10,0.7330136926,0.1185690073,0.8091400172
0.186,3.7,10,0.7328434681,0.1188098415,0.8090399692
0.187,3.7,10,0.7326753852,0.1190536614,0.8089420696
0.188,3.7,10,0.732509481,0.1193005045,0.8088464232
0.189,3.7,10,0.7323457921,0.1195504081,0.8087531352
0.19,3.7,10,0.7321843555,0.1198034097,0.8086623105
0.191,3.7,10,0.7320252079,0.1200595468,0.8085740543
0.192,3.7,10,0.7318683862,0.1203188568,0.8084884716
0.193,3.7,10,0.7317139273,0.120581377,0.8084056673
0.194,3.7,10,0.7315618679,0.120847145,0.8083257466
0.195,3.7,10,0.731412245,0.1211161982,0.8082488144
0.196,3.7,10,0.7312650953,0.1213885739,0.8081749759
0.197,3.7,10,0.7311204558,0.1216643098,0.8081043361
0.198,3.7,10,0.7309783631,0.121943443,0.8080369999
0.186,3.71,10,0.7330622053,0.1185314657,0.8091430492
0.187,3.71,10,0.7328932976,0.1187752624,0.8090455986
0.188,3.71,10,0.7327265722,0.1190220812,0.8089504148
0.189,3.71,10,0.7325620659,0.1192719597,0.8088576025
0.19,3.71,10,0.7323998155,0.1195249353,0.8087672671
0.191,3.71,10,0.732239858,0.1197810453,0.8086795133
0.192,3.71,10,0.73208223,0.1200403273,0.8085944464
0.193,3.71,10,0.7319269686,0.1203028186,0.8085121713
0.194,3.71,10,0.7317741104,0.1205685567,0.8084327931
0.195,3.71,10,0.7316236924,0.120837579,0.8083564168
0.196,3.71,10,0.7314757513,0.121109923,0.8082831475
0.187,3.72,10,0.7331114643,0.1184995908,0.8091553335
0.188,3.72,10,0.7329439129,0.118746385,0.8090605831
0.189,3.72,10,0.7327785843,0.1189962379,0.8089682178
0.19,3.72,10,0.7326155154,0.1192491868,0.8088783425
0.191,3.72,10,0.732454743,0.1195052694,0.8087910623
0.192,3.72,10,0.7322963039,0.1197645229,0.8087064822
0.193,3.72,10,0.7321402351,0.1200269848,0.8086247073
0.194,3.72,10,0.7319865732,0.1202926925,0.8085458426
0.195,3.72,10,0.7318353553,0.1205616835,0.8084699932
0.189,3.73,10,0.7329952589,0.1187232068,0.8090847614
0.19,3.73,10,0.7328313666,0.1189761288,0.8089953174
0.191,3.73,10,0.7326697745,0.1192321833,0.8089084817
0.192,3.73,10,0.7325105195,0.1194914078,0.8088243595
0.193,3.73,10,0.7323536384,0.1197538399,0.8087430559
0.19,3.74,10,0.7330472808,0.1187057253,0.8091179724
0.191,3.74,10,0.7328848642,0.1189617514,0.8090315523
