beta,eta,N,R,P,U,acceptability
0.2085,4.5,2,0.759678424676,0.0764681465151,0.779840764416,0
0.209,4.5,2,0.759678696029,0.0764486497632,0.779786905545,0
0.2095,4.5,2,0.759679533572,0.0764295543051,0.779734751041,0
0.21,4.5,2,0.759680941909,0.0764108648199,0.779684314034,0
0.2105,4.5,2,0.759682925645,0.0763925859867,0.779635607652,0
0.211,4.5,2,0.759685489385,0.0763747224847,0.779588645026,0
0.2115,4.5,2,0.759688637733,0.076357278993,0.779543439286,0
0.212,4.5,2,0.759692375294,0.0763402601908,0.779500003562,0
0.2125,4.5,2,0.759696706673,0.0763236707573,0.779458350984,0
0.213,4.5,2,0.759701636474,0.0763075153716,0.779418494681,0
0.2135,4.5,2,0.759707169302,0.0762917987128,0.779380447784,0
0.214,4.5,2,0.759713309761,0.0762765254602,0.779344223422,0
0.2145,4.5,2,0.759720062457,0.0762617002927,0.779309834726,0
0.215,4.5,2,0.759727431993,0.0762473278897,0.779277294824,0
0.2155,4.5,2,0.759735422975,0.0762334129302,0.779246616848,0
0.216,4.5,2,0.759744040007,0.0762199600934,0.779217813927,0
0.2165,4.5,2,0.759753287694,0.0762069740585,0.77919089919,0
0.217,4.5,2,0.759763170641,0.0761944595045,0.779165885769,0
0.2175,4.5,2,0.759773693451,0.0761824211107,0.779142786792,0
0.218,4.5,2,0.75978486073,0.0761708635562,0.77912161539,0
0.2185,4.5,2,0.759796677083,0.0761597915201,0.779102384692,0
0.219,4.5,2,0.759809147114,0.0761492096817,0.779085107828,0
0.2195,4.5,2,0.759822275427,0.0761391227199,0.779069797929,0
0.22,4.5,2,0.759836066628,0.0761295353141,0.779056468124,0
0.2205,4.5,2,0.75985052532,0.0761204521433,0.779045131543,0
0.221,4.5,2,0.75986565611,0.0761118778867,0.779035801316,0
0.2215,4.5,2,0.7598814636,0.0761038172235,0.779028490573,0
0.222,4.5,2,0.759897952397,0.0760962748327,0.779023212444,0
0.2225,4.5,2,0.759915127104,0.0760892553936,0.779019980059,0
0.223,4.5,2,0.759932992326,0.0760827635853,0.779018806547,0
0.2235,4.5,2,0.759951552669,0.076076804087,0.779019705038,1.04652931423e-05
0.224,4.5,2,0.759970812736,0.0760713815777,0.779022688663,0.000897577253354
0.2245,4.5,2,0.759990777132,0.0760665007367,0.779027770552,0.00286711728125
0.225,4.5,2,0.760011450462,0.076062166243,0.779034963833,0.00598747798577
0.2255,4.5,2,0.76003283733,0.076058382776,0.779044281638,0.00578818902572
0.226,4.5,2,0.760054942342,0.0760551550146,0.779055737095,0.00382725435536
0.2265,4.5,2,0.760077770101,0.076052487638,0.779069343336,0.00250728120264
0.227,4.5,2,0.760101325213,0.0760503853255,0.779085113489,0.0015829794798
0.2275,4.5,2,0.760125612282,0.0760488527561,0.779103060685,0.000915760950117
0.228,4.5,2,0.760150635913,0.076047894609,0.779123198053,0.000422527515086
0.2285,4.5,2,0.76017640071,0.0760475155633,0.779145538724,6.93647812688e-05
0.197,4.5,3,0.749295381346,0.0791859436316,0.773541277477,0
0.1975,4.5,3,0.749269223307,0.0791860221939,0.773448811102,0
0.198,4.5,3,0.749243557488,0.0791864621052,0.773357710035,0
0.1985,4.5,3,0.749218388493,0.0791872680445,0.773267987408,0
0.199,4.5,3,0.749193720927,0.079188444691,0.773179656349,0
0.1995,4.5,3,0.749169559395,0.0791899967239,0.773092729988,0
0.2,4.5,3,0.749145908501,0.0791919288224,0.773007221457,0
0.2005,4.5,3,0.74912277285,0.0791942456655,0.772923143883,0
0.201,4.5,3,0.749100157046,0.0791969519324,0.772840510398,0
0.2015,4.5,3,0.749078065695,0.0792000523023,0.772759334131,0
0.202,4.5,3,0.749056503401,0.0792035514543,0.772679628213,0
0.2025,4.5,3,0.749035474768,0.0792074540676,0.772601405772,0
0.203,4.5,3,0.749014984402,0.0792117648213,0.772524679939,0
0.2035,4.5,3,0.748995036906,0.0792164883945,0.772449463845,0
0.204,4.5,3,0.748975636886,0.0792216294665,0.772375770617,4.42289112185e-06
0.2045,4.5,3,0.748956788945,0.0792271927164,0.772303613388,9.24605532833e-05
0.205,4.5,3,0.74893849769,0.0792331828233,0.772233005286,0.000224940219021
0.2055,4.5,3,0.748920767724,0.0792396044664,0.772163959442,0.000375966537057
0.206,4.5,3,0.748903603652,0.0792464623247,0.772096488984,0.000548058756413
0.2065,4.5,3,0.748887010079,0.0792537610776,0.772030607044,0.000744107075315
0.207,4.5,3,0.748870991609,0.079261505404,0.771966326752,0.000967449492526
0.2075,4.5,3,0.748855552848,0.0792696999833,0.771903661236,0.00122177793358
0.208,4.5,3,0.748840698399,0.0792783494944,0.771842623627,0.00141494865545
0.2085,4.5,3,0.748826432867,0.0792874586167,0.771783227055,0.00154767697923
0.209,4.5,3,0.748812760857,0.0792970320291,0.77172548465,0.00169503805402
0.2095,4.5,3,0.748799686974,0.0793070744109,0.771669409541,0.00185908458863
0.21,4.5,3,0.748787215822,0.0793175904413,0.771615014859,0.00204221563778
0.2105,4.5,3,0.748775352007,0.0793285847993,0.771562313733,0.00224722727261
0.211,4.5,3,0.748764100131,0.0793400621641,0.771511319294,0.00247741758034
0.2115,4.5,3,0.748753464801,0.0793520272149,0.771462044671,0.0027366947782
0.212,4.5,3,0.748743450621,0.0793644846308,0.771414502994,0.00302971723754
0.2125,4.5,3,0.748734062195,0.079377439091,0.771368707393,0.00336196839313
0.213,4.5,3,0.748725304129,0.0793908952747,0.771324670997,0.00374017011615
0.2135,4.5,3,0.748717181026,0.0794048578608,0.771282406938,0.00417247385145
0.214,4.5,3,0.748709697492,0.0794193315287,0.771241928345,0.00466875880945
0.2145,4.5,3,0.748702858131,0.0794343209575,0.771203248347,0.00524114281062
0.215,4.5,3,0.748696667548,0.0794498308263,0.771166380075,0.00582382572664
0.2155,4.5,3,0.748691130347,0.0794658658143,0.771131336658,0.00626058353709
0.216,4.5,3,0.748686251134,0.0794824306006,0.771098131226,0.00672896892873
0.2165,4.5,3,0.748682034512,0.0794995298643,0.77106677691,0.00724550597887
0.217,4.5,3,0.748678485086,0.0795171682847,0.771037286839,0.00781644840927
0.2175,4.5,3,0.748675607461,0.0795353505408,0.771009674143,0.0084489414368
0.218,4.5,3,0.748673406243,0.0795540813119,0.770983951951,0.00915100976693
0.2185,4.5,3,0.748671886034,0.079573365277,0.770960133395,0.00993169359264
0.219,4.5,3,0.74867105144,0.0795932071154,0.770938231603,0.0108009818017
0.2195,4.5,3,0.748670907066,0.0796136115061,0.770918259706,0.0117696806275
0.22,4.5,3,0.748671457517,0.0796345831284,0.770900230834,0.0128485954908
0.2205,4.5,3,0.748672707396,0.0796561266613,0.770884158116,0.0140475023592
0.221,4.5,3,0.748674661309,0.079678246784,0.770870054682,0.0153727071605
0.2215,4.5,3,0.74867732386,0.0797009481758,0.770857933662,0.0168224763126
0.222,4.5,3,0.748680699654,0.0797242355156,0.770847808187,0.0183770969675
0.2225,4.5,3,0.748684793295,0.0797481134827,0.770839691386,0.0199804305413
0.223,4.5,3,0.748689609389,0.0797725867562,0.770833596388,0.0215020481398
0.2235,4.5,3,0.74869515254,0.0797976600153,0.770829536325,0.022658352536
0.224,4.5,3,0.748701427352,0.0798233379391,0.770827524325,0.0176067380927
0.232,3.065,4,0.731240114211,0.128543328251,0.783848201426,0
0.2315,3.07,4,0.731299421677,0.128212510701,0.783611313317,0
0.232,3.07,4,0.731287365631,0.128280048781,0.78355744823,0
0.2305,3.075,4,0.731373398023,0.127817712811,0.783435446656,0
0.231,3.075,4,0.731360089463,0.127883697286,0.783378908753,0
0.2315,3.075,4,0.731347480972,0.127950458077,0.783324103612,0
0.2295,3.08,4,0.731450504049,0.127427211843,0.783267591859,0
0.23,3.08,4,0.731435958925,0.127491661845,0.783208423368,0
0.2305,3.08,4,0.731422105127,0.127556878686,0.783150963047,0
0.231,3.08,4,0.73140894726,0.127622867045,0.783095224027,0
0.2315,3.08,4,0.731396489927,0.127689631602,0.783041219437,0
0.2325,3.08,4,0.731373695285,0.127825508025,0.782938466069,0
0.233,3.08,4,0.731363367184,0.127894629249,0.78288974355,0
0.229,3.085,4,0.731514935349,0.127103899496,0.783045901351,0
0.2295,3.085,4,0.731499852196,0.127167591518,0.782985828079,0
0.23,3.085,4,0.73148545623,0.127232045581,0.782927451515,0
0.2305,3.085,4,0.731471752054,0.127297266366,0.782870784789,0
0.231,3.085,4,0.731458744274,0.12736325855,0.78281584103,0
0.2315,3.085,4,0.731446437493,0.127430026813,0.78276263337,0
0.232,3.085,4,0.731434836318,0.127497575834,0.782711174937,0
0.2325,3.085,4,0.731423945352,0.127565910293,0.782661478861,0
0.229,3.09,4,0.731565065396,0.12684549251,0.782767636105,0
0.2295,3.09,4,0.731550130329,0.126909188654,0.782708349471,0
0.23,3.09,4,0.731535882913,0.12697364672,0.782650761213,0
0.2305,3.09,4,0.731522327754,0.127038871389,0.782594884459,0
0.231,3.09,4,0.731509469455,0.127104867339,0.782540732341,0
0.2315,3.09,4,0.731497312621,0.12717163925,0.782488317988,0
0.232,3.09,4,0.731485861858,0.1272391918,0.78243765453,0
0.2325,3.09,4,0.731475121769,0.127307529669,0.782388755097,0
0.2335,3.09,4,0.731455792034,0.12744658008,0.782296300824,0
0.2285,3.095,4,0.731631586083,0.126525355504,0.78255382276,0
0.229,3.095,4,0.731616114984,0.126588298584,0.78249363223,0
0.2295,3.095,4,0.731601327397,0.12665199879,0.782435128614,0
0.23,3.095,4,0.731587227926,0.1267164608,0.782378325039,0
0.2305,3.095,4,0.731573821177,0.126781689294,0.782323234638,0
0.231,3.095,4,0.731561111754,0.126847688951,0.782269870538,0
0.2315,3.095,4,0.731549104261,0.126914464449,0.782218245871,0
0.232,3.095,4,0.731537803304,0.126982020469,0.782168373766,0
0.2325,3.095,4,0.731527213487,0.127050361689,0.782120267354,0
0.233,3.095,4,0.731517339414,0.127119492788,0.782073939763,0
0.2335,3.095,4,0.73150818569,0.127189418446,0.782029404124,0
0.234,3.095,4,0.73149975692,0.127260143342,0.781986673567,0
0.2345,3.095,4,0.731492057709,0.127331672154,0.781945761222,0
0.2285,3.1,4,0.731683397753,0.126269366054,0.782283275108,0
0.229,3.1,4,0.731668073063,0.126332313256,0.782223862306,0
0.2295,3.1,4,0.73165343235,0.126396017465,0.782166138085,0
0.23,3.1,4,0.731639480219,0.12646048336,0.782110115573,0
0.2305,3.1,4,0.731626221275,0.126525715619,0.782055807901,0
0.231,3.1,4,0.731613660121,0.126591718924,0.782003228199,0
0.2315,3.1,4,0.731601801364,0.126658497951,0.781952389596,0
0.232,3.1,4,0.731590649607,0.126726057381,0.781903305223,0
0.2325,3.1,4,0.731580209456,0.126794401893,0.78185598821,0
0.233,3.1,4,0.731570485514,0.126863536165,0.781810451685,0
0.2335,3.1,4,0.731561482386,0.126933464878,0.78176670878,0
0.234,3.1,4,0.731553204678,0.127004192709,0.781724772624,0
0.2285,3.105,4,0.731736107472,0.126014580799,0.782016937606,0
0.229,3.105,4,0.731720928585,0.126077532063,0.781958298911,0
0.2295,3.105,4,0.73170643414,0.126141240216,0.781901350463,0
0.23,3.105,4,0.731692628743,0.126205709936,0.781846105392,0
0.2305,3.105,4,0.731679516997,0.126270945903,0.781792576828,0
0.231,3.105,4,0.731667103508,0.126336952795,0.781740777902,0
0.2315,3.105,4,0.73165539288,0.126403735293,0.781690721742,0
0.232,3.105,4,0.731644389718,0.126471298074,0.781642421479,0
0.2325,3.105,4,0.731634098626,0.126539645818,0.781595890243,0
0.233,3.105,4,0.73162452421,0.126608783205,0.781551141163,0
0.2335,3.105,4,0.731615671073,0.126678714912,0.78150818737,0
0.234,3.105,4,0.73160754382,0.126749445621,0.781467041993,0
0.235,3.105,4,0.731593485387,0.126893322756,0.781390229008,0
0.228,3.11,4,0.731805418182,0.1256987921,0.781814329827,0
0.2285,3.11,4,0.731789704189,0.125760995277,0.781754782832,0
0.229,3.11,4,0.731774670499,0.125823950545,0.781696914621,0
0.2295,3.11,4,0.731760321717,0.125887662582,0.781640738325,0
0.23,3.11,4,0.731746662448,0.125952136069,0.781586267074,0
0.2305,3.11,4,0.731733697295,0.126017375683,0.781533513997,0
0.231,3.11,4,0.731721430865,0.126083386105,0.781482492225,0
0.2315,3.11,4,0.73170986776,0.126150172012,0.781433214886,0
0.232,3.11,4,0.731699012587,0.126217738085,0.781385695112,0
0.2325,3.11,4,0.731688869949,0.126286089003,0.781339946032,0
0.233,3.11,4,0.731679444452,0.126355229444,0.781295980775,0
0.2335,3.11,4,0.7316707407,0.126425164089,0.781253812472,0
0.234,3.11,4,0.731662763297,0.126495897615,0.781213454253,0
0.2345,3.11,4,0.731655516849,0.126567434702,0.781174919248,0
0.235,3.11,4,0.73164900596,0.12663978003,0.781138220586,0
0.2355,3.11,4,0.731643235234,0.126712938277,0.781103371397,0
0.236,3.11,4,0.731638209276,0.126786914123,0.781070384812,0
0.2365,3.11,4,0.731633932692,0.126861712247,0.78103927396,0
0.237,3.11,4,0.731630410085,0.126937337327,0.781010051971,0
0.2375,3.11,4,0.73162764606,0.127013794044,0.780982731975,0
0.228,3.115,4,0.731859746722,0.125446397787,0.781555565163,0
0.2285,3.115,4,0.731844176855,0.125508605027,0.781496783363,0
0.229,3.115,4,0.731829287757,0.125571564239,0.781439682016,0
0.2295,3.115,4,0.731815084032,0.125635280102,0.781384274251,0
0.23,3.115,4,0.731801570285,0.125699757295,0.781330573198,0
0.2305,3.115,4,0.731788751119,0.125765000498,0.781278591986,0
0.231,3.115,4,0.731776631141,0.125831014389,0.781228343746,0
0.2315,3.115,4,0.731765214955,0.125897803648,0.781179841607,0
0.232,3.115,4,0.731754507165,0.125965372954,0.7811330987,0
0.2325,3.115,4,0.731744512376,0.126033726986,0.781088128154,0
0.233,3.115,4,0.731735235192,0.126102870423,0.781044943099,0
0.2335,3.115,4,0.731726680219,0.126172807944,0.781003556665,0
0.234,3.115,4,0.73171885206,0.126243544229,0.780963981983,0
0.2345,3.115,4,0.731711755321,0.126315083956,0.780926232181,0
0.235,3.115,4,0.731705394607,0.126387431806,0.78089032039,0
0.2355,3.115,4,0.731699774521,0.126460592456,0.780856259739,0
0.236,3.115,4,0.731694899669,0.126534570586,0.780824063359,0
0.2365,3.115,4,0.731690774654,0.126609370875,0.78079374438,0
0.237,3.115,4,0.731687404083,0.126684998003,0.780765315931,0
0.2275,3.12,4,0.731931043742,0.125133730274,0.781360621218,0
0.228,3.12,4,0.731914940767,0.125195194343,0.781300932004,0
0.2285,3.12,4,0.731899514421,0.125257405587,0.78124291178,0
0.229,3.12,4,0.731884769309,0.125320368683,0.781186573674,0
0.2295,3.12,4,0.731870710035,0.125384088313,0.781131930818,0
0.23,3.12,4,0.731857341204,0.125448569154,0.781078996341,0
0.2305,3.12,4,0.73184466742,0.125513815886,0.781027783373,0
0.231,3.12,4,0.731832693289,0.125579833188,0.780978305044,0
0.2315,3.12,4,0.731821423415,0.125646625739,0.780930574483,0
0.232,3.12,4,0.731810862402,0.125714198218,0.780884604821,0
0.2325,3.12,4,0.731801014856,0.125782555305,0.780840409188,0
0.233,3.12,4,0.73179188538,0.125851701679,0.780798000713,0
0.2335,3.12,4,0.73178347858,0.125921642018,0.780757392527,0
0.234,3.12,4,0.73177579906,0.125992381002,0.780718597759,0
0.2345,3.12,4,0.731768851425,0.12606392331,0.780681629539,0
0.235,3.12,4,0.731762640279,0.126136273622,0.780646500997,0
0.2355,3.12,4,0.731757170227,0.126209436615,0.780613225263,0
0.236,3.12,4,0.731752445874,0.126283416971,0.780581815467,0
0.2365,3.12,4,0.731748471825,0.126358219366,0.780552284739,0
0.237,3.12,4,0.731745252683,0.126433848482,0.780524646208,0
0.2375,3.12,4,0.731742793055,0.126510308997,0.780498913005,0
0.238,3.12,4,0.731741097543,0.126587605589,0.78047509826,0
0.2385,3.12,4,0.731740170754,0.126665742939,0.780453215102,0
0.239,3.12,4,0.731740017291,0.126744725726,0.780433276661,0
0.2395,3.12,4,0.73174064176,0.126824558628,0.780415296067,0
0.24,3.12,4,0.731742048764,0.126905246324,0.780399286451,0
0.2405,3.12,4,0.73174424291,0.126986793495,0.780385260941,0
0.241,3.12,4,0.7317472288,0.127069204818,0.780373232668,0
0.2275,3.125,4,0.731986949794,0.124883709175,0.781109335859,0
0.228,3.125,4,0.731970989269,0.124945177307,0.78105040293,0
0.2285,3.125,4,0.731955705837,0.125007392494,0.780993140659,0
0.229,3.125,4,0.731941104105,0.125070359417,0.780937562173,0
0.2295,3.125,4,0.731927188677,0.125134082753,0.780883680604,0
0.23,3.125,4,0.731913964156,0.125198567183,0.780831509082,0
0.2305,3.125,4,0.731901435148,0.125263817385,0.780781060736,0
0.231,3.125,4,0.731889606258,0.125329838039,0.780732348696,0
0.2315,3.125,4,0.73187848209,0.125396633823,0.780685386092,0
0.232,3.125,4,0.731868067249,0.125464209416,0.780640186054,0
0.2325,3.125,4,0.73185836634,0.125532569499,0.780596761712,0
0.233,3.125,4,0.731849383966,0.12560171875,0.780555126196,0
0.2335,3.125,4,0.731841124733,0.125671661848,0.780515292635,0
0.234,3.125,4,0.731833593246,0.125742403472,0.78047727416,0
0.2345,3.125,4,0.731826794109,0.125813948302,0.780441083901,0
0.235,3.125,4,0.731820731926,0.125886301016,0.780406734987,0
0.2355,3.125,4,0.731815411303,0.125959466294,0.780374240548,0
0.236,3.125,4,0.731810836844,0.126033448815,0.780343613714,0
0.2365,3.125,4,0.731807013153,0.126108253259,0.780314867615,0
0.237,3.125,4,0.731803944836,0.126183884303,0.780288015382,0
0.2375,3.125,4,0.731801636497,0.126260346628,0.780263070143,0
0.238,3.125,4,0.73180009274,0.126337644912,0.780240045029,0
0.2385,3.125,4,0.731799318171,0.126415783836,0.780218953169,0
0.239,3.125,4,0.731799317393,0.126494768077,0.780199807695,0
0.2395,3.125,4,0.731800095012,0.126574602314,0.780182621734,0
0.24,3.125,4,0.731801655633,0.126655291229,0.780167408418,0
0.2405,3.125,4,0.731804003859,0.126736839498,0.780154180877,0
0.2275,3.13,4,0.732043699858,0.12463487008,0.780862130783,0
0.228,3.13,4,0.732027881177,0.124696342216,0.780803950518,0
0.2285,3.13,4,0.732012740055,0.124758561288,0.780747442578,0
0.229,3.13,4,0.731998281097,0.124821531977,0.780692620091,0
0.2295,3.13,4,0.731984508908,0.124885258962,0.780639496188,0
0.23,3.13,4,0.731971428092,0.124949746921,0.780588083999,0
0.2305,3.13,4,0.731959043255,0.125015000534,0.780538396653,0
0.231,3.13,4,0.731947359,0.12508102448,0.780490447281,0
0.2315,3.13,4,0.731936379932,0.125147823437,0.780444249012,0
0.232,3.13,4,0.731926110657,0.125215402086,0.780399814977,0
0.2325,3.13,4,0.731916555779,0.125283765106,0.780357158304,0
0.233,3.13,4,0.731907719901,0.125352917174,0.780316292125,0
0.2335,3.13,4,0.73189960763,0.125422862972,0.780277229569,0
0.234,3.13,4,0.73189222357,0.125493607177,0.780239983765,0
0.2345,3.13,4,0.731885572325,0.125565154469,0.780204567844,0
0.235,3.13,4,0.7318796585,0.125637509527,0.780170994936,0
0.2355,3.13,4,0.731874486699,0.125710677031,0.780139278171,0
0.236,3.13,4,0.731870061528,0.125784661659,0.780109430678,0
0.2365,3.13,4,0.73186638759,0.12585946809,0.780081465587,0
0.237,3.13,4,0.731863469492,0.125935101004,0.780055396029,0
0.2375,3.13,4,0.731861311836,0.12601156508,0.780031235133,0
0.238,3.13,4,0.731859919228,0.126088864997,0.780008996029,0
0.2385,3.13,4,0.731859296273,0.126167005434,0.779988691846,0
0.239,3.13,4,0.731859447575,0.126245991071,0.779970335716,0
0.2395,3.13,4,0.731860377739,0.126325826585,0.779953940768,0
0.24,3.13,4,0.731862091369,0.126406516658,0.779939520131,0
0.2405,3.13,4,0.731864593071,0.126488065967,0.779927086935,0
0.241,3.13,4,0.731867887448,0.126570479192,0.779916654312,0
0.2415,3.13,4,0.731871979105,0.126653761012,0.779908235389,0
0.242,3.13,4,0.731876872648,0.126737916106,0.779901843298,0
0.2425,3.13,4,0.73188257268,0.126822949154,0.779897491168,0
0.243,3.13,4,0.731889083807,0.126908864834,0.779895192129,0
0.2435,3.13,4,0.731896410633,0.126995667825,0.779894959311,0
0.227,3.135,4,0.73211763375,0.124326474588,0.780678070652,0
0.2275,3.135,4,0.732101282886,0.124387208528,0.780618978569,0
0.228,3.135,4,0.732085605442,0.124448684608,0.780561547347,0
0.2285,3.135,4,0.732070606024,0.124510907507,0.780505790116,0
0.229,3.135,4,0.732056289234,0.124573881903,0.780451720006,0
0.2295,3.135,4,0.732042659679,0.124637612477,0.780399350148,0
0.23,3.135,4,0.732029721962,0.124702103906,0.78034869367,0
0.2305,3.135,4,0.732017480689,0.12476736087,0.780299763703,0
0.231,3.135,4,0.732005940464,0.124833388049,0.780252573377,0
0.2315,3.135,4,0.731995105891,0.124900190122,0.780207135822,0
0.232,3.135,4,0.731984981576,0.124967771767,0.780163464167,0
0.2325,3.135,4,0.731975572123,0.125036137663,0.780121571543,0
0.233,3.135,4,0.731966882136,0.125105292491,0.780081471079,0
0.2335,3.135,4,0.731958916221,0.125175240929,0.780043175905,0
0.234,3.135,4,0.731951678982,0.125245987656,0.780006699152,0
0.2345,3.135,4,0.731945175023,0.125317537351,0.779972053948,0
0.235,3.135,4,0.731939408949,0.125389894694,0.779939253425,0
0.2355,3.135,4,0.731934385366,0.125463064363,0.779908310711,0
0.236,3.135,4,0.731930108877,0.125537051039,0.779879238937,0
0.2365,3.135,4,0.731926584087,0.125611859399,0.779852051233,0
0.237,3.135,4,0.731923815601,0.125687494124,0.779826760728,0
0.2375,3.135,4,0.731921808023,0.125763959891,0.779803380553,0
0.238,3.135,4,0.731920565958,0.125841261382,0.779781923837,0
0.2385,3.135,4,0.731920094012,0.125919403274,0.779762403711,0
0.239,3.135,4,0.731920396787,0.125998390246,0.779744833304,0
0.2395,3.135,4,0.73192147889,0.126078226979,0.779729225745,0
0.24,3.135,4,0.731923344925,0.12615891815,0.779715594166,0
0.2405,3.135,4,0.731925999496,0.12624046844,0.779703951696,0
0.241,3.135,4,0.731929447208,0.126322882527,0.779694311464,0
0.2415,3.135,4,0.731933692665,0.12640616509,0.779686686601,0
0.242,3.135,4,0.731938740473,0.126490320809,0.779681090236,0
0.2425,3.135,4,0.731944595236,0.126575354363,0.7796775355,0
0.243,3.135,4,0.731951261559,0.126661270431,0.779676035523,0
0.227,3.14,4,0.732175898524,0.124079982113,0.780438200125,0
0.2275,3.14,4,0.732159687827,0.124140720058,0.780379851795,0
0.228,3.14,4,0.732144151016,0.124202200023,0.780323165994,0
0.2285,3.14,4,0.732129292695,0.124264426688,0.780268155851,0
0.229,3.14,4,0.732115117468,0.124327404733,0.780214834497,0
0.2295,3.14,4,0.732101629941,0.124391138836,0.780163215061,0
0.23,3.14,4,0.732088834717,0.124455633676,0.780113310673,0
0.2305,3.14,4,0.732076736403,0.124520893933,0.780065134464,0
0.231,3.14,4,0.732065339601,0.124586924286,0.780018699562,0
0.2315,3.14,4,0.732054648918,0.124653729413,0.779974019099,0
0.232,3.14,4,0.732044668957,0.124721313995,0.779931106203,0
0.2325,3.14,4,0.732035404323,0.12478968271,0.779889974006,0
0.233,3.14,4,0.732026859622,0.124858840237,0.779850635635,0
0.2335,3.14,4,0.732019039457,0.124928791256,0.779813104223,0
0.234,3.14,4,0.732011948433,0.124999540446,0.779777392898,0
0.2345,3.14,4,0.732005591154,0.125071092485,0.77974351479,0
0.235,3.14,4,0.731999972227,0.125143452054,0.77971148303,0
0.2355,3.14,4,0.731995096254,0.12521662383,0.779681310746,0
0.236,3.14,4,0.731990967841,0.125290612494,0.77965301107,0
0.2365,3.14,4,0.731987591593,0.125365422724,0.779626597131,0
0.237,3.14,4,0.731984972114,0.1254410592,0.779602082058,0
0.2375,3.14,4,0.731983114008,0.1255175266,0.779579478983,0
0.238,3.14,4,0.731982021881,0.125594829604,0.779558801034,0
0.2385,3.14,4,0.731981700337,0.125672972892,0.779540061341,0
0.239,3.14,4,0.731982153981,0.125751961141,0.779523273035,0
0.2395,3.14,4,0.731983387417,0.125831799032,0.779508449246,0
0.24,3.14,4,0.73198540525,0.125912491244,0.779495603102,0
0.2405,3.14,4,0.731988212084,0.125994042455,0.779484747735,0
0.241,3.14,4,0.731991812525,0.126076457344,0.779475896274,0
0.2415,3.14,4,0.731996211177,0.126159740592,0.779469061849,0
0.242,3.14,4,0.732001412645,0.126243896877,0.779464257589,0
0.2425,3.14,4,0.732007421532,0.126328930878,0.779461496626,0
0.243,3.14,4,0.732014242445,0.126414847274,0.779460792088,0
0.2265,3.145,4,0.73225171565,0.123774653652,0.780261590501,0
0.227,3.145,4,0.732234974768,0.123834658317,0.780202331237,0
0.2275,3.145,4,0.732218903633,0.123895400207,0.780144723039,0
0.228,3.145,4,0.732203506848,0.123956883998,0.780088779037,0
0.2285,3.145,4,0.732188789018,0.124019114371,0.780034512361,0
0.229,3.145,4,0.732174754749,0.124082096004,0.779981936141,0
0.2295,3.145,4,0.732161408644,0.124145833577,0.779931063506,0
0.23,3.145,4,0.732148755308,0.12421033177,0.779881907587,0
0.2305,3.145,4,0.732136799346,0.12427559526,0.779834481513,0
0.231,3.145,4,0.732125545363,0.124341628727,0.779788798415,0
0.2315,3.145,4,0.732114997963,0.124408436851,0.779744871422,0
0.232,3.145,4,0.73210516175,0.12447602431,0.779702713664,0
0.2325,3.145,4,0.73209604133,0.124544395784,0.779662338271,0
0.233,3.145,4,0.732087641308,0.124613555952,0.779623758373,0
0.2335,3.145,4,0.732079966287,0.124683509493,0.7795869871,0
0.234,3.145,4,0.732073020873,0.124754261086,0.779552037582,0
0.2345,3.145,4,0.732066809669,0.12482581541,0.779518922948,0
0.235,3.145,4,0.732061337282,0.124898177145,0.779487656329,0
0.2355,3.145,4,0.732056608315,0.124971350969,0.779458250855,0
0.236,3.145,4,0.732052627372,0.125045341562,0.779430719654,0
0.2365,3.145,4,0.73204939906,0.125120153603,0.779405075858,0
0.237,3.145,4,0.732046927982,0.12519579177,0.779381332597,0
0.2375,3.145,4,0.732045218743,0.125272260744,0.779359502999,0
0.238,3.145,4,0.732044275947,0.125349565204,0.779339600195,0
0.2385,3.145,4,0.7320441042,0.125427709827,0.779321637315,0
0.239,3.145,4,0.732044708106,0.125506699295,0.779305627489,0
0.2395,3.145,4,0.732046092269,0.125586538285,0.779291583846,0
0.24,3.145,4,0.732048261295,0.125667231477,0.779279519517,0
0.2405,3.145,4,0.732051219788,0.12574878355,0.779269447632,0
0.241,3.145,4,0.732054972352,0.125831199183,0.77926138132,0
0.2415,3.145,4,0.732059523592,0.125914483056,0.779255333711,0
0.242,3.145,4,0.732064878113,0.125998639847,0.779251317935,0
0.2425,3.145,4,0.73207104052,0.126083674236,0.779249347123,0
0.2265,3.15,4,0.732311453825,0.123530490069,0.780028960988,0
0.227,3.15,4,0.732294851433,0.123590498739,0.779970436567,0
0.2275,3.15,4,0.732278919253,0.123651244513,0.779913564879,0
0.228,3.15,4,0.732263661889,0.123712732071,0.779858359055,0
0.2285,3.15,4,0.732249083945,0.123774966093,0.779804832224,0
0.229,3.15,4,0.732235190027,0.123837951256,0.779752997516,0
0.2295,3.15,4,0.732221984739,0.12390169224,0.779702868061,0
0.23,3.15,4,0.732209472685,0.123966193725,0.779654456989,0
0.2305,3.15,4,0.73219765847,0.124031460389,0.779607777429,0
0.231,3.15,4,0.732186546699,0.124097496912,0.779562842513,0
0.2315,3.15,4,0.732176141976,0.124164307973,0.779519665368,0
0.232,3.15,4,0.732166448907,0.124231898251,0.779478259126,0
0.2325,3.15,4,0.732157472095,0.124300272425,0.779438636917,0
0.233,3.15,4,0.732149216145,0.124369435174,0.77940081187,0
0.2335,3.15,4,0.732141685663,0.124439391177,0.779364797115,0
0.234,3.15,4,0.732134885253,0.124510145114,0.779330605782,0
0.2345,3.15,4,0.732128819518,0.124581701664,0.779298251001,0
0.235,3.15,4,0.732123493065,0.124654065506,0.779267745902,0
0.2355,3.15,4,0.732118910498,0.124727241319,0.779239103614,0
0.236,3.15,4,0.73211507642,0.124801233781,0.779212337268,0
0.2365,3.15,4,0.732111995438,0.124876047574,0.779187459994,0
0.237,3.15,4,0.732109672155,0.124951687374,0.779164484922,0
0.2375,3.15,4,0.732108111177,0.125028157863,0.77914342518,0
0.238,3.15,4,0.732107317107,0.125105463718,0.7791242939,0
0.2385,3.15,4,0.732107294551,0.125183609618,0.779107104211,0
0.239,3.15,4,0.732108048113,0.125262600244,0.779091869243,0
0.2395,3.15,4,0.732109582399,0.125342440275,0.779078602126,0
0.24,3.15,4,0.732111902011,0.125423134388,0.77906731599,0
0.2405,3.15,4,0.732115011556,0.125504687264,0.779058023965,0
0.241,3.15,4,0.732118915637,0.125587103582,0.77905073918,0
0.2415,3.15,4,0.73212361886,0.125670388021,0.779045474766,0
0.242,3.15,4,0.732129125829,0.125754545259,0.779042243852,0
0.2425,3.15,4,0.732135441149,0.125839579977,0.779041059569,0
0.2265,3.155,4,0.732371981976,0.1232874863,0.779800281892,0
0.227,3.155,4,0.732355517469,0.123347498915,0.779742488693,0
0.2275,3.155,4,0.732339723639,0.123408248516,0.779686349894,0
0.228,3.155,4,0.73232460509,0.123469739782,0.779631878626,0
0.2285,3.155,4,0.732310166427,0.123531977392,0.779579088019,0
0.229,3.155,4,0.732296412254,0.123594966026,0.779527991201,0
0.2295,3.155,4,0.732283347176,0.123658710362,0.779478601304,0
0.23,3.155,4,0.732270975798,0.12372321508,0.779430931457,0
0.2305,3.155,4,0.732259302724,0.123788484859,0.779384994791,0
0.231,3.155,4,0.73224833256,0.123854524379,0.779340804434,0
0.2315,3.155,4,0.732238069909,0.123921338317,0.779298373517,0
0.232,3.155,4,0.732228519376,0.123988931354,0.77925771517,0
0.2325,3.155,4,0.732219685567,0.124057308169,0.779218842522,0
0.233,3.155,4,0.732211573085,0.12412647344,0.779181768704,0
0.2335,3.155,4,0.732204186536,0.124196431847,0.779146506845,0
0.234,3.155,4,0.732197530523,0.124267188069,0.779113070076,0
0.2345,3.155,4,0.732191609652,0.124338746785,0.779081471526,0
0.235,3.155,4,0.732186428527,0.124411112675,0.779051724325,0
0.2355,3.155,4,0.732181991754,0.124484290417,0.779023841603,0
0.236,3.155,4,0.732178303936,0.124558284691,0.778997836491,0
0.2365,3.155,4,0.732175369678,0.124633100175,0.778973722117,0
0.237,3.155,4,0.732173193585,0.124708741549,0.778951511611,0
0.2375,3.155,4,0.732171780261,0.124785213493,0.778931218105,0
0.238,3.155,4,0.732171134311,0.124862520684,0.778912854727,0
0.2385,3.155,4,0.732171260341,0.124940667803,0.778896434607,0
0.239,3.155,4,0.732172162954,0.125019659529,0.778881970876,0
0.2395,3.155,4,0.732173846755,0.12509950054,0.778869476663,0
0.24,3.155,4,0.732176316348,0.125180195516,0.778858965098,0
0.2405,3.155,4,0.73217957634,0.125261749135,0.778850449311,0
0.241,3.155,4,0.732183631333,0.125344166078,0.778843942432,0
0.2415,3.155,4,0.732188485933,0.125427451024,0.778839457591,0
0.242,3.155,4,0.732194144744,0.12551160865,0.778837007918,0
0.2425,3.155,4,0.732200612371,0.125596643637,0.778836606542,0
0.226,3.16,4,0.732450282821,0.122986353572,0.77963423433,0
0.2265,3.16,4,0.732433289056,0.123045637884,0.779575525792,0
0.227,3.16,4,0.732416961828,0.123105654385,0.779518460193,0
0.2275,3.16,4,0.732401305741,0.123166407752,0.779463050662,0
0.228,3.16,4,0.732386325401,0.123227902667,0.779409310328,0
0.2285,3.16,4,0.732372025412,0.123290143807,0.779357252323,0
0.229,3.16,4,0.732358410379,0.123353135852,0.779306889775,0
0.2295,3.16,4,0.732345484906,0.123416883481,0.779258235814,0
0.23,3.16,4,0.732333253598,0.123481391374,0.779211303571,0
0.2305,3.16,4,0.73232172106,0.123546664209,0.779166106175,0
0.231,3.16,4,0.732310891896,0.123612706665,0.779122656757,0
0.2315,3.16,4,0.732300770712,0.123679523422,0.779080968445,0
0.232,3.16,4,0.73229136211,0.123747119159,0.779041054371,0
0.2325,3.16,4,0.732282670697,0.123815498555,0.779002927664,0
0.233,3.16,4,0.732274701077,0.123884666289,0.778966601453,0
0.2335,3.16,4,0.732267457855,0.123954627041,0.77893208887,0
0.234,3.16,4,0.732260945635,0.124025385489,0.778899403043,0
0.2345,3.16,4,0.732255169021,0.124096946312,0.778868557102,0
0.235,3.16,4,0.73225013262,0.124169314191,0.778839564178,0
0.2355,3.16,4,0.732245841034,0.124242493803,0.7788124374,0
0.236,3.16,4,0.732242298869,0.124316489828,0.778787189899,0
0.2365,3.16,4,0.73223951073,0.124391306945,0.778763834803,0
0.237,3.16,4,0.73223748122,0.124466949834,0.778742385244,0
0.2375,3.16,4,0.732236214946,0.124543423173,0.778722854351,0
0.238,3.16,4,0.732235716511,0.124620731642,0.778705255253,0
0.2385,3.16,4,0.73223599052,0.12469887992,0.778689601081,0
0.239,3.16,4,0.732237041578,0.124777872686,0.778675904965,0
0.2395,3.16,4,0.732238874289,0.124857714618,0.778664180035,0
0.24,3.16,4,0.732241493258,0.124938410397,0.778654439419,0
0.2405,3.16,4,0.73224490309,0.125019964702,0.77864669625,0
0.241,3.16,4,0.732249108389,0.125102382211,0.778640963655,0
0.2415,3.16,4,0.73225411376,0.125185667603,0.778637254766,0
0.242,3.16,4,0.732259923807,0.125269825559,0.778635582711,0
0.226,3.165,4,0.732512221571,0.122745652102,0.779412651493,0
0.2265,3.165,4,0.732495364013,0.122804940359,0.779354665267,0
0.227,3.165,4,0.732479173458,0.122864960686,0.779298323646,0
0.2275,3.165,4,0.73246365451,0.122925717761,0.77924363976,0
0.228,3.165,4,0.732448811773,0.122987216265,0.77919062674,0
0.2285,3.165,4,0.732434649853,0.123049460876,0.779139297714,0
0.229,3.165,4,0.732421173354,0.123112456273,0.779089665814,0
0.2295,3.165,4,0.73240838688,0.123176207136,0.779041744168,0
0.23,3.165,4,0.732396295037,0.123240718144,0.778995545907,0
0.2305,3.165,4,0.732384902428,0.123305993975,0.778951084161,0
0.231,3.165,4,0.73237421366,0.12337203931,0.77890837206,0
0.2315,3.165,4,0.732364233335,0.123438858826,0.778867422732,0
0.232,3.165,4,0.732354966059,0.123506457204,0.77882824931,0
0.2325,3.165,4,0.732346416437,0.123574839122,0.778790864921,0
0.233,3.165,4,0.732338589073,0.12364400926,0.778755282696,0
0.2335,3.165,4,0.732331488572,0.123713972297,0.778721515766,0
0.234,3.165,4,0.732325119538,0.123784732911,0.778689577259,0
0.2345,3.165,4,0.732319486577,0.123856295783,0.778659480307,0
0.235,3.165,4,0.732314594292,0.123928665591,0.778631238038,0
0.2355,3.165,4,0.732310447288,0.124001847014,0.778604863583,0
0.236,3.165,4,0.732307050171,0.124075844731,0.778580370071,0
0.2365,3.165,4,0.732304407544,0.124150663422,0.778557770633,0
0.237,3.165,4,0.732302524013,0.124226307767,0.778537078398,0
0.2375,3.165,4,0.732301404182,0.124302782442,0.778518306496,0
0.238,3.165,4,0.732301052656,0.12438009213,0.778501468057,0
0.2385,3.165,4,0.732301474039,0.124458241507,0.778486576212,0
0.239,3.165,4,0.732302672935,0.124537235254,0.778473644089,0
0.2395,3.165,4,0.732304653951,0.124617078049,0.77846268482,0
0.24,3.165,4,0.73230742169,0.124697774572,0.778453711533,0
0.2405,3.165,4,0.732310980756,0.124779329502,0.778446737358,0
0.241,3.165,4,0.732315335755,0.124861747517,0.778441775426,0
0.2415,3.165,4,0.732320491292,0.124945033298,0.778438838867,0
0.242,3.165,4,0.73232645197,0.125029191524,0.77843794081,0
0.2255,3.17,4,0.732592302574,0.12244753225,0.779253841109,0
0.226,3.17,4,0.732574917756,0.122506097121,0.779194940429,0
0.2265,3.17,4,0.7325581958,0.122565389263,0.779137672893,0
0.227,3.17,4,0.732542141312,0.122625413357,0.779082051629,0
0.2275,3.17,4,0.732526758896,0.122686174081,0.779028089767,0
0.228,3.17,4,0.732512053157,0.122747676115,0.778975800438,0
0.2285,3.17,4,0.7324980287,0.122809924137,0.778925196772,0
0.229,3.17,4,0.732484690129,0.122872922828,0.778876291897,0
0.2295,3.17,4,0.732472042048,0.122936676865,0.778829098945,0
0.23,3.17,4,0.732460089064,0.123001190928,0.778783631045,0
0.2305,3.17,4,0.732448835779,0.123066469697,0.778739901327,0
0.231,3.17,4,0.7324382868,0.12313251785,0.77869792292,0
0.2315,3.17,4,0.732428446729,0.123199340067,0.778657708956,0
0.232,3.17,4,0.732419320173,0.123266941027,0.778619272563,0
0.2325,3.17,4,0.732410911736,0.123335325408,0.778582626871,0
0.233,3.17,4,0.732403226022,0.12340449789,0.778547785011,0
0.2335,3.17,4,0.732396267637,0.123474463153,0.778514760112,0
0.234,3.17,4,0.732390041184,0.123545225875,0.778483565305,0
0.2345,3.17,4,0.732384551268,0.123616790735,0.778454213719,0
0.235,3.17,4,0.732379802495,0.123689162413,0.778426718483,0
0.2355,3.17,4,0.732375799468,0.123762345588,0.778401092729,0
0.236,3.17,4,0.732372546792,0.123836344939,0.778377349585,0
0.2365,3.17,4,0.732370049073,0.123911165145,0.778355502183,0
0.237,3.17,4,0.732368310914,0.123986810885,0.778335563651,0
0.2375,3.17,4,0.73236733692,0.124063286839,0.778317547119,0
0.238,3.17,4,0.732367131697,0.124140597685,0.778301465718,0
0.2385,3.17,4,0.732367699848,0.124218748102,0.778287332577,0
0.239,3.17,4,0.732369045978,0.124297742771,0.778275160826,0
0.2395,3.17,4,0.732371174692,0.124377586369,0.778264963596,8.96293513863e-08
0.24,3.17,4,0.732374090595,0.124458283577,0.778256754016,0
0.2405,3.17,4,0.73237779829,0.124539839073,0.778250545215,0
0.241,3.17,4,0.732382302384,0.124622257537,0.778246350325,0
0.2415,3.17,4,0.73238760748,0.124705543647,0.778244182474,0
0.242,3.17,4,0.732393718183,0.124789702082,0.778244054792,0
0.2255,3.175,4,0.732655610613,0.12220911535,0.779039260996,0
0.226,3.175,4,0.732638360325,0.122267684165,0.778981073718,0
0.2265,3.175,4,0.732621773366,0.122326980134,0.778924521249,0
0.227,3.175,4,0.732605854339,0.122387007936,0.77886961672,0
0.2275,3.175,4,0.73259060785,0.12244777225,0.778816373262,0
0.228,3.175,4,0.732576038503,0.122509277755,0.778764804003,0
0.2285,3.175,4,0.732562150903,0.122571529129,0.778714922073,0
0.229,3.175,4,0.732548949654,0.122634531054,0.778666740603,0
0.2295,3.175,4,0.732536439361,0.122698288206,0.778620272723,0
0.23,3.175,4,0.73252462463,0.122762805266,0.778575531562,0
0.2305,3.175,4,0.732513510063,0.122828086913,0.77853253025,0
0.231,3.175,4,0.732503100267,0.122894137826,0.778491281917,0
0.2315,3.175,4,0.732493399846,0.122960962684,0.778451799694,0
0.232,3.175,4,0.732484413404,0.123028566165,0.778414096709,0
0.2325,3.175,4,0.732476145546,0.123096952951,0.778378186093,0
0.233,3.175,4,0.732468600876,0.123166127718,0.778344080976,0
0.2335,3.175,4,0.732461784,0.123236095148,0.778311794487,0
0.234,3.175,4,0.732455699523,0.123306859918,0.778281339757,0
0.2345,3.175,4,0.732450352047,0.123378426708,0.778252729916,0
0.235,3.175,4,0.732445746179,0.123450800197,0.778225978092,0
0.2355,3.175,4,0.732441886523,0.123523985065,0.778201097417,0
0.236,3.175,4,0.732438777684,0.12359798599,0.778178101021,0
0.2365,3.175,4,0.732436424265,0.123672807651,0.778157002032,0
0.237,3.175,4,0.732434830873,0.123748454728,0.778137813581,0
0.2375,3.175,4,0.732434002111,0.1238249319,0.778120548798,0
0.238,3.175,4,0.732433942585,0.123902243846,0.778105220813,0
0.2385,3.175,4,0.732434656898,0.123980395244,0.778091842755,0
0.239,3.175,4,0.732436149656,0.124059390776,0.778080427755,1.3943055039e-05
0.2395,3.175,4,0.732438425463,0.124139235118,0.778070988942,0.000149670357149
0.24,3.175,4,0.732441488923,0.124219932952,0.778063539447,0
0.2405,3.175,4,0.732445344642,0.124301488955,0.778058092399,0
0.241,3.175,4,0.732449997225,0.124383907806,0.778054660928,0
0.2415,3.175,4,0.732455451275,0.124467194186,0.778053258164,0
0.2255,3.18,4,0.732719654594,0.121971836073,0.778828501435,0
0.226,3.18,4,0.732702538231,0.122030408775,0.778771023936,0
0.2265,3.18,4,0.732686085662,0.122089708511,0.778715182914,0
0.227,3.18,4,0.73267030149,0.122149739962,0.778660991499,0
0.2275,3.18,4,0.732655190322,0.122210507806,0.778608462821,0
0.228,3.18,4,0.732640756761,0.122272016722,0.778557610011,0
0.2285,3.18,4,0.732627005412,0.12233427139,0.778508446197,0
0.229,3.18,4,0.73261394088,0.122397276489,0.77846098451,0
0.2295,3.18,4,0.73260156777,0.122461036698,0.77841523808,0
0.23,3.18,4,0.732589890685,0.122525556695,0.778371220036,0
0.2305,3.18,4,0.732578914231,0.122590841161,0.778328943509,0
0.231,3.18,4,0.732568643013,0.122656894774,0.778288421629,0
0.2315,3.18,4,0.732559081634,0.122723722214,0.778249667524,0
0.232,3.18,4,0.732550234701,0.122791328159,0.778212694326,0
0.2325,3.18,4,0.732542106816,0.122859717289,0.778177515164,0
0.233,3.18,4,0.732534702585,0.122928894283,0.778144143168,0
0.2335,3.18,4,0.732528026613,0.12299886382,0.778112591469,0
0.234,3.18,4,0.732522083505,0.123069630579,0.778082873194,0
0.2345,3.18,4,0.732516877864,0.123141199239,0.778055001476,0
0.235,3.18,4,0.732512414296,0.123213574481,0.778028989443,0
0.2355,3.18,4,0.732508697405,0.123286760981,0.778004850226,0
0.236,3.18,4,0.732505731795,0.123360763421,0.777982596954,0
0.2365,3.18,4,0.732503522073,0.123435586479,0.777962242758,0
0.237,3.18,4,0.732502072841,0.123511234833,0.777943800767,0
0.2375,3.18,4,0.732501388705,0.123587713164,0.777927284111,0
0.238,3.18,4,0.73250147427,0.123665026151,0.77791270592,0
0.2385,3.18,4,0.73250233414,0.123743178472,0.777900079324,3.76816669703e-05
0.239,3.18,4,0.732503972919,0.123822174806,0.777889417452,0.000248943671511
0.2395,3.18,4,0.732506395213,0.123902019834,0.777880733436,0.000136363868546
0.24,3.18,4,0.732509605626,0.123982718233,0.777874040404,0
0.2405,3.18,4,0.732513608763,0.124064274684,0.777869351487,0
0.241,3.18,4,0.732518409228,0.124146693865,0.777866679814,0
0.2415,3.18,4,0.732524011626,0.124229980456,0.777866038515,0
0.225,3.185,4,0.732802066164,0.121677835668,0.778679931361,0
0.2255,3.185,4,0.732784423466,0.121735689959,0.778621535004,0
0.226,3.185,4,0.732767440423,0.121794266487,0.778564763662,0
0.2265,3.185,4,0.732751121638,0.121853569932,0.778509630465,0
0.227,3.185,4,0.732735471717,0.121913604972,0.778456148542,0
0.2275,3.185,4,0.732720495264,0.121974376287,0.778404331024,0
0.228,3.185,4,0.732706196883,0.122035888556,0.77835419104,0
0.2285,3.185,4,0.73269258118,0.122098146458,0.778305741721,0
0.229,3.185,4,0.732679652759,0.122161154672,0.778258996195,0
0.2295,3.185,4,0.732667416224,0.122224917878,0.778213967594,0
0.23,3.185,4,0.732655876181,0.122289440754,0.778170669046,0
0.2305,3.185,4,0.732645037234,0.122354727979,0.778129113682,0
0.231,3.185,4,0.732634903987,0.122420784233,0.778089314632,0
0.2315,3.185,4,0.732625481046,0.122487614196,0.778051285026,0
0.232,3.185,4,0.732616773015,0.122555222545,0.778015037993,0
0.2325,3.185,4,0.732608784498,0.12262361396,0.777980586663,0
0.233,3.185,4,0.7326015201,0.122692793121,0.777947944167,0
0.2335,3.185,4,0.732594984426,0.122762764707,0.777917123634,0
0.234,3.185,4,0.732589182081,0.122833533396,0.777888138195,0
0.2345,3.185,4,0.732584117669,0.122905103867,0.777861000978,0
0.235,3.185,4,0.732579795795,0.122977480801,0.777835725114,0
0.2355,3.185,4,0.732576221063,0.123050668876,0.777812323733,0
0.236,3.185,4,0.732573398078,0.123124672772,0.777790809965,0
0.2365,3.185,4,0.732571331445,0.123199497166,0.777771196939,0
0.237,3.185,4,0.732570025769,0.123275146739,0.777753497786,0
0.2375,3.185,4,0.732569485653,0.12335162617,0.777737725636,0
0.238,3.185,4,0.732569715703,0.123428940138,0.777723893617,6.53844775912e-05
0.2385,3.185,4,0.732570720524,0.123507093322,0.777712014861,0.000248952120341
0.239,3.185,4,0.73257250472,0.123586090401,0.777702102497,0.00027503960099
0.2395,3.185,4,0.732575072895,0.123665936054,0.777694169655,7.12618107782e-05
0.24,3.185,4,0.732578429654,0.123746634961,0.777688229465,0
0.2405,3.185,4,0.732582579603,0.1238281918,0.777684295057,0
0.241,3.185,4,0.732587527345,0.123910611252,0.777682379561,0
0.225,3.19,4,0.732867416631,0.121442814368,0.778476029768,0
0.2255,3.19,4,0.732849906182,0.121500672545,0.778418334281,0
0.226,3.19,4,0.732833055852,0.121559252841,0.778362265475,0
0.2265,3.19,4,0.732816870246,0.121618559935,0.778307836481,0
0.227,3.19,4,0.732801353969,0.121678598505,0.778255060429,0
0.2275,3.19,4,0.732786511625,0.121739373232,0.778203950449,0
0.228,3.19,4,0.732772347819,0.121800888795,0.77815451967,0
0.2285,3.19,4,0.732758867155,0.121863149871,0.778106781223,0
0.229,3.19,4,0.732746074239,0.121926161142,0.778060748237,0
0.2295,3.19,4,0.732733973675,0.121989927285,0.778016433843,0
0.23,3.19,4,0.732722570068,0.12205445298,0.777973851169,0
0.2305,3.19,4,0.732711868022,0.122119742906,0.777933013347,0
0.231,3.19,4,0.732701872141,0.122185801742,0.777893933506,0
0.2315,3.19,4,0.732692587031,0.122252634168,0.777856624776,0
0.232,3.19,4,0.732684017296,0.122320244862,0.777821100287,0
0.2325,3.19,4,0.732676167542,0.122388638504,0.777787373168,0
0.233,3.19,4,0.732669042371,0.122457819772,0.777755456551,0
0.2335,3.19,4,0.73266264639,0.122527793347,0.777725363563,0
0.234,3.19,4,0.732656984202,0.122598563907,0.777697107336,0
0.2345,3.19,4,0.732652060413,0.122670136131,0.777670701,0
0.235,3.19,4,0.732647879627,0.122742514698,0.777646157683,0
0.2355,3.19,4,0.732644446449,0.122815704288,0.777623490517,0
0.236,3.19,4,0.732641765483,0.12288970958,0.777602712631,0
0.2365,3.19,4,0.732639841334,0.122964535252,0.777583837154,0
0.237,3.19,4,0.732638678606,0.123040185985,0.777566877218,0
0.2375,3.19,4,0.732638281905,0.123116666456,0.777551845951,9.09397111685e-05
0.238,3.19,4,0.732638655835,0.123193981346,0.777538756484,0.000238673788591
0.2385,3.19,4,0.732639805001,0.123272135334,0.777527621946,0.000260970825085
0.239,3.19,4,0.732641734007,0.123351133098,0.777518455468,0.000286020098792
0.2395,3.19,4,0.732644447458,0.123430979318,0.777511270179,7.55781274448e-06
0.24,3.19,4,0.732647949958,0.123511678672,0.777506079209,0
0.2405,3.19,4,0.732652246113,0.123593235841,0.777502895689,0
0.241,3.19,4,0.732657340526,0.123675655503,0.777501732747,0
0.2245,3.195,4,0.732951505284,0.121151772683,0.778334483544,0
0.225,3.195,4,0.732933470497,0.121208917366,0.778275870084,0
0.2255,3.195,4,0.73291609169,0.12126677937,0.778218871843,0
0.226,3.195,4,0.732899373468,0.121325363374,0.778163501952,0
0.2265,3.195,4,0.732883320435,0.121384674058,0.77810977354,0
0.227,3.195,4,0.732867937196,0.1214447161,0.778057699737,0
0.2275,3.195,4,0.732853228356,0.121505494179,0.778007293673,0
0.228,3.195,4,0.732839198519,0.121567012976,0.777958568478,0
0.2285,3.195,4,0.73282585229,0.121629277168,0.777911537281,0
0.229,3.195,4,0.732813194273,0.121692291435,0.777866213214,0
0.2295,3.195,4,0.732801229074,0.121756060457,0.777822609405,0
0.23,3.195,4,0.732789961296,0.121820588912,0.777780738985,0
0.2305,3.195,4,0.732779395545,0.121885881479,0.777740615083,0
0.231,3.195,4,0.732769536425,0.121951942838,0.777702250829,0
0.2315,3.195,4,0.732760388541,0.122018777668,0.777665659354,0
0.232,3.195,4,0.732751956497,0.122086390648,0.777630853787,0
0.2325,3.195,4,0.732744244898,0.122154786457,0.777597847258,0
0.233,3.195,4,0.732737258349,0.122223969774,0.777566652896,0
0.2335,3.195,4,0.732731001454,0.122293945279,0.777537283833,0
0.234,3.195,4,0.732725478819,0.12236471765,0.777509753197,0
0.2345,3.195,4,0.732720695047,0.122436291567,0.777484074119,0
0.235,3.195,4,0.732716654743,0.122508671709,0.777460259728,0
0.2355,3.195,4,0.732713362512,0.122581862754,0.777438323155,0
0.236,3.195,4,0.732710822959,0.122655869383,0.777418277529,0
0.2365,3.195,4,0.732709040689,0.122730696274,0.777400135981,0
0.237,3.195,4,0.732708020305,0.122806348107,0.777383911639,0.000110056727068
0.2375,3.195,4,0.732707766413,0.12288282956,0.777369617635,0.000226689167896
0.238,3.195,4,0.732708283617,0.122960145313,0.777357267097,0.00024765988796
0.2385,3.195,4,0.732709576521,0.123038300045,0.777346873156,0.000271189196272
0.239,3.195,4,0.732711649732,0.123117298435,0.777338448942,0.000240371496348
0.2395,3.195,4,0.732714507852,0.123197145162,0.777332007585,0
0.24,3.195,4,0.732718155488,0.123277844906,0.777327562214,0
0.2405,3.195,4,0.732722597243,0.123359402345,0.777325125959,0
0.241,3.195,4,0.732727837722,0.123441822159,0.777324711951,0
0.2245,3.2,4,0.733018120928,0.12091899163,0.778137346386,0
0.225,3.2,4,0.733000216713,0.1209761402,0.778079424884,0
0.2255,3.2,4,0.732982968943,0.121034005972,0.778023120269,0
0.226,3.2,4,0.732966382223,0.121092593625,0.777968445671,0
0.2265,3.2,4,0.732950461157,0.121151907839,0.777915414219,0
0.227,3.2,4,0.732935210351,0.121211953293,0.777864039044,0
0.2275,3.2,4,0.732920634408,0.121272734666,0.777814333275,0
0.228,3.2,4,0.732906737934,0.121334256638,0.777766310042,0
0.2285,3.2,4,0.732893525534,0.121396523886,0.777719982475,0
0.229,3.2,4,0.732881001811,0.121459541092,0.777675363704,0
0.2295,3.2,4,0.73286917137,0.121523312933,0.777632466859,0
0.23,3.2,4,0.732858038816,0.121587844088,0.77759130507,0
0.2305,3.2,4,0.732847608755,0.121653139238,0.777551891467,0
0.231,3.2,4,0.732837885789,0.12171920306,0.777514239179,0
0.2315,3.2,4,0.732828874525,0.121786040235,0.777478361337,0
0.232,3.2,4,0.732820579566,0.121853655442,0.77744427107,0
0.2325,3.2,4,0.732813005518,0.121922053359,0.777411981509,0
0.233,3.2,4,0.732806156984,0.121991238665,0.777381505783,0
0.2335,3.2,4,0.73280003857,0.122061216041,0.777352857021,0
0.234,3.2,4,0.732794654881,0.122131990164,0.777326048355,0
0.2345,3.2,4,0.73279001052,0.122203565715,0.777301092914,0
0.235,3.2,4,0.732786110093,0.122275947372,0.777278003828,0
0.2355,3.2,4,0.732782958205,0.122349139814,0.777256794226,0
0.236,3.2,4,0.732780559459,0.122423147721,0.777237477239,0
0.2365,3.2,4,0.732778918461,0.122497975772,0.777220065997,0.000122619470366
0.237,3.2,4,0.732778039815,0.122573628645,0.777204573628,0.000215331312154
0.2375,3.2,4,0.732777928125,0.122650111021,0.777191013265,0.000235060850937
0.238,3.2,4,0.732778587998,0.122727427578,0.777179398035,0.000257170072861
0.2385,3.2,4,0.732780024036,0.122805582995,0.77716974107,0.000282024243216
0.239,3.2,4,0.732782240845,0.122884581952,0.777162055498,0.000174519172165
0.2395,3.2,4,0.73278524303,0.122964429127,0.777156354451,0
0.24,3.2,4,0.732789035194,0.1230451292,0.777152651057,0
0.2405,3.2,4,0.732793621944,0.12312668685,0.777150958447,0
0.2245,3.205,4,0.733085418478,0.120687326012,0.777943899914,0
0.225,3.205,4,0.733067644229,0.120744478408,0.777886666749,0
0.2255,3.205,4,0.73305052689,0.120802347889,0.777831052138,0
0.226,3.205,4,0.733034071066,0.120860939132,0.777777069211,0
0.2265,3.205,4,0.733018281362,0.120920256818,0.777724731098,0
0.227,3.205,4,0.733003162383,0.120980305625,0.777674050928,0
0.2275,3.205,4,0.732988718732,0.121041090232,0.777625041832,0
0.228,3.205,4,0.732974955016,0.121102615319,0.77757771694,0
0.2285,3.205,4,0.732961875837,0.121164885565,0.777532089381,0
0.229,3.205,4,0.732949485802,0.121227905649,0.777488172285,0
0.2295,3.205,4,0.732937789514,0.12129168025,0.777445978783,0
0.23,3.205,4,0.732926791579,0.121356214047,0.777405522004,0
0.2305,3.205,4,0.732916496601,0.12142151172,0.777366815077,0
0.231,3.205,4,0.732906909184,0.121487577947,0.777329871134,0
0.2315,3.205,4,0.732898033934,0.121554417407,0.777294703303,0
0.232,3.205,4,0.732889875455,0.121622034781,0.777261324716,0
0.2325,3.205,4,0.732882438351,0.121690434747,0.7772297485,0
0.233,3.205,4,0.732875727228,0.121759621984,0.777199987788,0
0.2335,3.205,4,0.732869746689,0.121829601171,0.777172055707,0
0.234,3.205,4,0.73286450134,0.121900376987,0.777145965389,0
0.2345,3.205,4,0.732859995785,0.121971954112,0.777121729963,0
0.235,3.205,4,0.732856234629,0.122044337225,0.77709936256,0
0.2355,3.205,4,0.732853222476,0.122117531005,0.777078876308,1.13938931789e-07
0.236,3.205,4,0.732850963932,0.122191540131,0.777060284338,0.000129555414181
0.2365,3.205,4,0.7328494636,0.122266369282,0.77704359978,0.000204563464218
0.237,3.205,4,0.732848726086,0.122342023137,0.777028835764,0.000223130921012
0.2375,3.205,4,0.732848755994,0.122418506376,0.77701600542,0.00024391267434
0.238,3.205,4,0.732849557929,0.122495823677,0.777005121877,0.000267244503367
0.2385,3.205,4,0.732851136495,0.122573979721,0.776996198265,0.00029352484136
0.239,3.205,4,0.732853496297,0.122652979185,0.776989247715,0.000103582249747
0.2395,3.205,4,0.73285664194,0.122732826749,0.776984283355,0
0.24,3.205,4,0.732860578028,0.122813527093,0.776981318317,0
0.2405,3.205,4,0.732865309166,0.122895084895,0.77698036573,0
0.224,3.21,4,0.733171684546,0.120400327487,0.777812272247,0
0.2245,3.21,4,0.733153386886,0.120456771365,0.777754116705,0
0.225,3.21,4,0.733135741996,0.120513927529,0.777697568256,0
0.2255,3.21,4,0.733118754482,0.120571800659,0.777642640027,0
0.226,3.21,4,0.733102428949,0.120630395433,0.77758934515,0
0.2265,3.21,4,0.733086770001,0.120689716531,0.777537696754,0
0.227,3.21,4,0.733071782242,0.120749768632,0.777487707969,0
0.2275,3.21,4,0.733057470278,0.120810556414,0.777439391925,0
0.228,3.21,4,0.733043838713,0.120872084558,0.777392761751,0
0.2285,3.21,4,0.733030892152,0.120934357742,0.777347830578,0
0.229,3.21,4,0.733018635198,0.120997380645,0.777304611536,0
0.2295,3.21,4,0.733007072458,0.121061157947,0.777263117755,0
0.23,3.21,4,0.732996208535,0.121125694327,0.777223362364,0
0.2305,3.21,4,0.732986048035,0.121190994463,0.777185358493,0
0.231,3.21,4,0.732976595562,0.121257063035,0.777149119272,0
0.2315,3.21,4,0.73296785572,0.121323904723,0.777114657832,0
0.232,3.21,4,0.732959833114,0.121391524204,0.777081987301,0
0.2325,3.21,4,0.732952532349,0.12145992616,0.77705112081,0
0.233,3.21,4,0.73294595803,0.121529115267,0.77702207149,0
0.2335,3.21,4,0.73294011476,0.121599096207,0.776994852469,0
0.234,3.21,4,0.732935007146,0.121669873657,0.776969476877,0
0.2345,3.21,4,0.732930639791,0.121741452298,0.776945957845,0
0.235,3.21,4,0.7329270173,0.121813836807,0.776924308503,6.33956844853e-07
0.2355,3.21,4,0.732924144278,0.121887031865,0.776904541979,0.000131521130418
0.236,3.21,4,0.732922025329,0.121961042151,0.776886671405,0.000194351296366
0.2365,3.21,4,0.732920665059,0.122035872343,0.77687070991,0.000211830208487
0.237,3.21,4,0.732920068071,0.122111527121,0.776856670624,0.00023137043393
0.2375,3.21,4,0.73292023897,0.122188011164,0.776844566677,0.000253280827222
0.238,3.21,4,0.732921182361,0.122265329151,0.776834411199,0.000277927152951
0.2385,3.21,4,0.732922902849,0.122343485761,0.77682621732,0.00030574466675
0.239,3.21,4,0.732925405039,0.122422485673,0.776819998169,3.04213284344e-05
0.2395,3.21,4,0.732928693534,0.122502333567,0.776815766877,0
0.24,3.21,4,0.73293277294,0.122583034122,0.776813536573,0
0.2405,3.21,4,0.732937647861,0.122664592017,0.776813320387,0
0.224,3.215,4,0.733240184472,0.120170875523,0.777625445453,0
0.2245,3.215,4,0.7332220151,0.120227323228,0.777567969339,0
0.225,3.215,4,0.733204498965,0.120284483101,0.777512101982,0
0.2255,3.215,4,0.733187640671,0.120342359821,0.777457856515,0
0.226,3.215,4,0.733171444822,0.120400958067,0.777405246066,0
0.2265,3.215,4,0.733155916024,0.120460282518,0.777354283765,0
0.227,3.215,4,0.733141058881,0.120520337853,0.777304982743,0
0.2275,3.215,4,0.733126877997,0.120581128752,0.777257356129,0
0.228,3.215,4,0.733113377977,0.120642659893,0.777211417053,0
0.2285,3.215,4,0.733100563427,0.120704935955,0.777167178645,0
0.229,3.215,4,0.73308843895,0.120767961619,0.777124654035,0
0.2295,3.215,4,0.733077009151,0.120831741562,0.777083856352,0
0.23,3.215,4,0.733066278636,0.120896280465,0.777044798728,0
0.2305,3.215,4,0.733056252007,0.120961583006,0.777007494291,0
0.231,3.215,4,0.733046933871,0.121027653864,0.776971956171,0
0.2315,3.215,4,0.733038328832,0.121094497719,0.776938197499,0
0.232,3.215,4,0.733030441494,0.12116211925,0.776906231405,0
0.2325,3.215,4,0.733023276462,0.121230523136,0.776876071017,0
0.233,3.215,4,0.733016838341,0.121299714055,0.776847729467,0
0.2335,3.215,4,0.733011131735,0.121369696688,0.776821219883,0
0.234,3.215,4,0.73300616125,0.121440475713,0.776796555397,0
0.2345,3.215,4,0.733001931489,0.12151205581,0.776773749137,1.00639297285e-06
0.235,3.215,4,0.732998447057,0.121584441657,0.776752814234,0.000129366991488
0.2355,3.215,4,0.73299571256,0.121657637934,0.776733763818,0.00018466273227
0.236,3.215,4,0.732993732601,0.12173164932,0.776716611018,0.000201121506311
0.2365,3.215,4,0.732992511786,0.121806480494,0.776701368964,0.000219500000933
0.237,3.215,4,0.732992054718,0.121882136135,0.776688050787,0.000240082465624
0.2375,3.215,4,0.732992366003,0.121958620923,0.776676669616,0.000263204880134
0.238,3.215,4,0.732993450245,0.122035939536,0.776667238581,0.000289266242898
0.2385,3.215,4,0.73299531205,0.122114096654,0.776659770813,0.000280426649458
0.239,3.215,4,0.73299795602,0.122193096955,0.77665427944,0
0.2395,3.215,4,0.733001386762,0.12227294512,0.776650777592,0
0.24,3.215,4,0.73300560888,0.122353645827,0.776649278401,0
0.224,3.22,4,0.733309333761,0.119942525666,0.777442230701,0
0.2245,3.22,4,0.733291292072,0.11999897714,0.777385430391,0
0.225,3.22,4,0.733273904086,0.120056140662,0.777330240507,0
0.2255,3.22,4,0.733257174405,0.120114020913,0.777276674179,0
0.226,3.22,4,0.733241107635,0.120172622572,0.777224744537,0
0.2265,3.22,4,0.733225708381,0.120231950316,0.77717446471,0
0.227,3.22,4,0.733210981248,0.120292008827,0.777125847829,0
0.2275,3.22,4,0.733196930839,0.120352802782,0.777078907023,0
0.228,3.22,4,0.733183561759,0.120414336861,0.777033655423,0
0.2285,3.22,4,0.733170878614,0.120476615744,0.776990106158,0
0.229,3.22,4,0.733158886008,0.120539644108,0.776948272359,0
0.2295,3.22,4,0.733147588545,0.120603426634,0.776908167154,0
0.23,3.22,4,0.73313699083,0.120667968001,0.776869803675,0
0.2305,3.22,4,0.733127097468,0.120733272887,0.77683319505,0
0.231,3.22,4,0.733117913063,0.120799345972,0.77679835441,0
0.2315,3.22,4,0.733109442221,0.120866191936,0.776765294885,0
0.232,3.22,4,0.733101689545,0.120933815456,0.776734029605,0
0.2325,3.22,4,0.733094659641,0.121002221213,0.776704571699,0
0.233,3.22,4,0.733088357112,0.121071413885,0.776676934297,0
0.2335,3.22,4,0.733082786564,0.121141398152,0.77665113053,0
0.234,3.22,4,0.733077952602,0.121212178692,0.776627173527,9.52947596278e-07
0.2345,3.22,4,0.733073859829,0.121283760186,0.776605076418,0.00012412659043
0.235,3.22,4,0.733070512851,0.121356147312,0.776584852333,0.000175467779246
0.2355,3.22,4,0.733067916273,0.121429344748,0.776566514402,0.00019097008756
0.236,3.22,4,0.733066074698,0.121503357176,0.776550075754,0.000208260989462
0.2365,3.22,4,0.733064992732,0.121578189272,0.776535549521,0.000227602235094
0.237,3.22,4,0.733064674979,0.121653845718,0.776522948831,0.000249302627244
0.2375,3.22,4,0.733065126044,0.121730331191,0.776512286814,0.000273728161006
0.238,3.22,4,0.733066350532,0.121807650371,0.776503576601,0.000301314732202
0.2385,3.22,4,0.733068353046,0.121885807938,0.776496831321,0.000210351245281
0.239,3.22,4,0.733071138193,0.121964808569,0.776492064105,0
0.2395,3.22,4,0.733074710576,0.122044656945,0.776489288081,0
0.24,3.22,4,0.7330790748,0.122125357745,0.776488516381,0
0.2235,3.225,4,0.733397685537,0.119659525525,0.777320327659,0
0.224,3.225,4,0.733379121364,0.119715273456,0.777262600569,0
0.2245,3.225,4,0.733361206753,0.119771728638,0.777206472442,0
0.225,3.225,4,0.733343946309,0.119828895751,0.777151956409,0
0.2255,3.225,4,0.733327344636,0.119886779474,0.777099065598,0
0.226,3.225,4,0.73331140634,0.119945384485,0.777047813141,0
0.2265,3.225,4,0.733296136025,0.120004715465,0.776998212167,0
0.227,3.225,4,0.733281538295,0.120064777091,0.776950275805,0
0.2275,3.225,4,0.733267617755,0.120125574044,0.776904017187,0
0.228,3.225,4,0.733254379009,0.120187111002,0.776859449441,0
0.2285,3.225,4,0.733241826664,0.120249392645,0.776816585698,0
0.229,3.225,4,0.733229965322,0.120312423651,0.776775439087,0
0.2295,3.225,4,0.733218799589,0.120376208701,0.776736022739,0
0.23,3.225,4,0.73320833407,0.120440752472,0.776698349782,0
0.2305,3.225,4,0.733198573368,0.120506059645,0.776662433349,0
0.231,3.225,4,0.733189522089,0.120572134898,0.776628286567,0
0.2315,3.225,4,0.733181184838,0.12063898291,0.776595922567,0
0.232,3.225,4,0.733173566218,0.120706608361,0.776565354479,0
0.2325,3.225,4,0.733166670835,0.12077501593,0.776536595433,0
0.233,3.225,4,0.733160503294,0.120844210295,0.776509658559,0
0.2335,3.225,4,0.733155068198,0.120914196137,0.776484556986,0
0.234,3.225,4,0.733150370153,0.120984978134,0.776461303845,5.08099892075e-05
0.2345,3.225,4,0.733146413763,0.121056560965,0.776439912265,0.000166738378401
0.235,3.225,4,0.733143203633,0.12112894931,0.776420395376,0.00018134351988
0.2355,3.225,4,0.733140744367,0.121202147847,0.776402766309,0.000197615753178
0.236,3.225,4,0.733139040571,0.121276161257,0.776387038193,0.000215796237672
0.2365,3.225,4,0.733138096849,0.121350994217,0.776373224157,0.000236168962476
0.237,3.225,4,0.733137917805,0.121426651407,0.776361337333,0.000259069856456
0.2375,3.225,4,0.733138508044,0.121503137507,0.776351390849,0.000284898183611
0.238,3.225,4,0.733139872171,0.121580457195,0.776343397837,0.000314130875163
0.2385,3.225,4,0.73314201479,0.121658615151,0.776337371424,0.000132850977627
0.239,3.225,4,0.733144940506,0.121737616053,0.776333324743,0
0.2395,3.225,4,0.733148653925,0.121817464581,0.776331270921,0
0.24,3.225,4,0.733153159649,0.121898165415,0.77633122309,0
0.2235,3.23,4,0.733467974399,0.11943336273,0.77714358783,0
0.224,3.23,4,0.733449536232,0.119489114429,0.777086527634,0
0.2245,3.23,4,0.733431748093,0.119545573261,0.777031068069,0
0.225,3.23,4,0.733414614586,0.119602743905,0.776977222264,0
0.2255,3.23,4,0.733398140315,0.11966063104,0.77692500335,0
0.226,3.23,4,0.733382329887,0.119719239346,0.776874424457,0
0.2265,3.23,4,0.733367187904,0.119778573501,0.776825498713,0
0.227,3.23,4,0.733352718972,0.119838638184,0.77677823925,0
0.2275,3.23,4,0.733338927695,0.119899438075,0.776732659197,0
0.228,3.23,4,0.733325818678,0.119960977853,0.776688771684,0
0.2285,3.23,4,0.733313396526,0.120023262197,0.77664658984,0
0.229,3.23,4,0.733301665844,0.120086295787,0.776606126797,0
0.2295,3.23,4,0.733290631235,0.1201500833,0.776567395683,0
0.23,3.23,4,0.733280297305,0.120214629417,0.776530409629,0
0.2305,3.23,4,0.733270668658,0.120279938817,0.776495181764,0
0.231,3.23,4,0.733261749899,0.120346016178,0.776461725219,0
0.2315,3.23,4,0.733253545633,0.12041286618,0.776430053123,0
0.232,3.23,4,0.733246060464,0.120480493503,0.776400178606,0
0.2325,3.23,4,0.733239298997,0.120548902824,0.776372114799,0
0.233,3.23,4,0.733233265836,0.120618098824,0.77634587483,0
0.2335,3.23,4,0.733227965587,0.120688086181,0.77632147183,0
0.234,3.23,4,0.733223402853,0.120758869575,0.776298918929,7.5358780302e-05
0.2345,3.23,4,0.73321958224,0.120830453685,0.776278229257,0.000172211496564
0.235,3.23,4,0.733216508352,0.12090284319,0.776259415943,0.000187529174843
0.2355,3.23,4,0.733214185794,0.120976042769,0.776242492118,0.000204623604219
0.236,3.23,4,0.733212619171,0.121050057101,0.776227470911,0.000223756098525
0.2365,3.23,4,0.733211813086,0.121124890866,0.776214365453,0.000245235177916
0.237,3.23,4,0.733211772145,0.121200548742,0.776203188872,0.000269426788567
0.2375,3.23,4,0.733212500953,0.121277035409,0.7761939543,0.000296767129674
0.238,3.23,4,0.733214004113,0.121354355546,0.776186674866,0.000327778853284
0.2385,3.23,4,0.733216286231,0.121432513831,0.7761813637,5.09161526046e-05
0.239,3.23,4,0.733219351912,0.121511514945,0.776178033931,0
0.2395,3.23,4,0.733223205759,0.121591363567,0.77617669869,0
0.223,3.235,4,0.733557838736,0.119153235643,0.77702836749,0
0.2235,3.235,4,0.733538880082,0.119208288716,0.776970381398,0
0.224,3.235,4,0.733520567316,0.119264044125,0.776913984475,0
0.2245,3.235,4,0.733502905043,0.119320506547,0.77685918985,0
0.225,3.235,4,0.733485897867,0.119377680663,0.776806010653,0
0.2255,3.235,4,0.733469550393,0.119435571152,0.776754460014,0
0.226,3.235,4,0.733453867225,0.119494182692,0.776704551062,0
0.2265,3.235,4,0.733438852969,0.119553519963,0.776656296928,0
0.227,3.235,4,0.73342451223,0.119613587645,0.776609710741,0
0.2275,3.235,4,0.73341084961,0.119674390415,0.776564805632,0
0.228,3.235,4,0.733397869716,0.119735932953,0.77652159473,0
0.2285,3.235,4,0.733385577152,0.11979821994,0.776480091165,0
0.229,3.235,4,0.733373976523,0.119861256052,0.776440308067,0
0.2295,3.235,4,0.733363072433,0.119925045971,0.776402258566,0
0.23,3.235,4,0.733352869486,0.119989594374,0.776365955793,0
0.2305,3.235,4,0.733343372289,0.120054905941,0.776331412876,0
0.231,3.235,4,0.733334585444,0.120120985352,0.776298642945,0
0.2315,3.235,4,0.733326513557,0.120187837285,0.776267659132,0
0.232,3.235,4,0.733319161233,0.120255466419,0.776238474564,0
0.2325,3.235,4,0.733312533076,0.120323877435,0.776211102373,0
0.233,3.235,4,0.733306633691,0.120393075009,0.776185555689,0
0.2335,3.235,4,0.733301467682,0.120463063823,0.776161847641,0
0.234,3.235,4,0.733297039654,0.120533848555,0.776139991358,0.000102051590255
0.2345,3.235,4,0.733293354212,0.120605433885,0.776119999972,0.000177968477594
0.235,3.235,4,0.733290415961,0.12067782449,0.776101886612,0.00019404625864
0.2355,3.235,4,0.733288229504,0.120751025051,0.776085664407,0.000212019603986
0.236,3.235,4,0.733286799447,0.120825040247,0.776071346488,0.000232172025319
0.2365,3.235,4,0.733286130395,0.120899874757,0.776058945985,0.000254839143985
0.237,3.235,4,0.733286226951,0.12097553326,0.776048476027,0.000280420175854
0.2375,3.235,4,0.733287093721,0.121052020435,0.776039949745,0.000309392398796
0.238,3.235,4,0.73328873531,0.121129340961,0.776033380267,0.000317715857282
0.2385,3.235,4,0.733291156321,0.121207499518,0.776028780725,0
0.239,3.235,4,0.73329436136,0.121286500784,0.776026164249,0
0.2395,3.235,4,0.733298355031,0.121366349439,0.776025543967,0
0.223,3.24,4,0.733629225861,0.118929242181,0.77685800905,0
0.2235,3.24,4,0.733610391537,0.118984299023,0.776800680942,0
0.224,3.24,4,0.733592203566,0.119040058081,0.77674494367,0
0.2245,3.24,4,0.733574666552,0.119096524035,0.776690810364,0
0.225,3.24,4,0.733557785102,0.119153701564,0.776638294152,0
0.2255,3.24,4,0.733541563819,0.119211595346,0.776587408166,0
0.226,3.24,4,0.733526007307,0.119270210062,0.776538165535,0
0.2265,3.24,4,0.733511120172,0.119329550391,0.776490579388,0
0.227,3.24,4,0.733496907019,0.11938962101,0.776444662857,0
0.2275,3.24,4,0.733483372451,0.119450426601,0.77640042907,0
0.228,3.24,4,0.733470521074,0.119511971841,0.776357891157,0
0.2285,3.24,4,0.733458357493,0.119574261409,0.776317062249,0
0.229,3.24,4,0.733446886311,0.119637299986,0.776277955476,0
0.2295,3.24,4,0.733436112133,0.119701092251,0.776240583966,0
0.23,3.24,4,0.733426039565,0.119765642881,0.776204960851,0
0.2305,3.24,4,0.73341667321,0.119830956557,0.776171099261,0
0.231,3.24,4,0.733408017674,0.119897037958,0.776139012324,0
0.2315,3.24,4,0.733400077561,0.119963891762,0.77610871317,0
0.232,3.24,4,0.733392857476,0.12003152265,0.776080214931,0
0.2325,3.24,4,0.733386362023,0.120099935299,0.776053530736,0
0.233,3.24,4,0.733380595807,0.12016913439,0.776028673714,0
0.2335,3.24,4,0.733375563433,0.120239124601,0.776005656995,0
0.234,3.24,4,0.733371269506,0.120309910612,0.77598449371,0.000131160438591
0.2345,3.24,4,0.733367718629,0.120381497101,0.775965196988,0.000184028706078
0.235,3.24,4,0.733364915408,0.120453888749,0.77594777996,0.00020091813751
0.2355,3.24,4,0.733362864447,0.120527090233,0.775932255754,0.000219832022959
0.236,3.24,4,0.733361570351,0.120601106233,0.775918637501,0.000241078358833
0.2365,3.24,4,0.733361037725,0.120675941429,0.775906938332,0.000265022755096
0.237,3.24,4,0.733361271173,0.120751600499,0.775897171375,0.000292101363613
0.2375,3.24,4,0.7333622753,0.120828088123,0.775889349761,0.000322837231555
0.238,3.24,4,0.733364054711,0.12090540898,0.775883486619,0.000243436811602
0.2385,3.24,4,0.733366614009,0.120983567748,0.77587959508,0
0.239,3.24,4,0.733369957801,0.121062569108,0.775877688273,0
0.223,3.245,4,0.733701208315,0.118706328636,0.776691132785,0
0.2235,3.245,4,0.733682497714,0.118761389187,0.77663445904,0
0.224,3.245,4,0.733664433932,0.118817151836,0.776579377798,0
0.2245,3.245,4,0.733647021573,0.118873621262,0.776525902188,0
0.225,3.245,4,0.733630265242,0.118930802144,0.776474045341,0
0.2255,3.245,4,0.733614169544,0.118988699162,0.776423820386,0
0.226,3.245,4,0.733598739083,0.119047316994,0.776375240453,0
0.2265,3.245,4,0.733583978463,0.11910666032,0.776328318673,0
0.227,3.245,4,0.73356989229,0.11916673382,0.776283068175,0
0.2275,3.245,4,0.733556485169,0.119227542171,0.776239502089,0
0.228,3.245,4,0.733543761703,0.119289090053,0.776197633544,0
0.2285,3.245,4,0.733531726498,0.119351382145,0.776157475672,0
0.229,3.245,4,0.733520384157,0.119414423128,0.776119041601,0
0.2295,3.245,4,0.733509739287,0.119478217678,0.776082344461,0
0.23,3.245,4,0.733499796491,0.119542770477,0.776047397384,0
0.2305,3.245,4,0.733490560374,0.119608086202,0.776014213497,0
0.231,3.245,4,0.73348203554,0.119674169534,0.775982805932,0
0.2315,3.245,4,0.733474226595,0.119741025151,0.775953187818,0
0.232,3.245,4,0.733467138143,0.119808657732,0.775925372285,0
0.2325,3.245,4,0.733460774789,0.119877071957,0.775899372463,0
0.233,3.245,4,0.733455141137,0.119946272504,0.775875201482,0
0.2335,3.245,4,0.733450241792,0.120016264053,0.775852872472,0
0.234,3.245,4,0.733446081358,0.120087051284,0.775832398563,0.000161914974754
0.2345,3.245,4,0.733442664441,0.120158638874,0.775813792884,0.000190413208252
0.235,3.245,4,0.733439995645,0.120231031504,0.775797068565,0.000208170219491
0.2355,3.245,4,0.733438079574,0.120304233852,0.775782238737,0.000228091683001
0.236,3.245,4,0.733436920834,0.120378250598,0.775769316529,0.00025051264429
0.2365,3.245,4,0.733436524028,0.12045308642,0.775758315072,0.000275831949403
0.237,3.245,4,0.733436893762,0.120528745999,0.775749247494,0.000304526830025
0.2375,3.245,4,0.73343803464,0.120605234012,0.775742126927,0.000337171420643
0.238,3.245,4,0.733439951267,0.12068255514,0.775736966499,0.000158530123101
0.2385,3.245,4,0.733442648247,0.120760714061,0.775733779341,0
0.239,3.245,4,0.733446130186,0.120839715454,0.775732578583,0
0.2225,3.25,4,0.733793005209,0.118430123646,0.776585315317,0
0.223,3.25,4,0.733773775047,0.118484490546,0.776527711273,0
0.2235,3.25,4,0.733755187564,0.118539554747,0.776471688269,0
0.224,3.25,4,0.733737247366,0.118595320928,0.776417259435,0
0.2245,3.25,4,0.733719959055,0.118651793767,0.776364437901,0
0.225,3.25,4,0.733703327238,0.118708977943,0.776313236796,0
0.2255,3.25,4,0.733687356519,0.118766878137,0.776263669251,0
0.226,3.25,4,0.733672051502,0.118825499027,0.776215748396,0
0.2265,3.25,4,0.733657416792,0.118884845292,0.77616948736,0
0.227,3.25,4,0.733643456995,0.118944921611,0.776124899274,0
0.2275,3.25,4,0.733630176713,0.119005732663,0.776081997267,0
0.228,3.25,4,0.733617580553,0.119067283129,0.776040794469,0
0.2285,3.25,4,0.733605673118,0.119129577686,0.77600130401,0
0.229,3.25,4,0.733594459014,0.119192621014,0.77596353902,0
0.2295,3.25,4,0.733583942844,0.119256417792,0.77592751263,0
0.23,3.25,4,0.733574129215,0.119320972699,0.775893237967,0
0.2305,3.25,4,0.733565022729,0.119386290415,0.775860728164,0
0.231,3.25,4,0.733556627993,0.119452375618,0.775829996349,0
0.2315,3.25,4,0.73354894961,0.119519232988,0.775801055653,0
0.232,3.25,4,0.733541992186,0.119586867204,0.775773919205,0
0.2325,3.25,4,0.733535760324,0.119655282945,0.775748600135,0
0.233,3.25,4,0.73353025863,0.11972448489,0.775725111573,0
0.2335,3.25,4,0.733525491708,0.119794477718,0.77570346665,1.19974589572e-05
0.234,3.25,4,0.733521464163,0.119865266109,0.775683678494,0.000180468953625
0.2345,3.25,4,0.7335181806,0.119936854741,0.775665760237,0.000197144817077
0.235,3.25,4,0.733515645623,0.120009248294,0.775649725007,0.000215830167445
0.2355,3.25,4,0.733513863836,0.120082451447,0.775635585935,0.000236832233064
0.236,3.25,4,0.733512839845,0.120156468878,0.77562335615,0.00026051598785
0.2365,3.25,4,0.733512578254,0.120231305268,0.775613048783,0.000287317176646
0.237,3.25,4,0.733513083668,0.120306965296,0.775604676963,0.000317758798795
0.2375,3.25,4,0.733514360692,0.12038345364,0.775598253821,0.000352472123718
0.238,3.25,4,0.733516413929,0.120460774979,0.775593792485,6.77670453086e-05
0.2385,3.25,4,0.733519247985,0.120538933994,0.775591306087,0
0.239,3.25,4,0.733522867465,0.120617935362,0.775590807756,0
0.2225,3.255,4,0.733866023123,0.11820935284,0.776424675685,0
0.223,3.255,4,0.733846915009,0.11826372345,0.776367717093,0
0.2235,3.255,4,0.733828450038,0.118318791242,0.776312341208,0
0.224,3.255,4,0.733810632817,0.118374560895,0.776258561161,0
0.2245,3.255,4,0.73379346795,0.118431037088,0.77620639008,0
0.225,3.255,4,0.733776960041,0.1184882245,0.776155841097,0
0.2255,3.255,4,0.733761113695,0.11854612781,0.776106927341,0
0.226,3.255,4,0.733745933517,0.118604751698,0.776059661941,0
0.2265,3.255,4,0.733731424111,0.118664100842,0.776014058028,0
0.227,3.255,4,0.733717590082,0.118724179922,0.775970128732,0
0.2275,3.255,4,0.733704436035,0.118784993617,0.775927887183,0
0.228,3.255,4,0.733691966574,0.118846546606,0.77588734651,0
0.2285,3.255,4,0.733680186304,0.118908843569,0.775848519843,0
0.229,3.255,4,0.73366909983,0.118971889183,0.775811420313,0
0.2295,3.255,4,0.733658711756,0.11903568813,0.775776061049,0
0.23,3.255,4,0.733649026687,0.119100245087,0.775742455181,0
0.2305,3.255,4,0.733640049228,0.119165564733,0.775710615839,0
0.231,3.255,4,0.733631783983,0.119231651749,0.775680556152,0
0.2315,3.255,4,0.733624235556,0.119298510813,0.775652289252,0
0.232,3.255,4,0.733617408553,0.119366146604,0.775625828267,0
0.2325,3.255,4,0.733611307579,0.119434563802,0.775601186328,0
0.233,3.255,4,0.733605937237,0.119503767085,0.775578376564,0
0.2335,3.255,4,0.733601302133,0.119573761133,0.775557412106,4.1444670096e-05
0.234,3.255,4,0.733597406871,0.119644550625,0.775538306083,0.000186716922266
0.2345,3.255,4,0.733594256055,0.11971614024,0.775521071625,0.000204248358695
0.235,3.255,4,0.733591854291,0.119788534657,0.775505721862,0.000223928138815
0.2355,3.255,4,0.733590206183,0.119861738555,0.775492269924,0.000246090459182
0.236,3.255,4,0.733589316336,0.119935756614,0.775480728942,0.000271133461743
0.2365,3.255,4,0.733589189354,0.120010593512,0.775471112043,0.000299533926707
0.237,3.255,4,0.733589829843,0.120086253929,0.77546343236,0.00033186593963
0.2375,3.255,4,0.733591242405,0.120162742545,0.775457703021,0.000352668202781
0.238,3.255,4,0.733593431648,0.120240064037,0.775453937157,0
0.2385,3.255,4,0.733596402174,0.120318223085,0.775452147897,0
0.222,3.26,4,0.733959229502,0.11793596675,0.776325327591,0
0.2225,3.26,4,0.733939603824,0.117989648626,0.776267439585,0
0.223,3.26,4,0.73392061715,0.118044022886,0.776211122823,0
0.2235,3.26,4,0.733902274086,0.11809909421,0.776156390436,0
0.224,3.26,4,0.733884579237,0.118154867276,0.776103255553,0
0.2245,3.26,4,0.733867537207,0.118211346763,0.776051731305,0
0.225,3.26,4,0.7338511526,0.118268537351,0.776001830821,0
0.2255,3.26,4,0.733835430022,0.118326443719,0.775953567232,0
0.226,3.26,4,0.733820374076,0.118385070545,0.775906953666,0
0.2265,3.26,4,0.733805989369,0.11844442251,0.775862003255,0
0.227,3.26,4,0.733792280503,0.118504504292,0.775818729128,0
0.2275,3.26,4,0.733779252085,0.11856532057,0.775777144414,0
0.228,3.26,4,0.733766908718,0.118626876024,0.775737262245,0
0.2285,3.26,4,0.733755255007,0.118689175332,0.775699095749,0
0.229,3.26,4,0.733744295557,0.118752223175,0.775662658056,0
0.2295,3.26,4,0.733734034973,0.11881602423,0.775627962297,0
0.23,3.26,4,0.733724477859,0.118880583177,0.775595021602,0
0.2305,3.26,4,0.73371562882,0.118945904696,0.7755638491,0
0.231,3.26,4,0.73370749246,0.119011993465,0.775534457921,0
0.2315,3.26,4,0.733700073384,0.119078854164,0.775506861194,0
0.232,3.26,4,0.733693376197,0.119146491471,0.775481072051,0
0.2325,3.26,4,0.733687405504,0.119214910066,0.775457103621,0
0.233,3.26,4,0.733682165909,0.119284114629,0.775434969034,0
0.2335,3.26,4,0.733677662016,0.119354109837,0.775414681419,7.45717378876e-05
0.234,3.26,4,0.733673898431,0.119424900371,0.775396253907,0.000193304016811
0.2345,3.26,4,0.733670879758,0.119496490909,0.775379699627,0.000211750859378
0.235,3.26,4,0.733668610601,0.119568886131,0.77536503171,0.000232497053945
0.2355,3.26,4,0.733667095566,0.119642090716,0.775352263285,0.00025590663336
0.236,3.26,4,0.733666339257,0.119716109342,0.775341407482,0.000282414560525
0.2365,3.26,4,0.733666346278,0.11979094669,0.775332477431,0.00031254333263
0.237,3.26,4,0.733667121235,0.119866607438,0.775325486263,0.000346924166357
0.2375,3.26,4,0.733668668732,0.119943096265,0.775320447106,0.000273273396724
0.238,3.26,4,0.733670993373,0.120020417851,0.775317373091,0
0.2385,3.26,4,0.733674099764,0.120098576874,0.775316277347,0
0.222,3.265,4,0.734033241569,0.117717320955,0.776170831059,0
0.2225,3.265,4,0.73401373626,0.117771006541,0.776113579594,0
0.223,3.265,4,0.733994870422,0.117825384393,0.77605790104,0
0.2235,3.265,4,0.733976648659,0.117880459188,0.776003808529,0
0.224,3.265,4,0.733959075576,0.117936235608,0.77595131519,0
0.2245,3.265,4,0.733942155777,0.117992718331,0.775900434153,0
0.225,3.265,4,0.733925893867,0.118049912036,0.775851178547,0
0.2255,3.265,4,0.73391029445,0.118107821401,0.775803561503,0
0.226,3.265,4,0.733895362132,0.118166451108,0.77575759615,0
0.2265,3.265,4,0.733881101517,0.118225805834,0.775713295619,0
0.227,3.265,4,0.733867517209,0.118285890258,0.775670673038,0
0.2275,3.265,4,0.733854613813,0.11834670906,0.77562974154,0
0.228,3.265,4,0.733842395934,0.11840826692,0.775590514252,0
0.2285,3.265,4,0.733830868177,0.118470568515,0.775553004305,0
0.229,3.265,4,0.733820035146,0.118533618526,0.775517224829,0
0.2295,3.265,4,0.733809901446,0.118597421631,0.775483188954,0
0.23,3.265,4,0.733800471681,0.118661982509,0.775450909809,0
0.2305,3.265,4,0.733791750456,0.118727305841,0.775420400525,0
0.231,3.265,4,0.733783742376,0.118793396304,0.775391674231,0
0.2315,3.265,4,0.733776452045,0.118860258578,0.775364744058,0
0.232,3.265,4,0.733769884068,0.118927897342,0.775339623135,0
0.2325,3.265,4,0.73376404305,0.118996317276,0.775316324593,0
0.233,3.265,4,0.733758933596,0.119065523058,0.77529486156,0
0.2335,3.265,4,0.733754560309,0.119135519368,0.775275247167,0.000110486471248
0.234,3.265,4,0.733750927795,0.119206310885,0.775257494545,0.00020025445554
0.2345,3.265,4,0.733748040658,0.119277902287,0.775241616822,0.000219681779472
0.235,3.265,4,0.733745903504,0.119350298255,0.775227627128,0.000241572898413
0.2355,3.265,4,0.733744520936,0.119423503466,0.775215538594,0.000266324909638
0.236,3.265,4,0.733743897559,0.119497522602,0.77520536435,0.000294413721075
0.2365,3.265,4,0.733744037978,0.119572360339,0.775197117525,0.000326412856948
0.237,3.265,4,0.733744946797,0.119648021359,0.775190811249,0.000363017552047
0.2375,3.265,4,0.733746628622,0.119724510339,0.775186458653,0.000179981083351
0.238,3.265,4,0.733749088056,0.119801831959,0.775184072865,0
0.2385,3.265,4,0.733752329705,0.119879990898,0.775183667017,0
0.222,3.27,4,0.734107794928,0.117499732888,0.776019686835,0
0.2225,3.27,4,0.734088409384,0.117553422124,0.77596306829,0
0.223,3.27,4,0.734069663776,0.117607803507,0.775908024324,0
0.2235,3.27,4,0.734051562708,0.117662881716,0.775854568067,0
0.224,3.27,4,0.734034110785,0.117718661431,0.77580271265,0
0.2245,3.27,4,0.734017312611,0.11777514733,0.775752471202,0
0.225,3.27,4,0.734001172792,0.117832344092,0.775703856852,0
0.2255,3.27,4,0.733985695931,0.117890256397,0.775656882732,0
0.226,3.27,4,0.733970886634,0.117948888924,0.77561156197,0
0.2265,3.27,4,0.733956749506,0.118008246351,0.775567907697,0
0.227,3.27,4,0.73394328915,0.118068333359,0.775525933043,0
0.2275,3.27,4,0.733930510171,0.118129154626,0.775485651137,0
0.228,3.27,4,0.733918417175,0.118190714832,0.775447075109,0
0.2285,3.27,4,0.733907014765,0.118253018655,0.77541021809,0
0.229,3.27,4,0.733896307547,0.118316070775,0.775375093209,0
0.2295,3.27,4,0.733886300124,0.11837987587,0.775341713595,0
0.23,3.27,4,0.733876997103,0.118444438621,0.77531009238,0
0.2305,3.27,4,0.733868403087,0.118509763706,0.775280242693,0
0.231,3.27,4,0.73386052268,0.118575855804,0.775252177663,0
0.2315,3.27,4,0.733853360489,0.118642719595,0.775225910422,0
0.232,3.27,4,0.733846921117,0.118710359757,0.775201454097,0
0.2325,3.27,4,0.733841209168,0.11877878097,0.77517882182,0
0.233,3.27,4,0.733836229249,0.118847987913,0.775158026721,0
0.2335,3.27,4,0.733831985962,0.118917985265,0.775139081929,0.000149388822608
0.234,3.27,4,0.733828483914,0.118988777705,0.775122000574,0.000207594599616
0.2345,3.27,4,0.733825727708,0.119060369912,0.775106795786,0.000228073274441
0.235,3.27,4,0.733823721949,0.119132766566,0.775093480695,0.000251195065047
0.2355,3.27,4,0.733822471242,0.119205972346,0.775082068431,0.000277393770015
0.236,3.27,4,0.733821980191,0.119279991931,0.775072572123,0.000307190911554
0.2365,3.27,4,0.733822253402,0.119354829999,0.775065004903,0.000341217075627
0.237,3.27,4,0.733823295479,0.119430491231,0.775059379898,0.000380239378371
0.2375,3.27,4,0.733825111026,0.119506980304,0.775055710241,7.97719395063e-05
0.238,3.27,4,0.733827704648,0.1195843019,0.775054009059,0
0.2215,3.275,4,0.734202780711,0.117230192607,0.775929419862,0
0.222,3.275,4,0.73418287853,0.117283198085,0.775871867499,0
0.2225,3.275,4,0.734163612145,0.117336890913,0.775815878252,0
0.223,3.275,4,0.734144986161,0.117391275768,0.775761465252,0
0.2235,3.275,4,0.734127005182,0.117446357332,0.775708641628,0
0.224,3.275,4,0.734109673814,0.117502140282,0.775657420511,0
0.2245,3.275,4,0.73409299666,0.117558629297,0.77560781503,0
0.225,3.275,4,0.734076978326,0.117615829058,0.775559838316,0
0.2255,3.275,4,0.734061623415,0.117673744243,0.775513503498,0
0.226,3.275,4,0.734046936534,0.117732379531,0.775468823705,0
0.2265,3.275,4,0.734032922286,0.117791739602,0.775425812069,0
0.227,3.275,4,0.734019585276,0.117851829134,0.775384481719,0
0.2275,3.275,4,0.734006930109,0.117912652806,0.775344845784,0
0.228,3.275,4,0.733994961389,0.117974215299,0.775306917395,0
0.2285,3.275,4,0.733983683721,0.11803652129,0.775270709682,0
0.229,3.275,4,0.73397310171,0.11809957546,0.775236235774,0
0.2295,3.275,4,0.73396321996,0.118163382487,0.775203508801,0
0.23,3.275,4,0.733954043076,0.118227947051,0.775172541894,0
0.2305,3.275,4,0.733945575663,0.11829327383,0.775143348182,0
0.231,3.275,4,0.733937822325,0.118359367504,0.775115940794,0
0.2315,3.275,4,0.733930787667,0.118426232752,0.775090332862,0
0.232,3.275,4,0.733924476293,0.118493874252,0.775066537515,0
0.2325,3.275,4,0.733918892809,0.118562296686,0.775044567882,0
0.233,3.275,4,0.733914041818,0.11863150473,0.775024437095,0
0.2335,3.275,4,0.733909927926,0.118701503065,0.775006158281,0.000189046178481
0.234,3.275,4,0.733906555737,0.118772296369,0.774989744573,0.000215353180126
0.2345,3.275,4,0.733903929856,0.118843889323,0.774975209098,0.000236960489922
0.235,3.275,4,0.733902054887,0.118916286604,0.774962564988,0.000261406738283
0.2355,3.275,4,0.733900935436,0.118989492892,0.774951825372,0.000289166533103
0.236,3.275,4,0.733900576106,0.119063512867,0.77494300338,0.000320812304716
0.2365,3.275,4,0.733900981503,0.119138351207,0.774936112142,0.000357038575772
0.237,3.275,4,0.733902156231,0.119214012592,0.774931164788,0.000385481960517
0.2375,3.275,4,0.733904104894,0.1192905017,0.774928174447,0
0.238,3.275,4,0.733906832098,0.119367823211,0.774927154251,0
0.2215,3.28,4,0.73427826542,0.117014702957,0.775784273982,0
0.222,3.28,4,0.734258481326,0.117067712086,0.775727345628,0
0.2225,3.28,4,0.734239333494,0.117121408445,0.775671982058,0
0.223,3.28,4,0.734220826528,0.117175796714,0.775618196402,0
0.2235,3.28,4,0.734202965033,0.117230881573,0.77556600179,0
0.224,3.28,4,0.734185753613,0.117286667699,0.775515411351,0
0.2245,3.28,4,0.734169196874,0.117343159773,0.775466438216,0
0.225,3.28,4,0.734153299419,0.117400362472,0.775419095515,0
0.2255,3.28,4,0.734138065853,0.117458280478,0.775373396378,0
0.226,3.28,4,0.734123500781,0.117516918468,0.775329353933,0
0.2265,3.28,4,0.734109608808,0.117576281122,0.775286981312,0
0.227,3.28,4,0.734096394539,0.117636373119,0.775246291644,0
0.2275,3.28,4,0.734083862577,0.117697199138,0.775207298059,0
0.228,3.28,4,0.734072017528,0.117758763859,0.775170013688,0
0.2285,3.28,4,0.734060863996,0.11782107196,0.775134451659,0
0.229,3.28,4,0.734050406586,0.11788412812,0.775100625102,0
0.2295,3.28,4,0.734040649903,0.11794793702,0.775068547149,0
0.23,3.28,4,0.734031598551,0.118012503337,0.775038230928,0
0.2305,3.28,4,0.734023257135,0.118077831751,0.775009689569,0
0.231,3.28,4,0.734015630259,0.118143926942,0.774982936203,0
0.2315,3.28,4,0.734008722528,0.118210793587,0.774957983959,0
0.232,3.28,4,0.734002538548,0.118278436368,0.774934845967,0
0.2325,3.28,4,0.733997082922,0.118346859961,0.774913535357,0
0.233,3.28,4,0.733992360254,0.118416069048,0.774894065259,2.58843956532e-05
0.2335,3.28,4,0.733988375151,0.118486068307,0.774876448804,0.000203362068707
0.234,3.28,4,0.733985132216,0.118556862417,0.774860699119,0.000223561553194
0.2345,3.28,4,0.733982636054,0.118628456057,0.774846829337,0.000246381894332
0.235,3.28,4,0.73398089127,0.118700853906,0.774834852586,0.000272255331549
0.2355,3.28,4,0.733979902468,0.118774060644,0.774824781996,0.000301701930353
0.236,3.28,4,0.733979674253,0.11884808095,0.774816630698,0.000335351045485
0.2365,3.28,4,0.73398021123,0.118922919502,0.774810411821,0.000373968985261
0.237,3.28,4,0.733981518004,0.118998580981,0.774806138496,0.000299264322546
0.2375,3.28,4,0.733983599178,0.119075070064,0.774803823851,0
0.238,3.28,4,0.733986459358,0.119152391432,0.774803481017,0
0.221,3.285,4,0.734374557613,0.116747927421,0.775700263054,0
0.2215,3.285,4,0.734354258879,0.116800257708,0.775642401766,0
0.222,3.285,4,0.734334592267,0.116853270428,0.7755860938,0
0.2225,3.285,4,0.734315562382,0.11690697026,0.775531352285,0
0.223,3.285,4,0.734297173829,0.116961361884,0.775478190352,0
0.2235,3.285,4,0.734279431211,0.117016449978,0.77542662113,0
0.224,3.285,4,0.734262339135,0.117072239221,0.775376657749,0
0.2245,3.285,4,0.734245902203,0.117128734293,0.775328313338,0
0.225,3.285,4,0.734230125022,0.117185939873,0.775281601029,0
0.2255,3.285,4,0.734215012195,0.11724386064,0.77523653395,0
0.226,3.285,4,0.734200568327,0.117302501273,0.775193125232,0
0.2265,3.285,4,0.734186798023,0.117361866452,0.775151388005,0
0.227,3.285,4,0.734173705888,0.117421960855,0.775111335398,0
0.2275,3.285,4,0.734161296526,0.117482789161,0.775072980541,0
0.228,3.285,4,0.734149574542,0.11754435605,0.775036336565,0
0.2285,3.285,4,0.734138544541,0.117606666201,0.775001416599,0
0.229,3.285,4,0.734128211127,0.117669724293,0.774968233773,0
0.2295,3.285,4,0.734118578904,0.117733535006,0.774936801216,0
0.23,3.285,4,0.734109652478,0.117798103017,0.77490713206,0
0.2305,3.285,4,0.734101436453,0.117863433007,0.774879239433,0
0.231,3.285,4,0.734093935434,0.117929529655,0.774853136467,0
0.2315,3.285,4,0.734087154025,0.11799639764,0.774828836289,0
0.232,3.285,4,0.734081096832,0.11806404164,0.774806352031,0
0.2325,3.285,4,0.734075768458,0.118132466336,0.774785696823,0
0.233,3.285,4,0.734071173508,0.118201676406,0.774766883793,6.62612677677e-05
0.2335,3.285,4,0.734067316588,0.118271676529,0.774749926073,0.000210943112142
0.234,3.285,4,0.734064202301,0.118342471385,0.774734836792,0.000232253985306
0.2345,3.285,4,0.734061835253,0.118414065652,0.77472162908,0.000256379653616
0.235,3.285,4,0.734060220047,0.118486464011,0.774710316067,0.000283792981586
0.2355,3.285,4,0.734059361289,0.118559671139,0.774700910882,0.000315064763106
0.236,3.285,4,0.734059263584,0.118633691716,0.774693426656,0.00035088813004
0.2365,3.285,4,0.734059931535,0.118708530422,0.774687876519,0.000392110157598
0.237,3.285,4,0.734061369748,0.118784191935,0.7746842736,0.000196444747417
0.2375,3.285,4,0.734063582827,0.118860680935,0.77468263103,0
0.221,3.29,4,0.734450932361,0.11653451846,0.775561021982,0
0.2215,3.29,4,0.734430750039,0.116586852398,0.775503775794,0
0.222,3.29,4,0.734411200303,0.11663986865,0.775448084594,0
0.2225,3.29,4,0.73439228776,0.116693571896,0.775393961513,0
0.223,3.29,4,0.734374017013,0.116747966814,0.775341419681,0
0.2235,3.29,4,0.734356392667,0.116803058085,0.775290472227,0
0.224,3.29,4,0.734339419328,0.116858850386,0.775241132281,0
0.2245,3.29,4,0.734323101599,0.116915348398,0.775193412974,0
0.225,3.29,4,0.734307444085,0.116972556799,0.775147327435,0
0.2255,3.29,4,0.734292451391,0.117030480268,0.775102888794,0
0.226,3.29,4,0.734278128122,0.117089123485,0.775060110181,0
0.2265,3.29,4,0.734264478882,0.117148491128,0.775019004725,0
0.227,3.29,4,0.734251508275,0.117208587878,0.774979585558,0
0.2275,3.29,4,0.734239220907,0.117269418412,0.774941865808,0
0.228,3.29,4,0.734227621383,0.117330987411,0.774905858605,0
0.2285,3.29,4,0.734216714306,0.117393299553,0.77487157708,0
0.229,3.29,4,0.734206504281,0.117456359517,0.774839034363,0
0.2295,3.29,4,0.734196995914,0.117520171984,0.774808243582,0
0.23,3.29,4,0.734188193808,0.117584741631,0.774779217869,0
0.2305,3.29,4,0.734180102569,0.117650073137,0.774751970353,0
0.231,3.29,4,0.734172726801,0.117716171183,0.774726514164,0
0.2315,3.29,4,0.734166071108,0.117783040448,0.774702862432,0
0.232,3.29,4,0.734160140096,0.117850685609,0.774681028286,0
0.2325,3.29,4,0.734154938368,0.117919111347,0.774661024857,0
0.233,3.29,4,0.734150470531,0.117988322341,0.774642865275,0.000110296124524
0.2335,3.29,4,0.734146741187,0.11805832327,0.774626562669,0.000218962762363
0.234,3.29,4,0.734143754943,0.118129118812,0.774612130169,0.000241467977488
0.2345,3.29,4,0.734141516402,0.118200713648,0.774599580906,0.000267000056893
0.235,3.29,4,0.73414003017,0.118273112456,0.774588928009,0.000296077111873
0.2355,3.29,4,0.73413930085,0.118346319915,0.774580184608,0.000329326653575
0.236,3.29,4,0.734139333048,0.118420340706,0.774573363832,0.000367513413621
0.2365,3.29,4,0.734140131368,0.118495179505,0.774568478813,0.000411575538574
0.237,3.29,4,0.734141700415,0.118570840994,0.77456554268,8.58226083289e-05
0.2375,3.29,4,0.734144044793,0.118647329851,0.774564568562,0
0.221,3.295,4,0.734527794367,0.116322145035,0.775425003354,0
0.2215,3.295,4,0.73450772785,0.116374482565,0.775368368643,0
0.222,3.295,4,0.734488294385,0.11642750229,0.775313290589,0
0.2225,3.295,4,0.734469498577,0.11648120889,0.77525978232,0
0.223,3.295,4,0.734451345031,0.116535607045,0.775207856967,0
0.2235,3.295,4,0.734433838352,0.116590701433,0.77515752766,0
0.224,3.295,4,0.734416983144,0.116646496733,0.775108807528,0
0.2245,3.295,4,0.734400784011,0.116702997624,0.775061709702,0
0.225,3.295,4,0.73438524556,0.116760208787,0.775016247311,0
0.2255,3.295,4,0.734370372393,0.116818134899,0.774972433486,0
0.226,3.295,4,0.734356169116,0.116876780641,0.774930281356,0
0.2265,3.295,4,0.734342640334,0.11693615069,0.774889804051,0
0.227,3.295,4,0.73432979065,0.116996249727,0.774851014701,0
0.2275,3.295,4,0.734317624671,0.11705708243,0.774813926437,0
0.228,3.295,4,0.734306147,0.117118653479,0.774778552387,0
0.2285,3.295,4,0.734295362241,0.117180967553,0.774744905681,0
0.229,3.295,4,0.734285275001,0.117244029331,0.774712999451,0
0.2295,3.295,4,0.734275889883,0.117307843492,0.774682846825,0
0.23,3.295,4,0.734267211492,0.117372414715,0.774654460933,0
0.2305,3.295,4,0.734259244432,0.117437747679,0.774627854906,0
0.231,3.295,4,0.734251993309,0.117503847064,0.774603041873,0
0.2315,3.295,4,0.734245462727,0.117570717549,0.774580034964,0
0.232,3.295,4,0.73423965729,0.117638363812,0.774558847309,0
0.2325,3.295,4,0.734234581604,0.117706790533,0.774539492038,0
0.233,3.295,4,0.734230240272,0.117776002392,0.774521982281,0.000157818449632
0.2335,3.295,4,0.7342266379,0.117846004067,0.774506331168,0.000227454369474
0.234,3.295,4,0.734223779092,0.117916800237,0.774492551829,0.000251244629046
0.2345,3.295,4,0.734221668453,0.117988395582,0.774480657393,0.00027829399777
0.235,3.295,4,0.734220310588,0.11806079478,0.77447066099,0.000309171073103
0.2355,3.295,4,0.734219710101,0.118134002512,0.774462575751,0.000344566903571
0.236,3.295,4,0.734219871596,0.118208023455,0.774456414805,0.000385326771557
0.2365,3.295,4,0.734220799679,0.11828286229,0.774452191282,0.000416073250682
0.237,3.295,4,0.734222498954,0.118358523695,0.774449918312,0
0.2375,3.295,4,0.734224974026,0.118435012349,0.774449609025,0
0.2205,3.3,4,0.734625712813,0.116059139022,0.775349751795,0
0.221,3.3,4,0.734605132581,0.116110802685,0.775292179747,0
0.2215,3.3,4,0.734585181263,0.116163143747,0.775236152892,0
0.222,3.3,4,0.734565863463,0.116216166886,0.775181684361,0
0.2225,3.3,4,0.734547183785,0.116269876782,0.775128787282,0
0.223,3.3,4,0.734529146834,0.116324278113,0.775077474787,0
0.2235,3.3,4,0.734511757215,0.116379375559,0.775027760005,0
0.224,3.3,4,0.734495019533,0.116435173799,0.774979656066,0
0.2245,3.3,4,0.734478938392,0.116491677511,0.7749331761,0
0.225,3.3,4,0.734463518396,0.116548891376,0.774888333236,0
0.2255,3.3,4,0.734448764151,0.116606820073,0.774845140606,0
0.226,3.3,4,0.734434680261,0.116665468279,0.774803611337,0
0.2265,3.3,4,0.73442127133,0.116724840676,0.774763758561,0
0.227,3.3,4,0.734408541964,0.116784941941,0.774725595408,0
0.2275,3.3,4,0.734396496767,0.116845776754,0.774689135006,0
0.228,3.3,4,0.734385140343,0.116907349794,0.774654390487,0
0.2285,3.3,4,0.734374477298,0.11696966574,0.77462137498,0
0.229,3.3,4,0.734364512236,0.117032729272,0.774590101615,0
0.2295,3.3,4,0.734355249762,0.117096545068,0.774560583522,0
0.23,3.3,4,0.734346694479,0.117161117808,0.77453283383,0
0.2305,3.3,4,0.734338850994,0.117226452171,0.77450686567,0
0.231,3.3,4,0.73433172391,0.117292552836,0.774482692172,0
0.2315,3.3,4,0.734325317832,0.117359424481,0.774460326465,0
0.232,3.3,4,0.734319637365,0.117427071788,0.774439781679,0
0.2325,3.3,4,0.734314687114,0.117495499433,0.774421070945,0
0.233,3.3,4,0.734310471683,0.117564712097,0.774404207392,0.000206041454414
0.2335,3.3,4,0.734306995676,0.117634714459,0.77438920415,0.000236454425233
0.234,3.3,4,0.734304263699,0.117705511198,0.774376074349,0.000261629051235
0.2345,3.3,4,0.734302280357,0.117777106992,0.774364831118,0.00029031752245
0.235,3.3,4,0.734301050252,0.117849506522,0.774355487589,0.000323144875019
0.2355,3.3,4,0.734300577992,0.117922714466,0.77434805689,0.000360873479585
0.236,3.3,4,0.734300868179,0.117996735504,0.774342552151,0.000404439435945
0.2365,3.3,4,0.734301925419,0.118071574314,0.774338986503,0.000320700470106
0.237,3.3,4,0.734303754317,0.118147235576,0.774337373076,0
0.2205,3.305,4,0.734703402057,0.115848819693,0.77521949322,0
0.221,3.305,4,0.734682935954,0.115900486948,0.775162523739,0
0.2215,3.305,4,0.734663099229,0.115952831484,0.775107101119,0
0.222,3.305,4,0.734643896488,0.116005857977,0.775053238489,0
0.2225,3.305,4,0.734625332334,0.116059571109,0.77500094898,0
0.223,3.305,4,0.734607411373,0.116113975558,0.774950245721,0
0.2235,3.305,4,0.734590138208,0.116169076002,0.774901141843,0
0.224,3.305,4,0.734573517446,0.116224877122,0.774853650474,0
0.2245,3.305,4,0.73455755369,0.116281383597,0.774807784746,0
0.225,3.305,4,0.734542251545,0.116338600105,0.774763557788,0
0.2255,3.305,4,0.734527615615,0.116396531326,0.77472098273,0
0.226,3.305,4,0.734513650506,0.116455181939,0.774680072702,0
0.2265,3.305,4,0.734500360822,0.116514556623,0.774640840833,0
0.227,3.305,4,0.734487751167,0.116574660057,0.774603300255,0
0.2275,3.305,4,0.734475826147,0.116635496921,0.774567464095,0
0.228,3.305,4,0.734464590365,0.116697071893,0.774533345485,0
0.2285,3.305,4,0.734454048427,0.116759389652,0.774500957555,0
0.229,3.305,4,0.734444204938,0.116822454879,0.774470313434,0
0.2295,3.305,4,0.734435064501,0.116886272251,0.774441426251,0
0.23,3.305,4,0.734426631721,0.116950846449,0.774414309138,0
0.2305,3.305,4,0.734418911204,0.117016182151,0.774388975224,0
0.231,3.305,4,0.734411907554,0.117082284036,0.774365437639,0
0.2315,3.305,4,0.734405625375,0.117149156784,0.774343709512,0
0.232,3.305,4,0.734400069272,0.117216805074,0.774323803974,0
0.2325,3.305,4,0.73439524385,0.117285233584,0.774305734155,3.1889880763e-05
0.233,3.305,4,0.734391153714,0.117354446995,0.774289513184,0.000222562866906
0.2335,3.305,4,0.734387803467,0.117424449984,0.774275154191,0.000246002916109
0.234,3.305,4,0.734385197715,0.117495247232,0.774262670307,0.000272670834457
0.2345,3.305,4,0.734383341063,0.117566843418,0.774252074661,0.000303132453051
0.235,3.305,4,0.734382238114,0.11763924322,0.774243380383,0.000338076024144
0.2355,3.305,4,0.734381893474,0.117712451317,0.774236600602,0.000378344145964
0.236,3.305,4,0.734382311748,0.11778647239,0.77423174845,0.000424975542333
0.2365,3.305,4,0.734383497539,0.117861311117,0.774228837055,0.000207017262821
0.237,3.305,4,0.734385455453,0.117936972177,0.774227879548,0
0.2205,3.31,4,0.734781546015,0.115639522575,0.775092378444,0
0.221,3.31,4,0.734761193435,0.115691193363,0.775036007909,0
0.2215,3.31,4,0.734741470698,0.115743541312,0.774981185901,0
0.222,3.31,4,0.73472238241,0.115796571101,0.774927925552,0
0.2225,3.31,4,0.734703933175,0.115850287409,0.77487623999,0
0.223,3.31,4,0.734686127597,0.115904694916,0.774826142346,0
0.2235,3.31,4,0.734668970282,0.115959798301,0.774777645749,0
0.224,3.31,4,0.734652465833,0.116015602242,0.774730763331,0
0.2245,3.31,4,0.734636618857,0.116072111419,0.774685508219,0
0.225,3.31,4,0.734621433956,0.116129330512,0.774641893545,0
0.2255,3.31,4,0.734606915737,0.116187264198,0.774599932438,0
0.226,3.31,4,0.734593068803,0.116245917158,0.774559638029,0
0.2265,3.31,4,0.734579897759,0.11630529407,0.774521023446,0
0.227,3.31,4,0.73456740721,0.116365399614,0.77448410182,0
0.2275,3.31,4,0.73455560176,0.116426238469,0.774448886281,0
0.228,3.31,4,0.734544486015,0.116487815314,0.774415389959,0
0.2285,3.31,4,0.734534064579,0.116550134828,0.774383625984,0
0.229,3.31,4,0.734524342056,0.11661320169,0.774353607485,0
0.2295,3.31,4,0.734515323051,0.11667702058,0.774325347592,0
0.23,3.31,4,0.734507012169,0.116741596176,0.774298859436,0
0.2305,3.31,4,0.734499414014,0.116806933158,0.774274156146,0
0.231,3.31,4,0.734492533192,0.116873036204,0.774251250852,0
0.2315,3.31,4,0.734486374306,0.116939909995,0.774230156684,0
0.232,3.31,4,0.734480941961,0.117007559209,0.774210886772,0
0.2325,3.31,4,0.734476240763,0.117075988525,0.774193454246,8.12168513938e-05
0.233,3.31,4,0.734472275315,0.117145202623,0.774177872236,0.000231342609766
0.2335,3.31,4,0.734469050222,0.117215206181,0.774164153872,0.000256143723595
0.234,3.31,4,0.73446657009,0.117286003879,0.774152312282,0.000284424580842
0.2345,3.31,4,0.734464839522,0.117357600396,0.774142360599,0.000316807100282
0.235,3.31,4,0.734463863123,0.117430000411,0.77413431195,0.000354050483945
0.2355,3.31,4,0.734463645499,0.117503208603,0.774128179467,0.000397087771596
0.236,3.31,4,0.734464191252,0.117577229651,0.774123976279,0.00044707392287
0.2365,3.31,4,0.734465504989,0.117652068235,0.774121715517,8.49290368436e-05
0.237,3.31,4,0.734467591314,0.117727729034,0.774121410309,0
0.22,3.315,4,0.734880999008,0.115380241307,0.775025692323,0
0.2205,3.315,4,0.73486013364,0.115431243205,0.774968380046,0
0.221,3.315,4,0.734839893976,0.115482917466,0.774912604834,0
0.2215,3.315,4,0.734820284621,0.11553526877,0.774858379818,0
0.222,3.315,4,0.734801310181,0.115588301796,0.774805718127,0
0.2225,3.315,4,0.734782975258,0.115642021222,0.774754632891,0
0.223,3.315,4,0.734765284458,0.115696431728,0.77470513724,0
0.2235,3.315,4,0.734748242386,0.115751537993,0.774657244304,0
0.224,3.315,4,0.734731853646,0.115807344696,0.774610967213,0
0.2245,3.315,4,0.734716122843,0.115863856517,0.774566319097,0
0.225,3.315,4,0.734701054581,0.115921078134,0.774523313085,0
0.2255,3.315,4,0.734686653466,0.115979014227,0.774481962308,0
0.226,3.315,4,0.734672924101,0.116037669474,0.774442279895,0
0.2265,3.315,4,0.734659871092,0.116097048556,0.774404278977,0
0.227,3.315,4,0.734647499043,0.116157156151,0.774367972682,0
0.2275,3.315,4,0.734635812559,0.116217996938,0.774333374142,0
0.228,3.315,4,0.734624816244,0.116279575596,0.774300496486,0
0.2285,3.315,4,0.734614514703,0.116341896805,0.774269352844,0
0.229,3.315,4,0.734604912541,0.116404965243,0.774239956346,0
0.2295,3.315,4,0.734596014363,0.116468785591,0.774212320122,0
0.23,3.315,4,0.734587824772,0.116533362526,0.774186457301,0
0.2305,3.315,4,0.734580348374,0.116598700729,0.774162381013,0
0.231,3.315,4,0.734573589774,0.116664804878,0.77414010439,0
0.2315,3.315,4,0.734567553575,0.116731679652,0.774119640559,0
0.232,3.315,4,0.734562244383,0.116799329731,0.774101002652,0
0.2325,3.315,4,0.734557666802,0.116867759794,0.774084203798,0.000134697568449
0.233,3.315,4,0.734553825438,0.116936974519,0.774069257126,0.000240656051702
0.2335,3.315,4,0.734550724893,0.117006978587,0.774056175768,0.000266925077586
0.234,3.315,4,0.734548369774,0.117077776676,0.774044972853,0.00029695050935
0.2345,3.315,4,0.734546764685,0.117149373465,0.77403566151,0.000331417076934
0.235,3.315,4,0.734545914231,0.117221773634,0.77402825487,0.000371163779145
0.2355,3.315,4,0.734545823015,0.117294981861,0.774022766063,0.000417225839445
0.236,3.315,4,0.734546495644,0.117369002826,0.774019208218,0.000444014078357
0.2365,3.315,4,0.734547936721,0.117443841209,0.774017594465,0
0.22,3.32,4,0.734959907402,0.115172971692,0.774904192844,0
0.2205,3.32,4,0.73493915388,0.115223977122,0.774847470602,0
0.221,3.32,4,0.734919026527,0.115275654798,0.774792287093,0
0.2215,3.32,4,0.734899529949,0.115328009397,0.774738655446,0
0.222,3.32,4,0.73488066875,0.1153810456,0.774686588792,0
0.2225,3.32,4,0.734862447534,0.115434768084,0.774636100261,0
0.223,3.32,4,0.734844870906,0.11548918153,0.774587202982,0
0.2235,3.32,4,0.734827943471,0.115544290617,0.774539910085,0
0.224,3.32,4,0.734811669834,0.115600100023,0.7744942347,0
0.2245,3.32,4,0.734796054599,0.115656614428,0.774450189957,0
0.225,3.32,4,0.73478110237,0.115713838511,0.774407788986,0
0.2255,3.32,4,0.734766817753,0.11577177695,0.774367044917,0
0.226,3.32,4,0.734753205352,0.115830434427,0.77432797088,0
0.2265,3.32,4,0.734740269772,0.115889815618,0.774290580004,0
0.227,3.32,4,0.734728015617,0.115949925204,0.77425488542,0
0.2275,3.32,4,0.734716447493,0.116010767864,0.774220900257,0
0.228,3.32,4,0.734705570003,0.116072348277,0.774188637646,0
0.2285,3.32,4,0.734695387752,0.116134671122,0.774158110716,0
0.229,3.32,4,0.734685905345,0.116197741077,0.774129332596,0
0.2295,3.32,4,0.734677127387,0.116261562824,0.774102316418,0
0.23,3.32,4,0.734669058482,0.116326141039,0.774077075311,0
0.2305,3.32,4,0.734661703235,0.116391480403,0.774053622405,0
0.231,3.32,4,0.734655066251,0.116457585595,0.77403197083,0
0.2315,3.32,4,0.734649152134,0.116524461294,0.774012133715,0
0.232,3.32,4,0.734643965488,0.116592112179,0.77399412419,0
0.2325,3.32,4,0.73463951092,0.116660542929,0.773977955386,0.000191877585348
0.233,3.32,4,0.734635793032,0.116729758223,0.773963640433,0.00025054579547
0.2335,3.32,4,0.734632816431,0.116799762741,0.773951192459,0.000278400071776
0.234,3.32,4,0.734630585719,0.116870561162,0.773940624596,0.000310315146828
0.2345,3.32,4,0.734629105503,0.116942158164,0.773931949973,0.000347046233018
0.235,3.32,4,0.734628380387,0.117014558427,0.77392518172,0.000389522268975
0.2355,3.32,4,0.734628414975,0.117087766631,0.773920332966,0.000438894197529
0.236,3.32,4,0.734629213872,0.117161787453,0.773917416843,0.000336738020523
0.2365,3.32,4,0.734630781683,0.117236625575,0.773916446478,0
0.2195,3.325,4,0.735060502281,0.114916369503,0.774843421619,0
0.22,3.325,4,0.735039237969,0.114966710961,0.77478575852,0
0.2205,3.325,4,0.735018595687,0.115017719865,0.774729622692,0
0.221,3.325,4,0.73499858004,0.115069400895,0.774675027264,0
0.2215,3.325,4,0.734979195632,0.115121758731,0.774621985365,0
0.222,3.325,4,0.734960447068,0.115174798051,0.774570510127,0
0.2225,3.325,4,0.734942338954,0.115228523535,0.774520614678,0
0.223,3.325,4,0.734924875892,0.115282939862,0.774472312149,0
0.2235,3.325,4,0.734908062489,0.11533805171,0.774425615669,0
0.224,3.325,4,0.734891903348,0.11539386376,0.774380538369,0
0.2245,3.325,4,0.734876403075,0.11545038069,0.774337093378,0
0.225,3.325,4,0.734861566274,0.115507607179,0.774295293827,0
0.2255,3.325,4,0.73484739755,0.115565547907,0.774255152844,0
0.226,3.325,4,0.734833901507,0.115624207553,0.774216683561,0
0.2265,3.325,4,0.73482108275,0.115683590795,0.774179899106,0
0.227,3.325,4,0.734808945883,0.115743702314,0.77414481261,0
0.2275,3.325,4,0.734797495512,0.115804546787,0.774111437203,0
0.228,3.325,4,0.734786736241,0.115866128895,0.774079786015,0
0.2285,3.325,4,0.734776672675,0.115928453316,0.774049872175,0
0.229,3.325,4,0.734767309417,0.11599152473,0.774021708814,0
0.2295,3.325,4,0.734758651074,0.116055347816,0.773995309061,0
0.23,3.325,4,0.734750702249,0.116119927252,0.773970686046,0
0.2305,3.325,4,0.734743467547,0.116185267719,0.773947852899,0
0.231,3.325,4,0.734736951573,0.116251373895,0.77392682275,0
0.2315,3.325,4,0.734731158932,0.116318250459,0.773907608729,0
0.232,3.325,4,0.734726094228,0.11638590209,0.773890223966,1.06022225188e-05
0.2325,3.325,4,0.734721762065,0.116454333469,0.773874681591,0.000235205864909
0.233,3.325,4,0.734718167049,0.116523549273,0.773860994734,0.000261058655183
0.2335,3.325,4,0.734715313784,0.116593554182,0.773849176523,0.000290627249675
0.234,3.325,4,0.734713206875,0.116664352875,0.773839240091,0.000324592118169
0.2345,3.325,4,0.734711850926,0.116735950031,0.773831198566,0.0003637877285
0.235,3.325,4,0.734711250543,0.11680835033,0.773825065077,0.000409244617481
0.2355,3.325,4,0.734711410329,0.11688155845,0.773820852756,0.000462245093452
0.236,3.325,4,0.734712334889,0.116955579071,0.773818574732,0.000210620187881
0.2365,3.325,4,0.734714028828,0.117030416871,0.773818244135,0
0.2195,3.33,4,0.735140133802,0.114711109662,0.774727443904,0
0.22,3.33,4,0.735118979659,0.114761454652,0.77467036193,0
0.2205,3.33,4,0.735098448011,0.114812466971,0.774614808894,0
0.221,3.33,4,0.735078543463,0.114864151297,0.774560797925,0
0.2215,3.33,4,0.73505927062,0.11491651231,0.774508342153,0
0.222,3.33,4,0.735040634087,0.114969554689,0.774457454708,0
0.2225,3.33,4,0.735022638467,0.115023283113,0.774408148721,0
0.223,3.33,4,0.735005288367,0.115077702261,0.77436043732,0
0.2235,3.33,4,0.734988588389,0.115132816812,0.774314333636,0
0.224,3.33,4,0.73497254314,0.115188631447,0.774269850799,0
0.2245,3.33,4,0.734957157223,0.115245150842,0.774227001939,0
0.225,3.33,4,0.734942435244,0.115302379679,0.774185800185,0
0.2255,3.33,4,0.734928381806,0.115360322636,0.774146258667,0
0.226,3.33,4,0.734915001515,0.115418984391,0.774108390516,0
0.2265,3.33,4,0.734902298975,0.115478369625,0.774072208861,0
0.227,3.33,4,0.734890278792,0.115538483017,0.774037726832,0
0.2275,3.33,4,0.734878945569,0.115599329245,0.774004957559,0
0.228,3.33,4,0.73486830391,0.115660912989,0.773973914172,0
0.2285,3.33,4,0.734858358422,0.115723238928,0.773944609801,0
0.229,3.33,4,0.734849113709,0.11578631174,0.773917057576,0
0.2295,3.33,4,0.734840574374,0.115850136106,0.773891270626,0
0.23,3.33,4,0.734832745023,0.115914716704,0.773867262082,0
0.2305,3.33,4,0.734825630261,0.115980058214,0.773845045073,0
0.231,3.33,4,0.734819234692,0.116046165315,0.77382463273,0
0.2315,3.33,4,0.734813562921,0.116113042685,0.773806038181,0
0.232,3.33,4,0.734808619552,0.116180695004,0.773789274558,5.11796351252e-05
0.2325,3.33,4,0.73480440919,0.116249126951,0.77377435499,0.000244837307254
0.233,3.33,4,0.734800936439,0.116318343205,0.773761292607,0.000272246154567
0.2335,3.33,4,0.734798205905,0.116388348446,0.773750100539,0.000303671273657
0.234,3.33,4,0.734796222193,0.116459147353,0.773740791915,0.000339863052888
0.2345,3.33,4,0.734794989905,0.116530744604,0.773733379866,0.000381745270667
0.235,3.33,4,0.734794513648,0.116603144878,0.773727877521,0.000430463499372
0.2355,3.33,4,0.734794798026,0.116676352856,0.773724298011,0.000487449546972
0.236,3.33,4,0.734795847644,0.116750373216,0.773722654466,7.62479536803e-05
0.2195,3.335,4,0.735220166002,0.11450684984,0.774614480121,0
0.22,3.335,4,0.735199121422,0.114557198304,0.774557975651,0
0.2205,3.335,4,0.735178699803,0.114608213978,0.774503001785,0
0.221,3.335,4,0.735158905749,0.114659901541,0.774449571654,0
0.2215,3.335,4,0.735139743865,0.114712265672,0.774397698387,0
0.222,3.335,4,0.735121218756,0.11476531105,0.774347395115,0
0.2225,3.335,4,0.735103335026,0.114819042355,0.774298674967,0
0.223,3.335,4,0.73508609728,0.114873464265,0.774251551073,0
0.2235,3.335,4,0.735069510123,0.114928581461,0.774206036563,0
0.224,3.335,4,0.735053578158,0.11498439862,0.774162144568,0
0.2245,3.335,4,0.735038305992,0.115040920423,0.774119888216,0
0.225,3.335,4,0.735023698229,0.115098151547,0.774079280638,0
0.2255,3.335,4,0.735009759472,0.115156096674,0.774040334964,0
0.226,3.335,4,0.734996494328,0.11521476048,0.774003064324,0
0.2265,3.335,4,0.7349839074,0.115274147647,0.773967481847,0
0.227,3.335,4,0.734972003293,0.115334262852,0.773933600663,0
0.2275,3.335,4,0.734960786612,0.115395110776,0.773901433903,0
0.228,3.335,4,0.734950261961,0.115456696096,0.773870994696,0
0.2285,3.335,4,0.734940433946,0.115519023493,0.773842296172,0
0.229,3.335,4,0.73493130717,0.115582097646,0.773815351461,0
0.2295,3.335,4,0.734922886239,0.115645923233,0.773790173693,0
0.23,3.335,4,0.734915175756,0.115710504934,0.773766775998,0
0.2305,3.335,4,0.734908180328,0.115775847427,0.773745171506,0
0.231,3.335,4,0.734901904557,0.115841955393,0.773725373346,0
0.2315,3.335,4,0.73489635305,0.11590883351,0.773707394649,0
0.232,3.335,4,0.734891530411,0.115976486458,0.773691248544,5.38611964881e-05
0.2325,3.335,4,0.734887441243,0.116044918914,0.773676948161,0.000255073843958
0.233,3.335,4,0.734884090153,0.11611413556,0.773664506631,0.000284165093173
0.2335,3.335,4,0.734881481744,0.116184141074,0.773653937083,0.000317603690118
0.234,3.335,4,0.734879620622,0.116254940134,0.773645252647,0.000356218625491
0.2345,3.335,4,0.734878511391,0.116326537421,0.773638466452,0.000401034544287
0.235,3.335,4,0.734878158655,0.116398937612,0.77363359163,0.000453327580763
0.2355,3.335,4,0.734878567019,0.116472145389,0.773630641309,0.000468457515182
0.236,3.335,4,0.734879741088,0.116546165429,0.77362962862,0
0.219,3.34,4,0.735322142276,0.114253896111,0.774561952581,0
0.2195,3.34,4,0.735300587832,0.114303585577,0.77450450285,0
0.22,3.34,4,0.735279652209,0.114353937455,0.774448572261,0
0.2205,3.34,4,0.735259340013,0.114404956425,0.774394173944,0
0.221,3.34,4,0.735239655847,0.114456647165,0.774341321029,0
0.2215,3.34,4,0.735220604316,0.114509014355,0.774290026646,0
0.222,3.34,4,0.735202190026,0.114562062674,0.774240303924,0
0.2225,3.34,4,0.73518441758,0.1146157968,0.774192165995,0
0.223,3.34,4,0.735167291583,0.114670221414,0.774145625986,0
0.2235,3.34,4,0.73515081664,0.114725341194,0.774100697029,0
0.224,3.34,4,0.735134997355,0.114781160819,0.774057392254,0
0.2245,3.34,4,0.735119838334,0.114837684969,0.774015724789,0
0.225,3.34,4,0.73510534418,0.114894918323,0.773975707766,0
0.2255,3.34,4,0.735091519499,0.11495286556,0.773937354314,0
0.226,3.34,4,0.735078368895,0.115011531358,0.773900677562,0
0.2265,3.34,4,0.735065896973,0.115070920398,0.773865690642,0
0.227,3.34,4,0.735054108337,0.115131037358,0.773832406682,0
0.2275,3.34,4,0.735043007593,0.115191886918,0.773800838813,0
0.228,3.34,4,0.735032599344,0.115253473756,0.773771000164,0
0.2285,3.34,4,0.735022888195,0.115315802552,0.773742903866,0
0.229,3.34,4,0.735013878751,0.115378877985,0.773716563048,0
0.2295,3.34,4,0.735005575618,0.115442704734,0.77369199084,0
0.23,3.34,4,0.734997983398,0.115507287478,0.773669200373,0
0.2305,3.34,4,0.734991106697,0.115572630896,0.773648204775,0
0.231,3.34,4,0.73498495012,0.115638739668,0.773629017177,0
0.2315,3.34,4,0.734979518271,0.115705618473,0.773611650709,0
0.232,3.34,4,0.734974815756,0.11577327199,0.773596118501,5.39540625807e-05
0.2325,3.34,4,0.734970847177,0.115841704897,0.773582433683,0.00026596537086
0.233,3.34,4,0.734967617141,0.115910921875,0.773570609384,0.000296878192245
0.2335,3.34,4,0.734965130252,0.115980927602,0.773560658734,0.000332503805816
0.234,3.34,4,0.734963391114,0.116051726757,0.773552594864,0.000373759755616
0.2345,3.34,4,0.734962404333,0.11612332402,0.773546430903,0.000421784867066
0.235,3.34,4,0.734962174512,0.11619572407,0.773542179981,0.000478003828233
0.2355,3.34,4,0.734962706257,0.116268931585,0.773539855228,0.000346371158992
0.236,3.34,4,0.734964004172,0.116342951246,0.773539469774,0
0.219,3.345,4,0.7354028348,0.114051619471,0.774454365806,0
0.2195,3.345,4,0.735381388242,0.114101312411,0.774397484668,0
0.22,3.345,4,0.735360560972,0.114151667644,0.774342124339,0
0.2205,3.345,4,0.735340357592,0.11420268985,0.774288297949,0
0.221,3.345,4,0.735320782709,0.114254383709,0.774236018629,0
0.2215,3.345,4,0.735301840925,0.114306753898,0.774185299508,0
0.222,3.345,4,0.735283536848,0.114359805098,0.774136153715,0
0.2225,3.345,4,0.735265875079,0.114413541987,0.774088594382,0
0.223,3.345,4,0.735248860226,0.114467969245,0.774042634638,0
0.2235,3.345,4,0.735232496891,0.11452309155,0.773998287612,0
0.224,3.345,4,0.735216789681,0.114578913582,0.773955566435,0
0.2245,3.345,4,0.735201743198,0.114635440021,0.773914484236,0
0.225,3.345,4,0.735187362049,0.114692675544,0.773875054146,0
0.2255,3.345,4,0.735173650838,0.114750624832,0.773837289294,0
0.226,3.345,4,0.735160614169,0.114809292563,0.77380120281,0
0.2265,3.345,4,0.735148256646,0.114868683417,0.773766807824,0
0.227,3.345,4,0.735136582876,0.114928802072,0.773734117467,0
0.2275,3.345,4,0.735125597462,0.114989653209,0.773703144867,0
0.228,3.345,4,0.735115305009,0.115051241506,0.773673903155,0
0.2285,3.345,4,0.735105710121,0.115113571641,0.773646405461,0
0.229,3.345,4,0.735096817404,0.115176648295,0.773620664914,0
0.2295,3.345,4,0.735088631462,0.115240476147,0.773596694645,0
0.23,3.345,4,0.735081156899,0.115305059875,0.773574507783,0
0.2305,3.345,4,0.735074398321,0.11537040416,0.773554117459,0
0.231,3.345,4,0.735068360331,0.115436513679,0.773535536802,0
0.2315,3.345,4,0.735063047535,0.115503393112,0.773518778942,0
0.232,3.345,4,0.735058464537,0.115571047139,0.773503857009,5.55889479165e-05
0.2325,3.345,4,0.735054615942,0.115639480437,0.773490784133,0.000277566878371
0.233,3.345,4,0.735051506354,0.115708697688,0.773479573444,0.000310454832707
0.2335,3.345,4,0.735049140379,0.115778703569,0.773470238071,0.000348459694377
0.234,3.345,4,0.73504752262,0.11584950276,0.773462791145,0.000392598992906
0.2345,3.345,4,0.735046657683,0.11592109994,0.773457245796,0.000444141114003
0.235,3.345,4,0.735046550171,0.115993499789,0.773453615153,0.000504680209403
0.2355,3.345,4,0.735047204691,0.116066706984,0.773451912346,0.000205963535507
0.219,3.35,4,0.735483895461,0.113850329524,0.77434971432,0
0.2195,3.35,4,0.735462556184,0.113900025879,0.774293398153,0
0.22,3.35,4,0.735441836659,0.113950384408,0.774238604463,0
0.2205,3.35,4,0.735421741491,0.114001409792,0.774185346379,0
0.221,3.35,4,0.735402275284,0.114053106709,0.774133637031,0
0.2215,3.35,4,0.735383442643,0.114105479839,0.774083489551,0
0.222,3.35,4,0.735365248172,0.114158533861,0.774034917066,0
0.2225,3.35,4,0.735347696476,0.114212273453,0.773987932708,0
0.223,3.35,4,0.73533079216,0.114266703296,0.773942549605,0
0.2235,3.35,4,0.735314539828,0.114321828067,0.773898780889,0
0.224,3.35,4,0.735298944085,0.114377652447,0.773856639689,0
0.2245,3.35,4,0.735284009536,0.114434181115,0.773816139134,0
0.225,3.35,4,0.735269740786,0.114491418749,0.773777292355,0
0.2255,3.35,4,0.735256142438,0.114549370028,0.773740112482,0
0.226,3.35,4,0.735243219098,0.114608039633,0.773704612644,0
0.2265,3.35,4,0.73523097537,0.114667432242,0.773670805972,0
0.227,3.35,4,0.735219415859,0.114727552534,0.773638705595,0
0.2275,3.35,4,0.73520854517,0.114788405188,0.773608324643,0
0.228,3.35,4,0.735198367907,0.114849994884,0.773579676246,0
0.2285,3.35,4,0.735188888675,0.1149123263,0.773552773535,0
0.229,3.35,4,0.735180112078,0.114975404116,0.773527629638,0
0.2295,3.35,4,0.735172042722,0.115039233012,0.773504257686,0
0.23,3.35,4,0.73516468521,0.115103817665,0.773482670809,0
0.2305,3.35,4,0.735158044148,0.115169162756,0.773462882136,0
0.231,3.35,4,0.73515212414,0.115235272963,0.773444904798,0
0.2315,3.35,4,0.735146929791,0.115302152965,0.773428751924,0
0.232,3.35,4,0.735142465705,0.115369807442,0.773414436645,5.89532466388e-05
0.2325,3.35,4,0.735138736487,0.115438241073,0.77340197209,0.000289939073808
0.233,3.35,4,0.735135746743,0.115507458538,0.773391371389,0.000324971902181
0.2335,3.35,4,0.735133501075,0.115577464514,0.773382647671,0.000365569357417
0.234,3.35,4,0.735132004089,0.115648263681,0.773375814068,0.000412862122646
0.2345,3.35,4,0.735131260391,0.11571986072,0.773370883709,0.000468265960281
0.235,3.35,4,0.735131274583,0.115792260307,0.773367869723,0.000533568859613
0.2355,3.35,4,0.735132051271,0.115865467124,0.773366785241,5.91159885445e-05
0.2185,3.355,4,0.735587161423,0.113600979477,0.774305236533,0
0.219,3.355,4,0.735565313209,0.11365002181,0.774247970701,0
0.2195,3.355,4,0.735544080607,0.11369972152,0.774192215884,0
0.22,3.355,4,0.735523468223,0.113750083286,0.77413798521,0
0.2205,3.355,4,0.73550348066,0.113801111788,0.774085291811,0
0.221,3.355,4,0.735484122524,0.113852811706,0.774034148815,0
0.2215,3.355,4,0.735465398418,0.113905187717,0.773984569353,0
0.222,3.355,4,0.735447312949,0.113958244501,0.773936566554,0
0.2225,3.355,4,0.735429870719,0.114011986737,0.773890153549,0
0.223,3.355,4,0.735413076335,0.114066419105,0.773845343468,0
0.2235,3.355,4,0.7353969344,0.114121546284,0.773802149439,0
0.224,3.355,4,0.73538144952,0.114177372952,0.773760584594,0
0.2245,3.355,4,0.735366626298,0.11423390379,0.773720662062,0
0.225,3.355,4,0.735352469341,0.114291143475,0.773682394973,0
0.2255,3.355,4,0.735338983251,0.114349096688,0.773645796457,0
0.226,3.355,4,0.735326172634,0.114407768107,0.773610879644,0
0.2265,3.355,4,0.735314042095,0.114467162411,0.773577657663,0
0.227,3.355,4,0.735302596238,0.11452728428,0.773546143645,0
0.2275,3.355,4,0.735291839668,0.114588138393,0.77351635072,0
0.228,3.355,4,0.735281776989,0.114649729429,0.773488292017,0
0.2285,3.355,4,0.735272412806,0.114712062067,0.773461980666,0
0.229,3.355,4,0.735263751725,0.114775140986,0.773437429798,0
0.2295,3.355,4,0.735255798348,0.114838970865,0.773414652541,0
0.23,3.355,4,0.735248557282,0.114903556384,0.773393662027,0
0.2305,3.355,4,0.735242033131,0.114968902222,0.773374471384,0
0.231,3.355,4,0.735236230499,0.115035013058,0.773357093744,0
0.2315,3.355,4,0.73523115399,0.115101893571,0.773341542235,0
0.232,3.355,4,0.735226808211,0.115169548439,0.773327829987,6.42331371492e-05
0.2325,3.355,4,0.735223197765,0.115237982343,0.773315970131,0.000303149092564
0.233,3.355,4,0.735220327257,0.115307199962,0.773305975797,0.000340514764089
0.2335,3.355,4,0.735218201292,0.115377205974,0.773297860114,0.000383942062499
0.234,3.355,4,0.735216824473,0.115448005059,0.773291636212,0.00043469002825
0.2345,3.355,4,0.735216201407,0.115519601896,0.773287317221,0.000494342500829
0.235,3.355,4,0.735216336698,0.115592001164,0.773284916271,0.000488047220512
0.2355,3.355,4,0.735217234949,0.115665207542,0.773284446492,0
0.2185,3.36,4,0.735668819606,0.113401646118,0.774205817298,0
0.219,3.36,4,0.735647076996,0.113450691866,0.774149107528,0
0.2195,3.36,4,0.735625950463,0.113500394872,0.774093910438,0
0.22,3.36,4,0.735605444613,0.113550759816,0.77404023916,0
0.2205,3.36,4,0.73558556405,0.113601791378,0.773988106823,0
0.221,3.36,4,0.735566313379,0.113653494235,0.773937526557,0
0.2215,3.36,4,0.735547697203,0.113705873068,0.773888511492,0
0.222,3.36,4,0.735529720129,0.113758932556,0.773841074758,0
0.2225,3.36,4,0.735512386761,0.113812677378,0.773795229485,0
0.223,3.36,4,0.735495701702,0.113867112212,0.773750988803,0
0.2235,3.36,4,0.735479669559,0.113922241739,0.773708365841,0
0.224,3.36,4,0.735464294935,0.113978070636,0.773667373729,0
0.2245,3.36,4,0.735449582435,0.114034603584,0.773628025598,0
0.225,3.36,4,0.735435536664,0.114091845262,0.773590334578,0
0.2255,3.36,4,0.735422162227,0.114149800348,0.773554313797,0
0.226,3.36,4,0.735409463728,0.114208473522,0.773519976387,0
0.2265,3.36,4,0.735397445771,0.114267869463,0.773487335476,0
0.227,3.36,4,0.735386112962,0.11432799285,0.773456404196,0
0.2275,3.36,4,0.735375469905,0.114388848362,0.773427195675,0
0.228,3.36,4,0.735365521205,0.114450440679,0.773399723044,0
0.2285,3.36,4,0.735356271467,0.114512774479,0.773373999433,0
0.229,3.36,4,0.735347725294,0.114575854442,0.773350037971,0
0.2295,3.36,4,0.735339887292,0.114639685246,0.773327851789,0
0.23,3.36,4,0.735332762065,0.114704271572,0.773307454016,0
0.2305,3.36,4,0.735326354219,0.114769618098,0.773288857782,0
0.231,3.36,4,0.735320668357,0.114835729503,0.773272076217,0
0.2315,3.36,4,0.735315709084,0.114902610467,0.773257122451,0
0.232,3.36,4,0.735311481005,0.114970265668,0.773244009614,7.15875021268e-05
0.2325,3.36,4,0.735307988725,0.115038699786,0.773232750836,0.000317271310206
0.233,3.36,4,0.735305236848,0.1151079175,0.773223359246,0.000357178379016
0.2335,3.36,4,0.735303229979,0.115177923489,0.773215847976,0.000403699893867
0.234,3.36,4,0.735301972723,0.115248722432,0.773210230153,0.0004582408636
0.2345,3.36,4,0.735301469683,0.115320319008,0.773206518909,0.000522577323742
0.235,3.36,4,0.735301725466,0.115392717897,0.773204727374,0.000348398430209
0.218,3.365,4,0.735773062933,0.113154889485,0.774166913259,0
0.2185,3.365,4,0.735750813383,0.113203286127,0.774109254709,0
0.219,3.365,4,0.735729175771,0.11325233523,0.774053097377,0
0.2195,3.365,4,0.735708154702,0.113302041474,0.773998454394,0
0.22,3.365,4,0.735687754781,0.113352409536,0.77394533889,0
0.2205,3.365,4,0.735667980611,0.113403444098,0.773893763994,0
0.221,3.365,4,0.735648836799,0.113455149837,0.773843742836,0
0.2215,3.365,4,0.735630327948,0.113507531433,0.773795288547,0
0.222,3.365,4,0.735612458664,0.113560593565,0.773748414256,0
0.2225,3.365,4,0.73559523355,0.113614340912,0.773703133093,0
0.223,3.365,4,0.735578657212,0.113668778154,0.773659458188,0
0.2235,3.365,4,0.735562734254,0.113723909969,0.773617402671,0
0.224,3.365,4,0.735547469281,0.113779741037,0.773576979672,0
0.2245,3.365,4,0.735532866897,0.113836276036,0.773538202321,0
0.225,3.365,4,0.735518931708,0.113893519647,0.773501083747,0
0.2255,3.365,4,0.735505668317,0.113951476547,0.77346563708,0
0.226,3.365,4,0.735493081329,0.114010151417,0.773431875451,0
0.2265,3.365,4,0.73548117535,0.114069548935,0.773399811989,0
0.227,3.365,4,0.735469954983,0.114129673781,0.773369459825,0
0.2275,3.365,4,0.735459424834,0.114190530634,0.773340832088,0
0.228,3.365,4,0.735449589506,0.114252124172,0.773313941907,0
0.2285,3.365,4,0.735440453606,0.114314459075,0.773288802414,0
0.229,3.365,4,0.735432021736,0.114377540022,0.773265426737,0
0.2295,3.365,4,0.735424298503,0.114441371693,0.773243828007,0
0.23,3.365,4,0.73541728851,0.114505958766,0.773224019353,0
0.2305,3.365,4,0.735410996363,0.114571305921,0.773206013906,0
0.231,3.365,4,0.735405426665,0.114637417836,0.773189824796,0
0.2315,3.365,4,0.735400584022,0.114704299192,0.773175465152,0
0.232,3.365,4,0.735396473038,0.114771954666,0.773162948104,8.13508539085e-05
0.2325,3.365,4,0.735393098318,0.114840388939,0.773152286782,0.000332388279023
0.233,3.365,4,0.735390464467,0.114909606689,0.773143494316,0.000375068591817
0.2335,3.365,4,0.735388576088,0.114979612595,0.773136583836,0.000424979553205
0.234,3.365,4,0.735387437788,0.115050411337,0.773131568471,0.000483692588349
0.2345,3.365,4,0.735387054169,0.115122007594,0.773128461353,0.000553204123943
0.235,3.365,4,0.735387429839,0.115194406045,0.77312727561,0.000191499739742
0.218,3.37,4,0.735855277328,0.112957494985,0.774072632742,0
0.2185,3.37,4,0.735833131705,0.113005895042,0.774015521342,0
0.219,3.37,4,0.735811598486,0.113054947442,0.773959912828,0
0.2195,3.37,4,0.735790682274,0.113104656863,0.77390582033,0
0.22,3.37,4,0.735770387676,0.113155027985,0.773853256978,0
0.2205,3.37,4,0.735750719295,0.113206065488,0.773802235902,0
0.221,3.37,4,0.735731681736,0.113257774049,0.773752770231,0
0.2215,3.37,4,0.735713279604,0.113310158349,0.773704873096,0
0.222,3.37,4,0.735695517503,0.113363223066,0.773658557626,0
0.2225,3.37,4,0.735678400039,0.11341697288,0.773613836952,0
0.223,3.37,4,0.735661931815,0.113471412469,0.773570724203,0
0.2235,3.37,4,0.735646117437,0.113526546514,0.773529232509,0
0.224,3.37,4,0.735630961509,0.113582379692,0.773489375001,0
0.2245,3.37,4,0.735616468635,0.113638916684,0.773451164807,0
0.225,3.37,4,0.735602643421,0.113696162169,0.773414615058,0
0.2255,3.37,4,0.735589490471,0.113754120824,0.773379738884,0
0.226,3.37,4,0.735577014389,0.113812797331,0.773346549415,0
0.2265,3.37,4,0.735565219781,0.113872196367,0.773315059781,0
0.227,3.37,4,0.735554111251,0.113932322612,0.77328528311,0
0.2275,3.37,4,0.735543693404,0.113993180746,0.773257232535,0
0.228,3.37,4,0.735533970843,0.114054775446,0.773230921183,0
0.2285,3.37,4,0.735524948175,0.114117111394,0.773206362186,0
0.229,3.37,4,0.735516630003,0.114180193266,0.773183568673,0
0.2295,3.37,4,0.735509020932,0.114244025744,0.773162553773,0
0.23,3.37,4,0.735502125568,0.114308613505,0.773143330618,0
0.2305,3.37,4,0.735495948513,0.114373961229,0.773125912337,0
0.231,3.37,4,0.735490494374,0.114440073596,0.773110312059,0
0.2315,3.37,4,0.735485767755,0.114506955284,0.773096542915,0
0.232,3.37,4,0.73548177326,0.114574610972,0.773084618034,9.38194640365e-05
0.2325,3.37,4,0.735478515495,0.11464304534,0.773074550547,0.000348591801545
0.233,3.37,4,0.735475999063,0.114712263067,0.773066353583,0.000394303629215
0.2335,3.37,4,0.735474228569,0.114782268832,0.773060040272,0.000447934455388
0.234,3.37,4,0.735473208619,0.114853067314,0.773055623744,0.000511245941931
0.2345,3.37,4,0.735472943816,0.114924663192,0.773053117129,0.000586487970886
0.235,3.37,4,0.735473438766,0.114997061145,0.773052533557,3.30878867417e-05
0.218,3.375,4,0.735937805825,0.112761064989,0.773981157648,0
0.2185,3.375,4,0.735915763523,0.112809468402,0.773924589777,0
0.219,3.375,4,0.73589433409,0.112858524039,0.773869526459,0
0.2195,3.375,4,0.735873522131,0.112908236579,0.773815980824,0
0.22,3.375,4,0.735853332249,0.112958610701,0.773763966003,0
0.2205,3.375,4,0.735833769051,0.113009651085,0.773713495124,0
0.221,3.375,4,0.73581483714,0.113061362409,0.773664581319,0
0.2215,3.375,4,0.73579654112,0.113113749353,0.773617237716,0
0.222,3.375,4,0.735778885598,0.113166816596,0.773571477447,0
0.2225,3.375,4,0.735761875177,0.113220568818,0.773527313639,0
0.223,3.375,4,0.735745514462,0.113275010696,0.773484759425,0
0.2235,3.375,4,0.735729808058,0.113330146911,0.773443827933,0
0.224,3.375,4,0.735714760569,0.113385982141,0.773404532293,0
0.2245,3.375,4,0.7357003766,0.113442521066,0.773366885636,0
0.225,3.375,4,0.735686660755,0.113499768365,0.773330901091,0
0.2255,3.375,4,0.73567361764,0.113557728717,0.773296591788,0
0.226,3.375,4,0.735661251859,0.113616406801,0.773263970857,0
0.2265,3.375,4,0.735649568016,0.113675807296,0.773233051428,0
0.227,3.375,4,0.735638570717,0.113735934882,0.77320384663,0
0.2275,3.375,4,0.735628264565,0.113796794237,0.773176369595,0
0.228,3.375,4,0.735618654166,0.113858390041,0.773150633451,0
0.2285,3.375,4,0.735609744124,0.113920726973,0.773126651328,0
0.229,3.375,4,0.735601539044,0.113983809712,0.773104436357,0
0.2295,3.375,4,0.735594043531,0.114047642937,0.773084001667,0
0.23,3.375,4,0.735587262188,0.114112231327,0.773065360388,0
0.2305,3.375,4,0.735581199622,0.114177579562,0.773048525651,0
0.231,3.375,4,0.735575860435,0.11424369232,0.773033510584,0
0.2315,3.375,4,0.735571249234,0.114310574281,0.773020328318,0
0.232,3.375,4,0.735567370623,0.114378230125,0.773008991983,0.000109312760493
0.2325,3.375,4,0.735564229206,0.114446664529,0.772999514709,0.00036598417132
0.233,3.375,4,0.735561829588,0.114515882173,0.772991909625,0.000415015830388
0.2335,3.375,4,0.735560176373,0.114585887737,0.772986189862,0.000472737175858
0.234,3.375,4,0.735559274167,0.1146566859,0.77298236855,0.000541127938662
0.2345,3.375,4,0.735559127574,0.11472828134,0.772980458817,0.000500807816095
0.2175,3.38,4,0.736043185689,0.112517835752,0.77394998161,0
0.218,3.38,4,0.736020637374,0.112565595035,0.773892460555,0
0.2185,3.38,4,0.735998697787,0.112614001744,0.773836432591,0
0.219,3.38,4,0.735977371535,0.112663060559,0.773781910848,0
0.2195,3.38,4,0.735956663222,0.112712776158,0.773728908455,0
0.22,3.38,4,0.735936577452,0.112763153222,0.773677438542,0
0.2205,3.38,4,0.73591711883,0.112814196428,0.77362751424,0
0.221,3.38,4,0.735898291961,0.112865910456,0.773579148678,0
0.2215,3.38,4,0.735880101449,0.112918299986,0.773532354987,0
0.222,3.38,4,0.735862551899,0.112971369696,0.773487146295,0
0.2225,3.38,4,0.735845647915,0.113025124265,0.773443535734,0
0.223,3.38,4,0.735829394103,0.113079568373,0.773401536432,0
0.2235,3.38,4,0.735813795067,0.113134706699,0.77336116152,0
0.224,3.38,4,0.735798855411,0.113190543922,0.773322424128,0
0.2245,3.38,4,0.735784579741,0.113247084721,0.773285337386,0
0.225,3.38,4,0.735770972661,0.113304333775,0.773249914423,0
0.2255,3.38,4,0.735758038775,0.113362295763,0.773216168369,0
0.226,3.38,4,0.735745782688,0.113420975366,0.773184112355,0
0.2265,3.38,4,0.735734209005,0.113480377261,0.773153759509,0
0.227,3.38,4,0.735723322331,0.113540506127,0.773125122963,0
0.2275,3.38,4,0.735713127269,0.113601366645,0.773098215846,0
0.228,3.38,4,0.735703628426,0.113662963493,0.773073051288,0
0.2285,3.38,4,0.735694830405,0.113725301351,0.773049642418,0
0.229,3.38,4,0.735686737811,0.113788384896,0.773028002368,0
0.2295,3.38,4,0.735679355248,0.11385221881,0.773008144266,0
0.23,3.38,4,0.735672687322,0.11391680777,0.772990081242,0
0.2305,3.38,4,0.735666738638,0.113982156456,0.772973826427,0
0.231,3.38,4,0.735661513798,0.114048269547,0.77295939295,0
0.2315,3.38,4,0.735657017409,0.114115151723,0.772946793941,0
0.232,3.38,4,0.735653254076,0.114182807661,0.77293604253,0.000128187204906
0.2325,3.38,4,0.735650228401,0.114251242043,0.772927151847,0.000384679608451
0.233,3.38,4,0.735647944991,0.114320459546,0.772920135022,0.000437353666651
0.2335,3.38,4,0.73564640845,0.114390464849,0.772915005185,0.00049958231932
0.234,3.38,4,0.735645623383,0.114461262633,0.772911775466,0.000573595992767
0.2345,3.38,4,0.735645594394,0.114532857576,0.772910458994,0.000341381046671
0.2175,3.385,4,0.736126207596,0.112323318021,0.773863500478,0
0.218,3.385,4,0.736103760925,0.11237108066,0.773806514041,0
0.2185,3.385,4,0.736081923449,0.112419490607,0.773751022363,0
0.219,3.385,4,0.736060699771,0.112468552541,0.773697038572,0
0.2195,3.385,4,0.736040094498,0.112518271141,0.773644575799,0
0.22,3.385,4,0.736020112234,0.112568651086,0.773593647174,0
0.2205,3.385,4,0.736000757583,0.112619697055,0.773544265827,0
0.221,3.385,4,0.73598203515,0.112671413728,0.773496444888,0
0.2215,3.385,4,0.735963949539,0.112723805784,0.773450197485,0
0.222,3.385,4,0.735946505356,0.112776877901,0.773405536751,0
0.2225,3.385,4,0.735929707204,0.112830634759,0.773362475813,0
0.223,3.385,4,0.735913559689,0.112885081038,0.773321027803,0
0.2235,3.385,4,0.735898067416,0.112940221416,0.77328120585,0
0.224,3.385,4,0.735883234988,0.112996060572,0.773243023083,0
0.2245,3.385,4,0.73586906701,0.113052603185,0.773206492634,0
0.225,3.385,4,0.735855568088,0.113109853936,0.773171627631,0
0.2255,3.385,4,0.735842742825,0.113167817502,0.773138441206,0
0.226,3.385,4,0.735830595827,0.113226498564,0.773106946486,0
0.2265,3.385,4,0.735819131698,0.113285901799,0.773077156604,0
0.227,3.385,4,0.735808355043,0.113346031888,0.773049084687,0
0.2275,3.385,4,0.735798270466,0.113406893509,0.773022743867,0
0.228,3.385,4,0.735788882573,0.113468491342,0.772998147273,0
0.2285,3.385,4,0.735780195967,0.113530830066,0.772975308035,0
0.229,3.385,4,0.735772215253,0.113593914359,0.772954239283,0
0.2295,3.385,4,0.735764945036,0.113657748902,0.772934954147,0
0.23,3.385,4,0.735758389921,0.113722338373,0.772917465757,0
0.2305,3.385,4,0.735752554512,0.113787687451,0.772901787242,0
0.231,3.385,4,0.735747443414,0.113853800815,0.772887931733,0
0.2315,3.385,4,0.735743061232,0.113920683146,0.77287591236,0
0.232,3.385,4,0.73573941257,0.113988339121,0.772865742252,0.000150841007338
0.2325,3.385,4,0.735736502032,0.11405677342,0.772857434539,0.000404805923231
0.233,3.385,4,0.735734334225,0.114125990722,0.772851002351,0.000461484095982
0.2335,3.385,4,0.735732913751,0.114195995707,0.772846458819,0.000528689891206
0.234,3.385,4,0.735732245217,0.114266793053,0.772843817071,0.000608942802411
0.2345,3.385,4,0.735732333226,0.114338387439,0.772843090239,0.000165372859763
0.2175,3.39,4,0.736209511062,0.112129751468,0.773779746124,0
0.218,3.39,4,0.736187165429,0.112177517404,0.773723290684,0
0.2185,3.39,4,0.736165429457,0.112225930529,0.77366833167,0
0.219,3.39,4,0.736144307749,0.112274995523,0.773614882211,0
0.2195,3.39,4,0.736123804911,0.112324717064,0.773562955437,0
0.22,3.39,4,0.736103925546,0.112375099831,0.773512564478,0
0.2205,3.39,4,0.73608467426,0.112426148505,0.773463722464,0
0.221,3.39,4,0.736066055657,0.112477867763,0.773416442525,0
0.2215,3.39,4,0.736048074342,0.112530262286,0.77337073779,0
0.222,3.39,4,0.73603073492,0.112583336751,0.773326621391,0
0.2225,3.39,4,0.736014041995,0.11263709584,0.773284106456,0
0.223,3.39,4,0.735998000171,0.112691544229,0.773243206115,0
0.2235,3.39,4,0.735982614054,0.1127466866,0.773203933499,0
0.224,3.39,4,0.735967888248,0.11280252763,0.773166301737,0
0.2245,3.39,4,0.735953827358,0.112859071999,0.773130323959,0
0.225,3.39,4,0.735940435988,0.112916324387,0.773096013296,0
0.2255,3.39,4,0.735927718743,0.112974289471,0.773063382876,0
0.226,3.39,4,0.735915680228,0.113032971933,0.77303244583,0
0.2265,3.39,4,0.735904325047,0.113092376449,0.773003215288,0
0.227,3.39,4,0.735893657805,0.113152507701,0.77297570438,0
0.2275,3.39,4,0.735883683107,0.113213370367,0.772949926235,0
0.228,3.39,4,0.735874405557,0.113274969125,0.772925893984,0
0.2285,3.39,4,0.735865829761,0.113337308656,0.772903620756,0
0.229,3.39,4,0.735857960321,0.113400393638,0.772883119681,0
0.2295,3.39,4,0.735850801844,0.113464228751,0.77286440389,0
0.23,3.39,4,0.735844358934,0.113528818673,0.772847486512,0
0.2305,3.39,4,0.735838636196,0.113594168084,0.772832380676,0
0.231,3.39,4,0.735833638233,0.113660281663,0.772819099514,0
0.2315,3.39,4,0.735829369652,0.113727164089,0.772807656154,0
0.232,3.39,4,0.735825835056,0.113794820042,0.772798063727,0.000177719521449
0.2325,3.39,4,0.73582303905,0.113863254199,0.772790335363,0.000426506453123
0.233,3.39,4,0.735820986239,0.113932471242,0.772784484191,0.00048759532123
0.2335,3.39,4,0.735819681227,0.114002475848,0.772780523341,0.000560309271628
0.234,3.39,4,0.735819128619,0.114073272697,0.772778465944,0.000645473103636
0.2345,3.39,4,0.735819333021,0.114144866468,0.772778325129,0
0.217,3.395,4,0.736315935757,0.111890004849,0.773756104155,0
0.2175,3.395,4,0.736293085037,0.111937131631,0.773698691127,0
0.218,3.395,4,0.736270839838,0.111984900805,0.773642763063,0
0.2185,3.395,4,0.736249204764,0.112033317049,0.773588333091,0
0.219,3.395,4,0.73622818442,0.112082385043,0.773535414341,0
0.2195,3.395,4,0.73620778341,0.112132109466,0.773484019944,0
0.22,3.395,4,0.736188006339,0.112182494997,0.77343416303,0
0.2205,3.395,4,0.736168857813,0.112233546315,0.773385856728,0
0.221,3.395,4,0.736150342434,0.1122852681,0.773339114168,0
0.2215,3.395,4,0.736132464809,0.11233766503,0.77329394848,0
0.222,3.395,4,0.736115229542,0.112390741785,0.773250372794,0
0.2225,3.395,4,0.736098641237,0.112444503044,0.773208400239,0
0.223,3.395,4,0.736082704499,0.112498953485,0.773168043947,0
0.2235,3.395,4,0.736067423933,0.112554097789,0.773129317046,0
0.224,3.395,4,0.736052804143,0.112609940634,0.773092232667,0
0.2245,3.395,4,0.736038849734,0.1126664867,0.77305680394,0
0.225,3.395,4,0.736025565311,0.112723740665,0.773023043993,0
0.2255,3.395,4,0.736012955478,0.112781707209,0.772990965958,0
0.226,3.395,4,0.73600102484,0.112840391011,0.772960582965,0
0.2265,3.395,4,0.735989778002,0.11289979675,0.772931908142,0
0.227,3.395,4,0.735979219568,0.112959929105,0.77290495462,0
0.2275,3.395,4,0.735969354142,0.113020792756,0.772879735529,0
0.228,3.395,4,0.735960186331,0.113082392381,0.772856263999,0
0.2285,3.395,4,0.735951720737,0.11314473266,0.77283455316,0
0.229,3.395,4,0.735943961967,0.113207818271,0.772814616141,0
0.2295,3.395,4,0.735936914624,0.113271653895,0.772796466072,0
0.23,3.395,4,0.735930583313,0.113336244209,0.772780116084,0
0.2305,3.395,4,0.735924972639,0.113401593894,0.772765579307,0
0.231,3.395,4,0.735920087206,0.113467707628,0.772752868869,0
0.2315,3.395,4,0.73591593162,0.113534590091,0.772741997902,0
0.232,3.395,4,0.735912510484,0.113602245961,0.772732979534,0.000209321433721
0.2325,3.395,4,0.735909828404,0.113670679919,0.772725826897,0.00044994232239
0.233,3.395,4,0.735907889983,0.113739896642,0.772720553119,0.000515900031414
0.2335,3.395,4,0.735906699828,0.11380990081,0.772717171331,0.000594723922895
0.234,3.395,4,0.735906262541,0.113880697103,0.772715694662,0.000504014002762
0.217,3.4,4,0.73639966983,0.111698323969,0.773677199007,0
0.2175,3.4,4,0.736376918472,0.111745454048,0.773620308066,0
0.218,3.4,4,0.7363547731,0.1117932264,0.773564903755,0
0.2185,3.4,4,0.736333238319,0.111841645704,0.773510999204,0
0.219,3.4,4,0.736312318733,0.111890716639,0.773458607543,0
0.2195,3.4,4,0.736292018946,0.111940443885,0.773407741901,0
0.22,3.4,4,0.736272343564,0.11199083212,0.773358415409,0
0.2205,3.4,4,0.736253297191,0.112041886024,0.773310641197,0
0.221,3.4,4,0.736234884431,0.112093610276,0.773264432395,0
0.2215,3.4,4,0.73621710989,0.112146009555,0.773219802131,0
0.222,3.4,4,0.736199978172,0.112199088539,0.773176763537,0
0.2225,3.4,4,0.736183493882,0.11225285191,0.773135329743,0
0.223,3.4,4,0.736167661624,0.112307304344,0.773095513877,0
0.2235,3.4,4,0.736152486003,0.112362450522,0.77305732907,0
0.224,3.4,4,0.736137971623,0.112418295123,0.773020788452,0
0.2245,3.4,4,0.73612412309,0.112474842826,0.772985905153,0
0.225,3.4,4,0.736110945008,0.11253209831,0.772952692303,0
0.2255,3.4,4,0.736098441981,0.112590066254,0.772921163031,0
0.226,3.4,4,0.736086618614,0.112648751338,0.772891330467,0
0.2265,3.4,4,0.736075479513,0.11270815824,0.772863207742,0
0.227,3.4,4,0.736065029281,0.112768291639,0.772836807986,0
0.2275,3.4,4,0.736055272523,0.112829156216,0.772812144327,0
0.228,3.4,4,0.736046213843,0.112890756648,0.772789229896,0
0.2285,3.4,4,0.736037857848,0.112953097615,0.772768077824,0
0.229,3.4,4,0.73603020914,0.113016183797,0.772748701239,0
0.2295,3.4,4,0.736023272325,0.113080019872,0.772731113272,0
0.23,3.4,4,0.736017052008,0.11314461052,0.772715327053,0
0.2305,3.4,4,0.736011552792,0.113209960419,0.772701355711,0
0.231,3.4,4,0.736006779284,0.113276074249,0.772689212377,0
0.2315,3.4,4,0.736002736086,0.113342956689,0.77267891018,0
0.232,3.4,4,0.735999427805,0.113410612418,0.772670462251,0.000246205878166
0.2325,3.4,4,0.735996859045,0.113479046116,0.772663881718,0.000475295084416
0.233,3.4,4,0.735995034409,0.113548262461,0.772659181713,0.000546639220416
0.2335,3.4,4,0.735993958504,0.113618266133,0.772656375365,0.000632256976115
0.234,3.4,4,0.735993635933,0.11368906181,0.772655475803,0.000323590908502
0.2165,3.405,4,0.736506907368,0.111461085099,0.773658789637,0
0.217,3.405,4,0.73648365292,0.111507580941,0.773600941993,0
0.2175,3.405,4,0.736461000319,0.111554714257,0.773544569517,0
0.218,3.405,4,0.736438954168,0.111602489729,0.773489685338,0
0.2185,3.405,4,0.736417519074,0.111650912033,0.773436302587,0
0.219,3.405,4,0.736396699639,0.111699985851,0.773384434392,0
0.2195,3.405,4,0.73637650047,0.11174971586,0.773334093885,0
0.22,3.405,4,0.73635692617,0.11180010674,0.773285294194,0
0.2205,3.405,4,0.736337981345,0.11185116317,0.773238048451,0
0.221,3.405,4,0.736319670599,0.11190288983,0.773192369784,0
0.2215,3.405,4,0.736301998536,0.111955291398,0.773148271324,0
0.222,3.405,4,0.736284969761,0.112008372554,0.773105766201,0
0.2225,3.405,4,0.73626858888,0.112062137976,0.773064867543,0
0.223,3.405,4,0.736252860496,0.112116592344,0.773025588483,0
0.2235,3.405,4,0.736237789214,0.112171740338,0.772987942148,0
0.224,3.405,4,0.736223379639,0.112227586635,0.77295194167,0
0.2245,3.405,4,0.736209636376,0.112284135916,0.772917600178,0
0.225,3.405,4,0.736196564029,0.112341392859,0.772884930802,0
0.2255,3.405,4,0.736184167202,0.112399362144,0.772853946671,0
0.226,3.405,4,0.736172450501,0.11245804845,0.772824660917,0
0.2265,3.405,4,0.736161418531,0.112517456456,0.772797086668,0
0.227,3.405,4,0.736151075895,0.112577590841,0.772771237055,0
0.2275,3.405,4,0.736141427198,0.112638456284,0.772747125207,0
0.228,3.405,4,0.736132477046,0.112700057464,0.772724764254,0
0.2285,3.405,4,0.736124230042,0.112762399061,0.772704167327,0
0.229,3.405,4,0.736116690791,0.112825485754,0.772685347555,0
0.2295,3.405,4,0.736109863899,0.112889322221,0.772668318068,0
0.23,3.405,4,0.736103753969,0.112953913143,0.772653091996,0
0.2305,3.405,4,0.736098365607,0.113019263197,0.772639682469,0
0.231,3.405,4,0.736093703416,0.113085377064,0.772628102616,0
0.2315,3.405,4,0.736089772003,0.113152259422,0.772618365569,0
0.232,3.405,4,0.73608657597,0.113219914951,0.772610484455,0.000288996678658
0.2325,3.405,4,0.736084119923,0.11328834833,0.772604472407,0.000502769829519
0.233,3.405,4,0.736082408467,0.113357564238,0.772600342552,0.000580086705589
0.2335,3.405,4,0.736081446207,0.113427567353,0.772598108022,0.000673277901183
0.234,3.405,4,0.736081237746,0.113498362356,0.772597781947,0.00012752056146
0.2165,3.41,4,0.73659103074,0.111271272163,0.773584640161,0
0.217,3.41,4,0.736567873977,0.111317771302,0.773527305693,0
0.2175,3.41,4,0.736545319526,0.111364907797,0.77347144806,0
0.218,3.41,4,0.736523371992,0.111412686328,0.773417080392,0
0.2185,3.41,4,0.736502035978,0.111461111574,0.773364215818,0
0.219,3.41,4,0.73648131609,0.111510188215,0.773312867469,0
0.2195,3.41,4,0.736461216932,0.111559920928,0.773263048474,0
0.22,3.41,4,0.736441743109,0.111610314394,0.773214771963,0
0.2205,3.41,4,0.736422899226,0.111661373292,0.773168051067,0
0.221,3.41,4,0.736404689887,0.1117131023,0.773122898914,0
0.2215,3.41,4,0.736387119697,0.111765506098,0.773079328636,0
0.222,3.41,4,0.73637019326,0.111818589366,0.773037353361,0
0.2225,3.41,4,0.736353915182,0.111872356781,0.77299698622,0
0.223,3.41,4,0.736338290066,0.111926813024,0.772958240343,0
0.2235,3.41,4,0.736323322518,0.111981962773,0.772921128859,0
0.224,3.41,4,0.736309017142,0.112037810708,0.772885664899,0
0.2245,3.41,4,0.736295378542,0.112094361508,0.772851861592,0
0.225,3.41,4,0.736282411325,0.112151619851,0.772819732069,0
0.2255,3.41,4,0.736270120093,0.112209590418,0.772789289458,0
0.226,3.41,4,0.736258509452,0.112268277887,0.772760546891,0
0.2265,3.41,4,0.736247584006,0.112327686937,0.772733517497,0
0.227,3.41,4,0.736237348361,0.112387822248,0.772708214405,0
0.2275,3.41,4,0.73622780712,0.112448688498,0.772684650747,0
0.228,3.41,4,0.736218964888,0.112510290368,0.772662839651,0
0.2285,3.41,4,0.73621082627,0.112572632535,0.772642794247,0
0.229,3.41,4,0.736203395872,0.112635719679,0.772624527666,0
0.2295,3.41,4,0.736196678296,0.11269955648,0.772608053037,0
0.23,3.41,4,0.736190678148,0.112764147616,0.772593383491,0
0.2305,3.41,4,0.736185400033,0.112829497767,0.772580532157,0
0.231,3.41,4,0.736180848555,0.112895611611,0.772569512165,0
0.2315,3.41,4,0.736177028319,0.112962493829,0.772560336644,0
0.232,3.41,4,0.736173943929,0.113030149098,0.772553018726,0.000338298654966
0.2325,3.41,4,0.736171599991,0.113098582099,0.77254757154,0.000532598840098
0.233,3.41,4,0.736170001108,0.11316779751,0.772544008215,0.000616554492373
0.2335,3.41,4,0.736169151886,0.11323780001,0.772542341881,0.000667579004069
0.234,3.41,4,0.736169056929,0.113308594279,0.77254258567,0
0.2165,3.415,4,0.736675381636,0.111082388214,0.773513087597,0
0.217,3.415,4,0.736652321952,0.111128890591,0.773456262684,0
0.2175,3.415,4,0.736629865046,0.111176030206,0.773400916273,0
0.218,3.415,4,0.736608015521,0.111223811738,0.773347061493,0
0.2185,3.415,4,0.736586777983,0.111272239866,0.773294711476,0
0.219,3.415,4,0.736566157035,0.11132131927,0.77324387935,0
0.2195,3.415,4,0.736546157283,0.111371054629,0.773194578246,0
0.22,3.415,4,0.736526783331,0.111421450621,0.773146821293,0
0.2205,3.415,4,0.736508039784,0.111472511927,0.773100621622,0
0.221,3.415,4,0.736489931247,0.111524243225,0.773055992363,0
0.2215,3.415,4,0.736472462323,0.111576649194,0.773012946644,0
0.222,3.415,4,0.736455637619,0.111629734514,0.772971497597,0
0.2225,3.415,4,0.736439461738,0.111683503863,0.772931658351,0
0.223,3.415,4,0.736423939285,0.111737961921,0.772893442035,0
0.2235,3.415,4,0.736409074864,0.111793113367,0.772856861781,0
0.224,3.415,4,0.736394873081,0.11184896288,0.772821930717,0
0.2245,3.415,4,0.73638133854,0.111905515139,0.772788661974,0
0.225,3.415,4,0.736368475846,0.111962774824,0.772757068682,0
0.2255,3.415,4,0.736356289603,0.112020746613,0.77272716397,0
0.226,3.415,4,0.736344784416,0.112079435186,0.772698960968,0
0.2265,3.415,4,0.73633396489,0.112138845222,0.772672472807,0
0.227,3.415,4,0.736323835629,0.112198981399,0.772647712616,0
0.2275,3.415,4,0.736314401238,0.112259848398,0.772624693525,0
0.228,3.415,4,0.736305666322,0.112321450897,0.772603428664,0
0.2285,3.415,4,0.736297635484,0.112383793575,0.772583931162,0
0.229,3.415,4,0.736290313331,0.112446881113,0.772566214151,0
0.2295,3.415,4,0.736283704466,0.112510718187,0.772550290759,0
0.23,3.415,4,0.736277813495,0.112575309479,0.772536174117,0
0.2305,3.415,4,0.736272645021,0.112640659667,0.772523877354,0
0.231,3.415,4,0.73626820365,0.112706773429,0.7725134136,0
0.2315,3.415,4,0.736264493985,0.112773655447,0.772504795986,0
0.232,3.415,4,0.736261520633,0.112841310397,0.772498037641,0.000394957604434
0.2325,3.415,4,0.736259288197,0.112909742961,0.772493151695,0.000565045915682
0.233,3.415,4,0.736257801282,0.112978957816,0.772490151278,0.000656399167148
0.2335,3.415,4,0.736257064493,0.113048959642,0.77248904952,0.000496359183208
0.216,3.42,4,0.736783510852,0.110848555676,0.773501890545,0
0.2165,3.42,4,0.736759949005,0.110894428791,0.773444104525,0
0.217,3.42,4,0.736736985796,0.110940934346,0.773387785544,0
0.2175,3.42,4,0.736714625828,0.110988077021,0.773332946733,0
0.218,3.42,4,0.736692873708,0.111035861495,0.773279601221,0
0.2185,3.42,4,0.736671734039,0.111084292446,0.773227762138,0
0.219,3.42,4,0.736651211426,0.111133374555,0.773177442614,0
0.2195,3.42,4,0.736631310474,0.1111831125,0.773128655779,0
0.22,3.42,4,0.736612035787,0.11123351096,0.773081414763,0
0.2205,3.42,4,0.736593391971,0.111284574614,0.773035732696,0
0.221,3.42,4,0.736575383629,0.111336308142,0.772991622708,0
0.2215,3.42,4,0.736558015367,0.111388716223,0.772949097928,0
0.222,3.42,4,0.736541291788,0.111441803536,0.772908171486,0
0.2225,3.42,4,0.736525217499,0.11149557476,0.772868856513,0
0.223,3.42,4,0.736509797102,0.111550034574,0.772831166138,0
0.2235,3.42,4,0.736495035204,0.111605187658,0.772795113491,0
0.224,3.42,4,0.736480936409,0.11166103869,0.772760711703,0
0.2245,3.42,4,0.73646750532,0.111717592349,0.772727973902,0
0.225,3.42,4,0.736454746544,0.111774853316,0.772696913219,0
0.2255,3.42,4,0.736442664684,0.111832826268,0.772667542784,0
0.226,3.42,4,0.736431264345,0.111891515886,0.772639875727,0
0.2265,3.42,4,0.736420550133,0.111950926848,0.772613925177,0
0.227,3.42,4,0.736410526651,0.112011063833,0.772589704264,0
0.2275,3.42,4,0.736401198504,0.112071931521,0.772567226119,0
0.228,3.42,4,0.736392570297,0.11213353459,0.772546503871,0
0.2285,3.42,4,0.736384646634,0.112195877721,0.772527550651,0
0.229,3.42,4,0.736377432121,0.112258965591,0.772510379587,0
0.2295,3.42,4,0.736370931361,0.112322802881,0.772495003811,0
0.23,3.42,4,0.73636514896,0.112387394269,0.772481436451,0
0.2305,3.42,4,0.736360089522,0.112452744434,0.772469690638,0
0.231,3.42,4,0.736355757651,0.112518858056,0.772459779501,0
0.2315,3.42,4,0.736352157953,0.112585739814,0.772451716172,0
0.232,3.42,4,0.736349295032,0.112653394387,0.772445513778,0.000459743677876
0.2325,3.42,4,0.736347173493,0.112721826454,0.772441185451,0.000600411503563
0.233,3.42,4,0.73634579794,0.112791040694,0.772438744321,0.000700029548145
0.2335,3.42,4,0.736345172979,0.112861041786,0.772438203516,0.000292945385826
0.216,3.425,4,0.736868188244,0.110661513078,0.773434948897,0
0.2165,3.425,4,0.7368447218,0.110707389431,0.773377663521,0
0.217,3.425,4,0.736821854458,0.110753898106,0.773321846851,0
0.2175,3.425,4,0.736799590824,0.110801043782,0.773267512019,0
0.218,3.425,4,0.736777935502,0.110848831138,0.773214672153,0
0.2185,3.425,4,0.736756893097,0.110897264853,0.773163340383,0
0.219,3.425,4,0.736736468213,0.110946349607,0.77311352984,0
0.2195,3.425,4,0.736716665455,0.110996090079,0.773065253653,0
0.22,3.425,4,0.736697489428,0.111046490947,0.773018524952,0
0.2205,3.425,4,0.736678944736,0.111097556891,0.772973356867,0
0.221,3.425,4,0.736661035984,0.111149292591,0.772929762528,0
0.2215,3.425,4,0.736643767777,0.111201702724,0.772887755065,0
0.222,3.425,4,0.736627144719,0.111254791971,0.772847347607,0
0.2225,3.425,4,0.736611171415,0.11130856501,0.772808553286,0
0.223,3.425,4,0.73659585247,0.111363026521,0.77277138523,0
0.2235,3.425,4,0.736581192488,0.111418181183,0.772735856569,0
0.224,3.425,4,0.736567196074,0.111474033675,0.772701980434,0
0.2245,3.425,4,0.736553867832,0.111530588676,0.772669769954,0
0.225,3.425,4,0.736541212368,0.111587850865,0.772639238259,0
0.2255,3.425,4,0.736529234286,0.111645824922,0.772610398479,0
0.226,3.425,4,0.73651793819,0.111704515525,0.772583263744,0
0.2265,3.425,4,0.736507328685,0.111763927354,0.772557847184,0
0.227,3.425,4,0.736497410376,0.111824065087,0.772534161929,0
0.2275,3.425,4,0.736488187867,0.111884933405,0.772512221108,0
0.228,3.425,4,0.736479665764,0.111946536986,0.772492037852,0
0.2285,3.425,4,0.73647184867,0.112008880509,0.772473625291,0
0.229,3.425,4,0.736464741191,0.112071968654,0.772456996554,0
0.2295,3.425,4,0.73645834793,0.112135806099,0.772442164771,0
0.23,3.425,4,0.736452673494,0.112200397524,0.772429143072,0
0.2305,3.425,4,0.736447722486,0.112265747608,0.772417944587,0
0.231,3.425,4,0.736443499511,0.11233186103,0.772408582446,0
0.2315,3.425,4,0.736440009173,0.112398742469,0.772401069779,1.0870251464e-06
0.232,3.425,4,0.736437256078,0.112466396605,0.772395419716,0.000529373703347
0.2325,3.425,4,0.736435244829,0.112534828116,0.772391645386,0.000639038809853
0.233,3.425,4,0.736433980033,0.112604041682,0.77238975992,0.000747915876296
0.2335,3.425,4,0.736433466292,0.112674041982,0.772389776448,7.89159349819e-05
0.216,3.43,4,0.736953060617,0.110475386141,0.773370525518,0
0.2165,3.43,4,0.73692968897,0.110521265673,0.773313737164,0
0.217,3.43,4,0.73690691689,0.110567777408,0.773258419184,0
0.2175,3.43,4,0.736884748983,0.110614926026,0.773204584709,0
0.218,3.43,4,0.736863189854,0.110662716206,0.773152246867,0
0.2185,3.43,4,0.736842244107,0.110711152626,0.773101418789,0
0.219,3.43,4,0.736821916346,0.110760239966,0.773052113604,0
0.2195,3.43,4,0.736802211177,0.110809982905,0.773004344443,0
0.22,3.43,4,0.736783133203,0.110860386122,0.772958124436,0
0.2205,3.43,4,0.73676468703,0.110911454297,0.772913466712,0
0.221,3.43,4,0.736746877263,0.110963192108,0.772870384401,0
0.2215,3.43,4,0.736729708505,0.111015604235,0.772828890633,0
0.222,3.43,4,0.736713185362,0.111068695357,0.772788998539,0
0.2225,3.43,4,0.736697312438,0.111122470152,0.772750721247,0
0.223,3.43,4,0.736682094338,0.111176933301,0.772714071888,0
0.2235,3.43,4,0.736667535667,0.111232089482,0.772679063592,0
0.224,3.43,4,0.736653641028,0.111287943374,0.772645709489,0
0.2245,3.43,4,0.736640415028,0.111344499657,0.772614022708,0
0.225,3.43,4,0.73662786227,0.11140176301,0.772584016379,0
0.2255,3.43,4,0.736615987359,0.111459738111,0.772555703633,0
0.226,3.43,4,0.7366047949,0.111518429641,0.772529097599,0
0.2265,3.43,4,0.736594289497,0.111577842278,0.772504211408,0
0.227,3.43,4,0.736584475755,0.111637980701,0.772481058188,0
0.2275,3.43,4,0.736575358279,0.111698849589,0.77245965107,0
0.228,3.43,4,0.736566941674,0.111760453622,0.772440003184,0
0.2285,3.43,4,0.736559230543,0.111822797479,0.77242212766,0
0.229,3.43,4,0.736552229492,0.111885885839,0.772406037628,0
0.2295,3.43,4,0.736545943125,0.11194972338,0.772391746217,0
0.23,3.43,4,0.736540376048,0.112014314783,0.772379266558,0
0.2305,3.43,4,0.736535532864,0.112079664727,0.772368611779,0
0.231,3.43,4,0.736531418178,0.11214577789,0.772359795013,0
0.2315,3.43,4,0.736528036595,0.112212658951,0.772352829387,2.56022117448e-05
0.232,3.43,4,0.73652539272,0.11228031259,0.772347728032,0.000583583969849
0.2325,3.43,4,0.736523491157,0.112348743487,0.772344504079,0.000681321104403
0.233,3.43,4,0.73652233651,0.112417956319,0.772343170656,0.000680498564123
0.2335,3.43,4,0.736521933386,0.112487955767,0.772343740894,0
0.2155,3.435,4,0.737061989807,0.110244915157,0.77336634685,0
0.216,3.435,4,0.737038116922,0.110290170403,0.773308592985,0
0.2165,3.435,4,0.737014839465,0.110336053055,0.773252298033,0
0.217,3.435,4,0.736992162042,0.110382567792,0.773197475121,0
0.2175,3.435,4,0.736970089257,0.110429719292,0.773144137381,0
0.218,3.435,4,0.736948625715,0.110477512236,0.773092297942,0
0.2185,3.435,4,0.736927776019,0.110525951301,0.773041969934,0
0.219,3.435,4,0.736907544776,0.110575041168,0.772993166486,0
0.2195,3.435,4,0.736887936589,0.110624786516,0.77294590073,0
0.22,3.435,4,0.736868956064,0.110675192023,0.772900185795,0
0.2205,3.435,4,0.736850607804,0.110726262369,0.77285603481,0
0.221,3.435,4,0.736832896415,0.110778002233,0.772813460905,0
0.2215,3.435,4,0.736815826501,0.110830416294,0.772772477211,0
0.222,3.435,4,0.736799402667,0.110883509231,0.772733096858,0
0.2225,3.435,4,0.736783629518,0.110937285724,0.772695332975,0
0.223,3.435,4,0.736768511657,0.110991750451,0.772659198691,0
0.2235,3.435,4,0.73675405369,0.111046908092,0.772624707138,0
0.224,3.435,4,0.736740260222,0.111102763326,0.772591871445,0
0.2245,3.435,4,0.736727135857,0.111159320832,0.772560704742,0
0.225,3.435,4,0.736714685199,0.111216585289,0.772531220158,0
0.2255,3.435,4,0.736702912854,0.111274561376,0.772503430824,0
0.226,3.435,4,0.736691823426,0.111333253773,0.77247734987,0
0.2265,3.435,4,0.73668142152,0.111392667158,0.772452990425,0
0.227,3.435,4,0.73667171174,0.111452806211,0.772430365619,0
0.2275,3.435,4,0.73666269869,0.111513675611,0.772409488583,0
0.228,3.435,4,0.736654386977,0.111575280037,0.772390372446,0
0.2285,3.435,4,0.736646781204,0.111637624168,0.772373030338,0
0.229,3.435,4,0.736639885975,0.111700712684,0.772357475388,0
0.2295,3.435,4,0.736633705896,0.111764550263,0.772343720728,0
0.23,3.435,4,0.736628245572,0.111829141584,0.772331779486,0
0.2305,3.435,4,0.736623509606,0.111894491328,0.772321664794,0
0.231,3.435,4,0.736619502604,0.111960604172,0.772313389779,0
0.2315,3.435,4,0.73661622917,0.112027484797,0.772306967573,7.91518473173e-05
0.232,3.435,4,0.736613693909,0.112095137881,0.772302411306,0.000621218224004
0.2325,3.435,4,0.736611901425,0.112163568103,0.772299734106,0.000727710497359
0.233,3.435,4,0.736610856324,0.112232780143,0.772298949105,0.000477259497382
0.2335,3.435,4,0.736610563209,0.112302778679,0.772300069432,0
0.2155,3.44,4,0.737147125873,0.110060602978,0.77330638963,0
0.216,3.44,4,0.737123346108,0.110105861403,0.773249123878,0
0.2165,3.44,4,0.737100162237,0.110151747116,0.773193318705,0
0.217,3.44,4,0.737077578865,0.110198264794,0.77313898724,0
0.2175,3.44,4,0.737055600596,0.110245419118,0.773086142613,0
0.218,3.44,4,0.737034232035,0.110293214767,0.773034797955,0
0.2185,3.44,4,0.737013477786,0.110341656419,0.772984966395,0
0.219,3.44,4,0.736993342454,0.110390748753,0.772936661064,0
0.2195,3.44,4,0.736973830644,0.11044049645,0.772889895091,0
0.22,3.44,4,0.736954946961,0.110490904188,0.772844681606,0
0.2205,3.44,4,0.736936696009,0.110541976646,0.772801033738,0
0.221,3.44,4,0.736919082393,0.110593718504,0.772758964619,0
0.2215,3.44,4,0.736902110717,0.11064613444,0.772718487377,0
0.222,3.44,4,0.736885785586,0.110699229133,0.772679615143,0
0.2225,3.44,4,0.736870111605,0.110753007264,0.772642361047,0
0.223,3.44,4,0.736855093378,0.11080747351,0.772606738218,0
0.2235,3.44,4,0.73684073551,0.110862632552,0.772572759786,0
0.224,3.44,4,0.736827042606,0.110918489068,0.772540438882,0
0.2245,3.44,4,0.73681401927,0.110975047738,0.772509788634,0
0.225,3.44,4,0.736801670107,0.11103231324,0.772480822174,0
0.2255,3.44,4,0.736789999722,0.111090290253,0.772453552631,0
0.226,3.44,4,0.73677901272,0.111148983458,0.772427993134,0
0.2265,3.44,4,0.736768713704,0.111208397533,0.772404156814,0
0.227,3.44,4,0.736759107279,0.111268537157,0.772382056801,0
0.2275,3.44,4,0.736750198051,0.111329407009,0.772361706225,0
0.228,3.44,4,0.736741990624,0.111391011769,0.772343118215,0
0.2285,3.44,4,0.736734489602,0.111453356115,0.772326305901,0
0.229,3.44,4,0.736727699591,0.111516444727,0.772311282413,0
0.2295,3.44,4,0.736721625194,0.111580282285,0.772298060882,0
0.23,3.44,4,0.736716271017,0.111644873466,0.772286654437,0
0.2305,3.44,4,0.736711641664,0.11171022295,0.772277076207,0
0.231,3.44,4,0.736707741739,0.111776335417,0.772269339324,0
0.2315,3.44,4,0.736704575849,0.111843215546,0.772263456916,0.000145525656755
0.232,3.44,4,0.736702148596,0.111910868015,0.772259442114,0.000662109564976
0.2325,3.44,4,0.736700464586,0.111979297504,0.772257308047,0.000778728517781
0.233,3.44,4,0.736699528423,0.112048508692,0.772257067846,0.000246924903806
0.2335,3.44,4,0.736699344712,0.112118506258,0.77225873464,0
0.2155,3.445,4,0.737232424379,0.109877193134,0.773248872036,0
0.216,3.445,4,0.737208737128,0.109922454679,0.773192090774,0
0.2165,3.445,4,0.737185646237,0.109968343393,0.773136771758,0
0.217,3.445,4,0.737163156309,0.110014863954,0.773082928118,0
0.2175,3.445,4,0.73714127195,0.110062021042,0.773030572984,0
0.218,3.445,4,0.737119997764,0.110109819337,0.772979719486,0
0.2185,3.445,4,0.737099338356,0.110158263516,0.772930380753,0
0.219,3.445,4,0.73707929833,0.110207358259,0.772882569916,0
0.2195,3.445,4,0.737059882292,0.110257108246,0.772836300104,0
0.22,3.445,4,0.737041094845,0.110307518155,0.772791584447,0
0.2205,3.445,4,0.737022940594,0.110358592666,0.772748436076,0
0.221,3.445,4,0.737005424145,0.110410336458,0.77270686812,0
0.2215,3.445,4,0.736988550101,0.11046275421,0.772666893709,0
0.222,3.445,4,0.736972323068,0.110515850601,0.772628525973,0
0.2225,3.445,4,0.736956747649,0.11056963031,0.772591778042,0
0.223,3.445,4,0.736941828451,0.110624098017,0.772556663045,0
0.2235,3.445,4,0.736927570076,0.1106792584,0.772523194113,0
0.224,3.445,4,0.73691397713,0.110735116139,0.772491384376,0
0.2245,3.445,4,0.736901054218,0.110791675913,0.772461246963,0
0.225,3.445,4,0.736888805945,0.110848942401,0.772432795005,0
0.2255,3.445,4,0.736877236914,0.110906920282,0.77240604163,0
0.226,3.445,4,0.736866351731,0.110965614236,0.77238099997,0
0.2265,3.445,4,0.736856154999,0.111025028941,0.772357683154,0
0.227,3.445,4,0.736846651325,0.111085169076,0.772336104312,0
0.2275,3.445,4,0.736837845312,0.111146039322,0.772316276574,0
0.228,3.445,4,0.736829741566,0.111207644356,0.772298213069,0
0.2285,3.445,4,0.73682234469,0.111269988858,0.772281926928,0
0.229,3.445,4,0.736815659289,0.111333077508,0.772267431281,0
0.2295,3.445,4,0.736809689969,0.111396914984,0.772254739257,0
0.23,3.445,4,0.736804441333,0.111461505966,0.772243863986,0
0.2305,3.445,4,0.736799917987,0.111526855132,0.772234818599,0
0.231,3.445,4,0.736796124535,0.111592967162,0.772227616224,0
0.2315,3.445,4,0.736793065581,0.111659846735,0.772222269993,0.000222588111372
0.232,3.445,4,0.736790745731,0.11172749853,0.772218793035,0.000706954206428
0.2325,3.445,4,0.736789169589,0.111795927227,0.77221719848,0.000834978932395
0.233,3.445,4,0.736788341759,0.111865137504,0.772217499457,1.97962573807e-05
0.2335,3.445,4,0.736788266847,0.11193513404,0.772219709097,0
0.215,3.45,4,0.737342061835,0.109650038928,0.773251517821,0
0.2155,3.45,4,0.737317874273,0.109694681163,0.773193766644,0
0.216,3.45,4,0.737294278931,0.109739945769,0.773137466251,0
0.2165,3.45,4,0.737271280414,0.109785837425,0.773082629771,0
0.217,3.45,4,0.737248883325,0.10983236081,0.773029270335,0
0.2175,3.45,4,0.737227092271,0.109879520603,0.772977401071,0
0.218,3.45,4,0.737205911854,0.109927321484,0.772927035111,0
0.2185,3.45,4,0.737185346681,0.109975768131,0.772878185583,0
0.219,3.45,4,0.737165401356,0.110024865224,0.772830865619,0
0.2195,3.45,4,0.737146080482,0.110074617441,0.772785088347,0
0.22,3.45,4,0.737127388666,0.110125029463,0.772740866898,0
0.2205,3.45,4,0.737109330512,0.110176105968,0.772698214401,0
0.221,3.45,4,0.737091910623,0.110227851635,0.772657143987,0
0.2215,3.45,4,0.737075133606,0.110280271143,0.772617668785,0
0.222,3.45,4,0.737059004064,0.110333369172,0.772579801925,0
0.2225,3.45,4,0.737043526603,0.110387150401,0.772543556538,0
0.223,3.45,4,0.737028705826,0.110441619509,0.772508945752,0
0.2235,3.45,4,0.737014546339,0.110496781174,0.772475982699,0
0.224,3.45,4,0.737001052746,0.110552640077,0.772444680507,0
0.2245,3.45,4,0.736988229652,0.110609200896,0.772415052307,0
0.225,3.45,4,0.736976081662,0.110666468311,0.772387111229,0
0.2255,3.45,4,0.736964613379,0.110724447,0.772360870402,0
0.226,3.45,4,0.73695382941,0.110783141643,0.772336342956,0
0.2265,3.45,4,0.736943734358,0.110842556919,0.772313542022,0
0.227,3.45,4,0.736934332828,0.110902697507,0.77229248073,0
0.2275,3.45,4,0.736925629424,0.110963568087,0.772273172208,0
0.228,3.45,4,0.736917628752,0.111025173336,0.772255629587,0
0.2285,3.45,4,0.736910335416,0.111087517936,0.772239865998,0
0.229,3.45,4,0.736903754021,0.111150606564,0.772225894569,0
0.2295,3.45,4,0.736897889172,0.111214443899,0.772213728431,0
0.23,3.45,4,0.736892745472,0.111279034622,0.772203380713,0
0.2305,3.45,4,0.736888327527,0.111344383411,0.772194864546,0
0.231,3.45,4,0.736884639941,0.111410494945,0.77218819306,0
0.2315,3.45,4,0.736881687319,0.111477373904,0.772183379383,0.000311678723479
0.232,3.45,4,0.736879474265,0.111545024966,0.772180436647,0.000756251752407
0.2325,3.45,4,0.736878005385,0.111613452811,0.772179377982,0.000680181975314
0.233,3.45,4,0.736877285283,0.111682662118,0.772180216516,0
0.215,3.455,4,0.737427561232,0.109468417249,0.77319832163,0
0.2155,3.455,4,0.737403464508,0.109513062604,0.773141046033,0
0.216,3.455,4,0.737379960469,0.109558330212,0.773085222887,0
0.2165,3.455,4,0.737357053719,0.10960422475,0.773030865322,0
0.217,3.455,4,0.737334748864,0.1096507509,0.772977986468,0
0.2175,3.455,4,0.737313050508,0.109697913339,0.772926599453,0
0.218,3.455,4,0.737291963256,0.109745716747,0.772876717409,0
0.2185,3.455,4,0.737271491712,0.109794165803,0.772828353466,0
0.219,3.455,4,0.73725164048,0.109843265186,0.772781520752,0
0.2195,3.455,4,0.737232414167,0.109893019575,0.772736232399,0
0.22,3.455,4,0.737213817375,0.10994343365,0.772692501535,0
0.2205,3.455,4,0.737195854711,0.109994512089,0.772650341291,0
0.221,3.455,4,0.737178530778,0.110046259572,0.772609764797,0
0.2215,3.455,4,0.737161850181,0.110098680778,0.772570785183,0
0.222,3.455,4,0.737145817526,0.110151780386,0.772533415578,0
0.2225,3.455,4,0.737130437415,0.110205563075,0.772497669113,0
0.223,3.455,4,0.737115714455,0.110260033524,0.772463558917,0
0.2235,3.455,4,0.73710165325,0.110315196413,0.77243109812,0
0.224,3.455,4,0.737088258404,0.11037105642,0.772400299852,0
0.2245,3.455,4,0.737075534522,0.110427618226,0.772371177244,0
0.225,3.455,4,0.737063486209,0.110484886508,0.772343743424,0
0.2255,3.455,4,0.737052118069,0.110542865946,0.772318011523,0
0.226,3.455,4,0.737041434708,0.11060156122,0.772293994671,0
0.2265,3.455,4,0.737031440729,0.110660977007,0.772271705997,0
0.227,3.455,4,0.737022140737,0.110721117989,0.772251158632,0
0.2275,3.455,4,0.737013539338,0.110781988843,0.772232365706,0
0.228,3.455,4,0.737005641135,0.110843594249,0.772215340347,0
0.2285,3.455,4,0.736998450733,0.110905938886,0.772200095687,0
0.229,3.455,4,0.736991972738,0.110969027433,0.772186644855,0
0.2295,3.455,4,0.736986211753,0.111032864569,0.772175000982,0
0.23,3.455,4,0.736981172383,0.111097454974,0.772165177196,0
0.2305,3.455,4,0.736976859233,0.111162803326,0.772157186628,0
0.231,3.455,4,0.736973276908,0.111228914305,0.772151042407,0
0.2315,3.455,4,0.736970430012,0.11129579259,0.772146757665,0.000414372030182
0.232,3.455,4,0.736968323149,0.11136344286,0.772144345529,0.000810580197909
0.2325,3.455,4,0.736966960926,0.111431869794,0.772143819132,0.000444492141369
0.233,3.455,4,0.736966347945,0.111501078071,0.772145191601,0
0.2145,3.46,4,0.737537785564,0.109243653617,0.773205731046,0
0.215,3.46,4,0.737513190525,0.109287684579,0.77314748642,0
0.2155,3.46,4,0.737489184033,0.109332332995,0.773090682782,0
0.216,3.46,4,0.737465770691,0.109377603545,0.773035333262,0
0.2165,3.46,4,0.737442955104,0.109423500907,0.772981450989,0
0.217,3.46,4,0.737420741876,0.109470029762,0.772929049095,0
0.2175,3.46,4,0.737399135613,0.109517194788,0.772878140708,0
0.218,3.46,4,0.737378140919,0.109565000664,0.772828738959,0
0.2185,3.46,4,0.737357762398,0.109613452069,0.772780856978,0
0.219,3.46,4,0.737338004655,0.109662553683,0.772734507894,0
0.2195,3.46,4,0.737318872295,0.109712310185,0.772689704837,0
0.22,3.46,4,0.737300369923,0.109762726253,0.772646460938,0
0.2205,3.46,4,0.737282502143,0.109813806568,0.772604789325,0
0.221,3.46,4,0.73726527356,0.109865555808,0.77256470313,0
0.2215,3.46,4,0.737248688778,0.109917978652,0.772526215482,0
0.222,3.46,4,0.737232752402,0.109971079779,0.77248933951,0
0.2225,3.46,4,0.737217469038,0.110024863869,0.772454088345,0
0.223,3.46,4,0.737202843288,0.110079335601,0.772420475117,0
0.2235,3.46,4,0.737188879759,0.110134499654,0.772388512955,0
0.224,3.46,4,0.737175583054,0.110190360707,0.77235821499,0
0.2245,3.46,4,0.737162957778,0.110246923439,0.772329594351,0
0.225,3.46,4,0.737151008537,0.11030419253,0.772302664168,0
0.2255,3.46,4,0.737139739934,0.110362172658,0.772277437572,0
0.226,3.46,4,0.737129156575,0.110420868503,0.772253927691,0
0.2265,3.46,4,0.737119263064,0.110480284743,0.772232147657,0
0.227,3.46,4,0.737110064005,0.110540426059,0.772212110598,0
0.2275,3.46,4,0.737101564003,0.110601297128,0.772193829645,0
0.228,3.46,4,0.737093767664,0.110662902631,0.772177317928,0
0.2285,3.46,4,0.737086679591,0.110725247246,0.772162588576,0
0.229,3.46,4,0.737080304389,0.110788335653,0.772149654719,0
0.2295,3.46,4,0.737074646663,0.110852172531,0.772138529488,0
0.23,3.46,4,0.737069711017,0.110916762558,0.772129226012,0
0.2305,3.46,4,0.737065502057,0.110982110415,0.772121757421,0
0.231,3.46,4,0.737062024386,0.111048220779,0.772116136846,0
0.2315,3.46,4,0.73705928261,0.111115098331,0.772112377415,0.000532468247725
0.232,3.46,4,0.737057281333,0.11118274775,0.772110492259,0.000870610727009
0.2325,3.46,4,0.73705602516,0.111251173714,0.772110494508,0.000184220416969
0.233,3.46,4,0.737055518695,0.111320380903,0.772112397291,0
0.2145,3.465,4,0.737623444543,0.109063802373,0.773156762725,0
0.215,3.465,4,0.737598938666,0.109107836455,0.773098984769,0
0.2155,3.465,4,0.737575021799,0.109152487873,0.773042649467,0
0.216,3.465,4,0.737551698548,0.109197761306,0.772987769951,0
0.2165,3.465,4,0.737528973518,0.109243661433,0.772934359351,0
0.217,3.465,4,0.737506851312,0.109290192934,0.772882430795,0
0.2175,3.465,4,0.737485336536,0.109337360487,0.772831997414,0
0.218,3.465,4,0.737464433794,0.109385168772,0.772783072339,0
0.2185,3.465,4,0.73744414769,0.109433622468,0.772735668698,0
0.219,3.465,4,0.737424482831,0.109482726254,0.772689799622,0
0.2195,3.465,4,0.737405443819,0.109532484809,0.77264547824,0
0.22,3.465,4,0.73738703526,0.109582902812,0.772602717683,0
0.2205,3.465,4,0.737369261759,0.109633984943,0.772561531081,0
0.221,3.465,4,0.737352127919,0.10968573588,0.772521931563,0
0.2215,3.465,4,0.737335638347,0.109738160303,0.772483932259,0
0.222,3.465,4,0.737319797645,0.109791262891,0.772447546299,0
0.2225,3.465,4,0.73730461042,0.109845048324,0.772412786813,0
0.223,3.465,4,0.737290081276,0.109899521279,0.772379666931,0
0.2235,3.465,4,0.737276214816,0.109954686437,0.772348199783,0
0.224,3.465,4,0.737263015647,0.110010548476,0.772318398499,0
0.2245,3.465,4,0.737250488372,0.110067112076,0.772290276208,0
0.225,3.465,4,0.737238637597,0.110124381915,0.772263846041,0
0.2255,3.465,4,0.737227467925,0.110182362674,0.772239121127,0
0.226,3.465,4,0.737216983962,0.110241059031,0.772216114596,0
0.2265,3.465,4,0.737207190313,0.110300475665,0.772194839579,0
0.227,3.465,4,0.737198091581,0.110360617255,0.772175309205,0
0.2275,3.465,4,0.737189692372,0.110421488481,0.772157536604,0
0.228,3.465,4,0.737181997289,0.110483094022,0.772141534906,0
0.2285,3.465,4,0.737175010939,0.110545438556,0.772127317241,0
0.229,3.465,4,0.737168737925,0.110608526764,0.772114896738,0
0.2295,3.465,4,0.737163182852,0.110672363324,0.772104286528,0
0.23,3.465,4,0.737158350326,0.110736952915,0.772095499741,0
0.2305,3.465,4,0.737154244949,0.110802300216,0.772088549506,0
0.231,3.465,4,0.737150871327,0.110868409907,0.772083448953,0
0.2315,3.465,4,0.737148234066,0.110935286667,0.772080211212,0.000668015257777
0.232,3.465,4,0.737146337768,0.111002935175,0.772078849414,0.000883626947015
0.2325,3.465,4,0.73714518704,0.11107136011,0.772079376688,0
0.233,3.465,4,0.737144786485,0.111140566151,0.772081806163,0
0.2145,3.47,4,0.737709211925,0.108884831275,0.773110104163,0
0.215,3.47,4,0.737684794603,0.108928868418,0.773052789254,0
0.2155,3.47,4,0.737660966757,0.108973522778,0.772996918668,0
0.216,3.47,4,0.737637732992,0.109018799035,0.772942505535,0
0.2165,3.47,4,0.737615097912,0.109064701868,0.772889562984,0
0.217,3.47,4,0.737593066122,0.109111235955,0.772838104146,0
0.2175,3.47,4,0.737571642227,0.109158405977,0.77278814215,0
0.218,3.47,4,0.737550830832,0.109206216611,0.772739690126,0
0.2185,3.47,4,0.73753063654,0.109254672538,0.772692761204,0
0.219,3.47,4,0.737511063958,0.109303778437,0.772647368514,0
0.2195,3.47,4,0.737492117688,0.109353538986,0.772603525186,0
0.22,3.47,4,0.737473802337,0.109403958865,0.77256124435,0
0.2205,3.47,4,0.737456122508,0.109455042752,0.772520539136,0
0.221,3.47,4,0.737439082807,0.109506795328,0.772481422673,0
0.2215,3.47,4,0.737422687838,0.109559221271,0.772443908092,0
0.222,3.47,4,0.737406942205,0.10961232526,0.772408008523,0
0.2225,3.47,4,0.737391850514,0.109666111975,0.772373737094,0
0.223,3.47,4,0.737377417368,0.109720586095,0.772341106937,0
0.2235,3.47,4,0.737363647373,0.109775752298,0.772310131181,0
0.224,3.47,4,0.737350545134,0.109831615264,0.772280822956,0
0.2245,3.47,4,0.737338115254,0.109888179673,0.772253195392,0
0.225,3.47,4,0.737326362339,0.109945450202,0.772227261619,0
0.2255,3.47,4,0.737315290993,0.110003431532,0.772203034766,0
0.226,3.47,4,0.73730490582,0.110062128342,0.772180527964,0
0.2265,3.47,4,0.737295211427,0.11012154531,0.772159754343,0
0.227,3.47,4,0.737286212416,0.110181687116,0.772140727032,0
0.2275,3.47,4,0.737277913393,0.110242558439,0.772123459161,0
0.228,3.47,4,0.737270318963,0.110304163959,0.772107963861,0
0.2285,3.47,4,0.737263433729,0.110366508353,0.77209425426,0
0.229,3.47,4,0.737257262298,0.110429596302,0.77208234349,0
0.2295,3.47,4,0.737251809272,0.110493432485,0.77207224468,0
0.23,3.47,4,0.737247079258,0.11055802158,0.772063970959,0
0.2305,3.47,4,0.73724307686,0.110623368268,0.772057535458,0
0.231,3.47,4,0.737239806682,0.110689477226,0.772052951307,1.267410853e-07
0.2315,3.47,4,0.737237273328,0.110756353135,0.772050231635,0.000814574840607
0.232,3.47,4,0.737235481405,0.110824000673,0.772049389573,0.000663913598835
0.2325,3.47,4,0.737234435515,0.110892424519,0.77205043825,0
0.233,3.47,4,0.737234140265,0.110961629353,0.772053390796,0
0.214,3.475,4,0.737819991371,0.108663308134,0.77312401628,0
0.2145,3.475,4,0.737795076662,0.108706735859,0.773065727937,0
0.215,3.475,4,0.737770747289,0.108750776004,0.773008872455,0
0.2155,3.475,4,0.737747007857,0.108795433248,0.772953462963,0
0.216,3.475,4,0.737723862971,0.108840712269,0.772899512591,0
0.2165,3.475,4,0.737701317237,0.108886617748,0.772847034468,0
0.217,3.475,4,0.737679375257,0.108933154363,0.772796041725,0
0.2175,3.475,4,0.737658041638,0.108980326794,0.772746547492,0
0.218,3.475,4,0.737637320983,0.109028139719,0.772698564898,0
0.2185,3.475,4,0.737617217898,0.109076597818,0.772652107074,0
0.219,3.475,4,0.737597736986,0.10912570577,0.772607187149,0
0.2195,3.475,4,0.737578882854,0.109175468254,0.772563818253,0
0.22,3.475,4,0.737560660104,0.109225889949,0.772522013517,0
0.2205,3.475,4,0.737543073343,0.109276975534,0.772481786069,0
0.221,3.475,4,0.737526127174,0.109328729689,0.772443149041,0
0.2215,3.475,4,0.737509826202,0.109381157093,0.772406115561,0
0.222,3.475,4,0.737494175032,0.109434262424,0.77237069876,0
0.2225,3.475,4,0.737479178269,0.109488050363,0.772336911767,0
0.223,3.475,4,0.737464840517,0.109542525587,0.772304767713,0
0.2235,3.475,4,0.73745116638,0.109597692777,0.772274279728,0
0.224,3.475,4,0.737438160465,0.109653556611,0.77224546094,0
0.2245,3.475,4,0.737425827374,0.109710121769,0.772218324481,0
0.225,3.475,4,0.737414171713,0.109767392929,0.77219288348,0
0.2255,3.475,4,0.737403198087,0.109825374771,0.772169151068,0
0.226,3.475,4,0.7373929111,0.109884071975,0.772147140373,0
0.2265,3.475,4,0.737383315356,0.109943489218,0.772126864525,0
0.227,3.475,4,0.737374415461,0.110003631181,0.772108336656,0
0.2275,3.475,4,0.737366216019,0.110064502542,0.772091569894,0
0.228,3.475,4,0.737358721634,0.110126107981,0.77207657737,0
0.2285,3.475,4,0.737351936912,0.110188452176,0.772063372213,0
0.229,3.475,4,0.737345866457,0.110251539807,0.772051967553,0
0.2295,3.475,4,0.737340514873,0.110315375554,0.772042376521,0
0.23,3.475,4,0.737335886766,0.110379964094,0.772034612246,0
0.2305,3.475,4,0.73733198674,0.110445310108,0.772028687858,0
0.231,3.475,4,0.737328819399,0.110511418275,0.772024616486,6.74380823261e-05
0.2315,3.475,4,0.737326389349,0.110578293273,0.772022411262,0.000907397476195
0.232,3.475,4,0.737324701193,0.110645939782,0.772022085314,0.000395374768846
0.2325,3.475,4,0.737323759537,0.110714362481,0.772023651773,0
0.233,3.475,4,0.737323568985,0.110783566049,0.772027123768,0
0.214,3.48,4,0.737905855534,0.108486080878,0.773081440832,0
0.2145,3.48,4,0.737881027702,0.108529511664,0.773023606627,0
0.215,3.48,4,0.737856785673,0.108573554752,0.772967206949,0
0.2155,3.48,4,0.73783313405,0.10861821482,0.772912254929,0
0.216,3.48,4,0.737810077438,0.108663496547,0.772858763696,0
0.2165,3.48,4,0.737787620443,0.108709404613,0.772806746381,0
0.217,3.48,4,0.737765767668,0.108755943697,0.772756216112,0
0.2175,3.48,4,0.737744523718,0.108803118477,0.77270718602,0
0.218,3.48,4,0.737723893198,0.108850933634,0.772659669235,0
0.2185,3.48,4,0.737703880713,0.108899393845,0.772613678887,0
0.219,3.48,4,0.737684490868,0.108948503792,0.772569228105,0
0.2195,3.48,4,0.737665728266,0.108998268151,0.77252633002,0
0.22,3.48,4,0.737647597512,0.109048691603,0.772484997761,0
0.2205,3.48,4,0.737630103212,0.109099778827,0.772445244459,0
0.221,3.48,4,0.73761324997,0.109151534502,0.772407083242,0
0.2215,3.48,4,0.73759704239,0.109203963307,0.772370527242,0
0.222,3.48,4,0.737581485077,0.109257069922,0.772335589588,0
0.2225,3.48,4,0.737566582636,0.109310859025,0.77230228341,0
0.223,3.48,4,0.737552339672,0.109365335295,0.772270621838,0
0.2235,3.48,4,0.737538760788,0.109420503412,0.772240618001,0
0.224,3.48,4,0.737525850591,0.109476368055,0.77221228503,0
0.2245,3.48,4,0.737513613683,0.109532933902,0.772185636054,0
0.225,3.48,4,0.737502054671,0.109590205634,0.772160684204,0
0.2255,3.48,4,0.737491178159,0.10964818793,0.77213744261,0
0.226,3.48,4,0.73748098875,0.109706885467,0.7721159244,0
0.2265,3.48,4,0.737471491051,0.109766302926,0.772096142705,0
0.227,3.48,4,0.737462689666,0.109826444986,0.772078110656,0
0.2275,3.48,4,0.737454589199,0.109887316326,0.772061841381,0
0.228,3.48,4,0.737447194254,0.109948921625,0.772047348012,0
0.2285,3.48,4,0.737440509438,0.110011265562,0.772034643677,0
0.229,3.48,4,0.737434539353,0.110074352817,0.772023741506,0
0.2295,3.48,4,0.737429288606,0.110138188068,0.77201465463,0
0.23,3.48,4,0.7374247618,0.110202775995,0.772007396179,0
0.2305,3.48,4,0.73742096354,0.110268121276,0.772001979282,0
0.231,3.48,4,0.737417898431,0.110334228591,0.771998417069,0.000191641536922
0.2315,3.48,4,0.737415571077,0.11040110262,0.77199672267,0.000978502996483
0.232,3.48,4,0.737413986084,0.11046874804,0.771996909215,0.000109102280896
0.2325,3.48,4,0.737413148055,0.110537169533,0.771998989834,0
0.233,3.48,4,0.737413061596,0.110606371775,0.772002977657,0
0.214,3.485,4,0.737991795557,0.108309720441,0.773041096498,0
0.2145,3.485,4,0.737967053998,0.108353154229,0.772983712809,0
0.215,3.485,4,0.737942898706,0.1083972002,0.772927765315,0
0.2155,3.485,4,0.737919334286,0.108441863033,0.772873267145,0
0.216,3.485,4,0.737896365343,0.108487147407,0.77282023143,0
0.2165,3.485,4,0.737873996481,0.108533058,0.7727686713,0
0.217,3.485,4,0.737852232305,0.108579599493,0.772718599884,0
0.2175,3.485,4,0.737831077419,0.108626776564,0.772670030312,0
0.218,3.485,4,0.737810536429,0.108674593893,0.772622975714,0
0.2185,3.485,4,0.737790613938,0.108723056159,0.77257744922,0
0.219,3.485,4,0.737771314552,0.10877216804,0.77253346396,0
0.2195,3.485,4,0.737752642875,0.108821934216,0.772491033064,0
0.22,3.485,4,0.737734603512,0.108872359366,0.772450169661,0
0.2205,3.485,4,0.737717201067,0.108923448169,0.772410886882,0
0.221,3.485,4,0.737700440146,0.108975205305,0.772373197857,0
0.2215,3.485,4,0.737684325352,0.109027635453,0.772337115715,0
0.222,3.485,4,0.73766886129,0.109080743291,0.772302653586,0
0.2225,3.485,4,0.737654052566,0.109134533499,0.772269824601,0
0.223,3.485,4,0.737639903783,0.109189010755,0.772238641889,0
0.2235,3.485,4,0.737626419547,0.10924417974,0.772209118579,0
0.224,3.485,4,0.737613604462,0.109300045133,0.772181267803,0
0.2245,3.485,4,0.737601463132,0.109356611611,0.772155102689,0
0.225,3.485,4,0.737590000163,0.109413883856,0.772130636368,0
0.2255,3.485,4,0.737579220159,0.109471866545,0.77210788197,0
0.226,3.485,4,0.737569127724,0.109530564358,0.772086852624,0
0.2265,3.485,4,0.737559727463,0.109589981974,0.772067561461,0
0.227,3.485,4,0.737551023982,0.109650124072,0.77205002161,0
0.2275,3.485,4,0.737543021884,0.109710995331,0.772034246201,0
0.228,3.485,4,0.737535725774,0.109772600431,0.772020248364,0
0.2285,3.485,4,0.737529140257,0.109834944051,0.77200804123,0
0.229,3.485,4,0.737523269937,0.109898030869,0.771997637927,0
0.2295,3.485,4,0.73751811942,0.109961865566,0.771989051586,0
0.23,3.485,4,0.737513693309,0.110026452819,0.771982295337,0
0.2305,3.485,4,0.73750999621,0.110091797309,0.771977382309,0
0.231,3.485,4,0.737507032727,0.110157903714,0.771974325633,0.00033988914759
0.2315,3.485,4,0.737504807465,0.110224776714,0.771973138438,0.000901017203432
0.232,3.485,4,0.737503325028,0.110292420987,0.771973833855,0
0.2325,3.485,4,0.737502590021,0.110360841213,0.771976425013,0
0.2135,3.49,4,0.738103038412,0.108091393014,0.773061317383,0
0.214,3.49,4,0.738077800392,0.10813422236,0.773002955857,0
0.2145,3.49,4,0.738053144499,0.108177659091,0.772946019062,0
0.215,3.49,4,0.738029075339,0.108221707887,0.77289052013,0
0.2155,3.49,4,0.738005597517,0.108266373425,0.77283647219,0
0.216,3.49,4,0.737982715636,0.108311660386,0.772783888371,0
0.2165,3.49,4,0.737960434301,0.108357573449,0.772732781804,0
0.217,3.49,4,0.737938758118,0.108404117292,0.772683165619,0
0.2175,3.49,4,0.737917691691,0.108451296594,0.772635052945,0
0.218,3.49,4,0.737897239624,0.108499116036,0.772588456913,0
0.2185,3.49,4,0.737877406522,0.108547580296,0.772543390652,0
0.219,3.49,4,0.73785819699,0.108596694053,0.772499867292,0
0.2195,3.49,4,0.737839615632,0.108646461986,0.772457899963,0
0.22,3.49,4,0.737821667054,0.108696888775,0.772417501795,0
0.2205,3.49,4,0.737804355859,0.108747979099,0.772378685918,0
0.221,3.49,4,0.737787686652,0.108799737636,0.772341465462,0
0.2215,3.49,4,0.737771664039,0.108852169067,0.772305853557,0
0.222,3.49,4,0.737756292623,0.108905278069,0.772271863332,0
0.2225,3.49,4,0.737741577009,0.108959069323,0.772239507918,0
0.223,3.49,4,0.737727521803,0.109013547507,0.772208800444,0
0.2235,3.49,4,0.737714131608,0.109068717301,0.77217975404,0
0.224,3.49,4,0.737701411029,0.109124583384,0.772152381837,0
0.2245,3.49,4,0.737689364671,0.109181150434,0.772126696964,0
0.225,3.49,4,0.737677997139,0.109238423132,0.772102712551,0
0.2255,3.49,4,0.737667313037,0.109296406156,0.772080441727,0
0.226,3.49,4,0.73765731697,0.109355104185,0.772059897624,0
0.2265,3.49,4,0.737648013542,0.109414521898,0.77204109337,0
0.227,3.49,4,0.737639407359,0.109474663975,0.772024042096,0
0.2275,3.49,4,0.737631503024,0.109535535095,0.772008756931,0
0.228,3.49,4,0.737624305143,0.109597139937,0.771995251006,0
0.2285,3.49,4,0.73761781832,0.10965948318,0.77198353745,0
0.229,3.49,4,0.73761204716,0.109722569503,0.771973629393,0
0.2295,3.49,4,0.737606996267,0.109786403585,0.771965539966,0
0.23,3.49,4,0.737602670246,0.109850990107,0.771959282297,0
0.2305,3.49,4,0.737599073702,0.109916333745,0.771954869517,0
0.231,3.49,4,0.737596211239,0.109982439181,0.771952314757,0.000511620072003
0.2315,3.49,4,0.737594087462,0.110049311092,0.771951631144,0.000633777099128
0.232,3.49,4,0.737592706976,0.110116954159,0.771952831811,0
0.2325,3.49,4,0.737592074385,0.11018537306,0.771955929886,0
0.2135,3.495,4,0.738189012413,0.107916749826,0.773024911408,0
0.214,3.495,4,0.738163858988,0.107959582175,0.772966991487,0
0.2145,3.495,4,0.738139288157,0.10800302179,0.772910497965,0
0.215,3.495,4,0.738115304523,0.10804707335,0.772855443973,0
0.2155,3.495,4,0.738091912692,0.108091741535,0.77280184264,0
0.216,3.495,4,0.738069117268,0.108137031024,0.772749707096,0
0.2165,3.495,4,0.738046922855,0.108182946496,0.772699050471,0
0.217,3.495,4,0.738025334059,0.10822949263,0.772649885895,0
0.2175,3.495,4,0.738004355484,0.108276674105,0.772602226498,0
0.218,3.495,4,0.737983991735,0.108324495601,0.77255608541,0
0.2185,3.495,4,0.737964247416,0.108372961796,0.77251147576,0
0.219,3.495,4,0.737945127132,0.108422077369,0.772468410679,0
0.2195,3.495,4,0.737926635488,0.108471847001,0.772426903296,0
0.22,3.495,4,0.737908777088,0.108522275369,0.772386966741,0
0.2205,3.495,4,0.737891556538,0.108573367154,0.772348614145,0
0.221,3.495,4,0.73787497844,0.108625127034,0.772311858636,0
0.2215,3.495,4,0.737859047401,0.108677559688,0.772276713346,0
0.222,3.495,4,0.737843768025,0.108730669796,0.772243191404,0
0.2225,3.495,4,0.737829144917,0.108784462037,0.772211305939,0
0.223,3.495,4,0.737815182681,0.108838941089,0.772181070082,0
0.2235,3.495,4,0.737801885921,0.108894111633,0.772152496963,0
0.224,3.495,4,0.737789259243,0.108949978346,0.772125599711,0
0.2245,3.495,4,0.737777307252,0.109006545909,0.772100391457,0
0.225,3.495,4,0.737766034551,0.109063819001,0.77207688533,0
0.2255,3.495,4,0.737755445745,0.1091218023,0.77205509446,0
0.226,3.495,4,0.73774554544,0.109180500486,0.772035031977,0
0.2265,3.495,4,0.737736338239,0.109239918238,0.772016711011,0
0.227,3.495,4,0.737727828748,0.109300060235,0.772000144692,0
0.2275,3.495,4,0.737720021571,0.109360931156,0.77198534615,0
0.228,3.495,4,0.737712921313,0.10942253568,0.771972328515,0
0.2285,3.495,4,0.737706532578,0.109484878487,0.771961104916,0
0.229,3.495,4,0.737700859971,0.109547964256,0.771951688484,0
0.2295,3.495,4,0.737695908097,0.109611797665,0.771944092348,0
0.23,3.495,4,0.73769168156,0.109676383395,0.771938329638,0
0.2305,3.495,4,0.737688184965,0.109741726123,0.771934413485,0
0.231,3.495,4,0.737685422917,0.10980783053,0.771932357018,0.000710278827668
0.2315,3.495,4,0.73768340002,0.109874701295,0.771932173367,0.000326657884778
0.232,3.495,4,0.737682120878,0.109942343096,0.771933875661,0
0.2325,3.495,4,0.737681590098,0.110010760612,0.771937477032,0
0.2135,3.5,4,0.738275029732,0.107742960131,0.772990657902,0
0.214,3.5,4,0.738249960297,0.107785795423,0.772933175966,0
0.2145,3.5,4,0.738225473921,0.107829237862,0.772877122095,0
0.215,3.5,4,0.738201575208,0.107873292129,0.772822509422,0
0.2155,3.5,4,0.738178268762,0.107917962901,0.772769351075,0
0.216,3.5,4,0.738155559189,0.107963254859,0.772717660184,0
0.2165,3.5,4,0.738133451093,0.108009172681,0.77266744988,0
0.217,3.5,4,0.738111949078,0.108055721047,0.772618733292,0
0.2175,3.5,4,0.73809105775,0.108102904635,0.77257152355,0
0.218,3.5,4,0.738070781713,0.108150728125,0.772525833784,0
0.2185,3.5,4,0.738051125571,0.108199196196,0.772481677124,0
0.219,3.5,4,0.73803209393,0.108248313527,0.772439066699,0
0.2195,3.5,4,0.738013691393,0.108298084798,0.772398015641,0
0.22,3.5,4,0.737995922566,0.108348514686,0.772358537078,0
0.2205,3.5,4,0.737978792054,0.108399607873,0.77232064414,0
0.221,3.5,4,0.73796230446,0.108451369036,0.772284349958,0
0.2215,3.5,4,0.73794646439,0.108503802855,0.772249667661,0
0.222,3.5,4,0.737931276448,0.108556914009,0.772216610379,0
0.2225,3.5,4,0.737916745239,0.108610707177,0.772185191243,0
0.223,3.5,4,0.737902875367,0.108665187039,0.772155423381,0
0.2235,3.5,4,0.737889671437,0.108720358273,0.772127319925,0
0.224,3.5,4,0.737877138055,0.108776225558,0.772100894003,0
0.2245,3.5,4,0.737865279823,0.108832793575,0.772076158746,0
0.225,3.5,4,0.737854101348,0.108890067001,0.772053127283,0
0.2255,3.5,4,0.737843607233,0.108948050516,0.772031812745,0
0.226,3.5,4,0.737833802084,0.1090067488,0.772012228261,0
0.2265,3.5,4,0.737824690505,0.109066166531,0.771994386962,0
0.227,3.5,4,0.7378162771,0.109126308388,0.771978301977,0
0.2275,3.5,4,0.737808566475,0.109187179052,0.771963986436,0
0.228,3.5,4,0.737801563234,0.109248783199,0.771951453469,0
0.2285,3.5,4,0.737795271981,0.109311125511,0.771940716206,0
0.229,3.5,4,0.737789697322,0.109374210666,0.771931787776,0
0.2295,3.5,4,0.737784843861,0.109438043344,0.771924681311,0
0.23,3.5,4,0.737780716202,0.109502628222,0.771919409939,0
0.2305,3.5,4,0.73777731895,0.109567969982,0.77191598679,0
0.231,3.5,4,0.737774656711,0.109634073301,0.771914424995,0.000939647300793
0.2315,3.5,4,0.737772734088,0.109700942859,0.771914737683,2.25347569691e-05
0.232,3.5,4,0.737771555686,0.109768583335,0.771916937985,0
0.2325,3.5,4,0.73777112611,0.109836999408,0.771921039029,0
0.213,3.505,4,0.73838664429,0.107527783641,0.773016993625,0
0.2135,3.505,4,0.738361079321,0.107570019467,0.772958529446,0
0.214,3.505,4,0.73833609327,0.107612857642,0.772901481872,0
0.2145,3.505,4,0.738311690743,0.107656302847,0.772845864031,0
0.215,3.505,4,0.738287876344,0.10770035976,0.772791689055,0
0.2155,3.505,4,0.738264654678,0.107745033061,0.772738970072,0
0.216,3.505,4,0.73824203035,0.107790327428,0.772687720213,0
0.2165,3.505,4,0.738220007964,0.107836247541,0.772637952608,0
0.217,3.505,4,0.738198592126,0.10788279808,0.772589680386,0
0.2175,3.505,4,0.738177787438,0.107929983722,0.772542916677,0
0.218,3.505,4,0.738157598507,0.107977809147,0.772497674612,0
0.2185,3.505,4,0.738138029937,0.108026279035,0.77245396732,0
0.219,3.505,4,0.738119086332,0.108075398065,0.772411807931,0
0.2195,3.505,4,0.738100772298,0.108125170915,0.772371209575,0
0.22,3.505,4,0.738083092438,0.108175602265,0.772332185382,0
0.2205,3.505,4,0.738066051358,0.108226696794,0.772294748482,0
0.221,3.505,4,0.738049653662,0.108278459181,0.772258912005,0
0.2215,3.505,4,0.738033903955,0.108330894106,0.77222468908,0
0.222,3.505,4,0.738018806841,0.108384006247,0.772192092837,0
0.2225,3.505,4,0.738004366926,0.108437800283,0.772161136407,0
0.223,3.505,4,0.737990588813,0.108492280895,0.772131832919,0
0.2235,3.505,4,0.737977477107,0.10854745276,0.772104195504,0
0.224,3.505,4,0.737965036414,0.108603320558,0.77207823729,0
0.2245,3.505,4,0.737953271337,0.108659888969,0.772053971409,0
0.225,3.505,4,0.737942186481,0.108717162671,0.772031410989,0
0.2255,3.505,4,0.737931786452,0.108775146343,0.772010569162,0
0.226,3.505,4,0.737922075853,0.108833844665,0.771991459056,0
0.2265,3.505,4,0.737913059289,0.108893262316,0.771974093801,0
0.227,3.505,4,0.737904741366,0.108953403975,0.771958486528,0
0.2275,3.505,4,0.737897126687,0.109014274321,0.771944650367,0
0.228,3.505,4,0.737890219857,0.109075878033,0.771932598446,0
0.2285,3.505,4,0.737884025481,0.109138219791,0.771922343897,0
0.229,3.505,4,0.737878548163,0.109201304273,0.771913899849,0
0.2295,3.505,4,0.737873792509,0.109265136159,0.771907279432,0
0.23,3.505,4,0.737869763123,0.109329720127,0.771902495776,0
0.2305,3.505,4,0.737866464609,0.109395060858,0.771899562011,2.00272292181e-06
0.231,3.505,4,0.737863901572,0.10946116303,0.771898491266,0.00088241769733
0.2315,3.505,4,0.737862078617,0.109528031322,0.771899296672,0
0.232,3.505,4,0.737861000349,0.109595670414,0.771901991359,0
0.2325,3.505,4,0.737860671371,0.109664084985,0.771906588456,0
0.213,3.51,4,0.738472632785,0.107355684603,0.772986533721,0
0.2135,3.51,4,0.738447150128,0.107397923372,0.772928498617,0
0.214,3.51,4,0.738422246856,0.107440764372,0.772871881783,0
0.2145,3.51,4,0.738397927572,0.107484212283,0.772816696351,0
0.215,3.51,4,0.738374196883,0.107528271783,0.77276295545,0
0.2155,3.51,4,0.738351059391,0.107572947553,0.77271067221,0
0.216,3.51,4,0.738328519702,0.107618244271,0.772659859761,0
0.2165,3.51,4,0.738306582421,0.107664166616,0.772610531233,0
0.217,3.51,4,0.738285252152,0.107710719267,0.772562699756,0
0.2175,3.51,4,0.7382645335,0.107757906904,0.772516378459,0
0.218,3.51,4,0.73824443107,0.107805734206,0.772471580473,0
0.2185,3.51,4,0.738224949465,0.107854205852,0.772428318928,0
0.219,3.51,4,0.738206093291,0.10790332652,0.772386606953,0
0.2195,3.51,4,0.738187867153,0.107953100891,0.772346457678,0
0.22,3.51,4,0.738170275655,0.108003533643,0.772307884234,0
0.2205,3.51,4,0.738153323402,0.108054629455,0.772270899749,0
0.221,3.51,4,0.738137014998,0.108106393007,0.772235517355,0
0.2215,3.51,4,0.738121355048,0.108158828978,0.77220175018,0
0.222,3.51,4,0.738106348156,0.108211942047,0.772169611355,0
0.2225,3.51,4,0.738091998928,0.108265736893,0.77213911401,0
0.223,3.51,4,0.738078311969,0.108320218195,0.772110271275,0
0.2235,3.51,4,0.738065291881,0.108375390632,0.772083096279,0
0.224,3.51,4,0.738052943271,0.108431258884,0.772057602152,0
0.2245,3.51,4,0.738041270743,0.108487827629,0.772033802025,0
0.225,3.51,4,0.738030278902,0.108545101548,0.772011709027,0
0.2255,3.51,4,0.738019972352,0.108603085318,0.771991336288,0
0.226,3.51,4,0.738010355697,0.108661783619,0.771972696938,0
0.2265,3.51,4,0.738001433543,0.108721201131,0.771955804106,0
0.227,3.51,4,0.737993210495,0.108781342532,0.771940670924,0
0.2275,3.51,4,0.737985691156,0.108842212502,0.77192731052,0
0.228,3.51,4,0.737978880132,0.108903815719,0.771915736025,0
0.2285,3.51,4,0.737972782027,0.108966156863,0.771905960569,0
0.229,3.51,4,0.737967401446,0.109029240613,0.771897997281,0
0.2295,3.51,4,0.737962742993,0.109093071649,0.771891859291,0
0.23,3.51,4,0.737958811273,0.109157654648,0.771887559729,0
0.2305,3.51,4,0.737955610891,0.109222994291,0.771885111725,0.000151026142064
0.231,3.51,4,0.737953146451,0.109289095257,0.77188452841,0.000587434956648
0.2315,3.51,4,0.737951422559,0.109355962224,0.771885822912,0
0.232,3.51,4,0.737950443818,0.109423599873,0.771889008362,0
0.2325,3.51,4,0.737950214833,0.109492012881,0.77189409789,0
0.213,3.515,4,0.738558632055,0.107184425731,0.772958147645,0
0.2135,3.515,4,0.738533231106,0.107226667384,0.772900537992,0
0.214,3.515,4,0.738508410006,0.107269511149,0.772844348278,0
0.2145,3.515,4,0.738484173361,0.107312961707,0.772789591632,0
0.215,3.515,4,0.738460525774,0.107357023736,0.772736281185,0
0.2155,3.515,4,0.738437471851,0.107401701916,0.772684430067,0
0.216,3.515,4,0.738415016196,0.107447000925,0.772634051406,0
0.2165,3.515,4,0.738393163414,0.107492925442,0.772585158334,0
0.217,3.515,4,0.738371918109,0.107539480148,0.77253776398,0
0.2175,3.515,4,0.738351284886,0.107586669721,0.772491881474,0
0.218,3.515,4,0.73833126835,0.107634498839,0.772447523946,0
0.2185,3.515,4,0.738311873106,0.107682972183,0.772404704525,0
0.219,3.515,4,0.738293103757,0.107732094432,0.772363436343,0
0.2195,3.515,4,0.738274964909,0.107781870264,0.772323732527,0
0.22,3.515,4,0.738257461167,0.107832304359,0.77228560621,0
0.2205,3.515,4,0.738240597134,0.107883401395,0.772249070519,0
0.221,3.515,4,0.738224377417,0.107935166053,0.772214138586,0
0.2215,3.515,4,0.738208806618,0.107987603011,0.772180823541,0
0.222,3.515,4,0.738193889344,0.108040716948,0.772149138512,0
0.2225,3.515,4,0.738179630198,0.108094512544,0.77211909663,0
0.223,3.515,4,0.738166033785,0.108148994478,0.772090711025,0
0.2235,3.515,4,0.73815310471,0.108204167428,0.772063994827,0
0.224,3.515,4,0.738140847578,0.108260036074,0.772038961166,0
0.2245,3.515,4,0.738129266993,0.108316605095,0.772015623171,0
0.225,3.515,4,0.73811836756,0.108373879171,0.771993993973,0
0.2255,3.515,4,0.738108153883,0.10843186298,0.771974086701,0
0.226,3.515,4,0.738098630568,0.108490561201,0.771955914486,0
0.2265,3.515,4,0.738089802218,0.108549978514,0.771939490456,0
0.227,3.515,4,0.738081673439,0.108610119599,0.771924827743,0
0.2275,3.515,4,0.738074248834,0.108670989133,0.771911939476,0
0.228,3.515,4,0.73806753301,0.108732591796,0.771900838784,0
0.2285,3.515,4,0.73806153057,0.108794932267,0.771891538798,0
0.229,3.515,4,0.738056246119,0.108858015226,0.771884052648,0
0.2295,3.515,4,0.738051684262,0.108921845352,0.771878393464,0
0.23,3.515,4,0.738047849603,0.108986427323,0.771874574375,0
0.2305,3.515,4,0.738044746747,0.109051765819,0.771872608512,0.000373238039791
0.231,3.515,4,0.738042380299,0.109117865519,0.771872509004,0.000237322422739
0.2315,3.515,4,0.738040754863,0.109184731103,0.771874288981,0
0.232,3.515,4,0.738039875044,0.109252367249,0.771877961573,0
0.2325,3.515,4,0.738039745446,0.109320778636,0.77188353991,0
0.2125,3.52,4,0.73867052661,0.106972355401,0.772990404272,0
0.213,3.52,4,0.738644631052,0.107014002564,0.772931807973,0
0.2135,3.52,4,0.738619311205,0.107056247041,0.772874620151,0
0.214,3.52,4,0.738594571672,0.107099093513,0.772818853934,0
0.2145,3.52,4,0.738570417058,0.107142546659,0.772764522454,0
0.215,3.52,4,0.738546851969,0.107186611157,0.772711638839,0
0.2155,3.52,4,0.738523881008,0.107231291687,0.77266021622,0
0.216,3.52,4,0.738501508781,0.107276592928,0.772610267727,0
0.2165,3.52,4,0.738479739892,0.107322519559,0.772561806489,0
0.217,3.52,4,0.738458578946,0.10736907626,0.772514845636,0
0.2175,3.52,4,0.738438030546,0.107416267709,0.772469398299,0
0.218,3.52,4,0.738418099299,0.107464098585,0.772425477607,0
0.2185,3.52,4,0.738398789809,0.107512573569,0.77238309669,0
0.219,3.52,4,0.73838010668,0.107561697338,0.772342268678,0
0.2195,3.52,4,0.738362054517,0.107611474572,0.772303006701,0
0.22,3.52,4,0.738344637924,0.10766190995,0.772265323889,0
0.2205,3.52,4,0.738327861507,0.107713008152,0.772229233371,0
0.221,3.52,4,0.73831172987,0.107764773856,0.772194748278,0
0.2215,3.52,4,0.738296247617,0.107817211742,0.772161881739,0
0.222,3.52,4,0.738281419353,0.107870326489,0.772130646885,0
0.2225,3.52,4,0.738267249684,0.107924122776,0.772101056845,0
0.223,3.52,4,0.738253743212,0.107978605281,0.77207312475,0
0.2235,3.52,4,0.738240904544,0.108033778685,0.772046863728,0
0.224,3.52,4,0.738228738284,0.108089647667,0.77202228691,0
0.2245,3.52,4,0.738217249036,0.108146216905,0.771999407427,0
0.225,3.52,4,0.738206441406,0.108203491078,0.771978238407,0
0.2255,3.52,4,0.738196319997,0.108261474867,0.77195879298,0
0.226,3.52,4,0.738186889414,0.108320172949,0.771941084278,0
0.2265,3.52,4,0.738178154263,0.108379590004,0.771925125428,0
0.227,3.52,4,0.738170119147,0.108439730712,0.771910929563,0
0.2275,3.52,4,0.738162788672,0.108500599752,0.77189850981,0
0.228,3.52,4,0.738156167441,0.108562201802,0.771887879301,0
0.2285,3.52,4,0.738150260061,0.108624541541,0.771879051164,0
0.229,3.52,4,0.738145071134,0.10868762365,0.771872038531,0
0.2295,3.52,4,0.738140605267,0.108751452806,0.771866854531,0
0.23,3.52,4,0.738136867063,0.10881603369,0.771863512293,0
0.2305,3.52,4,0.738133861128,0.10888137098,0.771862024948,0.000409082239541
0.231,3.52,4,0.738131592065,0.108947469356,0.771862405626,0
0.2315,3.52,4,0.73813006448,0.109014333496,0.771864667456,0
0.232,3.52,4,0.738129282977,0.10908196808,0.771868823568,0
0.2125,3.525,4,0.738756434254,0.106802760593,0.772965667041,0
0.213,3.525,4,0.738730618726,0.10684441064,0.772907487284,0
0.2135,3.525,4,0.738705379375,0.106886657883,0.772850717671,0
0.214,3.525,4,0.738680720803,0.106929507002,0.772795371331,0
0.2145,3.525,4,0.738656647616,0.106972962676,0.772741461394,0
0.215,3.525,4,0.738633164418,0.107017029584,0.77268900099,0
0.2155,3.525,4,0.738610275814,0.107061712406,0.772638003249,0
0.216,3.525,4,0.738587986409,0.10710701582,0.772588481301,0
0.2165,3.525,4,0.738566300807,0.107152944505,0.772540448276,0
0.217,3.525,4,0.738545223613,0.107199503141,0.772493917303,0
0.2175,3.525,4,0.738524759432,0.107246696407,0.772448901513,0
0.218,3.525,4,0.738504912868,0.107294528983,0.772405414036,0
0.2185,3.525,4,0.738485688526,0.107343005546,0.772363468001,0
0.219,3.525,4,0.738467091011,0.107392130777,0.772323076538,0
0.2195,3.525,4,0.738449124927,0.107441909354,0.772284252777,0
0.22,3.525,4,0.738431794878,0.107492345957,0.772247009849,0
0.2205,3.525,4,0.73841510547,0.107543445264,0.772211360882,0
0.221,3.525,4,0.738399061308,0.107595211956,0.772177319007,0
0.2215,3.525,4,0.738383666995,0.10764765071,0.772144897354,0
0.222,3.525,4,0.738368927137,0.107700766207,0.772114109053,0
0.2225,3.525,4,0.738354846337,0.107754563125,0.772084967234,0
0.223,3.525,4,0.738341429202,0.107809046144,0.772057485025,0
0.2235,3.525,4,0.738328680335,0.107864219943,0.772031675559,0
0.224,3.525,4,0.738316604341,0.1079200892,0.772007551963,0
0.2245,3.525,4,0.738305205824,0.107976658595,0.771985127369,0
0.225,3.525,4,0.738294489391,0.108033932808,0.771964414906,0
0.2255,3.525,4,0.738284459644,0.108091916516,0.771945427703,0
0.226,3.525,4,0.738275121188,0.108150614401,0.771928178892,0
0.2265,3.525,4,0.738266478629,0.108210031139,0.771912681601,0
0.227,3.525,4,0.738258536572,0.108270171412,0.771898948961,0
0.2275,3.525,4,0.738251299619,0.108331039897,0.771886994102,0
0.228,3.525,4,0.738244772377,0.108392641275,0.771876830153,0
0.2285,3.525,4,0.73823895945,0.108454980223,0.771868470245,0
0.229,3.525,4,0.738233865442,0.108518061422,0.771861927507,0
0.2295,3.525,4,0.738229494959,0.10858188955,0.771857215069,0
0.23,3.525,4,0.738225852605,0.108646469287,0.771854346061,0
0.2305,3.525,4,0.738222942984,0.108711805312,0.771853333613,0
0.231,3.525,4,0.738220770701,0.108777902304,0.771854190855,0
0.2315,3.525,4,0.738219340361,0.108844764942,0.771856930916,0
0.232,3.525,4,0.738218656568,0.108912397905,0.771861566928,0
0.2125,3.53,4,0.738842320131,0.106633992625,0.772942924993,0
0.213,3.53,4,0.738816584028,0.106675645497,0.772885158156,0
0.2135,3.53,4,0.738791424566,0.106717895446,0.77282880313,0
0.214,3.53,4,0.73876684635,0.106760747153,0.772773873045,0
0.2145,3.53,4,0.738742853983,0.106804205297,0.77272038103,0
0.215,3.53,4,0.738719452071,0.106848274556,0.772668340215,0
0.2155,3.53,4,0.738696645219,0.106892959609,0.772617763731,0
0.216,3.53,4,0.73867443803,0.106938265137,0.772568664707,0
0.2165,3.53,4,0.73865283511,0.106984195818,0.772521056273,0
0.217,3.53,4,0.738631841063,0.10703075633,0.772474951558,0
0.2175,3.53,4,0.738611460494,0.107077951354,0.772430363694,0
0.218,3.53,4,0.738591698007,0.107125785569,0.77238730581,0
0.2185,3.53,4,0.738572558208,0.107174263653,0.772345791035,0
0.219,3.53,4,0.7385540457,0.107223390286,0.7723058325,0
0.2195,3.53,4,0.738536165089,0.107273170147,0.772267443334,0
0.22,3.53,4,0.738518920979,0.107323607915,0.772230636668,0
0.2205,3.53,4,0.738502317975,0.10737470827,0.772195425631,0
0.221,3.53,4,0.738486360681,0.107426475889,0.772161823353,0
0.2215,3.53,4,0.738471053703,0.107478915453,0.772129842964,0
0.222,3.53,4,0.738456401644,0.107532031641,0.772099497594,0
0.2225,3.53,4,0.738442409109,0.107585829132,0.772070800373,0
0.223,3.53,4,0.738429080704,0.107640312605,0.772043764431,0
0.2235,3.53,4,0.738416421032,0.107695486738,0.772018402897,0
0.224,3.53,4,0.738404434698,0.107751356212,0.771994728903,0
0.2245,3.53,4,0.738393126308,0.107807925706,0.771972755576,0
0.225,3.53,4,0.738382500465,0.107865199898,0.771952496048,0
0.2255,3.53,4,0.738372561774,0.107923183468,0.771933963448,0
0.226,3.53,4,0.73836331484,0.107981881094,0.771917170907,0
0.2265,3.53,4,0.738354764268,0.108041297457,0.771902131553,0
0.227,3.53,4,0.738346914662,0.108101437235,0.771888858518,0
0.2275,3.53,4,0.738339770627,0.108162305107,0.77187736493,0
0.228,3.53,4,0.738333336768,0.108223905753,0.77186766392,0
0.2285,3.53,4,0.738327617688,0.108286243851,0.771859768618,0
0.229,3.53,4,0.738322617994,0.108349324081,0.771853692153,0
0.2295,3.53,4,0.738318342289,0.108413151123,0.771849447656,0
0.23,3.53,4,0.738314795178,0.108477729654,0.771847048256,0
0.2305,3.53,4,0.738311981266,0.108543064354,0.771846507084,0
0.231,3.53,4,0.738309905157,0.108609159903,0.771847837268,0
0.2315,3.53,4,0.738308571456,0.108676020979,0.77185105194,0
0.212,3.535,4,0.738954402977,0.106424983679,0.772980908592,0
0.2125,3.535,4,0.738928173192,0.106466047036,0.772922150706,0
0.213,3.535,4,0.738902515908,0.106507702673,0.772864793168,0
0.2135,3.535,4,0.738877435731,0.10654995527,0.772808849107,0
0.214,3.535,4,0.738852937264,0.106592809506,0.772754331655,0
0.2145,3.535,4,0.738829025112,0.106636270059,0.77270125394,0
0.215,3.535,4,0.73880570388,0.10668034161,0.772649629093,0
0.2155,3.535,4,0.738782978173,0.106725028837,0.772599470244,0
0.216,3.535,4,0.738760852594,0.106770336419,0.772550790522,0
0.2165,3.535,4,0.73873933175,0.106816269035,0.772503603058,0
0.217,3.535,4,0.738718420244,0.106862831365,0.77245792098,0
0.2175,3.535,4,0.738698122682,0.106910028088,0.77241375742,0
0.218,3.535,4,0.738678443667,0.106957863883,0.772371125507,0
0.2185,3.535,4,0.738659387804,0.107006343429,0.772330038371,0
0.219,3.535,4,0.738640959699,0.107055471405,0.772290509142,0
0.2195,3.535,4,0.738623163955,0.107105252491,0.77225255095,0
0.22,3.535,4,0.738606005178,0.107155691365,0.772216176924,0
0.2205,3.535,4,0.738589487971,0.107206792707,0.772181400195,0
0.221,3.535,4,0.738573616941,0.107258561195,0.772148233892,0
0.2215,3.535,4,0.73855839669,0.10731100151,0.772116691146,0
0.222,3.535,4,0.738543831825,0.107364118329,0.772086785086,0
0.2225,3.535,4,0.73852992695,0.107417916333,0.772058528842,0
0.223,3.535,4,0.738516686668,0.1074724002,0.772031935544,0
0.2235,3.535,4,0.738504115586,0.10752757461,0.772007018323,0
0.224,3.535,4,0.738492218307,0.107583444242,0.771983790307,0
0.2245,3.535,4,0.738480999436,0.107640013775,0.771962264627,0
0.225,3.535,4,0.738470463579,0.107697287887,0.771942454412,0
0.2255,3.535,4,0.738460615338,0.107755271259,0.771924372793,0
0.226,3.535,4,0.73845145932,0.107813968569,0.7719080329,0
0.2265,3.535,4,0.738443000129,0.107873384496,0.771893447862,0
0.227,3.535,4,0.73843524237,0.107933523721,0.771880630809,0
0.2275,3.535,4,0.738428190646,0.10799439092,0.771869594872,0
0.228,3.535,4,0.738421849563,0.108055990775,0.771860353179,0
0.2285,3.535,4,0.738416223726,0.108118327964,0.771852918861,0
0.229,3.535,4,0.738411317739,0.108181407166,0.771847305049,0
0.2295,3.535,4,0.738407136206,0.108245233061,0.771843524871,0
0.23,3.535,4,0.738403683733,0.108309810327,0.771841591458,0
0.2305,3.535,4,0.738400964924,0.108375143643,0.771841517939,0
0.231,3.535,4,0.738398984384,0.10844123769,0.771843317445,0
0.2315,3.535,4,0.738397746717,0.108508097146,0.771847003105,0
0.212,3.54,4,0.739040134424,0.106257853181,0.772961670634,0
0.2125,3.54,4,0.739013982388,0.106298919363,0.772903316758,0
0.213,3.54,4,0.738988403317,0.106340577707,0.772846364896,0
0.2135,3.54,4,0.738963401818,0.106382832892,0.77279082818,0
0.214,3.54,4,0.738938982495,0.106425689598,0.772736719739,0
0.2145,3.54,4,0.738915149952,0.106469152502,0.772684052704,0
0.215,3.54,4,0.738891908795,0.106513226285,0.772632840203,0
0.2155,3.54,4,0.738869263627,0.106557915626,0.772583095367,0
0.216,3.54,4,0.738847219053,0.106603225203,0.772534831326,0
0.2165,3.54,4,0.738825779679,0.106649159696,0.772488061209,0
0.217,3.54,4,0.738804950109,0.106695723785,0.772442798147,0
0.2175,3.54,4,0.738784734946,0.106742922147,0.77239905527,0
0.218,3.54,4,0.738765138797,0.106790759463,0.772356845707,0
0.2185,3.54,4,0.738746166266,0.106839240411,0.772316182588,0
0.219,3.54,4,0.738727821957,0.106888369672,0.772277079043,0
0.2195,3.54,4,0.738710110475,0.106938151922,0.772239548203,0
0.22,3.54,4,0.738693036424,0.106988591843,0.772203603196,0
0.2205,3.54,4,0.73867660441,0.107039694113,0.772169257153,0
0.221,3.54,4,0.738660819037,0.107091463412,0.772136523204,0
0.2215,3.54,4,0.738645684909,0.107143904417,0.772105414479,0
0.222,3.54,4,0.738631206632,0.10719702181,0.772075944107,0
0.2225,3.54,4,0.738617388809,0.107250820268,0.772048125219,0
0.223,3.54,4,0.738604236046,0.10730530447,0.772021970944,0
0.2235,3.54,4,0.738591752948,0.107360479097,0.771997494412,0
0.224,3.54,4,0.738579944118,0.107416348827,0.771974708754,0
0.2245,3.54,4,0.738568814161,0.10747291834,0.771953627099,0
0.225,3.54,4,0.738558367683,0.107530192313,0.771934262576,0
0.2255,3.54,4,0.738548609288,0.107588175428,0.771916628317,0
0.226,3.54,4,0.73853954358,0.107646872362,0.77190073745,0
0.2265,3.54,4,0.738531175164,0.107706287795,0.771886603106,0
0.227,3.54,4,0.738523508645,0.107766426406,0.771874238414,0
0.2275,3.54,4,0.738516548627,0.107827292875,0.771863656505,0
0.228,3.54,4,0.738510299715,0.107888891879,0.771854870508,0
0.2285,3.54,4,0.738504766514,0.1079512281,0.771847893554,0
0.229,3.54,4,0.738499953628,0.108014306215,0.771842738772,0
0.2295,3.54,4,0.738495865662,0.108078130903,0.771839419292,0
0.23,3.54,4,0.738492507221,0.108142706845,0.771837948243,0
0.2305,3.54,4,0.73848988291,0.108208038719,0.771838338757,0
0.231,3.54,4,0.738487997332,0.108274131204,0.771840603963,0
0.212,3.545,4,0.739125811563,0.106091536198,0.772944349215,0
0.2125,3.545,4,0.739099736669,0.106132605146,0.772886395727,0
0.213,3.545,4,0.739074235206,0.106174266138,0.772829845921,0
0.2135,3.545,4,0.739049311779,0.106216523852,0.772774712927,0
0.214,3.545,4,0.739024970994,0.106259382967,0.772721009876,0
0.2145,3.545,4,0.739001217455,0.106302848163,0.772668749898,0
0.215,3.545,4,0.738978055766,0.106346924119,0.772617946121,0
0.2155,3.545,4,0.738955490532,0.106391615515,0.772568611677,0
0.216,3.545,4,0.738933526357,0.106436927028,0.772520759695,0
0.2165,3.545,4,0.738912167847,0.106482863339,0.772474403305,0
0.217,3.545,4,0.738891419606,0.106529429126,0.772429555637,0
0.2175,3.545,4,0.738871286239,0.106576629069,0.772386229821,0
0.218,3.545,4,0.73885177235,0.106624467847,0.772344438986,0
0.2185,3.545,4,0.738832882544,0.106672950139,0.772304196263,0
0.219,3.545,4,0.738814621425,0.106722080624,0.772265514781,0
0.2195,3.545,4,0.738796993599,0.106771863981,0.772228407671,0
0.22,3.545,4,0.73878000367,0.106822304889,0.772192888061,0
0.2205,3.545,4,0.738763656242,0.106873408028,0.772158969084,0
0.221,3.545,4,0.73874795592,0.106925178077,0.772126663867,0
0.2215,3.545,4,0.73873290731,0.106977619715,0.772095985541,0
0.222,3.545,4,0.738718515014,0.10703073762,0.772066947236,0
0.2225,3.545,4,0.738704783639,0.107084536473,0.772039562081,0
0.223,3.545,4,0.738691717789,0.107139020952,0.772013843208,0
0.2235,3.545,4,0.738679322068,0.107194195737,0.771989803745,0
0.224,3.545,4,0.738667601081,0.107250065506,0.771967456822,0
0.2245,3.545,4,0.738656559433,0.107306634939,0.77194681557,0
0.225,3.545,4,0.738646201729,0.107363908715,0.771927893118,0
0.2255,3.545,4,0.738636532572,0.107421891513,0.771910702596,0
0.226,3.545,4,0.738627556568,0.107480588012,0.771895257135,0
0.2265,3.545,4,0.738619278322,0.107540002892,0.771881569863,0
0.227,3.545,4,0.738611702438,0.107600140831,0.771869653911,0
0.2275,3.545,4,0.73860483352,0.107661006508,0.771859522409,0
0.228,3.545,4,0.738598676173,0.107722604604,0.771851188487,0
0.2285,3.545,4,0.738593235003,0.107784939796,0.771844665274,0
0.229,3.545,4,0.738588514613,0.107848016765,0.7718399659,0
0.2295,3.545,4,0.738584519608,0.107911840189,0.771837103496,0
0.23,3.545,4,0.738581254593,0.107976414747,0.771836091192,0
0.2305,3.545,4,0.738578724173,0.108041745119,0.771836942116,0
0.212,3.55,4,0.739211423344,0.105926028268,0.772928916913,0
0.2125,3.55,4,0.739185424986,0.105967099922,0.772871360191,0
0.213,3.55,4,0.739160000524,0.106008763502,0.772815208818,0
0.2135,3.55,4,0.739135154565,0.106051023686,0.772760475926,0
0.214,3.55,4,0.739110891712,0.106093885152,0.772707174644,0
0.2145,3.55,4,0.73908721657,0.106137352581,0.772655318101,0
0.215,3.55,4,0.739064133744,0.106181430651,0.772604919428,0
0.2155,3.55,4,0.739041647838,0.106226124042,0.772555991754,0
0.216,3.55,4,0.739019763457,0.106271437432,0.772508548209,0
0.2165,3.55,4,0.738998485205,0.106317375501,0.772462601924,0
0.217,3.55,4,0.738977817688,0.106363942929,0.772418166028,0
0.2175,3.55,4,0.73895776551,0.106411144393,0.772375253651,0
0.218,3.55,4,0.738938333275,0.106458984573,0.772333877923,0
0.2185,3.55,4,0.738919525588,0.106507468149,0.772294051974,0
0.219,3.55,4,0.738901347055,0.1065565998,0.772255788934,0
0.2195,3.55,4,0.738883802279,0.106606384204,0.772219101932,0
0.22,3.55,4,0.738866895865,0.106656826041,0.772184004099,0
0.2205,3.55,4,0.738850632417,0.10670792999,0.772150508564,0
0.221,3.55,4,0.738835016542,0.10675970073,0.772118628458,0
0.2215,3.55,4,0.738820052842,0.10681214294,0.77208837691,0
0.222,3.55,4,0.738805745923,0.1068652613,0.77205976705,0
0.2225,3.55,4,0.73879210039,0.106919060489,0.772032812008,0
0.223,3.55,4,0.738779120846,0.106973545185,0.772007524914,0
0.2235,3.55,4,0.738766811898,0.107028720068,0.771983918898,0
0.224,3.55,4,0.738755178148,0.107084589817,0.77196200709,0
0.2245,3.55,4,0.738744224203,0.107141159112,0.771941802619,0
0.225,3.55,4,0.738733954666,0.10719843263,0.771923318616,0
0.2255,3.55,4,0.738724374143,0.107256415053,0.771906568211,0
0.226,3.55,4,0.738715487237,0.107315111058,0.771891564533,0
0.2265,3.55,4,0.738707298555,0.107374525324,0.771878320712,0
0.227,3.55,4,0.738699812699,0.107434662532,0.771866849878,0
0.2275,3.55,4,0.738693034276,0.10749552736,0.771857165161,0
0.228,3.55,4,0.738686967888,0.107557124487,0.771849279691,0
0.2285,3.55,4,0.738681618143,0.107619458592,0.771843206599,0
0.229,3.55,4,0.738676989643,0.107682534355,0.771838959013,0
0.2295,3.55,4,0.738673086993,0.107746356455,0.771836550063,0
0.23,3.55,4,0.738669914799,0.107810929571,0.77183599288,0
0.2305,3.55,4,0.738667477664,0.107876258381,0.771837300594,0
0.212,3.555,4,0.739296958716,0.105761324928,0.772915346305,0
0.2125,3.555,4,0.739271036289,0.10580239923,0.772858182728,0
0.213,3.555,4,0.739245688224,0.105844065339,0.772802426168,0
0.2135,3.555,4,0.739220919126,0.105886327933,0.772748089755,0
0.214,3.555,4,0.739196733599,0.105929191692,0.77269518662,0
0.2145,3.555,4,0.739173136249,0.105972661294,0.772643729891,0
0.215,3.555,4,0.739150131679,0.106016741419,0.772593732699,0
0.2155,3.555,4,0.739127724496,0.106061436746,0.772545208174,0
0.216,3.555,4,0.739105919302,0.106106751954,0.772498169446,0
0.2165,3.555,4,0.739084720703,0.106152691722,0.772452629644,0
0.217,3.555,4,0.739064133304,0.10619926073,0.772408601898,0
0.2175,3.555,4,0.739044161709,0.106246463656,0.772366099339,0
0.218,3.555,4,0.739024810523,0.10629430518,0.772325135096,0
0.2185,3.555,4,0.73900608435,0.106342789981,0.7722857223,0
0.219,3.555,4,0.738987987796,0.106391922738,0.772247874079,0
0.2195,3.555,4,0.738970525464,0.10644170813,0.772211603565,0
0.22,3.555,4,0.738953701959,0.106492150836,0.772176923886,0
0.2205,3.555,4,0.738937521887,0.106543255536,0.772143848173,0
0.221,3.555,4,0.738921989851,0.106595026908,0.772112389556,0
0.2215,3.555,4,0.738907110457,0.106647469632,0.772082561164,0
0.222,3.555,4,0.738892888309,0.106700588387,0.772054376127,0
0.2225,3.555,4,0.738879328011,0.106754387852,0.772027847577,0
0.223,3.555,4,0.738866434169,0.106808872706,0.772002988641,0
0.2235,3.555,4,0.738854211387,0.106864047628,0.77197981245,0
0.224,3.555,4,0.738842664269,0.106919917299,0.771958332135,0
0.2245,3.555,4,0.73883179742,0.106976486395,0.771938560824,0
0.225,3.555,4,0.738821615446,0.107033759598,0.771920511649,0
0.2255,3.555,4,0.73881212295,0.107091741585,0.771904197738,0
0.226,3.555,4,0.738803324537,0.107150437037,0.771889632222,0
0.2265,3.555,4,0.738795224812,0.107209850631,0.77187682823,0
0.227,3.555,4,0.73878782838,0.107269987049,0.771865798893,0
0.2275,3.555,4,0.738781139845,0.107330850967,0.77185655734,0
0.228,3.555,4,0.738775163812,0.107392447067,0.771849116701,0
0.2285,3.555,4,0.738769904885,0.107454780026,0.771843490107,0
0.229,3.555,4,0.738765367669,0.107517854524,0.771839690686,0
0.2295,3.555,4,0.738761556769,0.107581675241,0.77183773157,0
0.23,3.555,4,0.738758476789,0.107646246854,0.771837625887,0
0.212,3.56,4,0.739382406632,0.105597421717,0.772903609971,0
0.2125,3.56,4,0.739356559529,0.105638498608,0.772846835917,0
0.213,3.56,4,0.739331287254,0.105680167187,0.772791470548,0
0.2135,3.56,4,0.739306594412,0.105722432132,0.772737526993,0
0.214,3.56,4,0.739282485606,0.105765298123,0.772685018382,0
0.2145,3.56,4,0.739258965441,0.10580876984,0.772633957846,0
0.215,3.56,4,0.739236038523,0.105852851961,0.772584358514,0
0.2155,3.56,4,0.739213709456,0.105897549165,0.772536233516,0
0.216,3.56,4,0.739191982844,0.105942866131,0.772489595982,0
0.2165,3.56,4,0.739170863292,0.105988807539,0.772444459042,0
0.217,3.56,4,0.739150355406,0.106035378068,0.772400835826,0
0.2175,3.56,4,0.739130463788,0.106082582398,0.772358739463,0
0.218,3.56,4,0.739111193045,0.106130425206,0.772318183084,0
0.2185,3.56,4,0.73909254778,0.106178911172,0.772279179818,0
0.219,3.56,4,0.739074532599,0.106228044976,0.772241742796,0
0.2195,3.56,4,0.739057152105,0.106277831297,0.772205885147,0
0.22,3.56,4,0.739040410905,0.106328274813,0.772171620001,0
0.2205,3.56,4,0.739024313601,0.106379380204,0.772138960488,0
0.221,3.56,4,0.7390088648,0.10643115215,0.772107919738,0
0.2215,3.56,4,0.738994069105,0.106483595328,0.772078510881,0
0.222,3.56,4,0.738979931122,0.106536714419,0.772050747047,0
0.2225,3.56,4,0.738966455454,0.106590514101,0.772024641365,0
0.223,3.56,4,0.738953646707,0.106644999054,0.772000206966,0
0.2235,3.56,4,0.738941509486,0.106700173957,0.77197745698,0
0.224,3.56,4,0.738930048394,0.106756043488,0.771956404535,0
0.2245,3.56,4,0.738919268037,0.106812612328,0.771937062763,0
0.225,3.56,4,0.738909173019,0.106869885155,0.771919444794,0
0.2255,3.56,4,0.738899767944,0.106927866648,0.771903563756,0
0.226,3.56,4,0.738891057418,0.106986561487,0.77188943278,0
0.2265,3.56,4,0.738883046046,0.107045974351,0.771877064996,0
0.227,3.56,4,0.738875738431,0.107106109918,0.771866473534,0
0.2275,3.56,4,0.738869139178,0.107166972869,0.771857671523,0
0.228,3.56,4,0.738863252893,0.107228567881,0.771850672094,0
0.2285,3.56,4,0.738858084179,0.107290899635,0.771845488377,0
0.229,3.56,4,0.738853637642,0.10735397281,0.7718421335,0
0.2295,3.56,4,0.738849917886,0.107417792083,0.771840620595,0
0.23,3.56,4,0.738846929515,0.107482362136,0.771840962792,0
0.212,3.565,4,0.739467756041,0.105434314174,0.772893680487,0
0.2125,3.565,4,0.739441983657,0.105475393594,0.772837292335,0
0.213,3.565,4,0.739416786567,0.105517064584,0.772782314535,0
0.2135,3.565,4,0.739392169374,0.105559331821,0.772728760217,0
0.214,3.565,4,0.739368136683,0.105602199986,0.77267664251,0
0.2145,3.565,4,0.739344693099,0.105645673757,0.772625974545,0
0.215,3.565,4,0.739321843226,0.105689757814,0.772576769451,0
0.2155,3.565,4,0.73929959167,0.105734456836,0.772529040359,0
0.216,3.565,4,0.739277943034,0.105779775502,0.772482800398,0
0.2165,3.565,4,0.739256901923,0.105825718491,0.772438062698,0
0.217,3.565,4,0.739236472943,0.105872290482,0.772394840389,0
0.2175,3.565,4,0.739216660697,0.105919496155,0.772353146601,0
0.218,3.565,4,0.739197469791,0.105967340189,0.772312994464,0
0.2185,3.565,4,0.739178904828,0.106015827262,0.772274397108,0
0.219,3.565,4,0.739160970414,0.106064962054,0.772237367662,0
0.2195,3.565,4,0.739143671154,0.106114749244,0.772201919257,0
0.22,3.565,4,0.739127011651,0.106165193511,0.772168065023,0
0.2205,3.565,4,0.739110996511,0.106216299534,0.772135818088,0
0.221,3.565,4,0.739095630338,0.106268071993,0.772105191584,0
0.2215,3.565,4,0.739080917738,0.106320515567,0.77207619864,0
0.222,3.565,4,0.739066863313,0.106373634934,0.772048852386,0
0.2225,3.565,4,0.73905347167,0.106427434775,0.772023165953,0
0.223,3.565,4,0.739040747413,0.106481919767,0.771999152469,0
0.2235,3.565,4,0.739028695146,0.106537094591,0.771976825064,0
0.224,3.565,4,0.739017319474,0.106592963925,0.77195619687,0
0.2245,3.565,4,0.739006625002,0.106649532448,0.771937281015,0
0.225,3.565,4,0.738996616335,0.106706804841,0.771920090629,0
0.2255,3.565,4,0.738987298076,0.106764785781,0.771904638843,0
0.226,3.565,4,0.738978674832,0.106823479948,0.771890938786,0
0.2265,3.565,4,0.738970751205,0.106882892021,0.771879003588,0
0.227,3.565,4,0.738963531802,0.10694302668,0.771868846379,0
0.2275,3.565,4,0.738957021226,0.107003888603,0.771860480289,0
0.228,3.565,4,0.738951224083,0.107065482469,0.771853918448,0
0.2285,3.565,4,0.738946144977,0.107127812959,0.771849173986,0
0.229,3.565,4,0.738941788512,0.10719088475,0.771846260032,0
0.2295,3.565,4,0.738938159294,0.107254702522,0.771845189717,0
0.212,3.57,4,0.739552995894,0.105271997837,0.772885530433,0
0.2125,3.57,4,0.739527297624,0.105313079727,0.772829524562,0
0.213,3.57,4,0.739502175112,0.105354753067,0.772774930709,0
0.2135,3.57,4,0.739477632963,0.105397022538,0.772721762006,0
0.214,3.57,4,0.739453675781,0.105439892817,0.772670031581,0
0.2145,3.57,4,0.739430308171,0.105483368584,0.772619752565,0
0.215,3.57,4,0.739407534738,0.105527454519,0.772570938089,0
0.2155,3.57,4,0.739385360087,0.105572155299,0.77252360128,0
0.216,3.57,4,0.739363788821,0.105617475605,0.772477755271,0
0.2165,3.57,4,0.739342825546,0.105663420116,0.772433413189,0
0.217,3.57,4,0.739322474866,0.10570999351,0.772390588166,0
0.2175,3.57,4,0.739302741387,0.105757200467,0.772349293332,0
0.218,3.57,4,0.739283629711,0.105805045667,0.772309541815,0
0.2185,3.57,4,0.739265144445,0.105853533787,0.772271346747,0
0.219,3.57,4,0.739247290193,0.105902669508,0.772234721256,0
0.2195,3.57,4,0.73923007156,0.105952457508,0.772199678473,0
0.22,3.57,4,0.73921349315,0.106002902467,0.772166231528,0
0.2205,3.57,4,0.739197559567,0.106054009064,0.772134393551,0
0.221,3.57,4,0.739182275417,0.106105781977,0.772104177671,0
0.2215,3.57,4,0.739167645304,0.106158225887,0.772075597019,0
0.222,3.57,4,0.739153673833,0.106211345472,0.772048664724,0
0.2225,3.57,4,0.739140365609,0.106265145411,0.772023393916,0
0.223,3.57,4,0.739127725235,0.106319630384,0.771999797726,0
0.2235,3.57,4,0.739115757317,0.106374805069,0.771977889282,0
0.224,3.57,4,0.73910446646,0.106430674146,0.771957681716,0
0.2245,3.57,4,0.739093857268,0.106487242295,0.771939188156,0
0.225,3.57,4,0.739083934345,0.106544514193,0.771922421733,0
0.2255,3.57,4,0.739074702297,0.106602494521,0.771907395577,0
0.226,3.57,4,0.739066165727,0.106661187957,0.771894122817,0
0.2265,3.57,4,0.739058329242,0.106720599181,0.771882616584,0
0.227,3.57,4,0.739051197444,0.106780732871,0.771872890007,0
0.2275,3.57,4,0.73904477494,0.106841593707,0.771864956216,0
0.228,3.57,4,0.739039066333,0.106903186369,0.771858828342,0
0.2285,3.57,4,0.739034076228,0.106965515534,0.771854519513,0
0.229,3.57,4,0.739029809231,0.107028585883,0.77185204286,0
0.2295,3.57,4,0.739026269945,0.107092402094,0.771851411514,0
0.212,3.575,4,0.739638115141,0.105110468243,0.772879132387,0
0.2125,3.575,4,0.739612490379,0.105151552544,0.772823505174,0
0.213,3.575,4,0.73958744184,0.105193228177,0.772769291648,0
0.2135,3.575,4,0.739562974129,0.105235499821,0.772716504937,0
0.214,3.575,4,0.739539091851,0.105278372155,0.772665158173,0
0.2145,3.575,4,0.73951579961,0.105321849859,0.772615264486,0
0.215,3.575,4,0.739493102011,0.105365937612,0.772566837004,0
0.2155,3.575,4,0.739471003658,0.105410640092,0.772519888858,0
0.216,3.575,4,0.739449509157,0.105455961979,0.772474433178,0
0.2165,3.575,4,0.739428623112,0.105501907952,0.772430483094,0
0.217,3.575,4,0.739408350127,0.10554848269,0.772388051735,0
0.2175,3.575,4,0.739388694807,0.105595690872,0.772347152232,0
0.218,3.575,4,0.739369661758,0.105643537178,0.772307797715,0
0.2185,3.575,4,0.739351255582,0.105692026287,0.772270001312,0
0.219,3.575,4,0.739333480886,0.105741162877,0.772233776155,0
0.2195,3.575,4,0.739316342274,0.105790951629,0.772199135374,0
0.22,3.575,4,0.73929984435,0.10584139722,0.772166092097,0
0.2205,3.575,4,0.73928399172,0.10589250433,0.772134659455,0
0.221,3.575,4,0.739268788987,0.105944277639,0.772104850578,0
0.2215,3.575,4,0.739254240756,0.105996721826,0.772076678596,0
0.222,3.575,4,0.739240351633,0.106049841569,0.772050156638,0
0.2225,3.575,4,0.739227126221,0.106103641548,0.772025297835,0
0.223,3.575,4,0.739214569125,0.106158126442,0.772002115316,0
0.2235,3.575,4,0.739202684951,0.10621330093,0.771980622212,0
0.224,3.575,4,0.739191478302,0.106269169691,0.771960831652,0
0.2245,3.575,4,0.739180953783,0.106325737405,0.771942756766,0
0.225,3.575,4,0.739171116,0.10638300875,0.771926410684,0
0.2255,3.575,4,0.739161969556,0.106440988407,0.771911806536,0
0.226,3.575,4,0.739153519056,0.106499681052,0.771898957452,0
0.2265,3.575,4,0.739145769105,0.106559091367,0.771887876562,0
0.227,3.575,4,0.739138724308,0.106619224031,0.771878576995,0
0.2275,3.575,4,0.739132389269,0.106680083721,0.771871071882,0
0.228,3.575,4,0.739126768593,0.106741675118,0.771865374352,0
0.2285,3.575,4,0.739121866884,0.1068040029,0.771861497536,0
0.229,3.575,4,0.739117688748,0.106867071748,0.771859454563,0
0.212,3.58,4,0.739723102734,0.104949720931,0.772874458926,0
0.2125,3.58,4,0.739697550873,0.104990807584,0.77281920675,0
0.213,3.58,4,0.739672575702,0.10503248545,0.772765369928,0
0.2135,3.58,4,0.739648181823,0.105074759209,0.77271296159,0
0.214,3.58,4,0.739624373842,0.105117633539,0.772661994865,0
0.2145,3.58,4,0.739601156364,0.10516111312,0.772612482883,0
0.215,3.58,4,0.739578533993,0.105205202632,0.772564438775,0
0.2155,3.58,4,0.739556511334,0.105249906752,0.77251787567,0
0.216,3.58,4,0.739535092992,0.105295230161,0.772472806699,0
0.2165,3.58,4,0.73951428357,0.105341177537,0.77242924499,0
0.217,3.58,4,0.739494087675,0.10538775356,0.772387203674,0
0.2175,3.58,4,0.73947450991,0.105434962908,0.772346695881,0
0.218,3.58,4,0.73945555488,0.105482810262,0.772307734741,0
0.2185,3.58,4,0.73943722719,0.105531300299,0.772270333384,0
0.219,3.58,4,0.739419531444,0.1055804377,0.772234504938,0
0.2195,3.58,4,0.739402472247,0.105630227143,0.772200262536,0
0.22,3.58,4,0.739386054204,0.105680673308,0.772167619306,0
0.2205,3.58,4,0.739370281919,0.105731780873,0.772136588378,0
0.221,3.58,4,0.739355159998,0.105783554518,0.772107182882,0
0.2215,3.58,4,0.739340693043,0.105835998922,0.772079415948,0
0.222,3.58,4,0.739326885662,0.105889118765,0.772053300706,0
0.2225,3.58,4,0.739313742457,0.105942918724,0.772028850286,0
0.223,3.58,4,0.739301268034,0.10599740348,0.772006077818,0
0.2235,3.58,4,0.739289466997,0.106052577712,0.771984996431,0
0.224,3.58,4,0.739278343951,0.106108446098,0.771965619256,0
0.2245,3.58,4,0.7392679035,0.106165013318,0.771947959423,0
0.225,3.58,4,0.73925815025,0.106222284051,0.77193203006,0
0.2255,3.58,4,0.739249088805,0.106280262976,0.771917844299,0
0.226,3.58,4,0.739240723769,0.106338954773,0.771905415269,0
0.2265,3.58,4,0.739233059747,0.10639836412,0.7718947561,0
0.227,3.58,4,0.739226101344,0.106458495696,0.771885879922,0
0.2275,3.58,4,0.739219853165,0.106519354182,0.771878799865,0
0.228,3.58,4,0.739214319814,0.106580944255,0.771873529059,0
0.2285,3.58,4,0.739209505895,0.106643270595,0.771870080633,0
0.229,3.58,4,0.739205416014,0.106706337882,0.771868467718,0
0.212,3.585,4,0.739807947623,0.10478975144,0.772871482629,0
0.2125,3.585,4,0.739782468058,0.104830840385,0.772816601869,0
0.213,3.585,4,0.739757565648,0.104872520425,0.77276313813,0
0.2135,3.585,4,0.739733244996,0.104914796239,0.772711104542,0
0.214,3.585,4,0.739709510707,0.104957672506,0.772660514234,0
0.2145,3.585,4,0.739686367386,0.105001153906,0.772611380337,0
0.215,3.585,4,0.739663819638,0.105045245117,0.772563715981,0
0.2155,3.585,4,0.739641872066,0.105089950818,0.772517534296,0
0.216,3.585,4,0.739620529277,0.10513527569,0.772472848411,0
0.2165,3.585,4,0.739599795873,0.10518122441,0.772429671456,0
0.217,3.585,4,0.739579676461,0.105227801658,0.772388016561,0
0.2175,3.585,4,0.739560175645,0.105275012113,0.772347896857,0
0.218,3.585,4,0.739541298029,0.105322860455,0.772309325473,0
0.2185,3.585,4,0.739523048218,0.105371351363,0.772272315538,0
0.219,3.585,4,0.739505430816,0.105420489515,0.772236880184,0
0.2195,3.585,4,0.739488450429,0.10547027959,0.772203032539,0
0.22,3.585,4,0.739472111661,0.105520726269,0.772170785734,0
0.2205,3.585,4,0.739456419117,0.10557183423,0.772140152898,0
0.221,3.585,4,0.739441377401,0.105623608152,0.772111147162,0
0.2215,3.585,4,0.739426991117,0.105676052715,0.772083781655,0
0.222,3.585,4,0.739413264872,0.105729172597,0.772058069507,0
0.2225,3.585,4,0.739400203268,0.105782972478,0.772034023849,0
0.223,3.585,4,0.739387810911,0.105837457036,0.772011657809,0
0.2235,3.585,4,0.739376092406,0.105892630952,0.771990984519,0
0.224,3.585,4,0.739365052357,0.105948498904,0.771972017107,0
0.2245,3.585,4,0.739354695369,0.106005065571,0.771954768704,0
0.225,3.585,4,0.739345026046,0.106062335633,0.77193925244,0
0.2255,3.585,4,0.739336048994,0.106120313768,0.771925481444,0
0.226,3.585,4,0.739327768816,0.106179004656,0.771913468846,0
0.2265,3.585,4,0.739320190118,0.106238412976,0.771903227777,0
0.227,3.585,4,0.739313317503,0.106298543407,0.771894771367,0
0.2275,3.585,4,0.739307155578,0.106359400628,0.771888112744,0
0.228,3.585,4,0.739301708946,0.106420989319,0.771883265039,0
0.2285,3.585,4,0.739296982211,0.106483314158,0.771880241383,0
0.2115,3.59,4,0.739918619646,0.104590050426,0.772926094599,0
0.212,3.59,4,0.739892638758,0.104630555307,0.772870176074,0
0.2125,3.59,4,0.739867230884,0.104671646486,0.772815663108,0
0.213,3.59,4,0.739842400629,0.104713328641,0.77276256883,0
0.2135,3.59,4,0.739818152598,0.104755606451,0.772710906371,0
0.214,3.59,4,0.739794491395,0.104798484595,0.772660688859,0
0.2145,3.59,4,0.739771421625,0.104841967754,0.772611929425,0
0.215,3.59,4,0.739748947893,0.104886060605,0.7725646412,0
0.2155,3.59,4,0.739727074804,0.104930767829,0.772518837312,0
0.216,3.59,4,0.739705806962,0.104976094103,0.772474530892,0
0.2165,3.59,4,0.739685148971,0.105022044108,0.77243173507,0
0.217,3.59,4,0.739665105436,0.105068622523,0.772390462975,0
0.2175,3.59,4,0.739645680963,0.105115834026,0.772350727737,0
0.218,3.59,4,0.739626880155,0.105163683297,0.772312542487,0
0.2185,3.59,4,0.739608707617,0.105212175015,0.772275920354,0
0.219,3.59,4,0.739591167955,0.105261313859,0.772240874469,0
0.2195,3.59,4,0.739574265772,0.105311104508,0.77220741796,0
0.22,3.59,4,0.739558005673,0.105361551642,0.772175563958,0
0.2205,3.59,4,0.739542392263,0.105412659939,0.772145325593,0
0.221,3.59,4,0.739527430146,0.105464434079,0.772116715995,0
0.2215,3.59,4,0.739513123928,0.105516878741,0.772089748294,0
0.222,3.59,4,0.739499478212,0.105569998604,0.772064435619,0
0.2225,3.59,4,0.739486497604,0.105623798347,0.7720407911,0
0.223,3.59,4,0.739474186708,0.105678282649,0.772018827868,0
0.2235,3.59,4,0.739462550129,0.10573345619,0.771998559052,0
0.224,3.59,4,0.739451592472,0.105789323648,0.771979997782,0
0.2245,3.59,4,0.73944131834,0.105845889703,0.771963157188,0
0.225,3.59,4,0.739431732339,0.105903159034,0.7719480504,0
0.2255,3.59,4,0.739422839074,0.10596113632,0.771934690548,0
0.226,3.59,4,0.739414643148,0.10601982624,0.771923090762,0
0.2265,3.59,4,0.739407149167,0.106079233474,0.771913264171,0
0.227,3.59,4,0.739400361736,0.1061393627,0.771905223906,0
0.2275,3.59,4,0.739394285458,0.106200218598,0.771898983096,0
0.228,3.59,4,0.73938892494,0.106261805846,0.771894554872,0
0.2285,3.59,4,0.739384284784,0.106324129125,0.771891952363,0
0.2115,3.595,4,0.740003075359,0.104431620898,0.772926067859,0
0.212,3.595,4,0.73997716509,0.104472128072,0.77287051184,0
0.2125,3.595,4,0.7399518283,0.104513221424,0.772816363046,0
0.213,3.595,4,0.739927069595,0.104554905634,0.772763634608,0
0.2135,3.595,4,0.739902893579,0.104597185382,0.772712339655,0
0.214,3.595,4,0.739879304857,0.104640065345,0.772662491318,0
0.2145,3.595,4,0.739856308033,0.104683550203,0.772614102726,0
0.215,3.595,4,0.739833907712,0.104727644636,0.772567187009,0
0.2155,3.595,4,0.739812108498,0.104772353322,0.772521757298,0
0.216,3.595,4,0.739790914997,0.104817680941,0.772477826721,0
0.2165,3.595,4,0.739770331813,0.104863632171,0.77243540841,0
0.217,3.595,4,0.739750363551,0.104910211693,0.772394515493,0
0.2175,3.595,4,0.739731014814,0.104957424185,0.772355161101,0
0.218,3.595,4,0.739712290209,0.105005274326,0.772317358363,0
0.2185,3.595,4,0.739694194339,0.105053766795,0.772281120411,0
0.219,3.595,4,0.739676731809,0.105102906272,0.772246460372,0
0.2195,3.595,4,0.739659907224,0.105152697435,0.772213391378,0
0.22,3.595,4,0.739643725189,0.105203144965,0.772181926558,0
0.2205,3.595,4,0.739628190308,0.105254253539,0.772152079042,0
0.221,3.595,4,0.739613307185,0.105306027838,0.772123861961,0
0.2215,3.595,4,0.739599080426,0.10535847254,0.772097288443,0
0.222,3.595,4,0.739585514635,0.105411592324,0.772072371619,0
0.2225,3.595,4,0.739572614417,0.10546539187,0.772049124619,0
0.223,3.595,4,0.739560384376,0.105519875857,0.772027560572,0
0.2235,3.595,4,0.739548829117,0.105575048963,0.772007692609,0
0.224,3.595,4,0.739537953245,0.105630915869,0.77198953386,0
0.2245,3.595,4,0.739527761364,0.105687481252,0.771973097453,0
0.225,3.595,4,0.739518258079,0.105744749794,0.77195839652,0
0.2255,3.595,4,0.739509447995,0.105802726171,0.77194544419,0
0.226,3.595,4,0.739501335716,0.105861415065,0.771934253593,0
0.2265,3.595,4,0.739493925847,0.105920821153,0.771924837859,0
0.227,3.595,4,0.739487222993,0.105980949115,0.771917210118,0
0.2275,3.595,4,0.739481231757,0.10604180363,0.7719113835,0
0.228,3.595,4,0.739475956746,0.106103389377,0.771907371134,0
0.2285,3.595,4,0.739471402563,0.106165711036,0.771905186151,0
0.2115,3.6,4,0.740087355825,0.104273955864,0.772927659639,0
0.212,3.6,4,0.740061515569,0.104314465271,0.772872462503,0
0.2125,3.6,4,0.740036249259,0.104355560739,0.77281867426,0
0.213,3.6,4,0.740011561498,0.104397246945,0.77276630804,0
0.2135,3.6,4,0.739987456891,0.10443952857,0.772715376973,0
0.214,3.6,4,0.739963940043,0.104482410292,0.772665894189,0
0.2145,3.6,4,0.739941015559,0.104525896791,0.772617872817,0
0.215,3.6,4,0.739918688043,0.104569992746,0.772571325987,0
0.2155,3.6,4,0.7398969621,0.104614702836,0.772526266831,0
0.216,3.6,4,0.739875842335,0.10466003174,0.772482708476,0
0.2165,3.6,4,0.739855333352,0.104705984137,0.772440664054,0
0.217,3.6,4,0.739835439755,0.104752564706,0.772400146693,0
0.2175,3.6,4,0.73981616615,0.104799778127,0.772361169525,0
0.218,3.6,4,0.739797517141,0.104847629079,0.772323745679,0
0.2185,3.6,4,0.739779497333,0.10489612224,0.772287888285,0
0.219,3.6,4,0.739762111331,0.104945262291,0.772253610472,0
0.2195,3.6,4,0.739745363738,0.10499505391,0.772220925371,0
0.22,3.6,4,0.73972925916,0.105045501776,0.772189846111,0
0.2205,3.6,4,0.739713802202,0.105096610568,0.772160385823,0
0.221,3.6,4,0.739698997468,0.105148384966,0.772132557636,0
0.2215,3.6,4,0.739684849562,0.105200829649,0.772106374681,0
0.222,3.6,4,0.73967136309,0.105253949295,0.772081850086,0
0.2225,3.6,4,0.739658542656,0.105307748585,0.772058996983,0
0.223,3.6,4,0.739646392864,0.105362232197,0.772037828501,0
0.2235,3.6,4,0.73963491832,0.10541740481,0.772018357769,0
0.224,3.6,4,0.739624123627,0.105473271104,0.772000597918,0
0.2245,3.6,4,0.739614013391,0.105529835757,0.771984562078,0
0.225,3.6,4,0.739604592217,0.105587103449,0.771970263378,0
0.2255,3.6,4,0.739595864708,0.105645078859,0.771957714949,0
0.226,3.6,4,0.73958783547,0.105703766666,0.77194692992,0
0.2265,3.6,4,0.739580509107,0.10576317155,0.771937921421,0
0.227,3.6,4,0.739573890224,0.105823298188,0.771930702582,0
0.2275,3.6,4,0.739567983425,0.105884151262,0.771925286534,0
0.228,3.6,4,0.739562793316,0.105945735449,0.771921686405,0
0.2115,3.605,4,0.740171449995,0.104117050862,0.772930842517,0
0.212,3.605,4,0.740145679147,0.104157562444,0.772876000643,0
0.2125,3.605,4,0.74012048271,0.104198659967,0.772822569329,0
0.213,3.605,4,0.740095865287,0.104240348111,0.772770561706,0
0.2135,3.605,4,0.740071831484,0.104282631554,0.772719990903,0
0.214,3.605,4,0.740048385905,0.104325514976,0.772670870049,0
0.2145,3.605,4,0.740025533155,0.104369003057,0.772623212276,0
0.215,3.605,4,0.740003277838,0.104413100475,0.772577030713,0
0.2155,3.605,4,0.73998162456,0.104457811909,0.772532338489,0
0.216,3.605,4,0.739960577924,0.104503142038,0.772489148735,0
0.2165,3.605,4,0.739940142536,0.104549095543,0.77244747458,0
0.217,3.605,4,0.739920323,0.104595677101,0.772407329155,0
0.2175,3.605,4,0.739901123921,0.104642891392,0.772368725589,0
0.218,3.605,4,0.739882549903,0.104690743095,0.772331677012,0
0.2185,3.605,4,0.739864605551,0.10473923689,0.772296196555,0
0.219,3.605,4,0.73984729547,0.104788377455,0.772262297346,0
0.2195,3.605,4,0.739830624264,0.104838169469,0.772229992517,0
0.22,3.605,4,0.739814596538,0.104888617613,0.772199295196,0
0.2205,3.605,4,0.739799216897,0.104939726564,0.772170218514,0
0.221,3.605,4,0.739784489945,0.104991501002,0.7721427756,0
0.2215,3.605,4,0.739770420287,0.105043945606,0.772116979586,0
0.222,3.605,4,0.739757012528,0.105097065056,0.772092843599,0
0.2225,3.605,4,0.739744271272,0.10515086403,0.772070380771,0
0.223,3.605,4,0.739732201123,0.105205347208,0.772049604231,0
0.2235,3.605,4,0.739720806688,0.105260519269,0.772030527109,0
0.224,3.605,4,0.739710092569,0.105316384891,0.772013162535,0
0.2245,3.605,4,0.739700063373,0.105372948755,0.77199752364,0
0.225,3.605,4,0.739690723703,0.105430215539,0.771983623551,0
0.2255,3.605,4,0.739682078164,0.105488189922,0.771971475401,0
0.226,3.605,4,0.739674131361,0.105546876584,0.771961092318,0
0.2265,3.605,4,0.739666887898,0.105606280204,0.771952487433,0
0.227,3.605,4,0.73966035238,0.10566640546,0.771945673876,0
0.2275,3.605,4,0.739654529412,0.105727257032,0.771940664775,0
0.228,3.605,4,0.739649423599,0.1057888396,0.771937473262,0
0.2115,3.61,4,0.74025534682,0.103960901432,0.772935589071,0
0.212,3.61,4,0.740229644774,0.104001415128,0.772881098837,0
0.2125,3.61,4,0.740204517604,0.104042514648,0.772828020832,0
0.213,3.61,4,0.740179969914,0.104084204669,0.772776368183,0
0.2135,3.61,4,0.740156006308,0.104126489872,0.772726154022,0
0.214,3.61,4,0.740132631392,0.104169374936,0.772677391479,0
0.2145,3.61,4,0.740109849771,0.104212864538,0.772630093682,0
0.215,3.61,4,0.740087666048,0.10425696336,0.772584273763,0
0.2155,3.61,4,0.740066084828,0.104301676079,0.772539944851,0
0.216,3.61,4,0.740045110716,0.104347007375,0.772497120076,0
0.2165,3.61,4,0.740024748318,0.104392961928,0.772455812567,0
0.217,3.61,4,0.740005002236,0.104439544415,0.772416035455,0
0.2175,3.61,4,0.739985877077,0.104486759517,0.77237780187,0
0.218,3.61,4,0.739967377444,0.104534611913,0.772341124941,0
0.2185,3.61,4,0.739949507942,0.104583106281,0.772306017799,0
0.219,3.61,4,0.739932273177,0.104632247301,0.772272493573,0
0.2195,3.61,4,0.739915677752,0.104682039653,0.772240565394,0
0.22,3.61,4,0.739899726272,0.104732488014,0.77221024639,0
0.2205,3.61,4,0.739884423342,0.104783597065,0.772181549692,0
0.221,3.61,4,0.739869773567,0.104835371484,0.772154488431,0
0.2215,3.61,4,0.739855781551,0.104887815951,0.772129075735,0
0.222,3.61,4,0.739842451899,0.104940935145,0.772105324735,0
0.2225,3.61,4,0.739829789215,0.104994733744,0.77208324856,0
0.223,3.61,4,0.739817798105,0.105049216429,0.772062860342,0
0.2235,3.61,4,0.739806483172,0.105104387878,0.772044173208,0
0.224,3.61,4,0.739795849022,0.10516025277,0.77202720029,0
0.2245,3.61,4,0.739785900259,0.105216815785,0.772011954717,0
0.225,3.61,4,0.739776641487,0.105274081602,0.771998449619,0
0.2255,3.61,4,0.739768077312,0.105332054899,0.771986698126,0
0.226,3.61,4,0.739760212339,0.105390740356,0.771976713368,0
0.2265,3.61,4,0.73975305117,0.105450142653,0.771968508475,0
0.227,3.61,4,0.739746598413,0.105510266467,0.771962096577,0
0.2275,3.61,4,0.73974085867,0.105571116479,0.771957490803,0
0.2115,3.615,4,0.74033903525,0.10380550311,0.772941871879,0
0.212,3.615,4,0.7403134014,0.103846018863,0.772887729665,0
0.2125,3.615,4,0.740288342891,0.103887120319,0.772835001345,0
0.213,3.615,4,0.740263864328,0.10392881216,0.77278370005,0
0.2135,3.615,4,0.740239970315,0.103971099063,0.77273383891,0
0.214,3.615,4,0.740216665456,0.104013985708,0.772685431054,0
0.2145,3.615,4,0.740193954357,0.104057476774,0.772638489613,0
0.215,3.615,4,0.740171841622,0.104101576939,0.772593027717,0
0.2155,3.615,4,0.740150331855,0.104146290885,0.772549058495,0
0.216,3.615,4,0.740129429662,0.104191623288,0.772506595077,0
0.2165,3.615,4,0.740109139647,0.10423757883,0.772465650593,0
0.217,3.615,4,0.740089466414,0.104284162187,0.772426238173,0
0.2175,3.615,4,0.740070414569,0.104331378041,0.772388370947,0
0.218,3.615,4,0.740051988715,0.10437923107,0.772352062044,0
0.2185,3.615,4,0.740034193458,0.104427725953,0.772317324596,0
0.219,3.615,4,0.740017033403,0.104476867369,0.772284171731,0
0.2195,3.615,4,0.740000513153,0.104526659998,0.77225261658,0
0.22,3.615,4,0.739984637314,0.104577108519,0.772222672272,0
0.2205,3.615,4,0.739969410489,0.10462821761,0.772194351937,0
0.221,3.615,4,0.739954837285,0.104679991951,0.772167668706,0
0.2215,3.615,4,0.739940922305,0.104732436221,0.772142635708,0
0.222,3.615,4,0.739927670154,0.1047855551,0.772119266072,0
0.2225,3.615,4,0.739915085437,0.104839353265,0.77209757293,0
0.223,3.615,4,0.739903172759,0.104893835398,0.77207756941,0
0.2235,3.615,4,0.739891936723,0.104949006176,0.772059268644,0
0.224,3.615,4,0.739881381936,0.105004870278,0.772042683759,0
0.2245,3.615,4,0.739871513,0.105061432385,0.772027827888,0
0.225,3.615,4,0.739862334522,0.105118697175,0.772014714158,0
0.2255,3.615,4,0.739853851105,0.105176669327,0.772003355702,0
0.226,3.615,4,0.739846067355,0.105235353521,0.771993765647,0
0.2265,3.615,4,0.739838987875,0.105294754435,0.771985957124,0
0.227,3.615,4,0.739832617271,0.105354876749,0.771979943264,0
0.2275,3.615,4,0.739826960148,0.105415725141,0.771975737195,0
0.2115,3.62,4,0.740422504236,0.103650851436,0.77294966352,0
0.212,3.62,4,0.740396937976,0.103691369185,0.772895865703,0
0.2125,3.62,4,0.740371947523,0.10373247252,0.772843483448,0
0.213,3.62,4,0.740347537481,0.10377416612,0.772792529885,0
0.2135,3.62,4,0.740323712454,0.103816454664,0.772743018144,0
0.214,3.62,4,0.740300477047,0.103859342831,0.772694961355,0
0.2145,3.62,4,0.740277835864,0.103902835301,0.772648372648,0
0.215,3.62,4,0.740255793511,0.103946936752,0.772603265152,0
0.2155,3.62,4,0.740234354592,0.103991651864,0.772559651998,0
0.216,3.62,4,0.740213523711,0.104036985316,0.772517546316,0
0.2165,3.62,4,0.740193305474,0.104082941787,0.772476961235,0
0.217,3.62,4,0.740173704484,0.104129525956,0.772437909885,0
0.2175,3.62,4,0.740154725347,0.104176742502,0.772400405397,0
0.218,3.62,4,0.740136372667,0.104224596105,0.7723644609,0
0.2185,3.62,4,0.740118651049,0.104273091444,0.772330089523,0
0.219,3.62,4,0.740101565098,0.104322233197,0.772297304398,0
0.2195,3.62,4,0.740085119417,0.104372026044,0.772266118653,0
0.22,3.62,4,0.740069318613,0.104422474664,0.77223654542,0
0.2205,3.62,4,0.740054167288,0.104473583737,0.772208597826,0
0.221,3.62,4,0.740039670049,0.10452535794,0.772182289004,0
0.2215,3.62,4,0.7400258315,0.104577801955,0.772157632081,0
0.222,3.62,4,0.740012656245,0.104630920459,0.772134640189,0
0.2225,3.62,4,0.740000148889,0.104684718131,0.772113326457,0
0.223,3.62,4,0.739988314036,0.104739199652,0.772093704016,0
0.2235,3.62,4,0.739977156292,0.1047943697,0.772075785994,0
0.224,3.62,4,0.739966680261,0.104850232954,0.772059585522,0
0.2245,3.62,4,0.739956890547,0.104906794093,0.77204511573,0
0.225,3.62,4,0.739947791756,0.104964057798,0.772032389748,0
0.2255,3.62,4,0.739939388492,0.105022028745,0.772021420706,0
0.226,3.62,4,0.739931685359,0.105080711616,0.772012221733,0
0.2265,3.62,4,0.739924686963,0.105140111089,0.772004805959,0
0.227,3.62,4,0.739918397907,0.105200231843,0.771999186514,0
0.2115,3.625,4,0.740505742728,0.103496941947,0.772958936571,0
0.212,3.625,4,0.740480243453,0.103537461634,0.77290547953,0
0.2125,3.625,4,0.74045532045,0.103578566788,0.772853439718,0
0.213,3.625,4,0.740430978323,0.103620262088,0.772802830265,0
0.2135,3.625,4,0.740407221677,0.103662552214,0.772753664302,0
0.214,3.625,4,0.740384055115,0.103705441844,0.772705954958,0
0.2145,3.625,4,0.740361483244,0.103748935659,0.772659715363,0
0.215,3.625,4,0.740339510667,0.103793038336,0.772614958647,0
0.2155,3.625,4,0.740318141989,0.103837754556,0.77257169794,0
0.216,3.625,4,0.740297381815,0.103883088997,0.772529946372,0
0.2165,3.625,4,0.74027723475,0.103929046338,0.772489717072,0
0.217,3.625,4,0.740257705398,0.103975631259,0.772451023171,0
0.2175,3.625,4,0.740238798363,0.104022848439,0.772413877799,0
0.218,3.625,4,0.740220518251,0.104070702556,0.772378294085,0
0.2185,3.625,4,0.740202869666,0.104119198291,0.772344285159,0
0.219,3.625,4,0.740185857213,0.104168340322,0.772311864152,0
0.2195,3.625,4,0.740169485496,0.104218133328,0.772281044193,0
0.22,3.625,4,0.74015375912,0.104268581989,0.772251838411,0
0.2205,3.625,4,0.74013868269,0.104319690983,0.772224259938,0
0.221,3.625,4,0.74012426081,0.104371464991,0.772198321902,0
0.2215,3.625,4,0.740110498085,0.10442390869,0.772174037434,0
0.222,3.625,4,0.74009739912,0.10447702676,0.772151419664,0
0.2225,3.625,4,0.740084968519,0.104530823881,0.772130481721,0
0.223,3.625,4,0.740073210887,0.104585304731,0.772111236736,0
0.2235,3.625,4,0.740062130829,0.104640473989,0.772093697838,0
0.224,3.625,4,0.740051732949,0.104696336335,0.772077878157,0
0.2245,3.625,4,0.740042021851,0.104752896448,0.772063790823,0
0.225,3.625,4,0.740033002141,0.104810159008,0.772051448966,0
0.2255,3.625,4,0.740024678424,0.104868128692,0.772040865717,0
0.226,3.625,4,0.740017055303,0.10492681018,0.772032054204,0
0.2265,3.625,4,0.740010137384,0.104986208152,0.772025027557,0
0.227,3.625,4,0.740003929271,0.105046327287,0.772019798908,0
0.2115,3.63,4,0.740588739677,0.103343770182,0.772969663611,0
0.212,3.63,4,0.740563306781,0.103384291747,0.772916543724,0
0.2125,3.63,4,0.740538450623,0.103425398661,0.772864842734,0
0.213,3.63,4,0.740514175805,0.103467095602,0.77281457377,0
0.2135,3.63,4,0.740490486933,0.103509387251,0.772765749963,0
0.214,3.63,4,0.740467388612,0.103552278285,0.772718384442,0
0.2145,3.63,4,0.740444885446,0.103595773385,0.772672490338,0
0.215,3.63,4,0.740422982039,0.10363987723,0.77262808078,0
0.2155,3.63,4,0.740401682997,0.103684594498,0.772585168898,0
0.216,3.63,4,0.740380992924,0.103729929868,0.772543767822,0
0.2165,3.63,4,0.740360916425,0.103775888021,0.772503890683,0
0.217,3.63,4,0.740341458104,0.103822473635,0.772465550609,0
0.2175,3.63,4,0.740322622567,0.103869691388,0.772428760731,0
0.218,3.63,4,0.740304414417,0.103917545962,0.772393534179,0
0.2185,3.63,4,0.740286838259,0.103966042033,0.772359884082,0
0.219,3.63,4,0.740269898698,0.104015184283,0.772327823571,0
0.2195,3.63,4,0.740253600339,0.104064977389,0.772297365776,0
0.22,3.63,4,0.740237947787,0.104115426031,0.772268523825,0
0.2205,3.63,4,0.740222945645,0.104166534888,0.77224131085,0
0.221,3.63,4,0.740208598519,0.10421830864,0.77221573998,0
0.2215,3.63,4,0.740194911013,0.104270751965,0.772191824345,0
0.222,3.63,4,0.740181887731,0.104323869542,0.772169577075,0
0.2225,3.63,4,0.74016953328,0.104377666052,0.772149011299,0
0.223,3.63,4,0.740157852263,0.104432146172,0.772130140149,0
0.2235,3.63,4,0.740146849284,0.104487314582,0.772112976753,0
0.224,3.63,4,0.740136528949,0.104543175961,0.772097534241,0
0.2245,3.63,4,0.740126895862,0.104599734988,0.772083825744,0
0.225,3.63,4,0.740117954628,0.104656996343,0.772071864391,0
0.2255,3.63,4,0.740109709851,0.104714964705,0.772061663312,0
0.226,3.63,4,0.740102166137,0.104773644752,0.772053235638,0
0.2265,3.63,4,0.740095328089,0.104833041164,0.772046594497,0
0.2115,3.635,4,0.740671484034,0.103191331679,0.772981817218,0
0.212,3.635,4,0.740646116911,0.103231855063,0.772929030864,0
0.2125,3.635,4,0.740621326991,0.103272963678,0.772877665073,0
0.213,3.635,4,0.740597118877,0.103314662201,0.772827732977,0
0.2135,3.635,4,0.740573497174,0.103356955313,0.772779247704,0
0.214,3.635,4,0.740550466487,0.103399847692,0.772732222385,0
0.2145,3.635,4,0.74052803142,0.103443344019,0.77268667015,0
0.215,3.635,4,0.740506196579,0.103487448971,0.772642604128,0
0.2155,3.635,4,0.740484966567,0.103532167228,0.77260003745,0
0.216,3.635,4,0.740464345989,0.103577503469,0.772558983246,0
0.2165,3.635,4,0.74044433945,0.103623462374,0.772519454644,0
0.217,3.635,4,0.740424951555,0.103670048621,0.772481464776,0
0.2175,3.635,4,0.740406186909,0.10371726689,0.772445026771,0
0.218,3.635,4,0.740388050115,0.10376512186,0.772410153759,0
0.2185,3.635,4,0.740370545779,0.103813618209,0.77237685887,0
0.219,3.635,4,0.740353678505,0.103862760618,0.772345155234,0
0.2195,3.635,4,0.740337452898,0.103912553765,0.77231505598,0
0.22,3.635,4,0.740321873563,0.103963002329,0.772286574239,0
0.2205,3.635,4,0.740306945103,0.10401411099,0.772259723141,0
0.221,3.635,4,0.740292672125,0.104065884427,0.772234515815,0
0.2215,3.635,4,0.740279059232,0.104118327318,0.772210965391,0
0.222,3.635,4,0.740266111029,0.104171444344,0.772189084999,0
0.2225,3.635,4,0.740253832121,0.104225240182,0.77216888777,0
0.223,3.635,4,0.740242227113,0.104279719513,0.772150386832,0
0.2235,3.635,4,0.740231300609,0.104334887016,0.772133595317,0
0.224,3.635,4,0.740221057213,0.104390747368,0.772118526353,0
0.2245,3.635,4,0.740211501531,0.104447305251,0.772105193071,0
0.225,3.635,4,0.740202638166,0.104504565343,0.7720936086,0
0.2255,3.635,4,0.740194471725,0.104562532322,0.772083786071,0
0.226,3.635,4,0.740187006811,0.104621210869,0.772075738614,0
0.2265,3.635,4,0.740180248029,0.104680605662,0.772069479358,0
0.2115,3.64,4,0.740753964748,0.103039621977,0.77299536997,0
0.212,3.64,4,0.740728662794,0.103080147121,0.772942913527,0
0.2125,3.64,4,0.740703938506,0.103121257376,0.772891879314,0
0.213,3.64,4,0.74067979649,0.103162957422,0.772842280464,0
0.2135,3.64,4,0.74065624135,0.103205251939,0.772794130104,0
0.214,3.64,4,0.740633277692,0.103248145604,0.772747441365,0
0.2145,3.64,4,0.740610910119,0.103291643097,0.772702227378,0
0.215,3.64,4,0.740589143236,0.103335749098,0.772658501271,0
0.2155,3.64,4,0.740567981648,0.103380468285,0.772616276175,0
0.216,3.64,4,0.74054742996,0.103425805338,0.77257556522,0
0.2165,3.64,4,0.740527492776,0.103471764936,0.772536381536,0
0.217,3.64,4,0.740508174701,0.103518351757,0.772498738252,0
0.2175,3.64,4,0.74048948034,0.103565570482,0.772462648498,0
0.218,3.64,4,0.740471414297,0.103613425789,0.772428125405,0
0.2185,3.64,4,0.740453981176,0.103661922357,0.772395182101,0
0.219,3.64,4,0.740437185583,0.103711064866,0.772363831718,0
0.2195,3.64,4,0.740421032123,0.103760857994,0.772334087385,0
0.22,3.64,4,0.740405525399,0.103811306422,0.772305962232,0
0.2205,3.64,4,0.740390670016,0.103862414827,0.772279469389,0
0.221,3.64,4,0.74037647058,0.103914187889,0.772254621985,0
0.2215,3.64,4,0.740362931695,0.103966630288,0.772231433151,0
0.222,3.64,4,0.740350057964,0.104019746702,0.772209916016,0
0.2225,3.64,4,0.740337853994,0.104073541811,0.772190083711,0
0.223,3.64,4,0.740326324389,0.104128020294,0.772171949365,0
0.2235,3.64,4,0.740315473753,0.104183186829,0.772155526109,0
0.224,3.64,4,0.740305306691,0.104239046097,0.772140827071,0
0.2245,3.64,4,0.740295827807,0.104295602775,0.772127865382,0
0.225,3.64,4,0.740287041707,0.104352861544,0.772116654173,0
0.2255,3.64,4,0.740278952995,0.104410827083,0.772107206572,0
0.226,3.64,4,0.740271566276,0.10446950407,0.77209953571,0
0.2115,3.645,4,0.740836170772,0.102888636613,0.773010294445,0
0.212,3.645,4,0.740810933379,0.102929163457,0.772958164291,0
0.2125,3.645,4,0.740786274118,0.102970275295,0.772907458036,0
0.213,3.645,4,0.740762197594,0.103011976805,0.772858188809,0
0.2135,3.645,4,0.740738708412,0.103054272666,0.772810369741,0
0.214,3.645,4,0.740715811176,0.103097167558,0.772764013961,0
0.2145,3.645,4,0.740693510491,0.103140666159,0.7727191346,0
0.215,3.645,4,0.740671810962,0.103184773149,0.772675744786,0
0.2155,3.645,4,0.740650717192,0.103229493207,0.772633857651,0
0.216,3.645,4,0.740630233788,0.103274831012,0.772593486324,0
0.2165,3.645,4,0.740610365353,0.103320791244,0.772554643934,0
0.217,3.645,4,0.740591116492,0.10336737858,0.772517343613,0
0.2175,3.645,4,0.74057249181,0.103414597702,0.772481598489,0
0.218,3.645,4,0.740554495912,0.103462453287,0.772447421693,0
0.2185,3.645,4,0.740537133402,0.103510950014,0.772414826354,0
0.219,3.645,4,0.740520408884,0.103560092564,0.772383825602,0
0.2195,3.645,4,0.740504326964,0.103609885615,0.772354432568,0
0.22,3.645,4,0.740488892246,0.103660333846,0.772326660381,0
0.2205,3.645,4,0.740474109334,0.103711441937,0.772300522171,0
0.221,3.645,4,0.740459982834,0.103763214566,0.772276031069,0
0.2215,3.645,4,0.74044651735,0.103815656413,0.772253200203,0
0.222,3.645,4,0.740433717487,0.103868772157,0.772232042704,0
0.2225,3.645,4,0.740421587849,0.103922566476,0.772212571701,0
0.223,3.645,4,0.740410133041,0.103977044051,0.772194800325,0
0.2235,3.645,4,0.740399357668,0.104032209561,0.772178741706,0
0.224,3.645,4,0.740389266333,0.104088067684,0.772164408973,0
0.2245,3.645,4,0.740379863643,0.104144623099,0.772151815256,0
0.225,3.645,4,0.740371154202,0.104201880486,0.772140973686,0
0.2255,3.645,4,0.740363142613,0.104259844525,0.772131897392,0
0.226,3.645,4,0.740355833482,0.104318519893,0.772124599503,0
0.212,3.65,4,0.740892917618,0.102778899612,0.772974755736,0
0.2125,3.65,4,0.740868322778,0.102820012972,0.772924373816,0
0.213,3.65,4,0.740844311141,0.102861715887,0.772875430591,0
0.2135,3.65,4,0.74082088731,0.102904013034,0.772827939193,0
0.214,3.65,4,0.740798055891,0.102946909093,0.77278191275,0
0.2145,3.65,4,0.740775821488,0.102990408743,0.772737364393,0
0.215,3.65,4,0.740754188706,0.103034516663,0.772694307252,0
0.2155,3.65,4,0.74073316215,0.103079237533,0.772652754455,0
0.216,3.65,4,0.740712746423,0.103124576031,0.772612719134,0
0.2165,3.65,4,0.740692946132,0.103170536837,0.772574214419,0
0.217,3.65,4,0.740673765879,0.103217124629,0.772537253438,0
0.2175,3.65,4,0.740655210271,0.103264344088,0.772501849322,0
0.218,3.65,4,0.740637283912,0.103312199892,0.772468015202,0
0.2185,3.65,4,0.740619991406,0.10336069672,0.772435764206,0
0.219,3.65,4,0.740603337358,0.103409839251,0.772405109464,0
0.2195,3.65,4,0.740587326372,0.103459632165,0.772376064108,0
0.22,3.65,4,0.740571963054,0.103510080141,0.772348641265,0
0.2205,3.65,4,0.740557252008,0.103561187858,0.772322854068,0
0.221,3.65,4,0.740543197839,0.103612959995,0.772298715644,0
0.2215,3.65,4,0.74052980515,0.10366540123,0.772276239125,0
0.222,3.65,4,0.740517078548,0.103718516245,0.772255437639,0
0.2225,3.65,4,0.740505022637,0.103772309716,0.772236324318,0
0.223,3.65,4,0.74049364202,0.103826786325,0.772218912291,0
0.2235,3.65,4,0.740482941303,0.103881950749,0.772203214687,0
0.224,3.65,4,0.740472925091,0.103937807668,0.772189244637,0
0.2245,3.65,4,0.740463597988,0.103994361761,0.772177015271,0
0.225,3.65,4,0.740454964599,0.104051617707,0.772166539718,0
0.2255,3.65,4,0.740447029529,0.104109580186,0.772157831109,0
0.226,3.65,4,0.740439797381,0.104168253876,0.772150902573,0
0.212,3.655,4,0.740974604461,0.102629351122,0.772992660438,0
0.2125,3.655,4,0.740950073437,0.102670465946,0.772942599232,0
0.213,3.655,4,0.74092612608,0.102712170206,0.772893978388,0
0.2135,3.655,4,0.740902766996,0.10275446858,0.772846811038,0
0.214,3.655,4,0.740880000788,0.102797365747,0.772801110311,0
0.2145,3.655,4,0.740857832061,0.102840866386,0.772756889337,0
0.215,3.655,4,0.740836265421,0.102884975178,0.772714161245,0
0.2155,3.655,4,0.740815305471,0.1029296968,0.772672939167,0
0.216,3.655,4,0.740794956817,0.102975035932,0.772633236231,0
0.2165,3.655,4,0.740775224063,0.103020997253,0.772595065567,0
0.217,3.655,4,0.740756111813,0.103067585442,0.772558440306,0
0.2175,3.655,4,0.740737624673,0.103114805179,0.772523373577,0
0.218,3.655,4,0.740719767247,0.103162661143,0.77248987851,0
0.2185,3.655,4,0.740702544139,0.103211158012,0.772457968235,0
0.219,3.655,4,0.740685959955,0.103260300466,0.772427655882,0
0.2195,3.655,4,0.740670019298,0.103310093184,0.772398954581,0
0.22,3.655,4,0.740654726775,0.103360540845,0.772371877462,0
0.2205,3.655,4,0.740640086988,0.103411648129,0.772346437655,0
0.221,3.655,4,0.740626104543,0.103463419714,0.772322648289,0
0.2215,3.655,4,0.740612784045,0.103515860279,0.772300522495,0
0.222,3.655,4,0.740600130098,0.103568974505,0.772280073402,0
0.2225,3.655,4,0.740588147307,0.103622767069,0.77226131414,0
0.223,3.655,4,0.740576840276,0.103677242651,0.77224425784,0
0.2235,3.655,4,0.740566213611,0.103732405931,0.77222891763,0
0.224,3.655,4,0.740556271915,0.103788261587,0.772215306642,0
0.2245,3.655,4,0.740547019794,0.103844814298,0.772203438005,0
0.225,3.655,4,0.740538461851,0.103902068745,0.772193324848,0
0.2255,3.655,4,0.740530602693,0.103960029605,0.772184980302,0
0.2115,3.66,4,0.741081030202,0.102439981935,0.773063023991,0
0.212,3.66,4,0.741055982859,0.102480513526,0.773011850976,0
0.2125,3.66,4,0.741031515045,0.102521629755,0.772962106862,0
0.213,3.66,4,0.741007631363,0.102563335301,0.772913804778,0
0.2135,3.66,4,0.740984336418,0.102605634842,0.772866957855,0
0.214,3.66,4,0.740961634816,0.102648533058,0.772821579222,0
0.2145,3.66,4,0.74093953116,0.102692034628,0.772777682009,0
0.215,3.66,4,0.740918030055,0.102736144231,0.772735279346,0
0.2155,3.66,4,0.740897136107,0.102780866546,0.772694384363,0
0.216,3.66,4,0.740876853919,0.102826206253,0.77265501019,0
0.2165,3.66,4,0.740857188097,0.10287216803,0.772617169957,0
0.217,3.66,4,0.740838143244,0.102918756557,0.772580876794,0
0.2175,3.66,4,0.740819723966,0.102965976513,0.77254614383,0
0.218,3.66,4,0.740801934867,0.103013832577,0.772512984195,0
0.2185,3.66,4,0.740784780552,0.103062329428,0.77248141102,0
0.219,3.66,4,0.740768265626,0.103111471746,0.772451437434,0
0.2195,3.66,4,0.740752394693,0.103161264209,0.772423076568,0
0.22,3.66,4,0.740737172358,0.103211711496,0.77239634155,0
0.2205,3.66,4,0.740722603225,0.103262818287,0.772371245512,0
0.221,3.66,4,0.740708691899,0.103314589261,0.772347801582,0
0.2215,3.66,4,0.740695442985,0.103367029098,0.772326022891,0
0.222,3.66,4,0.740682861088,0.103420142475,0.772305922569,0
0.2225,3.66,4,0.740670950811,0.103473934073,0.772287513746,0
0.223,3.66,4,0.740659716761,0.10352840857,0.77227080955,0
0.2235,3.66,4,0.74064916354,0.103583570646,0.772255823114,0
0.224,3.66,4,0.740639295755,0.10363942498,0.772242567565,0
0.2245,3.66,4,0.74063011801,0.103695976251,0.772231056035,0
0.225,3.66,4,0.740621634909,0.103753229137,0.772221301653,0
0.2255,3.66,4,0.740613851056,0.103811188319,0.772213317549,0
0.213,3.665,4,0.741088815939,0.10241520671,0.772934882339,0
0.2135,3.665,4,0.741065584529,0.102457507359,0.772888352221,0
0.214,3.665,4,0.741042946926,0.102500406565,0.772843292061,0
0.2145,3.665,4,0.741020907735,0.102543909006,0.772799714987,0
0.215,3.665,4,0.740999471561,0.102588019362,0.772757634132,0
0.2155,3.665,4,0.740978643008,0.102632742311,0.772717062623,0
0.216,3.665,4,0.740958426681,0.102678082533,0.772678013592,0
0.2165,3.665,4,0.740938827184,0.102724044708,0.772640500167,0
0.217,3.665,4,0.740919849123,0.102770633513,0.77260453548,0
0.2175,3.665,4,0.740901497101,0.102817853629,0.77257013266,0
0.218,3.665,4,0.740883775724,0.102865709734,0.772537304836,0
0.2185,3.665,4,0.740866689596,0.102914206508,0.772506065139,0
0.219,3.665,4,0.740850243322,0.102963348629,0.772476426699,0
0.2195,3.665,4,0.740834441506,0.103013140778,0.772448402645,0
0.22,3.665,4,0.740819288754,0.103063587632,0.772422006108,0
0.2205,3.665,4,0.740804789669,0.103114693872,0.772397250216,0
0.221,3.665,4,0.740790948856,0.103166464176,0.772374148101,0
0.2215,3.665,4,0.740777770921,0.103218903224,0.772352712892,0
0.222,3.665,4,0.740765260467,0.103272015694,0.772332957719,0
0.2225,3.665,4,0.7407534221,0.103325806266,0.772314895712,0
0.223,3.665,4,0.740742260424,0.103380279619,0.772298540001,0
0.2235,3.665,4,0.740731780043,0.103435440432,0.772283903715,0
0.224,3.665,4,0.740721985562,0.103491293384,0.772270999985,0
0.2245,3.665,4,0.740712881587,0.103547843155,0.772259841941,0
0.225,3.665,4,0.740704472721,0.103605094423,0.772250442712,0
0.215,3.67,4,0.741080578888,0.102440596108,0.77278119818,0
0.2155,3.67,4,0.741059815124,0.102485319632,0.772740946524,0
0.216,3.67,4,0.741039664052,0.102530660311,0.772702219013,0
0.2165,3.67,4,0.741020130276,0.102576622823,0.772665028776,0
0.217,3.67,4,0.7410012184,0.102623211847,0.772629388944,0
0.2175,3.67,4,0.740982933029,0.102670432064,0.772595312645,0
0.218,3.67,4,0.740965278768,0.102718288151,0.772562813011,0
0.2185,3.67,4,0.740948260221,0.102766784788,0.77253190317,0
0.219,3.67,4,0.740931881993,0.102815926655,0.772502596254,0
0.2195,3.67,4,0.740916148689,0.10286571843,0.772474905391,0
0.22,3.67,4,0.740901064914,0.102916164792,0.772448843712,0
0.2205,3.67,4,0.740886635271,0.102967270421,0.772424424347,0
0.221,3.67,4,0.740872864366,0.103019039996,0.772401660425,0
0.2215,3.67,4,0.740859756803,0.103071478196,0.772380565076,0
0.222,3.67,4,0.740847317188,0.103124589699,0.772361151431,0
0.2225,3.67,4,0.740835550123,0.103178379187,0.772343432619,0
0.223,3.67,4,0.740824460216,0.103232851336,0.77232742177,0
0.2235,3.67,4,0.740814052069,0.103288010827,0.772313132013,0
0.224,3.67,4,0.740804330287,0.103343862339,0.77230057648,0
0.2245,3.67,4,0.740795299476,0.103400410551,0.7722897683,0
0.225,3.67,4,0.74078696424,0.103457660141,0.772280720602,0
0.217,3.675,4,0.741082240026,0.102476487099,0.772655409762,0
0.2175,3.675,4,0.7410640207,0.102523707356,0.772621656364,0
0.218,3.675,4,0.741046432949,0.102571563367,0.772589481297,0
0.2185,3.675,4,0.741029481377,0.102620059808,0.772558897692,0
0.219,3.675,4,0.74101317059,0.102669201361,0.772529918678,0
0.2195,3.675,4,0.740997505192,0.102718992703,0.772502557384,0
0.22,3.675,4,0.740982489788,0.102769438514,0.772476826942,0
0.2205,3.675,4,0.740968128982,0.102820543473,0.772452740481,0
0.221,3.675,4,0.740954427378,0.102872312259,0.77243031113,0
0.2215,3.675,4,0.740941389583,0.102924749552,0.772409552021,0
0.222,3.675,4,0.740929020199,0.10297786003,0.772390476281,0
0.2225,3.675,4,0.740917323833,0.103031648373,0.772373097043,0
0.223,3.675,4,0.740906305087,0.10308611926,0.772357427434,0
0.2235,3.675,4,0.740895968569,0.10314127737,0.772343480586,0
0.224,3.675,4,0.74088631888,0.103197127382,0.772331269628,0
0.2245,3.675,4,0.740877360628,0.103253673975,0.77232080769,0
0.225,3.675,4,0.740869098415,0.103310921829,0.772312107902,0
0.2195,3.68,4,0.741078499966,0.102572959135,0.772531331203,0
0.22,3.68,4,0.741063552327,0.102623404335,0.772505928376,0
0.2205,3.68,4,0.741049259752,0.102674508565,0.772482171197,0
0.221,3.68,4,0.741035626844,0.102726276504,0.772460072797,0
0.2215,3.68,4,0.74102265821,0.102778712831,0.772439646304,0
0.222,3.68,4,0.741010358453,0.102831822224,0.772420904849,0
0.2225,3.68,4,0.740998732178,0.102885609364,0.772403861562,0
0.223,3.68,4,0.74098778399,0.102940078929,0.772388529573,0
0.2235,3.68,4,0.740977518493,0.102995235598,0.772374922011,0
0.224,3.68,4,0.740967940292,0.103051084051,0.772363052007,0
0.2245,3.68,4,0.740959053992,0.103107628967,0.77235293269,0
0.222,3.685,4,0.741091320899,0.10268647182,0.772452409713,0
0.2225,3.685,4,0.74107976411,0.102740257697,0.772435698756,0
0.223,3.685,4,0.741068885873,0.102794725881,0.772420700764,0
0.2235,3.685,4,0.741058690793,0.102849881051,0.772407428868,0
0.224,3.685,4,0.741049183474,0.102905727885,0.772395896195,0
0.2245,3.685,4,0.741040368521,0.102962271065,0.772386115878,0
0.1445,4.5,4,0.748640290308,0.081774821302,0.789199637877,0
0.145,4.5,4,0.748570702971,0.0817814189456,0.789039797619,0
0.1455,4.5,4,0.748501156302,0.0817879543029,0.788879906961,0
0.146,4.5,4,0.748431654906,0.0817944320532,0.788719979033,0
0.1465,4.5,4,0.748362203388,0.0818008568756,0.788560026964,0
0.147,4.5,4,0.748292806352,0.0818072334492,0.788400063885,0
0.1475,4.5,4,0.748223468403,0.0818135664532,0.788240102925,0
0.148,4.5,4,0.748154194146,0.0818198605667,0.788080157214,0
0.1485,4.5,4,0.748084988185,0.081826120469,0.787920239883,0
0.149,4.5,4,0.748015855125,0.0818323508391,0.78776036406,0
0.1495,4.5,4,0.74794679957,0.0818385563562,0.787600542877,0
0.15,4.5,4,0.747877826126,0.0818447416994,0.787440789462,0
0.1505,4.5,4,0.747808939397,0.081850911548,0.787281116946,0
0.151,4.5,4,0.747740143987,0.081857070581,0.787121538459,0
0.1515,4.5,4,0.747671444501,0.0818632234775,0.78696206713,0
0.152,4.5,4,0.747602845544,0.0818693749169,0.78680271609,0
0.1525,4.5,4,0.747534351721,0.0818755295781,0.786643498469,0
0.153,4.5,4,0.747465967635,0.0818816921403,0.786484427395,0
0.1535,4.5,4,0.747397697893,0.0818878672828,0.786325516,0
0.154,4.5,4,0.747329547098,0.0818940596846,0.786166777413,0
0.1545,4.5,4,0.747261519854,0.0819002740249,0.786008224763,0
0.155,4.5,4,0.747193620768,0.0819065149829,0.785849871182,0
0.1555,4.5,4,0.747125854443,0.0819127872376,0.785691729798,0
0.156,4.5,4,0.747058225484,0.0819190954683,0.785533813742,0
0.1565,4.5,4,0.746990738496,0.0819254443541,0.785376136144,0
0.157,4.5,4,0.746923398083,0.0819318385741,0.785218710133,0
0.1575,4.5,4,0.746856208849,0.0819382828075,0.78506154884,0
0.158,4.5,4,0.746789175401,0.0819447817335,0.784904665393,0
0.1585,4.5,4,0.746722302342,0.0819513400312,0.784748072924,0
0.159,4.5,4,0.746655594276,0.0819579623797,0.784591784562,0
0.1595,4.5,4,0.74658905581,0.0819646534582,0.784435813437,0
0.16,4.5,4,0.746522691546,0.0819714179458,0.784280172679,0
0.1605,4.5,4,0.746456506091,0.0819782605218,0.784124875418,0
0.161,4.5,4,0.746390504047,0.0819851858652,0.783969934783,0
0.1615,4.5,4,0.746324690021,0.0819921986552,0.783815363905,0
0.162,4.5,4,0.746259068617,0.0819993035709,0.783661175913,0
0.1625,4.5,4,0.74619364444,0.0820065052915,0.783507383938,0
0.163,4.5,4,0.746128422093,0.0820138084962,0.783354001109,0
0.1635,4.5,4,0.746063406182,0.0820212178641,0.783201040556,0
0.164,4.5,4,0.745998601312,0.0820287380743,0.783048515409,0
0.1645,4.5,4,0.745934012086,0.082036373806,0.782896438798,0
0.165,4.5,4,0.745869643111,0.0820441297383,0.782744823853,0
0.1655,4.5,4,0.745805498989,0.0820520105505,0.782593683704,0
0.166,4.5,4,0.745741584327,0.0820600209216,0.782443031481,0
0.1665,4.5,4,0.745677903729,0.0820681655308,0.782292880313,0
0.167,4.5,4,0.745614461798,0.0820764490572,0.78214324333,0
0.1675,4.5,4,0.745551263141,0.08208487618,0.781994133663,0
0.168,4.5,4,0.745488312361,0.0820934515784,0.781845564442,0
0.1685,4.5,4,0.745425614064,0.0821021799315,0.781697548795,0
0.169,4.5,4,0.745363172853,0.0821110659184,0.781550099853,0
0.1695,4.5,4,0.745300993334,0.0821201142183,0.781403230747,0
0.17,4.5,4,0.745239080112,0.0821293295104,0.781256954605,0
0.1705,4.5,4,0.74517743779,0.0821387164737,0.781111284558,0
0.171,4.5,4,0.745116070973,0.0821482797875,0.780966233736,0
0.1715,4.5,4,0.745054984267,0.0821580241309,0.780821815268,0
0.172,4.5,4,0.744994182276,0.0821679541831,0.780678042285,0
0.1725,4.5,4,0.744933669604,0.0821780746231,0.780534927916,0
0.173,4.5,4,0.744873450856,0.0821883901302,0.780392485292,0
0.1735,4.5,4,0.744813530637,0.0821989053835,0.780250727541,0
0.174,4.5,4,0.744753913551,0.0822096250621,0.780109667795,0
0.1745,4.5,4,0.744694604204,0.0822205538452,0.779969319183,0
0.175,4.5,4,0.744635607199,0.082231696412,0.779829694834,0
0.1755,4.5,4,0.744576927141,0.0822430574415,0.779690807879,0
0.176,4.5,4,0.744518568636,0.0822546416131,0.779552671448,0
0.1765,4.5,4,0.744460536287,0.0822664536057,0.779415298671,0
0.177,4.5,4,0.7444028347,0.0822784980985,0.779278702677,0
0.1775,4.5,4,0.744345468478,0.0822907797707,0.779142896596,0
0.178,4.5,4,0.744288442227,0.0823033033015,0.779007893559,0
0.1785,4.5,4,0.744231760552,0.08231607337,0.778873706695,0
0.179,4.5,4,0.744175428056,0.0823290946553,0.778740349134,0
0.1795,4.5,4,0.744119449345,0.0823423718367,0.778607834006,0
0.18,4.5,4,0.744063829023,0.0823559095931,0.77847617444,0
0.1805,4.5,4,0.744008571695,0.0823697126039,0.778345383568,0
0.181,4.5,4,0.743953681965,0.0823837855481,0.778215474518,0
0.1815,4.5,4,0.743899164438,0.0823981331049,0.778086460421,0
0.182,4.5,4,0.74384502372,0.0824127599535,0.777958354406,0
0.1825,4.5,4,0.743791264414,0.0824276707729,0.777831169604,0
0.183,4.5,4,0.743737891125,0.0824428702424,0.777704919144,0
0.1835,4.5,4,0.743684908457,0.0824583630411,0.777579616156,0
0.184,4.5,4,0.743632321017,0.0824741538481,0.77745527377,0
0.1845,4.5,4,0.743580133407,0.0824902473427,0.777331905116,0
0.185,4.5,4,0.743528350233,0.0825066482038,0.777209523324,0
0.1855,4.5,4,0.743476976099,0.0825233611108,0.777088141524,0
0.186,4.5,4,0.74342601561,0.0825403907427,0.776967772845,0
0.1865,4.5,4,0.743375473371,0.0825577417787,0.776848430418,0
0.187,4.5,4,0.743325353986,0.082575418898,0.776730127373,0
0.1875,4.5,4,0.743275662061,0.0825934267796,0.776612876838,0
0.188,4.5,4,0.743226402199,0.0826117701028,0.776496691946,0
0.1885,4.5,4,0.743177579005,0.0826304535467,0.776381585824,0
0.189,4.5,4,0.743129197084,0.0826494817905,0.776267571603,0
0.1895,4.5,4,0.74308126104,0.0826688595132,0.776154662414,0
0.19,4.5,4,0.743033775479,0.0826885913941,0.776042871385,0
0.1905,4.5,4,0.742986745005,0.0827086821122,0.775932211647,0
0.191,4.5,4,0.742940174222,0.0827291363469,0.775822696329,0
0.1915,4.5,4,0.742894067735,0.0827499587771,0.775714338563,0
0.192,4.5,4,0.742848430149,0.082771154082,0.775607151476,0
0.1925,4.5,4,0.742803266069,0.0827927269409,0.7755011482,0
0.193,4.5,4,0.742758580099,0.0828146820328,0.775396341865,0
0.1935,4.5,4,0.742714376843,0.0828370240369,0.775292745599,0
0.194,4.5,4,0.742670660907,0.0828597576323,0.775190372534,0
0.1945,4.5,4,0.742627436895,0.0828828874983,0.775089235798,0
0.195,4.5,4,0.742584709412,0.0829064183138,0.774989348523,0
0.1955,4.5,4,0.742542483062,0.0829303547582,0.774890723837,6.59700461814e-07
0.196,4.5,4,0.74250076245,0.0829547015105,0.774793374871,2.03134618006e-05
0.1965,4.5,4,0.742459552181,0.08297946325,0.774697314754,5.04603192997e-05
0.197,4.5,4,0.742418856859,0.0830046446556,0.774602556617,8.30754344854e-05
0.1975,4.5,4,0.742378681089,0.0830302504067,0.77450911359,0.000118377373244
0.198,4.5,4,0.742339029475,0.0830562851823,0.774416998801,0.000156522055498
0.1985,4.5,4,0.742299906623,0.0830827536616,0.774326225382,0.000197772295706
0.199,4.5,4,0.742261317137,0.0831096605237,0.774236806462,0.000242305754293
0.1995,4.5,4,0.742223265621,0.0831370104479,0.774148755171,0.000290435139053
0.2,4.5,4,0.742185756681,0.0831648081132,0.774062084638,0.000342368961193
0.2005,4.5,4,0.74214879492,0.0831930581988,0.773976807995,0.000398473774615
0.201,4.5,4,0.742112384944,0.0832217653838,0.77389293837,0.000459003510971
0.2015,4.5,4,0.742076531357,0.0832509343474,0.773810488893,0.000524379887531
0.202,4.5,4,0.742041238764,0.0832805697688,0.773729472696,0.000594924260076
0.2025,4.5,4,0.74200651177,0.083310676327,0.773649902906,0.000671110994518
0.203,4.5,4,0.741972354978,0.0833412587014,0.773571792655,0.000753360827539
0.2035,4.5,4,0.741938772994,0.0833723215709,0.773495155072,0.000842193049789
0.204,4.5,4,0.741905770423,0.0834038696147,0.773420003287,0.000938168827295
0.2045,4.5,4,0.741873351869,0.0834359075121,0.77334635043,0.00104185347134
0.205,4.5,4,0.741841521936,0.083468439942,0.773274209631,0.00115397811636
0.2055,4.5,4,0.74181028523,0.0835014715838,0.77320359402,0.00127518206008
0.206,4.5,4,0.741779646355,0.0835350071166,0.773134516726,0.00140637978867
0.2065,4.5,4,0.741749609916,0.0835690512194,0.77306699088,0.00154833822603
0.207,4.5,4,0.741720180516,0.0836036085715,0.773001029611,0.00170216139402
0.2075,4.5,4,0.741691362762,0.0836386838519,0.77293664605,0.00186882247354
0.208,4.5,4,0.741663161258,0.08367428174,0.772873853326,0.00203684978956
0.2085,4.5,4,0.741635580607,0.0837104069147,0.772812664569,0.00216407410712
0.209,4.5,4,0.741608625416,0.0837470640552,0.772753092909,0.00229515679255
0.2095,4.5,4,0.741582300288,0.0837842578408,0.772695151477,0.00243686621321
0.21,4.5,4,0.741556609828,0.0838219929505,0.772638853401,0.00259015529403
0.2105,4.5,4,0.741531558641,0.0838602740635,0.772584211812,0.00275639972043
0.211,4.5,4,0.741507151332,0.0838991058589,0.772531239839,0.00293681702062
0.2115,4.5,4,0.741483392505,0.0839384930159,0.772479950613,0.00313318596861
0.212,4.5,4,0.741460286765,0.0839784402137,0.772430357264,0.00334706728112
0.2125,4.5,4,0.741437838716,0.0840189521314,0.772382472921,0.00358065786654
0.213,4.5,4,0.741416052963,0.0840600334481,0.772336310714,0.00383624970482
0.2135,4.5,4,0.741394934111,0.084101688843,0.772291883774,0.0041163703212
0.214,4.5,4,0.741374486765,0.0841439229953,0.772249205229,0.00442432429187
0.2145,4.5,4,0.741354715528,0.084186740584,0.772208288211,0.00476335459202
0.215,4.5,4,0.741335625006,0.0842301462884,0.772169145848,0.00513784445664
0.2155,4.5,4,0.741317219804,0.0842741447876,0.772131791271,0.00555221540739
0.216,4.5,4,0.741299504526,0.0843187407608,0.77209623761,0.00601235044337
0.2165,4.5,4,0.741282483776,0.084363938887,0.772062497994,0.00652447135543
0.217,4.5,4,0.741266162159,0.0844097438455,0.772030585554,0.00709624928718
0.2175,4.5,4,0.741250544281,0.0844561603154,0.772000513419,0.00773701365962
0.218,4.5,4,0.741235634745,0.0845031929758,0.77197229472,0.00845692884069
0.2185,4.5,4,0.741221438157,0.0845508465059,0.771945942585,0.00926952311801
0.219,4.5,4,0.74120795912,0.0845991255849,0.771921470146,0.0101895383489
0.2195,4.5,4,0.74119520224,0.0846480348918,0.771898890532,0.0112361688911
0.22,4.5,4,0.741183172121,0.0846975791059,0.771878216872,0.0124316748051
0.2205,4.5,4,0.741171873368,0.0847477629063,0.771859462298,0.0138039761564
0.221,4.5,4,0.741161310585,0.0847985909722,0.771842639938,0.0153876310108
0.2215,4.5,4,0.741151488378,0.0848500679826,0.771827762922,0.017224441107
0.222,4.5,4,0.741142411351,0.0849021986168,0.771814844381,0.0193694315986
0.2225,4.5,4,0.741134084108,0.0849549875539,0.771803897445,0.0218885631628
0.223,4.5,4,0.741126511254,0.085008439473,0.771794935243,0.0248704671527
0.2235,4.5,4,0.741119697393,0.0850625590533,0.771787970904,0.0277358340633
0.224,4.5,4,0.741113647132,0.085117350974,0.77178301756,0.0267422891063
0.2245,4.5,4,0.741108365073,0.0851728199142,0.77178008834,0.0201870275019
0.225,4.5,4,0.741103855822,0.085228970553,0.771779196374,0.00244512138746
0.2255,4.5,4,0.741100123983,0.0852858075696,0.771780354792,0
0.226,4.5,4,0.741097174162,0.0853433356431,0.771783576723,0
0.2265,4.5,4,0.741095010962,0.0854015594528,0.771788875298,0
0.227,4.5,4,0.741093638988,0.0854604836777,0.771796263646,0
0.2275,4.5,4,0.741093062845,0.085520112997,0.771805754898,0
0.237,3,5,0.729977016539,0.140163278143,0.792190752292,0
0.2375,3,5,0.729971927268,0.140269270241,0.792147360356,0
0.238,3,5,0.729967622886,0.140376168938,0.792105809792,0
0.2385,3,5,0.729964107996,0.140483978913,0.792066113731,0
0.239,3,5,0.729961387203,0.140592704846,0.792028285302,0
0.2395,3,5,0.729959465112,0.140702351415,0.791992337636,0
0.24,3,5,0.729958346328,0.1408129233,0.791958283863,0
0.2405,3,5,0.729958035455,0.14092442518,0.791926137111,0
0.241,3,5,0.729958537099,0.141036861733,0.791895910511,0
0.2415,3,5,0.729959855863,0.14115023764,0.791867617194,0
0.242,3,5,0.729961996352,0.141264557579,0.791841270288,0
0.2425,3,5,0.729964963171,0.14137982623,0.791816882924,0
0.2365,3.005,5,0.729992579153,0.139776672372,0.79189309117,0
0.237,3.005,5,0.729986835009,0.139881763773,0.791848730116,0
0.2375,3.005,5,0.729981871614,0.139987756975,0.791806198972,0
0.238,3.005,5,0.729977693572,0.140094656658,0.791765510868,0
0.2385,3.005,5,0.729974305488,0.1402024675,0.791726678934,0
0.239,3.005,5,0.729971711967,0.140311194182,0.791689716299,0
0.2395,3.005,5,0.729969917613,0.140420841381,0.791654636095,0
0.24,3.005,5,0.729968927031,0.140531413777,0.79162145145,0
0.2405,3.005,5,0.729968744826,0.14064291605,0.791590175494,0
0.241,3.005,5,0.729969375601,0.140755352878,0.791560821358,0
0.2415,3.005,5,0.729970823963,0.140868728941,0.791533402171,0
0.242,3.005,5,0.729973094516,0.140983048917,0.791507931063,0
0.2425,3.005,5,0.729976191863,0.141098317486,0.791484421165,0
0.243,3.005,5,0.729980120611,0.141214539327,0.791462885605,0
0.236,3.01,5,0.730009843668,0.139392252088,0.79160027145,0
0.2365,3.01,5,0.730003447719,0.139496447649,0.791554947452,0
0.237,3.01,5,0.72999782838,0.139601540213,0.791511441901,0
0.2375,3.01,5,0.729992990255,0.139707534461,0.791469767928,0
0.238,3.01,5,0.729988937948,0.13981443507,0.791429938662,0
0.2385,3.01,5,0.729985676065,0.13992224672,0.791391967233,0
0.239,3.01,5,0.729983209209,0.140030974091,0.791355866771,0
0.2395,3.01,5,0.729981541987,0.140140621861,0.791321650406,0
0.24,3.01,5,0.729980679001,0.14025119471,0.791289331269,0
0.2405,3.01,5,0.729980624857,0.140362697316,0.791258922487,0
0.241,3.01,5,0.72998138416,0.140475134359,0.791230437193,0
0.2415,3.01,5,0.729982961514,0.140588510518,0.791203888515,0
0.242,3.01,5,0.729985361523,0.140702830473,0.791179289584,0
0.2425,3.01,5,0.729988588793,0.140818098901,0.791156653529,0
0.243,3.01,5,0.729992647928,0.140934320484,0.791135993481,0
0.236,3.015,5,0.730021752959,0.13911331255,0.791265987678,0
0.2365,3.015,5,0.730015480744,0.139217509333,0.791221513894,0
0.237,3.015,5,0.730009985604,0.139322603002,0.791178860225,0
0.2375,3.015,5,0.730005272143,0.139428598235,0.791138039801,0
0.238,3.015,5,0.730001344965,0.139535499712,0.791099065751,0
0.2385,3.015,5,0.729998208677,0.139643312111,0.791061951206,0
0.239,3.015,5,0.729995867881,0.139752040112,0.791026709296,0
0.2395,3.015,5,0.729994327184,0.139861688393,0.790993353149,0
0.24,3.015,5,0.729993591188,0.139972261635,0.790961895897,0
0.2405,3.015,5,0.7299936645,0.140083764516,0.790932350669,0
0.241,3.015,5,0.729994551724,0.140196201715,0.790904730595,0
0.2415,3.015,5,0.729996257464,0.140309577912,0.790879048804,0
0.242,3.015,5,0.729998786325,0.140423897785,0.790855318428,0
0.2425,3.015,5,0.730002142912,0.140539166014,0.790833552595,0
0.243,3.015,5,0.730006331829,0.140655387278,0.790813764436,0
0.2355,3.02,5,0.730041738286,0.138732349156,0.790981826109,0
0.236,3.02,5,0.730034816264,0.138835655016,0.790936390266,0
0.2365,3.02,5,0.730028667177,0.138939852964,0.790892763075,0
0.237,3.02,5,0.73002329563,0.139044947678,0.790850957667,0
0.2375,3.02,5,0.730018706227,0.139150943838,0.79081098717,0
0.238,3.02,5,0.730014903574,0.139257846122,0.790772864715,0
0.2385,3.02,5,0.730011892274,0.139365659211,0.790736603432,0
0.239,3.02,5,0.730009676933,0.139474387783,0.790702216451,0
0.2395,3.02,5,0.730008262155,0.139584036517,0.790669716901,0
0.24,3.02,5,0.730007652544,0.139694610092,0.790639117913,0
0.2405,3.02,5,0.730007852706,0.139806113188,0.790610432617,0
0.241,3.02,5,0.730008867245,0.139918550484,0.790583674141,0
0.2415,3.02,5,0.730010700766,0.140031926659,0.790558855617,0
0.242,3.02,5,0.730013357873,0.140146246392,0.790535990174,0
0.2425,3.02,5,0.730016843171,0.140261514362,0.790515090941,0
0.243,3.02,5,0.730021161264,0.140377735248,0.79049617105,0
0.235,3.025,5,0.73006339126,0.138353548149,0.79070243806,0
0.2355,3.025,5,0.730055822499,0.138455967943,0.790656046331,0
0.236,3.025,5,0.730049022534,0.138559275026,0.790611451792,0
0.2365,3.025,5,0.730042995969,0.138663474078,0.790568667573,0
0.237,3.025,5,0.73003774741,0.138768569778,0.790527706803,0
0.2375,3.025,5,0.73003328146,0.138874566805,0.790488582613,0
0.238,3.025,5,0.730029602724,0.138981469839,0.790451308131,0
0.2385,3.025,5,0.730026715808,0.139089283558,0.790415896489,0
0.239,3.025,5,0.730024625315,0.139198012642,0.790382360816,0
0.2395,3.025,5,0.730023335851,0.139307661769,0.790350714241,0
0.24,3.025,5,0.730022852019,0.139418235619,0.790320969896,0
0.2405,3.025,5,0.730023178425,0.139529738871,0.790293140909,0
0.241,3.025,5,0.730024319674,0.139642176205,0.79026724041,0
0.2415,3.025,5,0.730026280369,0.139755552299,0.79024328153,0
0.242,3.025,5,0.730029065116,0.139869871832,0.790221277399,0
0.2425,3.025,5,0.730032678519,0.139985139484,0.790201241146,0
0.243,3.025,5,0.730037125183,0.140101359934,0.790183185901,0
0.2345,3.03,5,0.730086699441,0.13797690021,0.790427798845,0
0.235,3.03,5,0.730078487009,0.138078438794,0.790380457405,0
0.2355,3.03,5,0.730071039234,0.13818085987,0.790334901692,0
0.236,3.03,5,0.73006436072,0.138284168117,0.790291144836,0
0.2365,3.03,5,0.730058456072,0.138388368215,0.790249199966,0
0.237,3.03,5,0.730053329894,0.138493464842,0.790209080214,0
0.2375,3.03,5,0.730048986791,0.138599462677,0.790170798707,0
0.238,3.03,5,0.730045431367,0.138706366401,0.790134368578,0
0.2385,3.03,5,0.730042668228,0.138814180691,0.790099802955,0
0.239,3.03,5,0.730040701978,0.138922910227,0.790067114968,0
0.2395,3.03,5,0.730039537222,0.139032559688,0.790036317747,0
0.24,3.03,5,0.730039178563,0.139143133754,0.790007424422,0
0.2405,3.03,5,0.730039630608,0.139254637103,0.789980448123,0
0.241,3.03,5,0.73004089796,0.139367074415,0.789955401981,0
0.2415,3.03,5,0.730042985224,0.139480450369,0.789932299123,0
0.242,3.03,5,0.730045897005,0.139594769643,0.789911152682,0
0.2425,3.03,5,0.730049637908,0.139710036918,0.789891975786,0
0.243,3.03,5,0.730054212537,0.139826256872,0.789874781566,0
0.2345,3.035,5,0.730102797352,0.137703058251,0.790109598802,0
0.235,3.035,5,0.730094704836,0.137804598177,0.790063088088,0
0.2355,3.035,5,0.730087377441,0.137907020477,0.790018364769,0
0.236,3.035,5,0.730080819772,0.138010329829,0.789975441974,0
0.2365,3.035,5,0.730075036434,0.138114530912,0.789934332833,0
0.237,3.035,5,0.730070032032,0.138219628407,0.789895050475,0
0.2375,3.035,5,0.73006581117,0.138325626991,0.789857608032,0
0.238,3.035,5,0.730062378453,0.138432531345,0.789822018633,0
0.2385,3.035,5,0.730059738486,0.138540346147,0.789788295407,0
0.239,3.035,5,0.730057895873,0.138649076077,0.789756451485,0
0.2395,3.035,5,0.730056855218,0.138758725813,0.789726499996,0
0.24,3.035,5,0.730056621128,0.138869300035,0.789698454071,0
0.2405,3.035,5,0.730057198205,0.138980803422,0.789672326839,0
0.241,3.035,5,0.730058591055,0.139093240653,0.78964813143,0
0.2415,3.035,5,0.730060804282,0.139206616407,0.789625880974,0
0.242,3.035,5,0.730063842492,0.139320935364,0.789605588601,0
0.2425,3.035,5,0.730067710288,0.139436202202,0.789587267441,0
0.243,3.035,5,0.730072412276,0.139552421601,0.789570930624,0
0.234,3.04,5,0.730128741088,0.137329816995,0.789843445837,0
0.2345,3.04,5,0.730120006898,0.137430480628,0.789795986296,0
0.235,3.04,5,0.730112033691,0.137532021837,0.789750302687,0
0.2355,3.04,5,0.73010482607,0.1376344453,0.78970640814,0
0.236,3.04,5,0.730098388641,0.137737755698,0.789664315785,0
0.2365,3.04,5,0.730092726008,0.137841957708,0.78962403875,0
0.237,3.04,5,0.730087842776,0.137947056011,0.789585590167,0
0.2375,3.04,5,0.73008374355,0.138053055286,0.789548983165,0
0.238,3.04,5,0.730080432933,0.138159960211,0.789514230875,0
0.2385,3.04,5,0.730077915532,0.138267775466,0.789481346425,0
0.239,3.04,5,0.73007619595,0.13837650573,0.789450342946,0
0.2395,3.04,5,0.730075278792,0.138486155682,0.789421233568,0
0.24,3.04,5,0.730075168663,0.138596730001,0.78939403142,0
0.2405,3.04,5,0.730075870167,0.138708233366,0.789368749633,0
0.241,3.04,5,0.730077387909,0.138820670457,0.789345401337,0
0.2415,3.04,5,0.730079726494,0.138934045953,0.789323999661,0
0.242,3.04,5,0.730082890526,0.139048364533,0.789304557735,0
0.2425,3.04,5,0.730086884611,0.139163630875,0.789287088689,0
0.243,3.04,5,0.730091713352,0.13927984966,0.789271605654,0
0.2335,3.045,5,0.730156305775,0.136958705707,0.789581973824,0
0.234,3.045,5,0.73014693298,0.137058497904,0.789533571631,0
0.2345,3.045,5,0.730138317029,0.137159162879,0.789486933906,0
0.235,3.045,5,0.730130462525,0.137260705311,0.789442073781,0
0.2355,3.045,5,0.730123374072,0.137363129879,0.789399004384,0
0.236,3.045,5,0.730117056277,0.137466441263,0.789357738847,0
0.2365,3.045,5,0.730111513743,0.137570644142,0.789318290297,0
0.237,3.045,5,0.730106751076,0.137675743194,0.789280671867,0
0.2375,3.045,5,0.730102772879,0.137781743099,0.789244896685,0
0.238,3.045,5,0.730099583757,0.137888648537,0.789210977881,0
0.2385,3.045,5,0.730097188316,0.137996464185,0.789178928586,0
0.239,3.045,5,0.730095591159,0.138105194724,0.789148761928,0
0.2395,3.045,5,0.730094796892,0.138214844832,0.789120491039,0
0.24,3.045,5,0.730094810119,0.138325419189,0.789094129048,0
0.2405,3.045,5,0.730095635444,0.138436922474,0.789069689085,0
0.241,3.045,5,0.730097277473,0.138549359366,0.789047184279,0
0.2415,3.045,5,0.730099740809,0.138662734544,0.789026627761,0
0.242,3.045,5,0.730103030059,0.138777052687,0.789008032661,0
0.2425,3.045,5,0.730107149825,0.138892318475,0.788991412108,0
0.243,3.045,5,0.730112104714,0.139008536586,0.788976779232,0
0.233,3.05,5,0.730185478973,0.136589715068,0.78932515808,0
0.2335,3.05,5,0.730175470642,0.136688640686,0.789275819407,0
0.234,3.05,5,0.730166215014,0.136788434284,0.789228233741,0
0.2345,3.05,5,0.730157716695,0.136889100542,0.789182414211,0
0.235,3.05,5,0.730149980288,0.136990644138,0.789138373947,0
0.2355,3.05,5,0.730143010399,0.137093069752,0.789096126079,0
0.236,3.05,5,0.730136811631,0.137196382063,0.789055683738,0
0.2365,3.05,5,0.730131388591,0.137300585751,0.789017060052,0
0.237,3.05,5,0.730126745882,0.137405685493,0.788980268153,0
0.2375,3.05,5,0.730122888109,0.13751168597,0.788945321169,0
0.238,3.05,5,0.730119819877,0.13761859186,0.788912232231,0
0.2385,3.05,5,0.73011754579,0.137726407843,0.788881014468,0
0.239,3.05,5,0.730116070452,0.137835138597,0.788851681011,0
0.2395,3.05,5,0.73011539847,0.137944788803,0.788824244989,0
0.24,3.05,5,0.730115534447,0.138055363139,0.788798719533,0
0.2405,3.05,5,0.730116482988,0.138166866284,0.788775117771,0
0.241,3.05,5,0.730118248697,0.138279302917,0.788753452835,0
0.2415,3.05,5,0.730120836179,0.138392677718,0.788733737853,0
0.242,3.05,5,0.73012425004,0.138506995366,0.788715985957,0
0.2425,3.05,5,0.730128494883,0.13862226054,0.788700210275,0
0.243,3.05,5,0.730133575313,0.138738477918,0.788686423938,0
0.233,3.055,5,0.73020560744,0.136320899655,0.789022704939,0
0.2335,3.055,5,0.730195715205,0.136419826733,0.788974177505,0
0.234,3.055,5,0.730186576139,0.136519621674,0.788927404744,0
0.2345,3.055,5,0.730178194846,0.136620289155,0.788882399787,0
0.235,3.055,5,0.730170575931,0.136721833857,0.788839175763,0
0.2355,3.055,5,0.730163723999,0.136824260457,0.788797745803,0
0.236,3.055,5,0.730157643654,0.136927573636,0.788758123037,0
0.2365,3.055,5,0.730152339501,0.137031778073,0.788720320593,0
0.237,3.055,5,0.730147816145,0.137136878446,0.788684351603,0
0.2375,3.055,5,0.73014407819,0.137242879435,0.788650229196,0
0.238,3.055,5,0.730141130241,0.137349785719,0.788617966501,0
0.2385,3.055,5,0.730138976903,0.137457601977,0.78858757665,0
0.239,3.055,5,0.73013762278,0.137566332888,0.788559072771,0
0.2395,3.055,5,0.730137072476,0.137675983132,0.788532467995,0
0.24,3.055,5,0.730137330597,0.137786557388,0.788507775452,0
0.2405,3.055,5,0.730138401748,0.137898060334,0.788485008271,0
0.241,3.055,5,0.730140290532,0.138010496649,0.788464179582,0
0.2415,3.055,5,0.730143001555,0.138123871014,0.788445302516,0
0.242,3.055,5,0.730146539421,0.138238188107,0.788428390202,0
0.2425,3.055,5,0.730150908734,0.138353452608,0.78841345577,0
0.243,3.055,5,0.7301561141,0.138469669194,0.78840051235,0
0.2325,3.06,5,0.730237330936,0.135955265491,0.788774203543,0
0.233,3.06,5,0.730226805162,0.136053330908,0.788724740514,0
0.2335,3.06,5,0.730217028417,0.136152259388,0.788677020696,0
0.234,3.06,5,0.730208005307,0.136252055611,0.788631057219,0
0.2345,3.06,5,0.730199740434,0.136352724257,0.788586863214,0
0.235,3.06,5,0.730192238406,0.136454270005,0.788544451809,0
0.2355,3.06,5,0.730185503825,0.136556697533,0.788503836134,0
0.236,3.06,5,0.730179541296,0.13666001152,0.788465029321,0
0.2365,3.06,5,0.730174355425,0.136764216647,0.788428044498,0
0.237,3.06,5,0.730169950816,0.136869317592,0.788392894795,0
0.2375,3.06,5,0.730166332074,0.136975319034,0.788359593343,0
0.238,3.06,5,0.730163503802,0.137082225653,0.788328153271,0
0.2385,3.06,5,0.730161470606,0.137190042127,0.78829858771,0
0.239,3.06,5,0.730160237091,0.137298773136,0.788270909788,0
0.2395,3.06,5,0.730159807861,0.137408423358,0.788245132636,0
0.24,3.06,5,0.730160187521,0.137518997474,0.788221269385,0
0.2405,3.06,5,0.730161380675,0.137630500162,0.788199333162,0
0.241,3.06,5,0.730163391929,0.137742936101,0.7881793371,0
0.2415,3.06,5,0.730166225886,0.13785630997,0.788161294327,0
0.242,3.06,5,0.730169887151,0.137970626449,0.788145217974,0
0.2425,3.06,5,0.73017438033,0.138085890217,0.78813112117,0
0.243,3.06,5,0.730179710026,0.138202105953,0.788119017045,0
0.232,3.065,5,0.730270628688,0.135591728877,0.788530290532,0
0.2325,3.065,5,0.730259472443,0.135688937488,0.788479898083,0
0.233,3.065,5,0.730249061088,0.135787004365,0.788431237381,0
0.2335,3.065,5,0.730239399228,0.135885934188,0.788384321559,0
0.234,3.065,5,0.730230491467,0.135985731635,0.788339163744,0
0.2345,3.065,5,0.73022234241,0.136086401386,0.788295777068,0
0.235,3.065,5,0.730214956661,0.13618794812,0.788254174661,0
0.2355,3.065,5,0.730208338826,0.136290376516,0.788214369651,0
0.236,3.065,5,0.730202493508,0.136393691254,0.788176375169,0
0.2365,3.065,5,0.730197425313,0.136497897011,0.788140204345,0
0.237,3.065,5,0.730193138845,0.136602998469,0.788105870309,0
0.2375,3.065,5,0.730189638709,0.136709000305,0.78807338619,0
0.238,3.065,5,0.73018692951,0.136815907199,0.788042765119,0
0.2385,3.065,5,0.730185015851,0.13692372383,0.788014020225,0
0.239,3.065,5,0.730183902338,0.137032454877,0.787987164639,0
0.2395,3.065,5,0.730183593576,0.137142105019,0.78796221149,0
0.24,3.065,5,0.730184094168,0.137252678936,0.787939173908,0
0.2405,3.065,5,0.730185408721,0.137364181306,0.787918065023,0
0.241,3.065,5,0.730187541837,0.137476616809,0.787898897966,0
0.2415,3.065,5,0.730190498123,0.137589990124,0.787881685865,0
0.242,3.065,5,0.730194282182,0.13770430593,0.787866441851,0
0.2425,3.065,5,0.73019889862,0.137819568907,0.787853179053,0
0.243,3.065,5,0.730204352041,0.137935783732,0.787841910602,0
0.232,3.07,5,0.730293704607,0.135326637155,0.788239625526,0
0.2325,3.07,5,0.730282661711,0.135423847286,0.788190030115,0
0.233,3.07,5,0.730272364169,0.135521915565,0.78814216812,0
0.2335,3.07,5,0.730262816588,0.135620846671,0.788096052671,0
0.234,3.07,5,0.730254023571,0.135720645283,0.788051696898,0
0.2345,3.07,5,0.730245989723,0.13582131608,0.78800911393,0
0.235,3.07,5,0.730238719649,0.135922863742,0.787968316898,0
0.2355,3.07,5,0.730232217953,0.136025292947,0.78792931893,0
0.236,3.07,5,0.730226489241,0.136128608374,0.787892133159,0
0.2365,3.07,5,0.730221538116,0.136232814704,0.787856772712,0
0.237,3.07,5,0.730217369183,0.136337916615,0.78782325072,0
0.2375,3.07,5,0.730213987048,0.136443918786,0.787791580314,0
0.238,3.07,5,0.730211396314,0.136550825896,0.787761774622,0
0.2385,3.07,5,0.730209601587,0.136658642624,0.787733846775,0
0.239,3.07,5,0.730208607471,0.13676737365,0.787707809903,0
0.2395,3.07,5,0.73020841857,0.136877023653,0.787683677135,0
0.24,3.07,5,0.73020903949,0.136987597312,0.787661461601,0
0.2405,3.07,5,0.730210474835,0.137099099306,0.787641176432,0
0.241,3.07,5,0.730212729209,0.137211534314,0.787622834758,0
0.2415,3.07,5,0.730215807218,0.137324907015,0.787606449707,0
0.242,3.07,5,0.730219713465,0.137439222089,0.78759203441,0
0.2425,3.07,5,0.730224452556,0.137554484214,0.787579601998,0
0.243,3.07,5,0.730230029095,0.137670698071,0.787569165599,0
0.2315,3.075,5,0.730329489214,0.13496642059,0.788003898158,0
0.232,3.075,5,0.730317817844,0.135062778832,0.787953374212,0
0.2325,3.075,5,0.73030688769,0.135159990424,0.787904572219,0
0.233,3.075,5,0.730296703356,0.135258060046,0.787857505308,0
0.2335,3.075,5,0.730287269447,0.135356992376,0.787812186611,0
0.234,3.075,5,0.730278590569,0.135456792093,0.787768629257,0
0.2345,3.075,5,0.730270671324,0.135557463877,0.787726846376,0
0.235,3.075,5,0.730263516319,0.135659012407,0.787686851098,0
0.2355,3.075,5,0.730257130157,0.135761442362,0.787648656552,0
0.236,3.075,5,0.730251517444,0.135864758421,0.787612275868,0
0.2365,3.075,5,0.730246682784,0.135968965263,0.787577722178,0
0.237,3.075,5,0.730242630781,0.136074067568,0.787545008609,0
0.2375,3.075,5,0.730239366041,0.136180070015,0.787514148293,0
0.238,3.075,5,0.730236893167,0.136286977282,0.787485154359,0
0.2385,3.075,5,0.730235216766,0.136394794049,0.787458039937,0
0.239,3.075,5,0.73023434144,0.136503524995,0.787432818157,0
0.2395,3.075,5,0.730234271796,0.136613174799,0.787409502148,0
0.24,3.075,5,0.730235012437,0.13672374814,0.787388105042,0
0.2405,3.075,5,0.730236567968,0.136835249698,0.787368639967,0
0.241,3.075,5,0.730238942994,0.136947684152,0.787351120054,0
0.2415,3.075,5,0.73024214212,0.13706105618,0.787335558432,0
0.242,3.075,5,0.730246169949,0.137175370463,0.787321968231,0
0.2425,3.075,5,0.730251031088,0.137290631678,0.787310362582,0
0.243,3.075,5,0.73025673014,0.137406844506,0.787300754614,0
0.2315,3.08,5,0.730354517047,0.134703789684,0.787721244986,0
0.232,3.08,5,0.730342957348,0.134800149447,0.787671509168,0
0.2325,3.08,5,0.730332139331,0.134897362441,0.787623496971,0
0.233,3.08,5,0.730322067599,0.134995433346,0.787577221524,0
0.2335,3.08,5,0.730312746757,0.135094366841,0.787532695958,0
0.234,3.08,5,0.730304181411,0.135194167604,0.787489933401,0
0.2345,3.08,5,0.730296376164,0.135294840316,0.787448946985,0
0.235,3.08,5,0.730289335622,0.135396389655,0.787409749839,0
0.2355,3.08,5,0.730283064388,0.135498820301,0.787372355093,0
0.236,3.08,5,0.730277567069,0.135602136932,0.787336775876,0
0.2365,3.08,5,0.730272848267,0.135706344228,0.78730302532,0
0.237,3.08,5,0.730268912588,0.135811446867,0.787271116553,0
0.2375,3.08,5,0.730265764637,0.13591744953,0.787241062705,0
0.238,3.08,5,0.730263409019,0.136024356895,0.787212876907,0
0.2385,3.08,5,0.730261850337,0.136132173641,0.787186572289,0
0.239,3.08,5,0.730261093196,0.136240904448,0.78716216198,0
0.2395,3.08,5,0.730261142202,0.136350553994,0.787139659109,0
0.24,3.08,5,0.730262001959,0.136461126959,0.787119076808,0
0.2405,3.08,5,0.730263677071,0.136572628022,0.787100428206,0
0.241,3.08,5,0.730266172143,0.136685061862,0.787083726432,0
0.2415,3.08,5,0.73026949178,0.136798433159,0.787068984618,0
0.242,3.08,5,0.730273640586,0.13691274659,0.787056215892,0
0.2425,3.08,5,0.730278623166,0.137028006837,0.787045433384,0
0.243,3.08,5,0.730284444126,0.137144218576,0.787036650225,0
0.231,3.085,5,0.730392746878,0.134346870524,0.787493617754,0
0.2315,3.085,5,0.730380560704,0.134442383314,0.787442954285,0
0.232,3.085,5,0.730369112071,0.134538744538,0.787394002974,0
0.2325,3.085,5,0.730358405584,0.134635958875,0.787346776951,0
0.233,3.085,5,0.730348445849,0.134734031004,0.787301289346,0
0.2335,3.085,5,0.730339237469,0.134832965604,0.787257553288,0
0.234,3.085,5,0.730330785049,0.134932767355,0.787215581908,0
0.2345,3.085,5,0.730323093194,0.135033440935,0.787175388335,0
0.235,3.085,5,0.730316166509,0.135134991024,0.7871369857,0
0.2355,3.085,5,0.730310009598,0.135237422301,0.787100387132,0
0.236,3.085,5,0.730304627066,0.135340739445,0.787065605761,0
0.2365,3.085,5,0.730300023517,0.135444947135,0.787032654717,0
0.237,3.085,5,0.730296203557,0.13555005005,0.78700154713,0
0.2375,3.085,5,0.730293171789,0.13565605287,0.78697229613,0
0.238,3.085,5,0.730290932819,0.135762960274,0.786944914846,0
0.2385,3.085,5,0.730289491251,0.13587077694,0.78691941641,0
0.239,3.085,5,0.73028885169,0.135979507548,0.786895813949,0
0.2395,3.085,5,0.73028901874,0.136089156777,0.786874120596,0
0.24,3.085,5,0.730289997007,0.136199729307,0.786854349478,0
0.2405,3.085,5,0.730291791094,0.136311229816,0.786836513727,0
0.241,3.085,5,0.730294405606,0.136423662983,0.786820626472,0
0.2415,3.085,5,0.730297845149,0.136537033488,0.786806700843,0
0.242,3.085,5,0.730302114326,0.13665134601,0.78679474997,0
0.2425,3.085,5,0.730307217742,0.136766605228,0.786784786983,0
0.243,3.085,5,0.730313160003,0.136882815821,0.786776825011,0
0.2305,3.09,5,0.730432494898,0.133992012031,0.787270467829,0
0.231,3.09,5,0.730419685315,0.134086682706,0.787218882883,0
0.2315,3.09,5,0.730407609135,0.134182197017,0.787168998632,0
0.232,3.09,5,0.730396270962,0.134278559643,0.787120828206,0
0.2325,3.09,5,0.730385675401,0.134375775263,0.787074384736,0
0.233,3.09,5,0.730375827056,0.134473848557,0.787029681351,0
0.2335,3.09,5,0.730366730531,0.134572784204,0.78698673118,0
0.234,3.09,5,0.730358390432,0.134672586882,0.786945547355,0
0.2345,3.09,5,0.730350811364,0.134773261272,0.786906143004,0
0.235,3.09,5,0.73034399793,0.134874812052,0.786868531258,0
0.2355,3.09,5,0.730337954736,0.134977243901,0.786832725247,0
0.236,3.09,5,0.730332686386,0.135080561498,0.786798738099,0
0.2365,3.09,5,0.730328197484,0.135184769524,0.786766582947,0
0.237,3.09,5,0.730324492636,0.135289872656,0.786736272918,0
0.2375,3.09,5,0.730321576446,0.135395875573,0.786707821144,0
0.238,3.09,5,0.730319453519,0.135502782956,0.786681240753,0
0.2385,3.09,5,0.73031812846,0.135610599483,0.786656544877,0
0.239,3.09,5,0.730317605872,0.135719329834,0.786633746644,0
0.2395,3.09,5,0.730317890361,0.135828978687,0.786612859185,0
0.24,3.09,5,0.730318986531,0.135939550722,0.78659389563,0
0.2405,3.09,5,0.730320898988,0.136051050617,0.786576869108,0
0.241,3.09,5,0.730323632335,0.136163483052,0.78656179275,0
0.2415,3.09,5,0.730327191177,0.136276852707,0.786548679685,0
0.242,3.09,5,0.730331580119,0.13639116426,0.786537543044,0
0.2425,3.09,5,0.730336803766,0.13650642239,0.786528395955,0
0.243,3.09,5,0.730342866722,0.136622631777,0.78652125155,0
0.2305,3.095,5,0.730460318742,0.133733038304,0.786999270276,0
0.231,3.095,5,0.730447618083,0.133827710559,0.78694845926,0
0.2315,3.095,5,0.730435651292,0.133923226331,0.786899350606,0
0.232,3.095,5,0.730424422973,0.1340195903,0.786851957444,0
0.2325,3.095,5,0.730413937731,0.134116807145,0.786806292905,0
0.233,3.095,5,0.730404200171,0.134214881544,0.786762370118,0
0.2335,3.095,5,0.730395214896,0.134313818178,0.786720202213,0
0.234,3.095,5,0.730386986513,0.134413621726,0.786679802321,0
0.2345,3.095,5,0.730379519624,0.134514296865,0.786641183571,0
0.235,3.095,5,0.730372818836,0.134615848277,0.786604359092,0
0.2355,3.095,5,0.730366888753,0.134718280639,0.786569342016,0
0.236,3.095,5,0.730361733979,0.134821598631,0.786536145471,0
0.2365,3.095,5,0.730357359119,0.134925806932,0.786504782587,0
0.237,3.095,5,0.730353768778,0.135030910221,0.786475266496,0
0.2375,3.095,5,0.73035096756,0.135136913178,0.786447610326,0
0.238,3.095,5,0.73034896007,0.135243820481,0.786421827207,0
0.2385,3.095,5,0.730347750913,0.13535163681,0.786397930269,0
0.239,3.095,5,0.730347344693,0.135460366843,0.786375932642,0
0.2395,3.095,5,0.730347746015,0.135570015261,0.786355847457,0
0.24,3.095,5,0.730348959483,0.135680586742,0.786337687842,0
0.2405,3.095,5,0.730350989703,0.135792085964,0.786321466928,0
0.241,3.095,5,0.730353841279,0.135904517609,0.786307197845,0
0.2415,3.095,5,0.730357518815,0.136017886354,0.786294893723,0
0.242,3.095,5,0.730362026917,0.136132196878,0.786284567691,0
0.2425,3.095,5,0.730367370188,0.136247453862,0.78627623288,0
0.243,3.095,5,0.730373553234,0.136363661983,0.786269902419,0
0.23,3.1,5,0.730502448543,0.133381440789,0.786784091781,0
0.2305,3.1,5,0.730489126474,0.133475275845,0.786732360172,0
0.231,3.1,5,0.730476534133,0.13356994962,0.786682319463,0
0.2315,3.1,5,0.730464676125,0.133665466795,0.786633982784,0
0.232,3.1,5,0.730453557055,0.133761832048,0.786587363265,0
0.2325,3.1,5,0.730443181526,0.133859050058,0.786542474035,0
0.233,3.1,5,0.730433554144,0.133957125504,0.786499328225,0
0.2335,3.1,5,0.730424679514,0.134056063066,0.786457938965,0
0.234,3.1,5,0.73041656224,0.134155867423,0.786418319384,0
0.2345,3.1,5,0.730409206926,0.134256543253,0.786380482613,0
0.235,3.1,5,0.730402618178,0.134358095237,0.78634444178,0
0.2355,3.1,5,0.7303968006,0.134460528053,0.786310210017,0
0.236,3.1,5,0.730391758796,0.13456384638,0.786277800453,0
0.2365,3.1,5,0.730387497372,0.134668054898,0.786247226218,0
0.237,3.1,5,0.730384020932,0.134773158285,0.786218500441,0
0.2375,3.1,5,0.73038133408,0.134879161222,0.786191636253,0
0.238,3.1,5,0.730379441421,0.134986068386,0.786166646784,0
0.2385,3.1,5,0.730378347561,0.135093884457,0.786143545164,0
0.239,3.1,5,0.730378057103,0.135202614115,0.786122344522,0
0.2395,3.1,5,0.730378574652,0.135312262038,0.786103057988,0
0.24,3.1,5,0.730379904813,0.135422832905,0.786085698693,0
0.2405,3.1,5,0.730382052191,0.135534331396,0.786070279765,0
0.241,3.1,5,0.730385021389,0.13564676219,0.786056814336,0
0.2415,3.1,5,0.730388817014,0.135760129966,0.786045315534,0
0.242,3.1,5,0.730393443669,0.135874439403,0.786035796491,0
0.2425,3.1,5,0.730398905959,0.135989695181,0.786028270335,0
0.243,3.1,5,0.730405208489,0.136105901978,0.786022750197,0
0.2295,3.105,5,0.730546062277,0.133031880843,0.786573322712,0
0.23,3.105,5,0.730532121866,0.133124883556,0.786520676684,0
0.2305,3.105,5,0.730518907044,0.133218720192,0.786469710094,0
0.231,3.105,5,0.730506422415,0.133313395429,0.786420436071,0
0.2315,3.105,5,0.730494672585,0.133408913947,0.786372867745,0
0.232,3.105,5,0.730483662156,0.133505280424,0.786327018247,0
0.2325,3.105,5,0.730473395736,0.13360249954,0.786282900705,0
0.233,3.105,5,0.730463877927,0.133700575974,0.786240528251,0
0.2335,3.105,5,0.730455113335,0.133799514405,0.786199914013,0
0.234,3.105,5,0.730447106565,0.133899319512,0.786161071122,0
0.2345,3.105,5,0.73043986222,0.133999995974,0.786124012708,0
0.235,3.105,5,0.730433384906,0.134101548471,0.7860887519,0
0.2355,3.105,5,0.730427679227,0.134203981682,0.786055301829,0
0.236,3.105,5,0.730422749788,0.134307300285,0.786023675624,0
0.2365,3.105,5,0.730418601194,0.13441150896,0.785993886415,0
0.237,3.105,5,0.730415238048,0.134516612387,0.785965947332,0
0.2375,3.105,5,0.730412664957,0.134622615243,0.785939871506,0
0.238,3.105,5,0.730410886524,0.134729522209,0.785915672065,0
0.2385,3.105,5,0.730409907355,0.134837337964,0.78589336214,0
0.239,3.105,5,0.730409732053,0.134946067186,0.785872954861,0
0.2395,3.105,5,0.730410365224,0.135055714555,0.785854463357,0
0.24,3.105,5,0.730411811471,0.13516628475,0.785837900759,0
0.2405,3.105,5,0.730414075401,0.135277782451,0.785823280197,0
0.241,3.105,5,0.730417161617,0.135390212335,0.785810614799,0
0.2415,3.105,5,0.730421074724,0.135503579083,0.785799917697,0
0.242,3.105,5,0.730425819327,0.135617887374,0.78579120202,0
0.2425,3.105,5,0.73043140003,0.135733141886,0.785784480899,0
0.243,3.105,5,0.730437821438,0.135849347299,0.785779767462,0
0.2295,3.11,5,0.730576591819,0.132776524374,0.78631338411,0
0.23,3.11,5,0.730562757584,0.132869528727,0.786261497813,0
0.2305,3.11,5,0.730549649403,0.132963366884,0.78621129262,0
0.231,3.11,5,0.73053727188,0.133058043524,0.786162781662,0
0.2315,3.11,5,0.730525629621,0.133153563325,0.786115978068,0
0.232,3.11,5,0.73051472723,0.133249930968,0.786070894969,0
0.2325,3.11,5,0.730504569311,0.133347151131,0.786027545494,0
0.233,3.11,5,0.73049516047,0.133445228493,0.785985942773,0
0.2335,3.11,5,0.73048650531,0.133544167733,0.785946099936,0
0.234,3.11,5,0.730478608438,0.133643973531,0.785908030114,0
0.2345,3.11,5,0.730471474456,0.133744650566,0.785871746435,0
0.235,3.11,5,0.73046510797,0.133846203517,0.78583726203,0
0.2355,3.11,5,0.730459513585,0.133948637063,0.785804590029,0
0.236,3.11,5,0.730454695905,0.134051955883,0.785773743562,0
0.2365,3.11,5,0.730450659535,0.134156164657,0.785744735758,0
0.237,3.11,5,0.730447409079,0.134261268063,0.785717579747,0
0.2375,3.11,5,0.730444949142,0.134367270781,0.78569228866,0
0.238,3.11,5,0.73044328433,0.134474177489,0.785668875626,0
0.2385,3.11,5,0.730442419245,0.134581992868,0.785647353775,0
0.239,3.11,5,0.730442358494,0.134690721596,0.785627736237,0
0.2395,3.11,5,0.73044310668,0.134800368352,0.785610036143,0
0.24,3.11,5,0.730444668409,0.134910937816,0.785594266621,0
0.2405,3.11,5,0.730447048285,0.135022434666,0.785580440801,0
0.241,3.11,5,0.730450250912,0.135134863582,0.785568571814,0
0.2415,3.11,5,0.730454280896,0.135248229242,0.78555867279,0
0.242,3.11,5,0.73045914284,0.135362536327,0.785550756858,0
0.2425,3.11,5,0.730464841351,0.135477789515,0.785544837149,0
0.243,3.11,5,0.730471381031,0.135593993485,0.785540926792,0
0.229,3.115,5,0.730622523891,0.132430188979,0.786110457766,0
0.2295,3.115,5,0.730608073311,0.132522365907,0.786057657935,0
0.23,3.115,5,0.730594344646,0.132615371841,0.786006527745,0
0.2305,3.115,5,0.7305813425,0.132709211459,0.785957080328,0
0.231,3.115,5,0.730569071478,0.132803889442,0.785909328813,0
0.2315,3.115,5,0.730557536185,0.132899410468,0.78586328633,0
0.232,3.115,5,0.730546741225,0.132995779217,0.785818966008,0
0.2325,3.115,5,0.730536691203,0.133093000367,0.785776380978,0
0.233,3.115,5,0.730527390723,0.133191078598,0.78573554437,0
0.2335,3.115,5,0.73051884439,0.133290018589,0.785696469313,0
0.234,3.115,5,0.73051105681,0.133389825019,0.785659168937,0
0.2345,3.115,5,0.730504032585,0.133490502568,0.785623656372,0
0.235,3.115,5,0.730497776322,0.133592055913,0.785589944749,0
0.2355,3.115,5,0.730492292625,0.133694489735,0.785558047197,0
0.236,3.115,5,0.730487586098,0.133797808713,0.785527976845,0
0.2365,3.115,5,0.730483661346,0.133902017526,0.785499746824,0
0.237,3.115,5,0.730480522974,0.134007120853,0.785473370264,0
0.2375,3.115,5,0.730478175586,0.134113123373,0.785448860295,0
0.238,3.115,5,0.730476623788,0.134220029765,0.785426230046,0
0.2385,3.115,5,0.730475872182,0.134327844708,0.785405492648,0
0.239,3.115,5,0.730475925376,0.134436572882,0.78538666123,0
0.2395,3.115,5,0.730476787972,0.134546218966,0.785369748922,0
0.24,3.115,5,0.730478464576,0.134656787639,0.785354768854,0
0.2405,3.115,5,0.730480959792,0.13476828358,0.785341734157,0
0.241,3.115,5,0.730484278225,0.134880711468,0.785330657959,0
0.2415,3.115,5,0.73048842448,0.134994075982,0.785321553391,0
0.242,3.115,5,0.730493403161,0.135108381802,0.785314433583,0
0.2425,3.115,5,0.730499218873,0.135223633606,0.785309311664,0
0.243,3.115,5,0.73050587622,0.135339836075,0.785306200765,0
0.2285,3.12,5,0.730669905642,0.132085868053,0.785911872965,0
0.229,3.12,5,0.730654841786,0.132177222412,0.785858165774,0
0.2295,3.12,5,0.730640495705,0.132269400979,0.785806116762,0
0.23,3.12,5,0.730626872004,0.132362408434,0.78575573906,0
0.2305,3.12,5,0.730613975288,0.132456249455,0.785707045797,0
0.231,3.12,5,0.730601810161,0.132550928722,0.785660050104,0
0.2315,3.12,5,0.730590381227,0.132646450914,0.785614765109,0
0.232,3.12,5,0.730579693093,0.132742820709,0.785571203943,0
0.2325,3.12,5,0.730569750361,0.132840042788,0.785529379737,0
0.233,3.12,5,0.730560557637,0.132938121829,0.785489305619,0
0.2335,3.12,5,0.730552119525,0.133037062511,0.78545099472,0
0.234,3.12,5,0.730544440631,0.133136869514,0.785414460169,0
0.2345,3.12,5,0.730537525558,0.133237547517,0.785379715097,0
0.235,3.12,5,0.730531378912,0.133339101198,0.785346772634,0
0.2355,3.12,5,0.730526005297,0.133441535237,0.785315645909,0
0.236,3.12,5,0.730521409317,0.133544854313,0.785286348052,0
0.2365,3.12,5,0.730517595578,0.133649063106,0.785258892193,0
0.237,3.12,5,0.730514568684,0.133754166294,0.785233291462,0
0.2375,3.12,5,0.730512333239,0.133860168557,0.785209558989,0
0.238,3.12,5,0.730510893849,0.133967074573,0.785187707904,0
0.2385,3.12,5,0.730510255117,0.134074889023,0.785167751336,0
0.239,3.12,5,0.73051042165,0.134183616584,0.785149702416,0
0.2395,3.12,5,0.73051139805,0.134293261936,0.785133574274,0
0.24,3.12,5,0.730513188923,0.134403829759,0.785119380039,0
0.2405,3.12,5,0.730515798874,0.134515324731,0.785107132842,0
0.241,3.12,5,0.730519232507,0.134627751532,0.785096845811,0
0.2415,3.12,5,0.730523494427,0.134741114841,0.785088532078,0
0.242,3.12,5,0.730528589238,0.134855419337,0.785082204772,0
0.2425,3.12,5,0.730534521546,0.134970669698,0.785077877023,0
0.243,3.12,5,0.730541295954,0.135086870605,0.78507556196,0
0.2285,3.125,5,0.730703050567,0.131834088923,0.785662996646,0
0.229,3.125,5,0.730688090139,0.131925444981,0.785610034986,0
0.2295,3.125,5,0.730673847951,0.132017625129,0.785558733172,0
0.23,3.125,5,0.730660328609,0.132110634046,0.785509104335,0
0.2305,3.125,5,0.730647536716,0.132204476411,0.785461161605,0
0.231,3.125,5,0.730635476878,0.132299156903,0.785414918111,0
0.2315,3.125,5,0.730624153699,0.132394680201,0.785370386984,0
0.232,3.125,5,0.730613571783,0.132491050984,0.785327581353,0
0.2325,3.125,5,0.730603735736,0.132588273932,0.785286514348,0
0.233,3.125,5,0.730594650163,0.132686353723,0.785247199099,0
0.2335,3.125,5,0.730586319666,0.132785295038,0.785209648737,0
0.234,3.125,5,0.730578748852,0.132885102554,0.78517387639,0
0.2345,3.125,5,0.730571942326,0.132985780951,0.785139895189,0
0.235,3.125,5,0.73056590469,0.133087334909,0.785107718264,0
0.2355,3.125,5,0.730560640551,0.133189769106,0.785077358744,0
0.236,3.125,5,0.730556154513,0.133293088222,0.78504882976,0
0.2365,3.125,5,0.730552451181,0.133397296935,0.785022144441,0
0.237,3.125,5,0.730549535159,0.133502399926,0.784997315918,0
0.2375,3.125,5,0.730547411052,0.133608401872,0.784974357319,0
0.238,3.125,5,0.730546083464,0.133715307453,0.784953281776,0
0.2385,3.125,5,0.730545557,0.133823121349,0.784934102418,0
0.239,3.125,5,0.730545836266,0.133931848239,0.784916832375,0
0.2395,3.125,5,0.730546925865,0.1340414928,0.784901484777,0
0.24,3.125,5,0.730548830402,0.134152059714,0.784888072753,0
0.2405,3.125,5,0.730551554481,0.134263553659,0.784876609434,0
0.241,3.125,5,0.730555102709,0.134375979313,0.78486710795,0
0.2415,3.125,5,0.730559479688,0.134489341357,0.78485958143,0
0.242,3.125,5,0.730564690024,0.134603644469,0.784854043004,0
0.2425,3.125,5,0.730570738321,0.134718893329,0.784850505802,0
0.243,3.125,5,0.730577629185,0.134835092616,0.784848982955,0
0.228,3.13,5,0.730752687212,0.131492956122,0.785472125866,0
0.2285,3.13,5,0.730737115505,0.131583494528,0.78541825773,0
0.229,3.13,5,0.7307222579,0.131674852226,0.785366037979,0
0.2295,3.13,5,0.730708119,0.131767033896,0.785315479742,0
0.23,3.13,5,0.73069470341,0.131860044215,0.785266596149,0
0.2305,3.13,5,0.730682015735,0.131953887864,0.78521940033,0
0.231,3.13,5,0.73067006058,0.132048569521,0.785173905414,0
0.2315,3.13,5,0.73065884255,0.132144093867,0.785130124532,0
0.232,3.13,5,0.730648366248,0.132240465578,0.785088070814,0
0.2325,3.13,5,0.73063863628,0.132337689336,0.78504775739,0
0.233,3.13,5,0.73062965725,0.132435769819,0.785009197389,0
0.2335,3.13,5,0.730621433764,0.132534711707,0.784972403941,0
0.234,3.13,5,0.730613970425,0.132634519677,0.784937390176,0
0.2345,3.13,5,0.730607271838,0.13273519841,0.784904169224,0
0.235,3.13,5,0.730601342608,0.132836752585,0.784872754216,0
0.2355,3.13,5,0.730596187339,0.132939186881,0.78484315828,0
0.236,3.13,5,0.730591810637,0.133042505977,0.784815394547,0
0.2365,3.13,5,0.730588217106,0.133146714552,0.784789476147,0
0.237,3.13,5,0.73058541135,0.133251817285,0.78476541621,0
0.2375,3.13,5,0.730583397975,0.133357818856,0.784743227865,0
0.238,3.13,5,0.730582181584,0.133464723943,0.784722924242,0
0.2385,3.13,5,0.730581766782,0.133572537226,0.784704518472,0
0.239,3.13,5,0.730582158175,0.133681263385,0.784688023684,0
0.2395,3.13,5,0.730583360366,0.133790907097,0.784673453008,0
0.24,3.13,5,0.730585377961,0.133901473042,0.784660819574,0
0.2405,3.13,5,0.730588215564,0.1340129659,0.784650136512,0
0.241,3.13,5,0.73059187778,0.134125390349,0.784641416952,0
0.2415,3.13,5,0.730596369213,0.134238751069,0.784634674023,0
0.242,3.13,5,0.730601694468,0.134353052738,0.784629920856,0
0.2425,3.13,5,0.730607858149,0.134468300037,0.784627170581,0
0.243,3.13,5,0.730614864862,0.134584497644,0.784626436327,0
0.228,3.135,5,0.730787559365,0.1312435403,0.785230760311,0
0.2285,3.135,5,0.730772089409,0.131334080406,0.785177628796,0
0.229,3.135,5,0.730757334019,0.131425439685,0.785126147332,0
0.2295,3.135,5,0.730743297801,0.131517622816,0.78507632905,0
0.23,3.135,5,0.730729985358,0.131610634479,0.785028187079,0
0.2305,3.135,5,0.730717401296,0.131704479353,0.784981734549,0
0.231,3.135,5,0.730705550218,0.131799162117,0.78493698459,0
0.2315,3.135,5,0.73069443673,0.13189468745,0.784893950333,0
0.232,3.135,5,0.730684065437,0.131991060031,0.784852644906,0
0.2325,3.135,5,0.730674440942,0.13208828454,0.78481308144,0
0.233,3.135,5,0.730665567851,0.132186365655,0.784775273065,0
0.2335,3.135,5,0.730657450768,0.132285308056,0.78473923291,0
0.234,3.135,5,0.730650094298,0.132385116422,0.784704974106,0
0.2345,3.135,5,0.730643503045,0.132485795432,0.784672509783,0
0.235,3.135,5,0.730637681615,0.132587349765,0.784641853069,0
0.2355,3.135,5,0.730632634611,0.1326897841,0.784613017096,0
0.236,3.135,5,0.730628366639,0.132793103117,0.784586014993,0
0.2365,3.135,5,0.730624882303,0.132897311494,0.78456085989,0
0.237,3.135,5,0.730622186208,0.133002413911,0.784537564917,0
0.2375,3.135,5,0.730620282958,0.133108415047,0.784516143203,0
0.238,3.135,5,0.730619177159,0.133215319581,0.78449660788,0
0.2385,3.135,5,0.730618873413,0.133323132193,0.784478972076,0
0.239,3.135,5,0.730619376328,0.13343185756,0.784463248921,0
0.2395,3.135,5,0.730620690506,0.133541500363,0.784449451546,0
0.24,3.135,5,0.730622820553,0.133652065281,0.78443759308,0
0.2405,3.135,5,0.730625771073,0.133763556993,0.784427686654,0
0.241,3.135,5,0.730629546672,0.133875980177,0.784419745396,0
0.2415,3.135,5,0.730634151952,0.133989339514,0.784413782438,0
0.242,3.135,5,0.730639591521,0.134103639682,0.784409810908,0
0.2425,3.135,5,0.730645869981,0.13421888536,0.784407843937,0
0.2275,3.14,5,0.730839409275,0.130905572978,0.785047518042,0
0.228,3.14,5,0.730823330038,0.130995300348,0.784993480937,0
0.2285,3.14,5,0.730807961228,0.131085842094,0.78494108242,0
0.229,3.14,5,0.730793307449,0.131177202895,0.784890335623,0
0.2295,3.14,5,0.730779373306,0.131269387429,0.784841253674,0
0.23,3.14,5,0.730766163405,0.131362400377,0.784793849703,0
0.2305,3.14,5,0.730753682349,0.131456246416,0.784748136842,0
0.231,3.14,5,0.730741934743,0.131550930228,0.784704128218,0
0.2315,3.14,5,0.730730925192,0.131646456489,0.784661836963,0
0.232,3.14,5,0.730720658301,0.131742829881,0.784621276206,0
0.2325,3.14,5,0.730711138673,0.131840055081,0.784582459078,0
0.233,3.14,5,0.730702370915,0.131938136769,0.784545398707,0
0.2335,3.14,5,0.73069435963,0.132037079625,0.784510108224,0
0.234,3.14,5,0.730687109423,0.132136888327,0.784476600759,0
0.2345,3.14,5,0.730680624899,0.132237567554,0.784444889441,0
0.235,3.14,5,0.730674910663,0.132339121986,0.784414987402,0
0.2355,3.14,5,0.730669971318,0.132441556301,0.784386907769,0
0.236,3.14,5,0.73066581147,0.13254487518,0.784360663675,0
0.2365,3.14,5,0.730662435724,0.1326490833,0.784336268247,0
0.237,3.14,5,0.730659848683,0.132754185342,0.784313734617,0
0.2375,3.14,5,0.730658054954,0.132860185984,0.784293075913,0
0.238,3.14,5,0.730657059139,0.132967089906,0.784274305267,0
0.2385,3.14,5,0.730656865845,0.133074901786,0.784257435808,0
0.239,3.14,5,0.730657479675,0.133183626304,0.784242480665,0
0.2395,3.14,5,0.730658905234,0.133293268139,0.784229452969,0
0.24,3.14,5,0.730661147128,0.13340383197,0.78421836585,0
0.2405,3.14,5,0.730664209959,0.133515322476,0.784209232437,0
0.241,3.14,5,0.730668098335,0.133627744337,0.784202065861,0
0.2415,3.14,5,0.730672816858,0.133741102231,0.784196879251,0
0.242,3.14,5,0.730678370133,0.133855400838,0.784193685737,0
0.2425,3.14,5,0.730684762766,0.133970644837,0.784192498449,0
0.227,3.145,5,0.730892652796,0.130569583244,0.784868506239,0
0.2275,3.145,5,0.730875967346,0.130658502736,0.784813569717,0
0.228,3.145,5,0.730859988183,0.130748231805,0.784760260322,0
0.2285,3.145,5,0.730844719912,0.130838775132,0.784708591183,0
0.229,3.145,5,0.730830167138,0.130930137395,0.784658575429,0
0.2295,3.145,5,0.730816334466,0.131022323273,0.784610226192,0
0.23,3.145,5,0.7308032265,0.131115337446,0.784563556601,0
0.2305,3.145,5,0.730790847844,0.131209184592,0.784518579786,0
0.231,3.145,5,0.730779203105,0.131303869391,0.784475308876,0
0.2315,3.145,5,0.730768296885,0.131399396523,0.784433757002,0
0.232,3.145,5,0.73075813379,0.131495770665,0.784393937293,0
0.2325,3.145,5,0.730748718424,0.131592996498,0.78435586288,0
0.233,3.145,5,0.730740055393,0.1316910787,0.784319546892,0
0.2335,3.145,5,0.7307321493,0.131790021951,0.784285002459,0
0.234,3.145,5,0.730725004751,0.131889830929,0.784252242712,0
0.2345,3.145,5,0.73071862635,0.131990510315,0.784221280779,0
0.235,3.145,5,0.730713018701,0.132092064786,0.784192129791,0
0.2355,3.145,5,0.73070818641,0.132194499023,0.784164802878,0
0.236,3.145,5,0.730704134081,0.132297817704,0.78413931317,0
0.2365,3.145,5,0.730700866318,0.132402025508,0.784115673796,0
0.237,3.145,5,0.730698387726,0.132507127115,0.784093897887,0
0.2375,3.145,5,0.730696702911,0.132613127204,0.784073998573,0
0.238,3.145,5,0.730695816476,0.132720030454,0.784055988982,0
0.2385,3.145,5,0.730695733026,0.132827841544,0.784039882246,0
0.239,3.145,5,0.730696457167,0.132936565153,0.784025691494,0
0.2395,3.145,5,0.730697993501,0.133046205961,0.784013429856,0
0.24,3.145,5,0.730700346635,0.133156768646,0.784003110461,0
0.2405,3.145,5,0.730703521173,0.133268257888,0.783994746441,0
0.241,3.145,5,0.730707521719,0.133380678366,0.783988350924,0
0.2415,3.145,5,0.730712352879,0.133494034759,0.783983937041,0
0.242,3.145,5,0.730718019256,0.133608331745,0.783981517921,0
0.2425,3.145,5,0.730724525455,0.133723574005,0.783981106695,0
0.227,3.15,5,0.730929988891,0.130323678249,0.784637870452,0
0.2275,3.15,5,0.730913402444,0.130412599499,0.784583656351,0
0.228,3.15,5,0.73089752275,0.130502330209,0.784531071044,0
0.2285,3.15,5,0.730882354413,0.130592875057,0.78448012766,0
0.229,3.15,5,0.730867902038,0.130684238723,0.78443083933,0
0.2295,3.15,5,0.730854170231,0.130776425886,0.784383219183,0
0.23,3.15,5,0.730841163594,0.130869441224,0.78433728035,0
0.2305,3.15,5,0.730828886734,0.130963289418,0.784293035959,0
0.231,3.15,5,0.730817344254,0.131057975147,0.784250499141,0
0.2315,3.15,5,0.73080654076,0.131153503088,0.784209683027,0
0.232,3.15,5,0.730796480855,0.131249877922,0.784170600745,0
0.2325,3.15,5,0.730787169146,0.131347104328,0.784133265426,0
0.233,3.15,5,0.730778610236,0.131445186985,0.784097690199,0
0.2335,3.15,5,0.730770808729,0.131544130572,0.784063888195,0
0.234,3.15,5,0.730763769232,0.131643939768,0.784031872543,0
0.2345,3.15,5,0.730757496348,0.131744619253,0.784001656374,0
0.235,3.15,5,0.730751994681,0.131846173705,0.783973252816,0
0.2355,3.15,5,0.730747268837,0.131948607803,0.783946675001,0
0.236,3.15,5,0.730743323421,0.132051926228,0.783921936058,0
0.2365,3.15,5,0.730740163036,0.132156133657,0.783899049117,0
0.237,3.15,5,0.730737792288,0.13226123477,0.783878027307,0
0.2375,3.15,5,0.730736215781,0.132367234247,0.783858883759,0
0.238,3.15,5,0.73073543812,0.132474136766,0.783841631603,0
0.2385,3.15,5,0.730735463909,0.132581947006,0.783826283969,0
0.239,3.15,5,0.730736297754,0.132690669648,0.783812853985,0
0.2395,3.15,5,0.730737944258,0.132800309369,0.783801354783,0
0.24,3.15,5,0.730740408027,0.132910870849,0.783791799493,0
0.2405,3.15,5,0.730743693665,0.133022358767,0.783784201243,0
0.241,3.15,5,0.730747805776,0.133134777802,0.783778573164,0
0.2415,3.15,5,0.730752748966,0.133248132634,0.783774928386,0
0.242,3.15,5,0.730758527839,0.133362427942,0.783773280039,0
0.2265,3.155,5,0.730985382234,0.129990817568,0.784466358456,0
0.227,3.155,5,0.730968191571,0.130078935856,0.784411245823,0
0.2275,3.155,5,0.730951703521,0.130167858806,0.784357750522,0
0.228,3.155,5,0.73093592269,0.130257591097,0.784305885682,0
0.2285,3.155,5,0.730920853681,0.130348137408,0.784255664432,0
0.229,3.155,5,0.7309065011,0.130439502418,0.784207099903,0
0.2295,3.155,5,0.730892869551,0.130531690806,0.784160205225,0
0.23,3.155,5,0.730879963638,0.130624707251,0.784114993527,0
0.2305,3.155,5,0.730867787967,0.130718556434,0.78407147794,0
0.231,3.155,5,0.730856347142,0.130813243032,0.784029671593,0
0.2315,3.155,5,0.730845645767,0.130908771724,0.783989587616,0
0.232,3.155,5,0.730835688448,0.131005147191,0.783951239139,0
0.2325,3.155,5,0.730826479788,0.131102374111,0.783914639292,0
0.233,3.155,5,0.730818024393,0.131200457164,0.783879801206,0
0.2335,3.155,5,0.730810326868,0.131299401027,0.783846738008,0
0.234,3.155,5,0.730803391816,0.131399210382,0.783815462831,0
0.2345,3.155,5,0.730797223843,0.131499889906,0.783785988803,0
0.235,3.155,5,0.730791827553,0.131601444279,0.783758329055,0
0.2355,3.155,5,0.730787207551,0.131703878181,0.783732496716,0
0.236,3.155,5,0.730783368442,0.131807196289,0.783708504916,0
0.2365,3.155,5,0.730780314829,0.131911403284,0.783686366786,0
0.237,3.155,5,0.730778051319,0.132016503844,0.783666095454,0
0.2375,3.155,5,0.730776582514,0.13212250265,0.783647704052,0
0.238,3.155,5,0.730775913021,0.132229404378,0.783631205709,0
0.2385,3.155,5,0.730776047444,0.13233721371,0.783616613554,0
0.239,3.155,5,0.730776990387,0.132445935324,0.783603940718,0
0.2395,3.155,5,0.730778746455,0.1325555739,0.78359320033,0
0.24,3.155,5,0.730781320253,0.132666134116,0.783584405521,0
0.2405,3.155,5,0.730784716385,0.132777620651,0.783577569421,0
0.241,3.155,5,0.730788939456,0.132890038185,0.783572705159,0
0.2415,3.155,5,0.730793994071,0.133003391397,0.783569825865,0
0.242,3.155,5,0.730799884834,0.133117684966,0.783568944669,0
0.2265,3.16,5,0.731024343122,0.129747231558,0.784243004053,0
0.227,3.16,5,0.731007249786,0.129835351605,0.784188604932,0
0.2275,3.16,5,0.730990859528,0.129924276196,0.784135824808,0
0.228,3.16,5,0.730975176953,0.130014010008,0.784084676813,0
0.2285,3.16,5,0.730960206667,0.130104557722,0.784035174076,0
0.229,3.16,5,0.730945953273,0.130195924017,0.783987329727,0
0.2295,3.16,5,0.730932421377,0.130288113571,0.783941156896,0
0.23,3.16,5,0.730919615582,0.130381131065,0.783896668712,0
0.2305,3.16,5,0.730907540495,0.130474981176,0.783853878307,0
0.231,3.16,5,0.730896200718,0.130569668584,0.783812798809,0
0.2315,3.16,5,0.730885600857,0.130665197969,0.783773443348,0
0.232,3.16,5,0.730875745517,0.13076157401,0.783735825055,0
0.2325,3.16,5,0.730866639302,0.130858801384,0.783699957059,0
0.233,3.16,5,0.730858286817,0.130956884773,0.78366585249,0
0.2335,3.16,5,0.730850692666,0.131055828855,0.783633524479,0
0.234,3.16,5,0.730843861455,0.131155638308,0.783602986154,0
0.2345,3.16,5,0.730837797787,0.131256317813,0.783574250646,0
0.235,3.16,5,0.730832506268,0.131357872048,0.783547331085,0
0.2355,3.16,5,0.730827991502,0.131460305693,0.783522240601,0
0.236,3.16,5,0.730824258094,0.131563623427,0.783498992323,0
0.2365,3.16,5,0.730821310648,0.131667829928,0.783477599382,0
0.237,3.16,5,0.730819153769,0.131772929876,0.783458074907,0
0.2375,3.16,5,0.730817792062,0.131878927951,0.783440432028,0
0.238,3.16,5,0.730817230131,0.13198582883,0.783424683876,0
0.2385,3.16,5,0.730817472581,0.132093637194,0.78341084358,0
0.239,3.16,5,0.730818524017,0.132202357722,0.78339892427,0
0.2395,3.16,5,0.730820389043,0.132311995093,0.783388939075,0
0.24,3.16,5,0.730823072264,0.132422553985,0.783380901127,0
0.2405,3.16,5,0.730826578285,0.132534039078,0.783374823554,0
0.241,3.16,5,0.73083091171,0.132646455052,0.783370719486,0
0.2415,3.16,5,0.730836077144,0.132759806584,0.783368602054,0
0.242,3.16,5,0.730842079191,0.132874098356,0.783368484388,0
0.226,3.165,5,0.731081844656,0.129417477286,0.784078906355,0
0.2265,3.165,5,0.731064149101,0.129504799287,0.784023609587,0
0.227,3.165,5,0.731047152486,0.129592921034,0.783969920355,0
0.2275,3.165,5,0.731030859414,0.129681847206,0.783917851788,0
0.228,3.165,5,0.731015274491,0.129771582481,0.783867417016,0
0.2285,3.165,5,0.731000402321,0.129862131539,0.78381862917,0
0.229,3.165,5,0.730986247509,0.12995349906,0.783771501379,0
0.2295,3.165,5,0.73097281466,0.130045689721,0.783726046774,0
0.23,3.165,5,0.730960108378,0.130138708203,0.783682278483,0
0.2305,3.165,5,0.730948133268,0.130232559184,0.783640209637,0
0.231,3.165,5,0.730936893934,0.130327247344,0.783599853367,0
0.2315,3.165,5,0.730926394981,0.130422777361,0.783561222801,0
0.232,3.165,5,0.730916641015,0.130519153916,0.78352433107,0
0.2325,3.165,5,0.730907636638,0.130616381686,0.783489191303,0
0.233,3.165,5,0.730899386457,0.130714465352,0.783455816631,0
0.2335,3.165,5,0.730891895076,0.130813409592,0.783424220183,0
0.234,3.165,5,0.730885167099,0.130913219086,0.78339441509,0
0.2345,3.165,5,0.730879207131,0.131013898512,0.78336641448,0
0.235,3.165,5,0.730874019776,0.13111545255,0.783340231485,0
0.2355,3.165,5,0.73086960964,0.131217885879,0.783315879234,0
0.236,3.165,5,0.730865981328,0.131321203179,0.783293370857,0
0.2365,3.165,5,0.730863139442,0.131425409127,0.783272719483,0
0.237,3.165,5,0.730861088589,0.131530508404,0.783253938243,0
0.2375,3.165,5,0.730859833374,0.131636505689,0.783237040267,0
0.238,3.165,5,0.730859378399,0.13174340566,0.783222038684,0
0.2385,3.165,5,0.730859728271,0.131851212997,0.783208946625,0
0.239,3.165,5,0.730860887594,0.131959932379,0.783197777219,0
0.2395,3.165,5,0.730862860972,0.132069568485,0.783188543596,0
0.24,3.165,5,0.730865653011,0.132180125995,0.783181258886,0
0.2405,3.165,5,0.730869268314,0.132291609587,0.783175936219,0
0.241,3.165,5,0.730873711487,0.132404023941,0.783172588725,0
0.2415,3.165,5,0.730878987135,0.132517373735,0.783171229534,0
0.226,3.17,5,0.731122389028,0.129176192533,0.783862739804,0
0.2265,3.17,5,0.731104789123,0.129263516293,0.783808147636,0
0.227,3.17,5,0.731087888622,0.129351639681,0.783755164671,0
0.2275,3.17,5,0.731071692131,0.129440567375,0.783703804038,0
0.228,3.17,5,0.731056204253,0.129530304054,0.783654078869,0
0.2285,3.17,5,0.731041429594,0.129620854397,0.783606002292,0
0.229,3.17,5,0.731027372758,0.129712223083,0.783559587438,0
0.2295,3.17,5,0.73101403835,0.129804414792,0.783514847436,0
0.23,3.17,5,0.731001430975,0.129897434203,0.783471795417,0
0.2305,3.17,5,0.730989555236,0.129991285995,0.78343044451,0
0.231,3.17,5,0.73097841574,0.130085974847,0.783390807845,0
0.2315,3.17,5,0.73096801709,0.130181505438,0.783352898552,0
0.232,3.17,5,0.730958363891,0.130277882448,0.783316729762,0
0.2325,3.17,5,0.730949460747,0.130375110555,0.783282314603,0
0.233,3.17,5,0.730941312264,0.130473194439,0.783249666206,0
0.2335,3.17,5,0.730933923046,0.130572138778,0.7832187977,0
0.234,3.17,5,0.730927297698,0.130671948253,0.783189722216,0
0.2345,3.17,5,0.730921440824,0.130772627541,0.783162452884,0
0.235,3.17,5,0.730916357029,0.130874181323,0.783137002833,0
0.2355,3.17,5,0.730912050917,0.130976614277,0.783113385193,0
0.236,3.17,5,0.730908527094,0.131079931083,0.783091613095,0
0.2365,3.17,5,0.730905790164,0.13118413642,0.783071699667,0
0.237,3.17,5,0.730903844731,0.131289234966,0.783053658041,0
0.2375,3.17,5,0.7309026954,0.131395231401,0.783037501345,0
0.238,3.17,5,0.730902346777,0.131502130405,0.783023242711,0
0.2385,3.17,5,0.730902803465,0.131609936656,0.783010895267,0
0.239,3.17,5,0.730904070069,0.131718654833,0.783000472143,0
0.2395,3.17,5,0.730906151194,0.131828289616,0.78299198647,0
0.24,3.17,5,0.730909051444,0.131938845684,0.782985451377,0
0.2405,3.17,5,0.730912775425,0.132050327716,0.782980879995,0
0.241,3.17,5,0.73091732774,0.13216274039,0.782978285453,0
0.2415,3.17,5,0.730922712994,0.132276088387,0.782977680881,0
0.2255,3.175,5,0.731181957124,0.128849522023,0.783705970896,0
0.226,3.175,5,0.731163756998,0.128936052654,0.783650481966,0
0.2265,3.175,5,0.731146252136,0.129023378115,0.783596590777,0
0.227,3.175,5,0.731129447145,0.129111503084,0.783544310458,0
0.2275,3.175,5,0.731113346628,0.129200432241,0.783493654139,0
0.228,3.175,5,0.731097955191,0.129290170264,0.78344463495,0
0.2285,3.175,5,0.731083277437,0.129380721833,0.783397266021,0
0.229,3.175,5,0.731069317971,0.129472091626,0.783351560482,0
0.2295,3.175,5,0.731056081399,0.129564284324,0.783307531463,0
0.23,3.175,5,0.731043572324,0.129657304605,0.783265192093,0
0.2305,3.175,5,0.731031795352,0.129751157149,0.783224555503,0
0.231,3.175,5,0.731020755086,0.129845846634,0.783185634822,0
0.2315,3.175,5,0.731010456133,0.129941377739,0.783148443181,0
0.232,3.175,5,0.731000903096,0.130037755144,0.783112993709,0
0.2325,3.175,5,0.730992100579,0.130134983529,0.783079299537,0
0.233,3.175,5,0.730984053189,0.130233067571,0.783047373793,0
0.2335,3.175,5,0.730976765528,0.130332011951,0.783017229608,0
0.234,3.175,5,0.730970242203,0.130431821347,0.782988880113,0
0.2345,3.175,5,0.730964487817,0.130532500439,0.782962338436,0
0.235,3.175,5,0.730959506975,0.130634053905,0.782937617707,0
0.2355,3.175,5,0.730955304282,0.130736486425,0.782914731058,0
0.236,3.175,5,0.730951884343,0.130839802678,0.782893691616,0
0.2365,3.175,5,0.730949251762,0.130944007344,0.782874512513,0
0.237,3.175,5,0.730947411144,0.1310491051,0.782857206879,0
0.2375,3.175,5,0.730946367093,0.131155100628,0.782841787842,0
0.238,3.175,5,0.730946124214,0.131261998604,0.782828268534,0
0.2385,3.175,5,0.730946687113,0.13136980371,0.782816662084,0
0.239,3.175,5,0.730948060392,0.131478520623,0.782806981621,0
0.2395,3.175,5,0.730950248658,0.131588154024,0.782799240276,0
0.24,3.175,5,0.730953256514,0.13169870859,0.782793451179,0
0.2405,3.175,5,0.730957088566,0.131810189002,0.78278962746,0
0.241,3.175,5,0.730961749418,0.131922599939,0.782787782248,0
0.225,3.18,5,0.731242840949,0.128524778439,0.783553278179,0
0.2255,3.18,5,0.73122404367,0.128610520798,0.783496898661,0
0.226,3.18,5,0.731205937516,0.128697053189,0.783442105421,0
0.2265,3.18,5,0.731188527093,0.128784380291,0.783388911589,0
0.227,3.18,5,0.731171817006,0.128872506782,0.783337330294,0
0.2275,3.18,5,0.731155811858,0.128961437342,0.783287374667,0
0.228,3.18,5,0.731140516254,0.12905117665,0.783239057837,0
0.2285,3.18,5,0.731125934799,0.129141729386,0.783192392934,0
0.229,3.18,5,0.731112072098,0.129233100227,0.783147393089,0
0.2295,3.18,5,0.731098932756,0.129325293855,0.78310407143,0
0.23,3.18,5,0.731086521376,0.129418314947,0.783062441089,0
0.2305,3.18,5,0.731074842564,0.129512168182,0.783022515194,0
0.231,3.18,5,0.731063900924,0.129606858241,0.782984306876,0
0.2315,3.18,5,0.731053701062,0.129702389802,0.782947829265,0
0.232,3.18,5,0.73104424758,0.129798767544,0.782913095491,0
0.2325,3.18,5,0.731035545085,0.129895996146,0.782880118683,0
0.233,3.18,5,0.731027598181,0.129994080288,0.782848911971,0
0.2335,3.18,5,0.731020411473,0.130093024649,0.782819488485,0
0.234,3.18,5,0.731013989565,0.130192833907,0.782791861356,0
0.2345,3.18,5,0.731008337061,0.130293512743,0.782766043713,0
0.235,3.18,5,0.731003458567,0.130395065834,0.782742048686,0
0.2355,3.18,5,0.730999358687,0.130497497861,0.782719889404,0
0.236,3.18,5,0.730996042026,0.130600813503,0.782699578999,0
0.2365,3.18,5,0.730993513188,0.130705017438,0.782681130599,0
0.237,3.18,5,0.730991776779,0.130810114345,0.782664557335,0
0.2375,3.18,5,0.730990837402,0.130916108905,0.782649872336,0
0.238,3.18,5,0.730990699662,0.131023005796,0.782637088732,0
0.2385,3.18,5,0.730991368165,0.131130809697,0.782626219654,0
0.239,3.18,5,0.730992847514,0.131239525287,0.782617278231,0
0.2395,3.18,5,0.730995142315,0.131349157246,0.782610277593,0
0.24,3.18,5,0.730998257172,0.131459710252,0.78260523087,0
0.2405,3.18,5,0.731002196689,0.131571188985,0.782602151192,0
0.241,3.18,5,0.731006965471,0.131683598125,0.782601051689,0
0.225,3.185,5,0.731285636698,0.128286911406,0.783347373036,0
0.2255,3.185,5,0.731266932321,0.128372655584,0.783291683919,0
0.226,3.185,5,0.731248919534,0.128459189675,0.783237582747,0
0.2265,3.185,5,0.731231602944,0.128546518358,0.78318508265,0
0.227,3.185,5,0.731214987154,0.128634646312,0.783134196758,0
0.2275,3.185,5,0.731199076769,0.128723578217,0.783084938201,0
0.228,3.185,5,0.731183876394,0.128813318751,0.783037320108,0
0.2285,3.185,5,0.731169390632,0.128903872594,0.78299135561,0
0.229,3.185,5,0.73115562409,0.128995244424,0.782947057837,0
0.2295,3.185,5,0.731142581372,0.129087438922,0.782904439917,0
0.23,3.185,5,0.731130267081,0.129180460765,0.782863514983,0
0.2305,3.185,5,0.731118685824,0.129274314634,0.782824296162,0
0.231,3.185,5,0.731107842204,0.129369005207,0.782786796585,0
0.2315,3.185,5,0.731097740826,0.129464537164,0.782751029383,0
0.232,3.185,5,0.731088386296,0.129560915184,0.782717007684,0
0.2325,3.185,5,0.731079783216,0.129658143945,0.782684744619,0
0.233,3.185,5,0.731071936193,0.129756228127,0.782654253317,0
0.2335,3.185,5,0.731064849831,0.12985517241,0.78262554691,0
0.234,3.185,5,0.731058528734,0.129954981471,0.782598638525,0
0.2345,3.185,5,0.731052977507,0.130055659992,0.782573541294,0
0.235,3.185,5,0.731048200755,0.130157212649,0.782550268347,0
0.2355,3.185,5,0.731044203082,0.130259644124,0.782528832812,0
0.236,3.185,5,0.731040989093,0.130362959094,0.782509247821,0
0.2365,3.185,5,0.731038563393,0.13046716224,0.782491526502,0
0.237,3.185,5,0.731036930586,0.130572258239,0.782475681987,0
0.2375,3.185,5,0.731036095278,0.130678251772,0.782461727404,0
0.238,3.185,5,0.731036062072,0.130785147518,0.782449675884,0
0.2385,3.185,5,0.731036835573,0.130892950155,0.782439540556,0
0.239,3.185,5,0.731038420386,0.131001664363,0.782431334551,0
0.2395,3.185,5,0.731040821116,0.131111294821,0.782425070998,0
0.24,3.185,5,0.731044042367,0.131221846208,0.782420763028,0
0.2405,3.185,5,0.731048088744,0.131333323203,0.782418423769,0
0.241,3.185,5,0.731052964851,0.131445730486,0.782418066353,0
0.2245,3.19,5,0.731348523641,0.127965215158,0.783201880404,0
0.225,3.19,5,0.731329224108,0.12805017598,0.783145301584,0
0.2255,3.19,5,0.731310612027,0.128135921918,0.783090299246,0
0.226,3.19,5,0.731292692003,0.12822245765,0.783036886521,0
0.2265,3.19,5,0.731275468639,0.128309787856,0.782985076538,0
0.227,3.19,5,0.731258946541,0.128397917214,0.782934882427,0
0.2275,3.19,5,0.731243130313,0.128486850404,0.782886317319,0
0.228,3.19,5,0.73122802456,0.128576592104,0.782839394342,0
0.2285,3.19,5,0.731213633887,0.128667146995,0.782794126627,0
0.229,3.19,5,0.731199962898,0.128758519755,0.782750527304,0
0.2295,3.19,5,0.731187016198,0.128850715064,0.782708609502,0
0.23,3.19,5,0.731174798391,0.1289437376,0.782668386353,0
0.2305,3.19,5,0.731163314082,0.129037592043,0.782629870984,0
0.231,3.19,5,0.731152567876,0.129132283071,0.782593076527,0
0.2315,3.19,5,0.731142564378,0.129227815365,0.782558016111,0
0.232,3.19,5,0.731133308192,0.129324193603,0.782524702867,0
0.2325,3.19,5,0.731124803922,0.129421422464,0.782493149923,0
0.233,3.19,5,0.731117056174,0.129519506627,0.782463370411,0
0.2335,3.19,5,0.731110069552,0.129618450772,0.782435377459,0
0.234,3.19,5,0.73110384866,0.129718259578,0.782409184198,0
0.2345,3.19,5,0.731098398104,0.129818937724,0.782384803758,0
0.235,3.19,5,0.731093722488,0.129920489888,0.782362249268,0
0.2355,3.19,5,0.731089826417,0.130022920751,0.782341533859,0
0.236,3.19,5,0.731086714495,0.130126234992,0.78232267066,0
0.2365,3.19,5,0.731084391327,0.130230437288,0.782305672801,0
0.237,3.19,5,0.731082861517,0.130335532321,0.782290553413,0
0.2375,3.19,5,0.731082129671,0.130441524768,0.782277325624,0
0.238,3.19,5,0.731082200393,0.130548419309,0.782266002566,0
0.2385,3.19,5,0.731083078287,0.130656220623,0.782256597368,0
0.239,3.19,5,0.731084767958,0.130764933389,0.782249123159,0
0.2395,3.19,5,0.731087274012,0.130874562287,0.78224359307,0
0.24,3.19,5,0.731090601051,0.130985111996,0.78224002023,0
0.2405,3.19,5,0.731094753682,0.131096587194,0.78223841777,0
0.2245,3.195,5,0.731392800439,0.12772960506,0.783002933732,0
0.225,3.195,5,0.731373592131,0.127814567701,0.782947036402,0
0.2255,3.195,5,0.731355071741,0.127900315339,0.782892717222,0
0.226,3.195,5,0.731337243872,0.127986852653,0.782839989322,0
0.2265,3.195,5,0.731320113129,0.128074184322,0.782788865832,0
0.227,3.195,5,0.731303684117,0.128162315024,0.782739359881,0
0.2275,3.195,5,0.731287961441,0.12825124944,0.782691484599,0
0.228,3.195,5,0.731272949705,0.128340992249,0.782645253116,0
0.2285,3.195,5,0.731258653513,0.128431548129,0.782600678563,0
0.229,3.195,5,0.731245077472,0.128522921759,0.782557774069,0
0.2295,3.195,5,0.731232226184,0.128615117819,0.782516552763,0
0.23,3.195,5,0.731220104255,0.128708140989,0.782477027777,0
0.2305,3.195,5,0.731208716289,0.128801995946,0.782439212239,0
0.231,3.195,5,0.731198066892,0.128896687371,0.78240311928,0
0.2315,3.195,5,0.731188160667,0.128992219942,0.78236876203,0
0.232,3.195,5,0.731179002219,0.129088598339,0.782336153618,0
0.2325,3.195,5,0.731170596154,0.129185827241,0.782305307174,0
0.233,3.195,5,0.731162947075,0.129283911326,0.782276235829,0
0.2335,3.195,5,0.731156059587,0.129382855275,0.782248952712,0
0.234,3.195,5,0.731149938296,0.129482663765,0.782223470953,0
0.2345,3.195,5,0.731144587805,0.129583341477,0.782199803682,0
0.235,3.195,5,0.731140012719,0.12968489309,0.782177964028,0
0.2355,3.195,5,0.731136217643,0.129787323282,0.782157965123,0
0.236,3.195,5,0.731133207182,0.129890636733,0.782139820095,0
0.2365,3.195,5,0.73113098594,0.129994838121,0.782123542074,0
0.237,3.195,5,0.731129558522,0.130099932127,0.782109144192,0
0.2375,3.195,5,0.731128929532,0.130205923429,0.782096639576,0
0.238,3.195,5,0.731129103576,0.130312816707,0.782086041358,0
0.2385,3.195,5,0.731130085257,0.130420616639,0.782077362667,0
0.239,3.195,5,0.731131879181,0.130529327904,0.782070616633,0
0.2395,3.195,5,0.731134489952,0.130638955183,0.782065816386,0
0.24,3.195,5,0.731137922175,0.130749503154,0.782062975056,0
0.2405,3.195,5,0.731142180454,0.130860976495,0.782062105772,0
0.224,3.2,5,0.73145764887,0.127410933503,0.782864555677,0
0.2245,3.2,5,0.731437847405,0.127495117705,0.782807769529,0
0.225,3.2,5,0.731418729717,0.127580082106,0.782752550069,0
0.2255,3.2,5,0.731400300411,0.127665831385,0.782698910425,0
0.226,3.2,5,0.731382564092,0.127752370222,0.782646863728,0
0.2265,3.2,5,0.731365525365,0.127839703294,0.782596423109,0
0.227,3.2,5,0.731349188833,0.127927835282,0.782547601696,0
0.2275,3.2,5,0.731333559103,0.128016770865,0.782500412619,0
0.228,3.2,5,0.731318640777,0.128106514722,0.782454869009,0
0.2285,3.2,5,0.731304438462,0.128197071532,0.782410983996,0
0.229,3.2,5,0.731290956762,0.128288445973,0.782368770709,0
0.2295,3.2,5,0.731278200281,0.128380642727,0.782328242278,0
0.23,3.2,5,0.731266173624,0.12847366647,0.782289411834,0
0.2305,3.2,5,0.731254881395,0.128567521883,0.782252292505,0
0.231,3.2,5,0.7312443282,0.128662213645,0.782216897423,0
0.2315,3.2,5,0.731234518643,0.128757746435,0.782183239716,0
0.232,3.2,5,0.731225457329,0.128854124931,0.782151332515,0
0.2325,3.2,5,0.731217148862,0.128951353814,0.78212118895,0
0.233,3.2,5,0.731209597846,0.129049437762,0.78209282215,0
0.2335,3.2,5,0.731202808888,0.129148381455,0.782066245246,0
0.234,3.2,5,0.73119678659,0.129248189571,0.782041471367,0
0.2345,3.2,5,0.731191535559,0.12934886679,0.782018513644,0
0.235,3.2,5,0.731187060398,0.129450417791,0.781997385205,0
0.2355,3.2,5,0.731183365712,0.129552847253,0.781978099182,0
0.236,3.2,5,0.731180456106,0.129656159856,0.781960668703,0
0.2365,3.2,5,0.731178336184,0.129760360277,0.7819451069,0
0.237,3.2,5,0.731177010551,0.129865453197,0.781931426901,0
0.2375,3.2,5,0.731176483813,0.129971443295,0.781919641837,0
0.238,3.2,5,0.731176760572,0.13007833525,0.781909764837,0
0.2385,3.2,5,0.731177845435,0.130186133741,0.781901809032,0
0.239,3.2,5,0.731179743005,0.130294843446,0.781895787551,0
0.2395,3.2,5,0.731182457888,0.130404469047,0.781891713525,0
0.24,3.2,5,0.731185994688,0.13051501522,0.781889600083,0
0.2405,3.2,5,0.73119035801,0.130626486646,0.781889460354,0
0.2245,3.205,5,0.73148365349,0.127261748632,0.782616360374,0
0.225,3.205,5,0.731464625816,0.127346714734,0.782561815161,0
0.2255,3.205,5,0.731446286989,0.127432465595,0.782508851432,0
0.226,3.205,5,0.731428641614,0.127519005894,0.782457482318,0
0.2265,3.205,5,0.731411694296,0.127606340312,0.782407720947,0
0.227,3.205,5,0.73139544964,0.127694473526,0.782359580451,0
0.2275,3.205,5,0.731379912249,0.127783410217,0.782313073958,0
0.228,3.205,5,0.731365086729,0.127873155063,0.7822682146,0
0.2285,3.205,5,0.731350977684,0.127963712743,0.782225015505,0
0.229,3.205,5,0.73133758972,0.128055087937,0.782183489803,0
0.2295,3.205,5,0.73132492744,0.128147285323,0.782143650626,0
0.23,3.205,5,0.731312995449,0.128240309582,0.782105511101,0
0.2305,3.205,5,0.731301798352,0.128334165391,0.782069084361,0
0.231,3.205,5,0.731291340754,0.128428857431,0.782034383533,0
0.2315,3.205,5,0.731281627259,0.12852439038,0.782001421749,0
0.232,3.205,5,0.731272662471,0.128620768917,0.781970212137,0
0.2325,3.205,5,0.731264450997,0.128717997722,0.781940767829,0
0.233,3.205,5,0.731256997439,0.128816081474,0.781913101953,0
0.2335,3.205,5,0.731250306404,0.128915024852,0.78188722764,0
0.234,3.205,5,0.731244382494,0.129014832534,0.78186315802,0
0.2345,3.205,5,0.731239230316,0.129115509201,0.781840906223,0
0.235,3.205,5,0.731234854474,0.129217059532,0.781820485377,0
0.2355,3.205,5,0.731231259572,0.129319488204,0.781801908615,0
0.236,3.205,5,0.731228450215,0.129422799899,0.781785189064,0
0.2365,3.205,5,0.731226431008,0.129526999294,0.781770339856,0
0.237,3.205,5,0.731225206556,0.12963209107,0.781757374119,0
0.2375,3.205,5,0.731224781462,0.129738079904,0.781746304985,0
0.238,3.205,5,0.731225160332,0.129844970477,0.781737145582,0
0.2385,3.205,5,0.73122634777,0.129952767467,0.781729909042,0
0.239,3.205,5,0.731228348382,0.130061475554,0.781724608492,0
0.2395,3.205,5,0.731231166771,0.130171099416,0.781721257065,0
0.24,3.205,5,0.731234807542,0.130281643733,0.781719867889,0
0.2245,3.21,5,0.731530207646,0.127029493379,0.782428678846,0
0.225,3.21,5,0.731511269379,0.127114461122,0.782374804258,0
0.2255,3.21,5,0.731493020426,0.127200213506,0.782322512823,0
0.226,3.21,5,0.731475465389,0.12728675521,0.782271817668,0
0.2265,3.21,5,0.731458608875,0.127374090913,0.782222731925,0
0.227,3.21,5,0.731442455487,0.127462225294,0.782175268724,0
0.2275,3.21,5,0.731427009831,0.127551163033,0.782129441194,0
0.228,3.21,5,0.73141227651,0.127640908809,0.782085262465,0
0.2285,3.21,5,0.73139826013,0.127731467301,0.782042745667,0
0.229,3.21,5,0.731384965295,0.127822843187,0.78200190393,0
0.2295,3.21,5,0.73137239661,0.127915041148,0.781962750383,0
0.23,3.21,5,0.73136055868,0.128008065862,0.781925298158,0
0.2305,3.21,5,0.731349456109,0.128101922009,0.781889560383,0
0.231,3.21,5,0.731339093502,0.128196614267,0.781855550189,0
0.2315,3.21,5,0.731329475463,0.128292147316,0.781823280705,0
0.232,3.21,5,0.731320606597,0.128388525835,0.781792765062,0
0.2325,3.21,5,0.731312491509,0.128485754503,0.781764016388,0
0.233,3.21,5,0.731305134804,0.128583837999,0.781737047815,0
0.2335,3.21,5,0.731298541085,0.128682781003,0.781711872472,0
0.234,3.21,5,0.731292714959,0.128782588193,0.781688503489,0
0.2345,3.21,5,0.731287661028,0.128883264248,0.781666953996,0
0.235,3.21,5,0.731283383899,0.128984813849,0.781647237123,0
0.2355,3.21,5,0.731279888176,0.129087241673,0.781629365999,0
0.236,3.21,5,0.731277178462,0.129190552401,0.781613353755,0
0.2365,3.21,5,0.731275259364,0.129294750711,0.78159921352,0
0.237,3.21,5,0.731274135486,0.129399841282,0.781586958424,0
0.2375,3.21,5,0.731273811431,0.129505828794,0.781576601598,0
0.238,3.21,5,0.731274291806,0.129612717925,0.781568156171,0
0.2385,3.21,5,0.731275581214,0.129720513356,0.781561635273,0
0.239,3.21,5,0.731277684261,0.129829219764,0.781557052034,0
0.2395,3.21,5,0.73128060555,0.12993884183,0.781554419584,0
0.24,3.21,5,0.731284349687,0.130049384232,0.781553751053,0
0.224,3.215,5,0.731597033459,0.126714158003,0.782299476794,0
0.2245,3.215,5,0.731577498822,0.126798347485,0.782244697521,0
0.225,3.215,5,0.731558649357,0.126883316809,0.782191489938,0
0.2255,3.215,5,0.731540489671,0.126969070657,0.782139867174,0
0.226,3.215,5,0.731523024367,0.127055613705,0.782089842358,0
0.2265,3.215,5,0.731506258051,0.127142950635,0.782041428622,0
0.227,3.215,5,0.731490195326,0.127231086124,0.781994639094,0
0.2275,3.215,5,0.731474840798,0.127320024853,0.781949486904,0
0.228,3.215,5,0.731460199071,0.127409771499,0.781905985183,0
0.2285,3.215,5,0.73144627475,0.127500330743,0.78186414706,0
0.229,3.215,5,0.731433072439,0.127591707263,0.781823985666,0
0.2295,3.215,5,0.731420596744,0.127683905739,0.781785514129,0
0.23,3.215,5,0.731408852268,0.12777693085,0.781748745581,0
0.2305,3.215,5,0.731397843617,0.127870787275,0.781713693151,0
0.231,3.215,5,0.731387575395,0.127965479692,0.781680369968,0
0.2315,3.215,5,0.731378052207,0.128061012782,0.781648789164,0
0.232,3.215,5,0.731369278657,0.128157391223,0.781618963867,0
0.2325,3.215,5,0.73136125935,0.128254619695,0.781590907207,0
0.233,3.215,5,0.731353998891,0.128352702876,0.781564632315,0
0.2335,3.215,5,0.731347501884,0.128451645446,0.78154015232,0
0.234,3.215,5,0.731341772934,0.128551452085,0.781517480353,0
0.2345,3.215,5,0.731336816646,0.12865212747,0.781496629542,0
0.235,3.215,5,0.731332637624,0.128753676281,0.781477613019,0
0.2355,3.215,5,0.731329240473,0.128856103198,0.781460443913,0
0.236,3.215,5,0.731326629797,0.1289594129,0.781445135353,0
0.2365,3.215,5,0.731324810202,0.129063610065,0.781431700471,0
0.237,3.215,5,0.731323786292,0.129168699373,0.781420152395,0
0.2375,3.215,5,0.731323562671,0.129274685503,0.781410504255,0
0.238,3.215,5,0.731324143945,0.129381573134,0.781402769182,0
0.2385,3.215,5,0.731325534717,0.129489366945,0.781396960305,0
0.239,3.215,5,0.731327739593,0.129598071616,0.781393090755,0
0.2395,3.215,5,0.731330763177,0.129707691826,0.78139117366,0
0.2245,3.22,5,0.731625515968,0.126568306486,0.782064388979,0
0.225,3.22,5,0.7316067547,0.126653277334,0.782011844778,0
0.2255,3.22,5,0.731588683676,0.126739032586,0.781960887064,0
0.226,3.22,5,0.731571307499,0.12682557692,0.781911528966,0
0.2265,3.22,5,0.731554630774,0.126912915017,0.781863783614,0
0.227,3.22,5,0.731538658107,0.127001051555,0.781817664138,0
0.2275,3.22,5,0.731523394102,0.127089991214,0.781773183667,0
0.228,3.22,5,0.731508843363,0.127179738672,0.781730355333,0
0.2285,3.22,5,0.731495010495,0.127270298609,0.781689192264,0
0.229,3.22,5,0.731481900103,0.127361675703,0.78164970759,0
0.2295,3.22,5,0.731469516791,0.127453874635,0.781611914442,0
0.23,3.22,5,0.731457865164,0.127546900083,0.78157582595,0
0.2305,3.22,5,0.731446949827,0.127640756726,0.781541455242,0
0.231,3.22,5,0.731436775385,0.127735449244,0.78150881545,0
0.2315,3.22,5,0.731427346441,0.127830982316,0.781477919703,0
0.232,3.22,5,0.731418667601,0.12792736062,0.781448781131,0
0.2325,3.22,5,0.731410743469,0.128024588836,0.781421412863,0
0.233,3.22,5,0.731403578651,0.128122671644,0.78139582803,0
0.2335,3.22,5,0.73139717775,0.128221613721,0.781372039762,0
0.234,3.22,5,0.731391545371,0.128321419748,0.781350061189,0
0.2345,3.22,5,0.731386686119,0.128422094404,0.78132990544,0
0.235,3.22,5,0.731382604598,0.128523642367,0.781311585645,0
0.2355,3.22,5,0.731379305414,0.128626068317,0.781295114935,0
0.236,3.22,5,0.731376793171,0.128729376933,0.781280506438,0
0.2365,3.22,5,0.731375072473,0.128833572895,0.781267773286,0
0.237,3.22,5,0.731374147925,0.12893866088,0.781256928608,0
0.2375,3.22,5,0.731374024132,0.129044645569,0.781247985533,0
0.238,3.22,5,0.731374705699,0.129151531641,0.781240957193,0
0.2385,3.22,5,0.731376197229,0.129259323774,0.781235856716,0
0.239,3.22,5,0.731378503329,0.129368026648,0.781232697232,0
0.2395,3.22,5,0.731381628601,0.129477644943,0.781231491872,0
0.2255,3.225,5,0.73163759139,0.126510094831,0.781785545072,0
0.226,3.225,5,0.731620303735,0.126596640392,0.781736850069,0
0.2265,3.225,5,0.731603715997,0.126683979597,0.78168976948,0
0.227,3.225,5,0.731587832781,0.126772117124,0.781644316434,0
0.2275,3.225,5,0.731572658692,0.126861057654,0.781600504062,0
0.228,3.225,5,0.731558198336,0.126950805864,0.781558345492,0
0.2285,3.225,5,0.731544456315,0.127041366435,0.781517853855,0
0.229,3.225,5,0.731531437236,0.127132744045,0.781479042281,0
0.2295,3.225,5,0.731519145702,0.127224943374,0.7814419239,0
0.23,3.225,5,0.731507586318,0.1273179691,0.781406511841,0
0.2305,3.225,5,0.73149676369,0.127411825903,0.781372819235,0
0.231,3.225,5,0.731486682421,0.127506518462,0.781340859212,0
0.2315,3.225,5,0.731477347116,0.127602051456,0.7813106449,0
0.232,3.225,5,0.73146876238,0.127698429564,0.781282189431,0
0.2325,3.225,5,0.731460932818,0.127795657465,0.781255505935,0
0.233,3.225,5,0.731453863034,0.12789373984,0.78123060754,0
0.2335,3.225,5,0.731447557633,0.127992681366,0.781207507377,0
0.234,3.225,5,0.731442021219,0.128092486722,0.781186218576,0
0.2345,3.225,5,0.731437258398,0.128193160589,0.781166754267,0
0.235,3.225,5,0.731433273773,0.128294707645,0.781149127579,0
0.2355,3.225,5,0.73143007195,0.128397132569,0.781133351643,0
0.236,3.225,5,0.731427657533,0.12850044004,0.781119439588,0
0.2365,3.225,5,0.731426035127,0.128604634739,0.781107404545,0
0.237,3.225,5,0.731425209336,0.128709721343,0.781097259643,0
0.2375,3.225,5,0.731425184765,0.128815704531,0.781089018012,0
0.238,3.225,5,0.731425966019,0.128922588984,0.781082692782,0
0.2385,3.225,5,0.731427557702,0.12903037938,0.781078297083,0
0.239,3.225,5,0.731429964419,0.129139080399,0.781075844045,0
0.2395,3.225,5,0.731433190775,0.129248696719,0.781075346797,0
0.225,3.23,5,0.731705097285,0.126196495048,0.781663452254,0
0.2255,3.23,5,0.731687201766,0.126282252931,0.781613813775,0
0.226,3.23,5,0.731670002026,0.126368799659,0.781565778247,0
0.2265,3.23,5,0.731653502668,0.126456139913,0.781519358799,0
0.227,3.23,5,0.731637708298,0.126544278371,0.781474568562,0
0.2275,3.23,5,0.731622623521,0.126633219712,0.781431420665,0
0.228,3.23,5,0.73160825294,0.126722968616,0.781389928239,0
0.2285,3.23,5,0.731594601162,0.126813529761,0.781350104413,0
0.229,3.23,5,0.731581672789,0.126904907827,0.781311962316,0
0.2295,3.23,5,0.731569472427,0.126997107493,0.781275515081,0
0.23,3.23,5,0.731558004681,0.127090133438,0.781240775834,0
0.2305,3.23,5,0.731547274155,0.127183990342,0.781207757708,0
0.231,3.23,5,0.731537285454,0.127278682882,0.781176473832,0
0.2315,3.23,5,0.731528043183,0.12737421574,0.781146937335,0
0.232,3.23,5,0.731519551945,0.127470593593,0.781119161348,0
0.2325,3.23,5,0.731511816347,0.12756782112,0.781093159,0
0.233,3.23,5,0.731504840992,0.127665903002,0.781068943421,0
0.2335,3.23,5,0.731498630485,0.127764843917,0.781046527742,0
0.234,3.23,5,0.731493189431,0.127864648544,0.781025925092,0
0.2345,3.23,5,0.731488522434,0.127965321563,0.781007148601,0
0.235,3.23,5,0.731484634099,0.128066867652,0.780990211398,0
0.2355,3.23,5,0.731481529031,0.128169291491,0.780975126615,0
0.236,3.23,5,0.731479211835,0.128272597759,0.78096190738,0
0.2365,3.23,5,0.731477687114,0.128376791135,0.780950566824,0
0.237,3.23,5,0.731476959474,0.128481876298,0.780941118077,0
0.2375,3.23,5,0.73147703352,0.128587857928,0.780933574268,0
0.238,3.23,5,0.731477913855,0.128694740702,0.780927948527,0
0.2385,3.23,5,0.731479605085,0.128802529302,0.780924253985,0
0.239,3.23,5,0.731482111814,0.128911228405,0.780922503771,0
0.2245,3.235,5,0.731773812741,0.125884768253,0.781545225828,0
0.2255,3.235,5,0.731737503753,0.126055502423,0.781445665752,0
0.226,3.235,5,0.731720391322,0.12614205026,0.781398286076,0
0.2265,3.235,5,0.731703979739,0.126229391504,0.781352524148,0
0.227,3.235,5,0.73168827361,0.126317530833,0.781308393098,0
0.2275,3.235,5,0.731673277538,0.126406472926,0.781265906056,0
0.228,3.235,5,0.731658996128,0.126496222464,0.781225076151,0
0.2285,3.235,5,0.731645433985,0.126586784125,0.781185916514,0
0.229,3.235,5,0.731632595713,0.126678162588,0.781148440275,0
0.2295,3.235,5,0.731620485918,0.126770362532,0.781112660562,0
0.23,3.235,5,0.731609109203,0.126863388637,0.781078590507,0
0.2305,3.235,5,0.731598470174,0.126957245581,0.781046243239,0
0.231,3.235,5,0.731588573436,0.127051938045,0.781015631888,0
0.2315,3.235,5,0.731579423592,0.127147470706,0.780986769584,0
0.232,3.235,5,0.731571025247,0.127243848245,0.780959669457,0
0.2325,3.235,5,0.731563383006,0.12734107534,0.780934344637,0
0.233,3.235,5,0.731556501474,0.12743915667,0.780910808253,0
0.2335,3.235,5,0.731550385256,0.127538096915,0.780889073435,0
0.234,3.235,5,0.731545038955,0.127637900753,0.780869153315,0
0.2345,3.235,5,0.731540467178,0.127738572865,0.78085106102,0
0.235,3.235,5,0.731536674527,0.127840117928,0.780834809682,0
0.2355,3.235,5,0.731533665609,0.127942540623,0.78082041243,0
0.236,3.235,5,0.731531445027,0.128045845628,0.780807882394,0
0.2365,3.235,5,0.731530017386,0.128150037622,0.780797232703,0
0.237,3.235,5,0.731529387292,0.128255121285,0.780788476489,0
0.2375,3.235,5,0.731529559348,0.128361101296,0.78078162688,0
0.238,3.235,5,0.731530538159,0.128467982334,0.780776697007,0
0.2385,3.235,5,0.73153232833,0.128575769078,0.7807737,0
0.239,3.235,5,0.731534934465,0.128684466207,0.780772648988,0
0.224,3.24,5,0.731843725317,0.125574905126,0.781430841107,0
0.225,3.24,5,0.731806208737,0.12574407857,0.781329407311,0
0.2255,3.24,5,0.731788486301,0.125829838847,0.781281073581,0
0.227,3.24,5,0.731739517666,0.126091870048,0.781145762622,0
0.2275,3.24,5,0.731724609693,0.126180812835,0.781103932812,0
0.228,3.24,5,0.731710416848,0.126270562947,0.781063761808,0
0.2285,3.24,5,0.731696943735,0.126361125064,0.781025262738,0
0.229,3.24,5,0.731684194959,0.126452503865,0.780988448733,0
0.2295,3.24,5,0.731672175124,0.126544704028,0.780953332923,0
0.23,3.24,5,0.731660888836,0.126637730234,0.780919928437,0
0.2305,3.24,5,0.731650340698,0.12673158716,0.780888248406,0
0.231,3.24,5,0.731640535315,0.126826279487,0.780858305959,0
0.2315,3.24,5,0.731631477293,0.126921811894,0.780830114226,0
0.232,3.24,5,0.731623171235,0.127018189058,0.780803686338,0
0.2325,3.24,5,0.731615621747,0.127115415661,0.780779035423,0
0.233,3.24,5,0.731608833432,0.127213496381,0.780756174613,0
0.2335,3.24,5,0.731602810897,0.127312435896,0.780735117036,0
0.234,3.24,5,0.731597558744,0.127412238887,0.780715875823,0
0.2345,3.24,5,0.731593081579,0.127512910032,0.780698464103,0
0.235,3.24,5,0.731589384007,0.12761445401,0.780682895007,0
0.2355,3.24,5,0.731586470633,0.127716875501,0.780669181665,0
0.236,3.24,5,0.73158434606,0.127820179184,0.780657337206,0
0.2365,3.24,5,0.731583014893,0.127924369738,0.78064737476,0
0.237,3.24,5,0.731582481738,0.128029451842,0.780639307457,0
0.2375,3.24,5,0.731582751199,0.128135430175,0.780633148427,0
0.238,3.24,5,0.73158382788,0.128242309416,0.7806289108,0
0.2385,3.24,5,0.731585716386,0.128350094245,0.780626607706,0
0.239,3.24,5,0.731588421322,0.128458789341,0.780626252275,0
0.2265,3.245,5,0.731806960883,0.125779150661,0.781029473251,0
0.227,3.245,5,0.731791429417,0.125867291555,0.780986649711,0
0.2275,3.245,5,0.731776608938,0.125956234976,0.780945473513,0
0.228,3.245,5,0.731762504052,0.126045985604,0.780905957787,0
0.2285,3.245,5,0.731749119363,0.126136548118,0.780868115663,0
0.229,3.245,5,0.731736459477,0.126227927197,0.780831960271,0
0.2295,3.245,5,0.731724528997,0.126320127521,0.780797504742,0
0.23,3.245,5,0.731713332529,0.126413153767,0.780764762204,0
0.2305,3.245,5,0.731702874676,0.126507010617,0.780733745788,0
0.231,3.245,5,0.731693160044,0.126601702748,0.780704468623,0
0.2315,3.245,5,0.731684193238,0.12669723484,0.78067694384,0
0.232,3.245,5,0.731675978861,0.126793611572,0.780651184568,0
0.2325,3.245,5,0.731668521519,0.126890837623,0.780627203938,0
0.233,3.245,5,0.731661825816,0.126988917673,0.780605015079,0
0.2335,3.245,5,0.731655896357,0.1270878564,0.780584631121,0
0.234,3.245,5,0.731650737747,0.127187658483,0.780566065194,0
0.2345,3.245,5,0.73164635459,0.127288328603,0.780549330428,0
0.235,3.245,5,0.731642751491,0.127389871437,0.780534439953,0
0.2355,3.245,5,0.731639933054,0.127492291665,0.780521406899,0
0.236,3.245,5,0.731637903884,0.127595593967,0.780510244395,0
0.2365,3.245,5,0.731636668586,0.127699783021,0.780500965571,0
0.237,3.245,5,0.731636231765,0.127804863506,0.780493583559,0
0.2375,3.245,5,0.731636598024,0.127910840102,0.780488111486,0
0.238,3.245,5,0.73163777197,0.128017717488,0.780484562484,0
0.2385,3.245,5,0.731639758206,0.128125500343,0.780482949682,0
0.227,3.25,5,0.731843997813,0.125643790892,0.780831026943,0
0.2275,3.25,5,0.731829264223,0.125732734888,0.780790500734,0
0.228,3.25,5,0.73181524669,0.125822485972,0.780751636666,0
0.2285,3.25,5,0.73180194982,0.125913048824,0.780714447866,0
0.229,3.25,5,0.731789378217,0.126004428123,0.780678947466,0
0.2295,3.25,5,0.731777536487,0.126096628547,0.780645148596,0
0.23,3.25,5,0.731766429233,0.126189654776,0.780613064384,0
0.231,3.25,5,0.731746436573,0.126378203365,0.780554092458,0
0.2315,3.25,5,0.731737560376,0.126473735084,0.780527231003,0
0.232,3.25,5,0.731729437075,0.126570111324,0.780502136727,0
0.2325,3.25,5,0.731722071274,0.126667336764,0.780478822759,0
0.233,3.25,5,0.731715467577,0.126765416085,0.78045730223,0
0.2335,3.25,5,0.731709630589,0.126864353964,0.780437588269,0
0.234,3.25,5,0.731704564915,0.126964155081,0.780419694007,0
0.2345,3.25,5,0.73170027516,0.127064824116,0.780403632573,0
0.235,3.25,5,0.731696765927,0.127166365747,0.780389417097,0
0.2355,3.25,5,0.731694041823,0.127268784653,0.780377060709,0
0.236,3.25,5,0.73169210745,0.127372085514,0.780366576539,0
0.2365,3.25,5,0.731690967415,0.127476273009,0.780357977717,0
0.237,3.25,5,0.731690626322,0.127581351817,0.780351277373,0
0.2375,3.25,5,0.731691088775,0.127687326617,0.780346488636,0
0.238,3.25,5,0.731692359378,0.127794202088,0.780343624636,0
0.2385,3.25,5,0.731694442738,0.12790198291,0.780342698505,0
0.2265,3.255,5,0.731912571034,0.125333221375,0.780720397413,0
0.227,3.255,5,0.731897211807,0.125421363597,0.780678866896,0
0.2275,3.255,5,0.731882564498,0.125510308109,0.780638987056,0
0.2305,3.255,5,0.731809888799,0.126061085315,0.780435107506,0
0.231,3.255,5,0.731800353851,0.126155776877,0.780407150041,0
0.2315,3.255,5,0.731791567659,0.126251308163,0.780380948293,0
0.232,3.255,5,0.731783534828,0.126347683852,0.780356515391,0
0.2325,3.255,5,0.731776259961,0.126444908623,0.780333864464,0
0.233,3.255,5,0.731769747664,0.126542987155,0.780313008644,0
0.2335,3.255,5,0.731764002542,0.126641924127,0.780293961059,0
0.234,3.255,5,0.731759029199,0.126741724219,0.78027673484,0
0.2345,3.255,5,0.731754832239,0.126842392109,0.780261343116,0
0.235,3.255,5,0.731751416268,0.126943932478,0.780247799018,0
0.2355,3.255,5,0.73174878589,0.127046350003,0.780236115675,0
0.236,3.255,5,0.731746945709,0.127149649364,0.780226306217,0
0.2365,3.255,5,0.731745900331,0.127253835241,0.780218383774,0
0.237,3.255,5,0.73174565436,0.127358912312,0.780212361477,0
0.2375,3.255,5,0.7317462124,0.127464885257,0.780208252454,0
0.238,3.255,5,0.731747579057,0.127571758754,0.780206069836,0
0.2385,3.255,5,0.731749758934,0.127679537483,0.780205826753,0
0.2305,3.26,5,0.731864346846,0.125839727633,0.780290916999,0
0.231,3.26,5,0.731854900831,0.125934418822,0.780263613952,0
0.2315,3.26,5,0.731846204038,0.126029949616,0.780238068289,0
0.232,3.26,5,0.73183826107,0.126126324694,0.780214293139,0
0.2325,3.26,5,0.731831076532,0.126223548736,0.780192301632,0
0.233,3.26,5,0.73182465503,0.126321626421,0.780172106898,0
0.2335,3.26,5,0.731819001167,0.126420562427,0.780153722068,0
0.234,3.26,5,0.731814119549,0.126520361434,0.78013716027,0
0.2345,3.26,5,0.731810014779,0.126621028122,0.780122434635,0
0.235,3.26,5,0.731806691464,0.126722567168,0.780109558293,0
0.2355,3.26,5,0.731804154206,0.126824983253,0.780098544373,0
0.236,3.26,5,0.731802407611,0.126928281056,0.780089406006,0
0.2365,3.26,5,0.731801456284,0.127032465255,0.780082156322,0
0.237,3.26,5,0.731801304829,0.12713754053,0.780076808449,0
0.2375,3.26,5,0.731801957851,0.12724351156,0.780073375519,0
0.238,3.26,5,0.731803419955,0.127350383024,0.780071870661,0
0.23,3.265,5,0.731929526918,0.125525578033,0.78017850719,0
0.2305,3.265,5,0.731919424149,0.125619433982,0.780150109019,0
0.231,3.265,5,0.731910066462,0.125714124738,0.780123456768,0
0.2315,3.265,5,0.731901458461,0.125809654981,0.780098563568,0
0.232,3.265,5,0.731893604752,0.12590602939,0.780075442549,0
0.2325,3.265,5,0.731886509938,0.126003252643,0.78005410684,0
0.2355,3.265,5,0.731860135722,0.126604679942,0.779964319383,0
0.236,3.265,5,0.731858482107,0.126707976126,0.779955848485,0
0.2365,3.265,5,0.731857624226,0.126812158589,0.779949267937,0
0.237,3.265,5,0.731857566681,0.126917232009,0.779944590869,0
0.2375,3.265,5,0.731858314079,0.127023201065,0.77994183041,0
0.238,3.265,5,0.731859871024,0.127130070437,0.77994099969,0
0.235,3.27,5,0.731919072221,0.12628302258,0.77984309922,0
0.2355,3.27,5,0.731916719388,0.126385435607,0.779833413283,0
0.236,3.27,5,0.731915158148,0.126488730114,0.779825606232,0
0.2365,3.27,5,0.731914393105,0.126592910781,0.779819691199,0
0.237,3.27,5,0.731914428866,0.126697982287,0.779815681313,0
0.2375,3.27,5,0.731915270034,0.12680394931,0.779813589703,0
0.238,3.27,5,0.731916921214,0.126910816531,0.7798134295,0
0.2345,3.275,5,0.731979204669,0.125963299652,0.779725720832,0
0.235,3.275,5,0.731976155685,0.126064834378,0.779714826028,0
0.2355,3.275,5,0.731973894154,0.126167245787,0.77970579865,0
0.236,3.275,5,0.731972424683,0.126270538558,0.779698651825,0
0.2365,3.275,5,0.731971751875,0.12637471737,0.779693398685,0
0.2135,3.58,5,0.736756190729,0.110938269248,0.777676387932,0
0.2115,3.585,5,0.736947553278,0.110507342621,0.777888331001,0
0.214,3.585,5,0.736797782895,0.110845905553,0.7776336121,0
0.211,3.59,5,0.737049407221,0.110280969303,0.777948724879,0
0.212,3.59,5,0.736986524903,0.110413110551,0.777840666228,0
0.213,3.59,5,0.736926062392,0.110547867689,0.777738081533,0
0.211,3.595,5,0.737119402645,0.110121113481,0.777955775307,0
0.2115,3.595,5,0.737087691515,0.110186859743,0.777901415051,0
0.2125,3.595,5,0.737026076295,0.110320304471,0.777796778747,0
0.2135,3.595,5,0.736966901161,0.110456383332,0.777697675587,0
0.211,3.6,5,0.737189300642,0.109962025062,0.777964512239,0
0.2115,3.6,5,0.737157619108,0.110027771549,0.77791049511,0
0.212,3.6,5,0.737126538851,0.110094167092,0.777857836674,0
0.2125,3.6,5,0.737096064476,0.110161216371,0.777806550062,0
0.213,3.6,5,0.737066200588,0.110228924065,0.777756648403,0
0.214,3.6,5,0.73700832269,0.110366333414,0.777661052464,0
0.211,3.605,5,0.737259090161,0.109803699582,0.777974908254,0
0.2115,3.605,5,0.737227437617,0.109869446235,0.77792123063,0
0.212,3.605,5,0.737196386817,0.109935841826,0.777868913367,0
0.2125,3.605,5,0.737165942363,0.110002891034,0.777817969594,0
0.213,3.605,5,0.737136108861,0.110070598539,0.777768412442,0
0.2135,3.605,5,0.737106890915,0.110138969019,0.777720255041,0
0.2145,3.605,5,0.737050320113,0.110277717621,0.777628192009,0
0.2105,3.61,5,0.737360981916,0.10958102996,0.778041626567,0
0.211,3.61,5,0.737328760154,0.10964613258,0.777986935928,0
0.2115,3.61,5,0.737297135995,0.10971187934,0.777933594188,0
0.212,3.61,5,0.737266114044,0.109778274919,0.777881614476,0
0.2125,3.61,5,0.737235698905,0.109845323998,0.777831009922,0
0.213,3.61,5,0.737205895184,0.109913031253,0.777781793656,0
0.2135,3.61,5,0.737176707484,0.109981401366,0.777733978807,0
0.214,3.61,5,0.737148140411,0.110050439015,0.777687578507,0
0.215,3.61,5,0.737092886562,0.110190535637,0.777599074067,0
0.2105,3.615,5,0.737430494019,0.109424216808,0.778054927885,0
0.211,3.615,5,0.737398299571,0.109489319594,0.778000567841,0
0.2115,3.615,5,0.737366703191,0.109555066402,0.777947558363,0
0.212,3.615,5,0.737335709484,0.109621461911,0.777895912581,0
0.2125,3.615,5,0.737305323055,0.1096885108,0.777845643623,0
0.213,3.615,5,0.737275548508,0.109756217748,0.777796764621,0
0.2135,3.615,5,0.737246390448,0.109824587434,0.777749288704,0
0.214,3.615,5,0.73721785348,0.109893624538,0.777703229002,0
0.2145,3.615,5,0.737189942208,0.109963333738,0.777658598645,0
0.215,3.615,5,0.737162661237,0.110033719714,0.777615410762,0
0.2155,3.615,5,0.737136015172,0.110104787145,0.777573678484,0
0.21,3.62,5,0.737532626772,0.1092036896,0.778125181814,0
0.2105,3.62,5,0.737499865103,0.10926815327,0.778069809641,0
0.211,3.62,5,0.737467697363,0.109333256163,0.778015776571,0
0.2115,3.62,5,0.737436128156,0.10939900296,0.777963095733,0
0.212,3.62,5,0.737405162087,0.109465398339,0.777911780259,0
0.2125,3.62,5,0.737374803762,0.109532446979,0.777861843277,0
0.213,3.62,5,0.737345057784,0.10960015356,0.777813297917,0
0.2135,3.62,5,0.737315928758,0.109668522761,0.77776615731,0
0.214,3.62,5,0.737287421289,0.10973755926,0.777720434585,0
0.2145,3.62,5,0.737259539982,0.109807267738,0.777676142872,0
0.215,3.62,5,0.737232289441,0.109877652873,0.777633295301,0
0.2155,3.62,5,0.737205674271,0.109948719344,0.777591905002,0
0.21,3.625,5,0.73760182015,0.109048371048,0.778141294901,0
0.2105,3.625,5,0.737569084118,0.109112834884,0.778086244413,0
0.211,3.625,5,0.737536942479,0.109177937825,0.778032534695,0
0.2115,3.625,5,0.73750539984,0.109243684551,0.777980178876,0
0.212,3.625,5,0.737474460804,0.109310079741,0.777929190088,0
0.2125,3.625,5,0.737444129977,0.109377128074,0.77787958146,0
0.213,3.625,5,0.737414411962,0.109444834228,0.777831366121,0
0.2135,3.625,5,0.737385311365,0.109513202884,0.777784557202,0
0.214,3.625,5,0.737356832789,0.10958223872,0.777739167833,0
0.2145,3.625,5,0.737328980841,0.109651946416,0.777695211143,0
0.215,3.625,5,0.737301760124,0.10972233065,0.777652700262,0
0.21,3.63,5,0.737670851016,0.108893793245,0.778158937205,0
0.2105,3.63,5,0.737638140014,0.108958257188,0.77810420478,0
0.211,3.63,5,0.737606023872,0.109023360118,0.778050814792,0
0.2115,3.63,5,0.737574507195,0.109089106715,0.777998780371,0
0.212,3.63,5,0.737543594586,0.109155501656,0.777948114647,0
0.2125,3.63,5,0.73751329065,0.109222549622,0.777898830751,0
0.213,3.63,5,0.737483599993,0.109290255291,0.777850941812,0
0.2135,3.63,5,0.737454527218,0.109358623343,0.77780446096,0
0.214,3.63,5,0.737426076931,0.109427658457,0.777759401324,0
0.2145,3.63,5,0.737398253736,0.109497365311,0.777715776035,0
0.215,3.63,5,0.737371062237,0.109567748586,0.777673598223,0
0.2155,3.63,5,0.73734450704,0.10963881296,0.777632881018,0
0.21,3.635,5,0.737739708319,0.10873995173,0.778178081303,0
0.2105,3.635,5,0.737707021743,0.108804415721,0.778123663319,0
0.211,3.635,5,0.737674930492,0.108869518581,0.778070589439,0
0.2115,3.635,5,0.73764343917,0.108935264988,0.778018872795,0
0.212,3.635,5,0.737612552382,0.109001659622,0.777968526514,0
0.2125,3.635,5,0.737582274733,0.109068707162,0.777919563729,0
0.213,3.635,5,0.737552610827,0.109136412286,0.777871997567,0
0.2135,3.635,5,0.737523565269,0.109204779675,0.77782584116,0
0.214,3.635,5,0.737495142664,0.109273814007,0.777781107637,0
0.2145,3.635,5,0.737467347616,0.109343519961,0.777737810128,0
0.215,3.635,5,0.73744018473,0.109413902217,0.777695961763,0
0.2155,3.635,5,0.737413658611,0.109484965453,0.777655575672,0
0.216,3.635,5,0.737387773863,0.10955671435,0.777616664984,0
0.21,3.64,5,0.737808381011,0.10858684204,0.778198699773,0
0.2105,3.64,5,0.737775718255,0.108651306021,0.778144592609,0
0.211,3.64,5,0.737743651288,0.108716408751,0.778091831216,0
0.2115,3.64,5,0.737712184716,0.10878215491,0.778040428726,0
0.212,3.64,5,0.737681323144,0.108848549177,0.777990398267,0
0.2125,3.64,5,0.737651071175,0.108915596232,0.777941752971,0
0.213,3.64,5,0.737621433415,0.108983300753,0.777894505965,0
0.2135,3.64,5,0.737592414468,0.109051667419,0.777848670382,0
0.214,3.64,5,0.73756401894,0.10912070091,0.77780425935,0
0.2145,3.64,5,0.737536251433,0.109190405905,0.777761285999,0
0.215,3.64,5,0.737509116555,0.109260787082,0.777719763459,0
0.2155,3.64,5,0.737482618907,0.109331849122,0.777679704861,0
0.216,3.64,5,0.737456763097,0.109403596703,0.777641123333,0
0.21,3.645,5,0.737876858043,0.108434459715,0.778220765193,0
0.2105,3.645,5,0.7378442185,0.108498923626,0.778166965227,0
0.211,3.645,5,0.737812175212,0.108564026167,0.7781145127,0
0.2115,3.645,5,0.737780732785,0.108629772019,0.778063420743,0
0.212,3.645,5,0.737749895822,0.10869616586,0.778013702484,0
0.2125,3.645,5,0.737719668928,0.10876321237,0.777965371055,0
0.213,3.645,5,0.737690056708,0.108830916228,0.777918439585,0
0.2135,3.645,5,0.737661063767,0.108899282113,0.777872921203,0
0.214,3.645,5,0.737632694708,0.108968314703,0.77782882904,0
0.2145,3.645,5,0.737604954138,0.10903801868,0.777786176226,0
0.215,3.645,5,0.73757784666,0.10910839872,0.77774497589,0
0.2155,3.645,5,0.73755137688,0.109179459504,0.777705241163,0
0.216,3.645,5,0.737525549401,0.109251205711,0.777666985174,0
0.2165,3.645,5,0.737500368828,0.109323642019,0.777630221053,0
0.21,3.65,5,0.737945128364,0.108282800293,0.778244250142,0
0.2105,3.65,5,0.737912511429,0.108347264074,0.778190753753,0
0.211,3.65,5,0.737880491215,0.108412366367,0.77813860647,0
0.2115,3.65,5,0.737849072326,0.108478111852,0.778087821424,0
0.212,3.65,5,0.737818259366,0.108544505209,0.778038411744,0
0.2125,3.65,5,0.737788056942,0.108611551115,0.77799039056,0
0.213,3.65,5,0.737758469656,0.108679254251,0.777943771003,0
0.2135,3.65,5,0.737729502114,0.108747619294,0.777898566202,0
0.214,3.65,5,0.737701158921,0.108816650926,0.777854789287,0
0.2145,3.65,5,0.737673444681,0.108886353824,0.777812453388,0
0.215,3.65,5,0.737646363998,0.108956732668,0.777771571634,0
0.2155,3.65,5,0.737619921478,0.109027792137,0.777732157157,0
0.216,3.65,5,0.737594121725,0.109099536911,0.777694223085,0
0.2165,3.65,5,0.737568969344,0.109171971667,0.777657782548,0
0.2095,3.655,5,0.738046368439,0.108068029434,0.778323661276,0
0.21,3.655,5,0.738013180925,0.108131859311,0.778269127198,0
0.2105,3.655,5,0.737980585993,0.108196322903,0.778215930763,0
0.211,3.655,5,0.737948588246,0.10826142489,0.778164085103,0
0.2115,3.655,5,0.73791719229,0.108327169949,0.778113603346,0
0.212,3.655,5,0.737886402728,0.108393562761,0.778064498624,0
0.2125,3.655,5,0.737856224167,0.108460608005,0.778016784064,0
0.213,3.655,5,0.73782666121,0.108528310359,0.777970472799,0
0.2135,3.655,5,0.737797718462,0.108596674503,0.777925577956,0
0.214,3.655,5,0.737769400528,0.108665705116,0.777882112667,0
0.2145,3.655,5,0.737741712012,0.108735406877,0.777840090062,0
0.215,3.655,5,0.737714657519,0.108805784465,0.777799523269,0
0.2155,3.655,5,0.737688241654,0.10887684256,0.77776042542,0
0.216,3.655,5,0.737662469021,0.108948585841,0.777722809643,0
0.2165,3.655,5,0.737637344225,0.109021018986,0.777686689069,0
0.217,3.655,5,0.73761287187,0.109094146675,0.777652076828,0
0.2095,3.66,5,0.73811417126,0.107917802561,0.77834960835,0
0.21,3.66,5,0.738081004678,0.107981632309,0.778295368938,0
0.2105,3.66,5,0.738048431142,0.108046095653,0.778242468837,0
0.211,3.66,5,0.738016455257,0.108111197273,0.778190921178,0
0.2115,3.66,5,0.737985081627,0.108176941847,0.778140739089,0
0.212,3.66,5,0.737954314858,0.108243334056,0.778091935702,0
0.2125,3.66,5,0.737924159554,0.108310378577,0.778044524145,0
0.213,3.66,5,0.73789462032,0.108378080091,0.77799851755,0
0.2135,3.66,5,0.73786570176,0.108446443276,0.777953929045,0
0.214,3.66,5,0.737837408479,0.108515472811,0.77791077176,0
0.2145,3.66,5,0.737809745082,0.108585173376,0.777869058827,0
0.215,3.66,5,0.737782716173,0.10865554965,0.777828803373,0
0.2155,3.66,5,0.737756326357,0.108726606311,0.77779001853,0
0.216,3.66,5,0.737730580238,0.10879834804,0.777752717427,0
0.2165,3.66,5,0.737705482422,0.108870779515,0.777716913195,0
0.2175,3.66,5,0.737657250114,0.109017730419,0.777649847859,0
0.2095,3.665,5,0.738181734829,0.107768285264,0.778376896309,0
0.21,3.665,5,0.738148588572,0.107832114823,0.778322947941,0
0.2105,3.665,5,0.738116035827,0.10789657786,0.778270340553,0
0.211,3.665,5,0.738084081198,0.107961679055,0.778219087272,0
0.2115,3.665,5,0.738052729289,0.108027423085,0.77816920123,0
0.212,3.665,5,0.738021984707,0.108093814631,0.778120695557,0
0.2125,3.665,5,0.737991852055,0.108160858371,0.778073583382,0
0.213,3.665,5,0.737962335938,0.108228558985,0.778027877834,0
0.2135,3.665,5,0.73793344096,0.108296921152,0.777983592045,0
0.214,3.665,5,0.737905171726,0.10836594955,0.777940739144,0
0.2145,3.665,5,0.737877532842,0.10843564886,0.777899332261,0
0.215,3.665,5,0.737850528911,0.108506023759,0.777859384525,0
0.2155,3.665,5,0.737824164538,0.108577078928,0.777820909067,0
0.216,3.665,5,0.737798444328,0.108648819046,0.777783919016,0
0.2165,3.665,5,0.737773372885,0.108721248791,0.777748427503,0
0.217,3.665,5,0.737748954815,0.108794372843,0.777714447657,0
0.2095,3.67,5,0.738249048096,0.107619473081,0.77840549773,0
0.21,3.67,5,0.738215921558,0.107683302393,0.778351836786,0
0.2105,3.67,5,0.738183388998,0.107747765064,0.778299518488,0
0.211,3.67,5,0.738151455019,0.107812865774,0.778248555965,0
0.2115,3.67,5,0.738120124226,0.107878609201,0.778198962348,0
0.212,3.67,5,0.738089401225,0.107945000025,0.778150750767,0
0.2125,3.67,5,0.738059290618,0.108012042925,0.778103934351,0
0.213,3.67,5,0.738029797012,0.10807974258,0.778058526231,0
0.2135,3.67,5,0.738000925011,0.108148103669,0.778014539536,0
0.214,3.67,5,0.73797267922,0.108217130871,0.777971987396,0
0.2145,3.67,5,0.737945064242,0.108286828866,0.777930882941,0
0.215,3.67,5,0.737918084683,0.108357202332,0.777891239302,0
0.2155,3.67,5,0.737891745148,0.10842825595,0.777853069607,0
0.216,3.67,5,0.737866050241,0.108499994397,0.777816386987,0
0.2165,3.67,5,0.737841004566,0.108572422353,0.777781204572,0
0.217,3.67,5,0.737816612729,0.108645544497,0.777747535491,0
0.2095,3.675,5,0.738316100011,0.107471361552,0.778435385192,0
0.21,3.675,5,0.738282992588,0.107535190557,0.77838200805,0
0.2105,3.675,5,0.738250479606,0.107599652803,0.77832997522,0
0.211,3.675,5,0.738218565672,0.107664752969,0.778279299834,0
0.2115,3.675,5,0.738187255389,0.107730495733,0.77822999502,0
0.212,3.675,5,0.738156553362,0.107796885776,0.77818207391,0
0.2125,3.675,5,0.738126464196,0.107863927776,0.778135549632,0
0.213,3.675,5,0.738096992496,0.107931626413,0.778090435317,0
0.2135,3.675,5,0.738068142865,0.107999986365,0.778046744095,0
0.214,3.675,5,0.73803991991,0.108069012312,0.778004489095,0
0.2145,3.675,5,0.738012328233,0.108138708933,0.777963683448,0
0.215,3.675,5,0.737985372441,0.108209080907,0.777924340282,0
0.2155,3.675,5,0.737959057137,0.108280132914,0.77788647273,0
0.216,3.675,5,0.737933386927,0.108351869631,0.777850093919,0
0.2165,3.675,5,0.737908366415,0.10842429574,0.77781521698,0
0.217,3.675,5,0.737884000205,0.108497415917,0.777781855043,0
0.2175,3.675,5,0.737860292903,0.108571234844,0.777750021238,0
0.2095,3.68,5,0.738382879525,0.107323946214,0.778466531274,0
0.21,3.68,5,0.73834979061,0.107387774853,0.778413434311,0
0.2105,3.68,5,0.738317296602,0.107452236614,0.778361683329,0
0.211,3.68,5,0.738285402107,0.107517336177,0.778311291457,0
0.2115,3.68,5,0.738254111728,0.10758307822,0.778262271825,0
0.212,3.68,5,0.73822343007,0.107649467422,0.778214637564,0
0.2125,3.68,5,0.738193361739,0.107716508464,0.778168401803,0
0.213,3.68,5,0.738163911338,0.107784206023,0.778123577672,0
0.2135,3.68,5,0.738135083472,0.107852564779,0.7780801783,0
0.214,3.68,5,0.738106882747,0.107921589412,0.778038216819,0
0.2145,3.68,5,0.738079313766,0.1079912846,0.777997706357,0
0.215,3.68,5,0.738052381134,0.108061655023,0.777958660045,0
0.2155,3.68,5,0.738026089457,0.108132705359,0.777921091012,0
0.216,3.68,5,0.738000443338,0.108204440288,0.777885012389,0
0.2165,3.68,5,0.737975447382,0.108276864489,0.777850437305,0
0.217,3.68,5,0.737951106194,0.108349982641,0.77781737889,0
0.2175,3.68,5,0.737927424379,0.108423799423,0.777785850275,0
0.2095,3.685,5,0.73844937559,0.107177222605,0.778498908552,0
0.21,3.685,5,0.738416304577,0.107241050819,0.778446088148,0
0.2105,3.685,5,0.738383828937,0.107305512036,0.778394615391,0
0.211,3.685,5,0.738351953274,0.107370610937,0.778344503412,0
0.2115,3.685,5,0.738320682193,0.107436352199,0.778295765341,0
0.212,3.685,5,0.738290020299,0.107502740502,0.778248414307,0
0.2125,3.685,5,0.738259972196,0.107569780526,0.778202463441,0
0.213,3.685,5,0.738230542489,0.107637476948,0.778157925872,0
0.2135,3.685,5,0.738201735783,0.10770583445,0.77811481473,0
0.214,3.685,5,0.738173556682,0.107774857709,0.778073143146,0
0.2145,3.685,5,0.738146009791,0.107844551404,0.778032924248,0
0.215,3.685,5,0.738119099714,0.107914920216,0.777994171167,0
0.2155,3.685,5,0.738092831057,0.107985968823,0.777956897033,0
0.216,3.685,5,0.738067208424,0.108057701904,0.777921114976,0
0.2165,3.685,5,0.738042236419,0.108130124138,0.777886838125,0
0.217,3.685,5,0.738017919647,0.108203240205,0.777854079611,0
0.2175,3.685,5,0.737994262713,0.108277054784,0.777822852564,0
0.218,3.685,5,0.737971270221,0.108351572554,0.777793170112,0
0.2095,3.69,5,0.738515577154,0.107031186264,0.778532489606,0
0.21,3.69,5,0.738482523438,0.107095013994,0.778479942138,0
0.2105,3.69,5,0.73845006556,0.107159474608,0.778428743986,0
0.211,3.69,5,0.738418208124,0.107224572787,0.778378908278,0
0.2115,3.69,5,0.738386955736,0.107290313209,0.778330448146,0
0.212,3.69,5,0.738356312999,0.107356700554,0.778283376718,0
0.2125,3.69,5,0.738326284519,0.1074237395,0.778237707125,0
0.213,3.69,5,0.738296874901,0.107491434727,0.778193452497,0
0.2135,3.69,5,0.738268088748,0.107559790914,0.778150625963,0
0.214,3.69,5,0.738239930665,0.10762881274,0.778109240654,0
0.2145,3.69,5,0.738212405258,0.107698504884,0.778069309699,0
0.215,3.69,5,0.738185517131,0.107768872026,0.778030846228,0
0.2155,3.69,5,0.738159270888,0.107839918844,0.777993863371,0
0.216,3.69,5,0.738133671135,0.107911650018,0.777958374258,0
0.2165,3.69,5,0.738108722475,0.107984070227,0.777924392019,0
0.217,3.69,5,0.738084429513,0.10805718415,0.777891929784,0
0.2175,3.69,5,0.738060796855,0.108130996466,0.777861000683,0
0.218,3.69,5,0.738037829104,0.108205511854,0.777831617845,0
0.2095,3.695,5,0.73858147317,0.106885832729,0.778567247013,0
0.21,3.695,5,0.738548436144,0.106949659915,0.77851496886,0
0.2105,3.695,5,0.738515995422,0.107014119867,0.778464041691,0
0.211,3.695,5,0.738484155608,0.107079217265,0.778414478633,0
0.2115,3.695,5,0.738452921306,0.107144956788,0.778366292818,0
0.212,3.695,5,0.738422297122,0.107211343115,0.778319497375,0
0.2125,3.695,5,0.738392287659,0.107278380925,0.778274105434,0
0.213,3.695,5,0.738362897523,0.107346074897,0.778230130124,0
0.2135,3.695,5,0.738334131318,0.107414429711,0.778187584577,0
0.214,3.695,5,0.738305993648,0.107483450045,0.778146481921,0
0.2145,3.695,5,0.738278489119,0.107553140578,0.778106835287,0
0.215,3.695,5,0.738251622335,0.107623505991,0.778068657804,0
0.2155,3.695,5,0.738225397901,0.107694550962,0.778031962603,0
0.216,3.695,5,0.738199820422,0.107766280169,0.777996762813,0
0.2165,3.695,5,0.738174894501,0.107838698293,0.777963071564,0
0.217,3.695,5,0.738150624744,0.107911810013,0.777930901987,0
0.2175,3.695,5,0.738127015755,0.107985620007,0.77790026721,0
0.218,3.695,5,0.738104072139,0.108060132955,0.777871180364,0
0.21,3.7,5,0.738614031647,0.106804984121,0.778551140893,0
0.2105,3.7,5,0.738581607475,0.106869443352,0.778500481084,0
0.211,3.7,5,0.738549784676,0.106934539911,0.778451187055,0
0.2115,3.7,5,0.738518567855,0.107000278475,0.778403271935,0
0.212,3.7,5,0.738487961617,0.107066663725,0.778356748855,0
0.2125,3.7,5,0.738457970566,0.107133700339,0.778311630944,0
0.213,3.7,5,0.738428599306,0.107201392997,0.778267931332,0
0.2135,3.7,5,0.738399852443,0.107269746378,0.77822566315,0
0.214,3.7,5,0.738371734581,0.107338765161,0.778184839526,0
0.2145,3.7,5,0.738344250324,0.107408454025,0.778145473591,0
0.215,3.7,5,0.738317404278,0.107478817649,0.778107578476,0
0.2155,3.7,5,0.738291201047,0.107549860713,0.778071167308,0
0.216,3.7,5,0.738265645235,0.107621587895,0.77803625322,0
0.2165,3.7,5,0.738240741448,0.107694003875,0.778002849339,0
0.217,3.7,5,0.73821649429,0.107767113332,0.777970968798,0
0.2175,3.7,5,0.738192908365,0.107840920945,0.777940624724,0
0.218,3.7,5,0.738169988278,0.107915431393,0.777911830249,0
0.2185,3.7,5,0.738147738635,0.107990649355,0.777884598502,0
0.21,3.705,5,0.738679298895,0.106660982151,0.778588430813,0
0.2105,3.705,5,0.738646890668,0.106725440602,0.778538034744,0
0.211,3.705,5,0.738615084279,0.106790536261,0.778489006122,0
0.2115,3.705,5,0.738583884334,0.106856273807,0.778441358076,0
0.212,3.705,5,0.738553295436,0.106922657921,0.778395103737,0
0.2125,3.705,5,0.73852332219,0.106989693281,0.778350256235,0
0.213,3.705,5,0.738493969201,0.107057384565,0.778306828699,0
0.2135,3.705,5,0.738465241074,0.107125736454,0.77826483426,0
0.214,3.705,5,0.738437142413,0.107194753627,0.778224286047,0
0.2145,3.705,5,0.738409677823,0.107264440762,0.77818519719,0
0.215,3.705,5,0.738382851909,0.107334802538,0.778147580819,0
0.2155,3.705,5,0.738356669275,0.107405843636,0.778111450064,0
0.216,3.705,5,0.738331134526,0.107477568734,0.778076818055,0
0.2165,3.705,5,0.738306252266,0.10754998251,0.778043697922,0
0.217,3.705,5,0.738282027101,0.107623089646,0.778012102795,0
0.2175,3.705,5,0.738258463635,0.107696894818,0.777982045803,0
0.218,3.705,5,0.738235566472,0.107771402707,0.777953540077,0
0.2185,3.705,5,0.738213340217,0.107846617993,0.777926598746,0
0.21,3.71,5,0.738744226841,0.106517649542,0.7786268112,0
0.2105,3.71,5,0.738711833953,0.106582107153,0.778576675249,0
0.211,3.71,5,0.738680043368,0.106647201854,0.778527908412,0
0.2115,3.71,5,0.738648859692,0.106712938324,0.778480523819,0
0.212,3.71,5,0.738618287528,0.106779321242,0.7784345346,0
0.2125,3.71,5,0.738588331482,0.106846355288,0.778389953884,0
0.213,3.71,5,0.738558996159,0.10691404514,0.778346794803,0
0.2135,3.71,5,0.738530286162,0.106982395478,0.778305070485,0
0.214,3.71,5,0.738502206097,0.10705141098,0.778264794061,0
0.2145,3.71,5,0.738474760568,0.107121096327,0.778225978661,0
0.215,3.71,5,0.73844795418,0.107191456197,0.778188637413,0
0.2155,3.71,5,0.738421791537,0.10726249527,0.77815278345,0
0.216,3.71,5,0.738396277245,0.107334218223,0.778118429899,0
0.2165,3.71,5,0.738371415907,0.107406629738,0.778085589891,0
0.217,3.71,5,0.738347212129,0.107479734492,0.778054276557,0
0.2175,3.71,5,0.738323670515,0.107553537165,0.778024503025,0
0.218,3.71,5,0.738300795669,0.107628042436,0.777996282426,0
0.2185,3.71,5,0.738278592198,0.107703254985,0.777969627889,0
0.219,3.71,5,0.738257064704,0.10777917949,0.777944552546,0
0.21,3.715,5,0.738808804435,0.106374981833,0.778666254631,0
0.2105,3.715,5,0.738776426279,0.106439438545,0.778616375177,0
0.211,3.715,5,0.738744650893,0.106504532228,0.778567866503,0
0.2115,3.715,5,0.73871348288,0.106570267562,0.778520741741,0
0.212,3.715,5,0.738682926845,0.106636649226,0.77847501402,0
0.2125,3.715,5,0.738652987394,0.106703681898,0.778430696471,0
0.213,3.715,5,0.738623669129,0.106771370259,0.778387802222,0
0.2135,3.715,5,0.738594976657,0.106839718987,0.778346344404,0
0.214,3.715,5,0.738566914582,0.106908732761,0.778306336148,0
0.2145,3.715,5,0.738539487508,0.10697841626,0.778267790582,0
0.215,3.715,5,0.73851270004,0.107048774164,0.778230720837,0
0.2155,3.715,5,0.738486556783,0.107119811152,0.778195140042,0
0.216,3.715,5,0.738461062342,0.107191531903,0.778161061328,0
0.2165,3.715,5,0.73843622132,0.107263941096,0.778128497824,0
0.217,3.715,5,0.738412038324,0.10733704341,0.778097462661,0
0.2175,3.715,5,0.738388517956,0.107410843524,0.778067968967,0
0.218,3.715,5,0.738365664823,0.107485346118,0.778040029874,0
0.2185,3.715,5,0.738343483528,0.107560555871,0.778013658511,0
0.219,3.715,5,0.738321978677,0.107636477461,0.777988868008,0
0.2105,3.72,5,0.738840656598,0.106297430316,0.778657107105,0
0.211,3.72,5,0.738808895804,0.106362522923,0.778608852974,0
0.2115,3.72,5,0.738777742849,0.106428257061,0.778561984421,0
0.212,3.72,5,0.738747202338,0.106494637411,0.778516514577,0
0.2125,3.72,5,0.738717278874,0.106561668651,0.778472456571,0
0.213,3.72,5,0.738687977063,0.106629355461,0.778429823534,0
0.2135,3.72,5,0.73865930151,0.106697702519,0.778388628595,0
0.214,3.72,5,0.738631256819,0.106766714505,0.778348884884,0
0.2145,3.72,5,0.738603847595,0.106836396098,0.778310605532,0
0.215,3.72,5,0.738577078442,0.106906751977,0.778273803667,0
0.2155,3.72,5,0.738550953964,0.106977786821,0.77823849242,0
0.216,3.72,5,0.738525478768,0.10704950531,0.778204684921,0
0.2165,3.72,5,0.738500657457,0.107121912122,0.778172394299,0
0.217,3.72,5,0.738476494636,0.107195011936,0.778141633686,0
0.2175,3.72,5,0.738452994909,0.107268809433,0.778112416209,0
0.218,3.72,5,0.738430162882,0.107343309291,0.778084755,0
0.2185,3.72,5,0.738408003159,0.107418516188,0.778058663189,0
0.219,3.72,5,0.738386520344,0.107494434805,0.778034153904,0
0.2105,3.725,5,0.73890451386,0.106156078004,0.778698843613,0
0.211,3.725,5,0.738872767053,0.106221169475,0.778650840402,0
0.2115,3.725,5,0.73884162855,0.106286902359,0.778604224437,0
0.212,3.725,5,0.738811102956,0.106353281336,0.778559008848,0
0.2125,3.725,5,0.738781194875,0.106420311084,0.778515206765,0
0.213,3.725,5,0.738751908912,0.106487996284,0.778472831318,0
0.2135,3.725,5,0.738723249672,0.106556341614,0.778431895636,0
0.214,3.725,5,0.738695221759,0.106625351752,0.778392412849,0
0.2145,3.725,5,0.738667829778,0.10669503138,0.778354396088,0
0.215,3.725,5,0.738641078334,0.106765385174,0.778317858482,0
0.2155,3.725,5,0.738614972031,0.106836417816,0.778282813161,0
0.216,3.725,5,0.738589515474,0.106908133983,0.778249273256,0
0.2165,3.725,5,0.738564713267,0.106980538355,0.778217251895,0
0.217,3.725,5,0.738540570016,0.107053635611,0.77818676221,0
0.2175,3.725,5,0.738517090325,0.10712743043,0.778157817329,0
0.218,3.725,5,0.738494278798,0.107201927492,0.778130430382,0
0.2185,3.725,5,0.73847214004,0.107277131476,0.778104614501,0
0.219,3.725,5,0.738450678656,0.10735304706,0.778080382813,0
0.2195,3.725,5,0.738429899251,0.107429678924,0.77805774845,0
0.2105,3.73,5,0.738967987016,0.106015377147,0.778741557278,0
0.211,3.73,5,0.738936253589,0.106080467423,0.778693801367,0
0.2115,3.73,5,0.738905128933,0.106146198993,0.778647434368,0
0.212,3.73,5,0.73887461765,0.106212576538,0.778602469412,0
0.2125,3.73,5,0.738844724346,0.106279604736,0.77855891963,0
0.213,3.73,5,0.738815453625,0.106347288266,0.778516798151,0
0.2135,3.73,5,0.738786810092,0.106415631808,0.778476118104,0
0.214,3.73,5,0.738758798352,0.106484640041,0.77843689262,0
0.2145,3.73,5,0.738731423009,0.106554317643,0.778399134829,0
0.215,3.73,5,0.738704688668,0.106624669294,0.778362857861,0
0.2155,3.73,5,0.738678599933,0.106695699673,0.778328074845,0
0.216,3.73,5,0.73865316141,0.10676741346,0.778294798911,0
0.2165,3.73,5,0.738628377702,0.106839815333,0.77826304319,0
0.217,3.73,5,0.738604253415,0.106912909971,0.77823282081,0
0.2175,3.73,5,0.738580793153,0.106986702054,0.778204144903,0
0.218,3.73,5,0.738558001521,0.107061196261,0.778177028598,0
0.2185,3.73,5,0.738535883123,0.107136397271,0.778151485025,0
0.219,3.73,5,0.738514442565,0.107212309764,0.778127527313,0
0.211,3.735,5,0.738999344365,0.105940412305,0.778737708445,0
0.2115,3.735,5,0.738968232948,0.106006142503,0.778691586791,0
0.212,3.735,5,0.738937735371,0.106072518557,0.778646868847,0
0.2125,3.735,5,0.738907856238,0.106139545145,0.778603567744,0
0.213,3.735,5,0.738878600154,0.106207226946,0.778561696611,0
0.2135,3.735,5,0.738849971723,0.106275568641,0.778521268579,0
0.214,3.735,5,0.738821975549,0.106344574908,0.778482296776,0
0.2145,3.735,5,0.738794616238,0.106414250426,0.778444794334,0
0.215,3.735,5,0.738767898394,0.106484599875,0.778408774381,0
0.2155,3.735,5,0.738741826622,0.106555627933,0.778374250048,0
0.216,3.735,5,0.738716405527,0.106627339279,0.778341234465,0
0.2165,3.735,5,0.738691639712,0.106699738594,0.778309740761,0
0.217,3.735,5,0.738667533783,0.106772830556,0.778279782066,0
0.2175,3.735,5,0.738644092345,0.106846619843,0.778251371512,0
0.218,3.735,5,0.738621320002,0.106921111136,0.778224522226,0
0.2185,3.735,5,0.738599221358,0.106996309114,0.778199247339,0
0.219,3.735,5,0.738577801019,0.107072218455,0.778175559982,0
0.211,3.74,5,0.739062028329,0.105800999661,0.778782534215,0
0.2115,3.74,5,0.739030929547,0.105866728426,0.778736654284,0
0.212,3.74,5,0.73900044507,0.105933102929,0.778692179731,0
0.2125,3.74,5,0.738970579503,0.106000127848,0.778649123686,0
0.213,3.74,5,0.738941337449,0.106067807862,0.778607499278,0
0.2135,3.74,5,0.738912723513,0.106136147651,0.778567319638,0
0.214,3.74,5,0.738884742301,0.106205151893,0.778528597895,0
0.2145,3.74,5,0.738857398416,0.106274825268,0.778491347179,0
0.215,3.74,5,0.738830696464,0.106345172454,0.77845558062,0
0.2155,3.74,5,0.738804641048,0.106416198132,0.778421311349,0
0.216,3.74,5,0.738779236775,0.10648790698,0.778388552494,0
0.2165,3.74,5,0.738754488248,0.106560303677,0.778357317187,0
0.217,3.74,5,0.738730400072,0.106633392902,0.778327618556,0
0.2175,3.74,5,0.738706976851,0.106707179335,0.778299469732,0
0.218,3.74,5,0.738684223191,0.106781667655,0.778272883844,0
0.2185,3.74,5,0.738662143696,0.106856862541,0.778247874023,0
0.219,3.74,5,0.73864074297,0.106932768672,0.778224453398,0
0.211,3.745,5,0.739124294433,0.105662225027,0.778828251256,0
0.2115,3.745,5,0.73909320768,0.105727952301,0.778782609426,0
0.212,3.745,5,0.739062735697,0.105794325194,0.778738374642,0
0.2125,3.745,5,0.739032883089,0.105861348385,0.778695560033,0
0.213,3.745,5,0.73900365446,0.105929026552,0.778654178729,0
0.2135,3.745,5,0.738975054414,0.105997364376,0.778614243859,0
0.214,3.745,5,0.738947087557,0.106066366534,0.778575768554,0
0.2145,3.745,5,0.738919758493,0.106136037706,0.778538765944,0
0.215,3.745,5,0.738893071827,0.106206382572,0.778503249158,0
0.2155,3.745,5,0.738867032162,0.10627740581,0.778469231326,0
0.216,3.745,5,0.738841644105,0.106349112099,0.778436725579,0
0.2165,3.745,5,0.73881691226,0.106421506119,0.778405745046,0
0.217,3.745,5,0.73879284123,0.10649459255,0.778376302857,0
0.2175,3.745,5,0.738769435622,0.106568376069,0.778348412142,0
0.218,3.745,5,0.738746700039,0.106642861356,0.77832208603,0
0.2185,3.745,5,0.738724639086,0.106718053091,0.778297337653,0
0.2115,3.75,5,0.739155056297,0.105589809666,0.778829424795,0
0.212,3.75,5,0.739124596203,0.10565618089,0.778785426158,0
0.2125,3.75,5,0.739094755949,0.105723202294,0.778742849364,0
0.213,3.75,5,0.739065540138,0.105790878555,0.778701707541,0
0.2135,3.75,5,0.739036953377,0.105859214353,0.778662013821,0
0.214,3.75,5,0.73900900027,0.105928214368,0.778623781333,0
0.2145,3.75,5,0.73898168542,0.105997883279,0.778587023206,0
0.215,3.75,5,0.738955013434,0.106068225764,0.778551752571,0
0.2155,3.75,5,0.738928988915,0.106139246503,0.778517982558,0
0.216,3.75,5,0.738903616468,0.106210950176,0.778485726296,0
0.2165,3.75,5,0.738878900698,0.10628334146,0.778454996916,0
0.217,3.75,5,0.73885484621,0.106356425036,0.778425807547,0
0.2175,3.75,5,0.738831457608,0.106430205582,0.77839817132,0
0.218,3.75,5,0.738808739497,0.106504687778,0.778372101363,0
0.2185,3.75,5,0.738786696481,0.106579876302,0.778347610808,0
0.2115,3.755,5,0.73921646435,0.105452296059,0.778877072969,0
0.212,3.755,5,0.739186015538,0.105518665555,0.778833306858,0
0.2125,3.755,5,0.739156187032,0.105585685112,0.778790964257,0
0.213,3.755,5,0.739126983435,0.105653359408,0.778750058294,0
0.2135,3.755,5,0.739098409352,0.105721693123,0.778710602102,0
0.214,3.755,5,0.739070469388,0.105790690935,0.778672608808,0
0.2145,3.755,5,0.739043168148,0.105860357525,0.778636091544,0
0.215,3.755,5,0.739016510236,0.105930697571,0.778601063438,0
0.2155,3.755,5,0.738990500256,0.106001715752,0.778567537622,0
0.216,3.755,5,0.738965142814,0.106073416748,0.778535527225,0
0.2165,3.755,5,0.738940442515,0.106145805237,0.778505045376,0
0.217,3.755,5,0.738916403962,0.106218885899,0.778476105206,0
0.2175,3.755,5,0.73889303176,0.106292663413,0.778448719844,0
0.218,3.755,5,0.738870330515,0.106367142458,0.778422902421,0
0.2115,3.76,5,0.739277420788,0.105315407019,0.778925526526,0
0.212,3.76,5,0.739246982654,0.105381774727,0.778881989319,0
0.2125,3.76,5,0.739217165289,0.105448792378,0.778839877289,0
0.213,3.76,5,0.7391879733,0.10551646465,0.778799203566,0
0.2135,3.76,5,0.73915941129,0.105584796222,0.778759981279,0
0.214,3.76,5,0.739131483864,0.105653791773,0.778722223559,0
0.2145,3.76,5,0.739104195627,0.105723455982,0.778685943535,0
0.215,3.76,5,0.739077551183,0.10579379353,0.778651154338,0
0.2155,3.76,5,0.739051555137,0.105864809093,0.778617869097,0
0.216,3.76,5,0.739026212094,0.105936507353,0.778586100942,0
0.2165,3.76,5,0.739001526659,0.106008892988,0.778555863003,0
0.217,3.76,5,0.738977503435,0.106081970677,0.77852716841,0
0.2175,3.76,5,0.738954147029,0.1061557451,0.778500030293,0
0.218,3.76,5,0.738931462043,0.106230220935,0.778474461782,0
0.212,3.765,5,0.739307486499,0.105245503945,0.77893144612,0
0.2125,3.765,5,0.739277679671,0.105312519631,0.77888956104,0
0.213,3.765,5,0.739248498683,0.105380189819,0.778849115934,0
0.2135,3.765,5,0.73921994814,0.105448519188,0.778810123932,0
0.214,3.765,5,0.739192032647,0.105517512419,0.778772598163,0
0.2145,3.765,5,0.739164756807,0.105587174189,0.778736551759,0
0.215,3.765,5,0.739138125226,0.105657509179,0.778701997848,0
0.2155,3.765,5,0.739112142508,0.105728522066,0.77866894956,0
0.216,3.765,5,0.739086813259,0.105800217531,0.778637420026,0
0.2165,3.765,5,0.739062142082,0.105872600252,0.778607422376,0
0.217,3.765,5,0.739038133582,0.10594567491,0.778578969738,0
0.2175,3.765,5,0.739014792364,0.106019446182,0.778552075244,0
0.218,3.765,5,0.738992123033,0.106093918747,0.778526752023,0
0.212,3.77,5,0.739367516026,0.105109848746,0.778981649839,0
0.2125,3.77,5,0.739337719129,0.105176862408,0.778939988087,0
0.213,3.77,5,0.739308548537,0.105244530453,0.778899767977,0
0.2135,3.77,5,0.739280008855,0.105312857561,0.778861002637,0
0.214,3.77,5,0.739252104688,0.105381848412,0.778823705199,0
0.2145,3.77,5,0.73922484064,0.105451507684,0.778787888792,0
0.215,3.77,5,0.739198221316,0.105521840056,0.778753566546,0
0.2155,3.77,5,0.73917225132,0.105592850208,0.778720751591,0
0.216,3.77,5,0.739146935258,0.105664542819,0.778689457056,0
0.2165,3.77,5,0.739122277734,0.105736922568,0.778659696072,0
0.217,3.77,5,0.739098283352,0.105809994134,0.778631481769,0
0.2175,3.77,5,0.739074956718,0.105883762196,0.778604827276,0
0.212,3.775,5,0.739427060185,0.10497480467,0.779032573054,0
0.2125,3.775,5,0.739397272612,0.105041816248,0.778991131009,0
0.213,3.775,5,0.739368111811,0.105109482091,0.778951132272,0
0.2135,3.775,5,0.739339582384,0.105177806879,0.778912589975,0
0.214,3.775,5,0.739311688937,0.10524679529,0.778875517245,0
0.2145,3.775,5,0.739284436075,0.105316452004,0.778839927214,0
0.215,3.775,5,0.739257828403,0.105386781701,0.778805833011,0
0.2155,3.775,5,0.739231870524,0.105457789058,0.778773247766,0
0.216,3.775,5,0.739206567043,0.105529478755,0.77874218461,0
0.2165,3.775,5,0.739181922566,0.105601855472,0.778712656671,0
0.217,3.775,5,0.739157941697,0.105674923888,0.77868467708,0
0.2175,3.775,5,0.73913462904,0.105748688681,0.778658258967,0
0.212,3.78,5,0.739486107926,0.104840367253,0.779084188343,0
0.2125,3.78,5,0.739456329072,0.104907376689,0.779042962383,0
0.213,3.78,5,0.739427177455,0.104975040271,0.779003181399,0
0.2135,3.78,5,0.739398657678,0.105043362679,0.778964858521,0
0.214,3.78,5,0.739370774347,0.105112348592,0.778928006879,0
0.2145,3.78,5,0.739343532065,0.105182002689,0.778892639602,0
0.215,3.78,5,0.739316935437,0.10525232965,0.778858769821,0
0.2155,3.78,5,0.739290989069,0.105323334153,0.778826410665,0
0.216,3.78,5,0.739265697565,0.105395020878,0.778795575265,0
0.2165,3.78,5,0.739241065529,0.105467394504,0.77876627675,0
0.217,3.78,5,0.739217097566,0.10554045971,0.77873852825,0
0.2175,3.78,5,0.73919379828,0.105614221175,0.778712342895,0
0.212,3.785,5,0.739544648199,0.104706532036,0.779136468284,0
0.2125,3.785,5,0.73951487746,0.104773539269,0.779095454788,0
0.213,3.785,5,0.739485734421,0.104841200531,0.779055887935,0
0.2135,3.785,5,0.739457223688,0.1049095205,0.779017780855,0
0.214,3.785,5,0.739429349866,0.104978503856,0.778981146679,0
0.2145,3.785,5,0.739402117558,0.105048155277,0.778945998535,0
0.215,3.785,5,0.73937553137,0.105118479443,0.778912349554,0
0.2155,3.785,5,0.739349595907,0.105189481033,0.778880212865,0
0.216,3.785,5,0.739324315773,0.105261164726,0.7788496016,0
0.2165,3.785,5,0.739299695572,0.105333535202,0.778820528887,0
0.217,3.785,5,0.73927573991,0.105406597139,0.778793007856,0
0.213,3.79,5,0.739543771659,0.104707958409,0.779109224458,0
0.2135,3.79,5,0.739515269364,0.10477627588,0.779071329555,0
0.214,3.79,5,0.739487404445,0.104845256619,0.779034909223,0
0.2145,3.79,5,0.739460181506,0.104914905305,0.77899997659,0
0.215,3.79,5,0.739433605152,0.104985226617,0.778966544787,0
0.2155,3.79,5,0.739407679988,0.105056225235,0.778934626945,0
0.216,3.79,5,0.739382410618,0.105127905838,0.778904236193,0
0.2165,3.79,5,0.739357801647,0.105200273104,0.77887538566,0
0.217,3.79,5,0.73933385768,0.105273331713,0.778848088477,0
0.2135,3.795,5,0.739572783657,0.104643624358,0.779125477199,0
0.214,3.795,5,0.739544927035,0.104712602421,0.779089267089,0
0.2145,3.795,5,0.73951771286,0.104782248312,0.779054546346,0
0.215,3.795,5,0.739491145734,0.104852566712,0.779021328101,0
0.2155,3.795,5,0.739465230263,0.104923562298,0.778989625482,0
0.216,3.795,5,0.739439971052,0.10499523975,0.778959451622,0
0.2165,3.795,5,0.739415372705,0.105067603748,0.778930819648,0
0.217,3.795,5,0.739391439827,0.105140658969,0.778903742691,0
0.214,3.8,5,0.739601906588,0.104580536799,0.779144192856,0
0.2145,3.8,5,0.739574700569,0.104650179837,0.779109680381,0
0.215,3.8,5,0.739548142066,0.104720495264,0.779076672071,0
0.2155,3.8,5,0.739522235682,0.10479148776,0.779045181056,0
0.216,3.8,5,0.739496986024,0.104863162003,0.779015220465,0
0.2165,3.8,5,0.739472397695,0.104935522672,0.778986803428,0
0.215,3.805,5,0.739604583098,0.104589007813,0.779132549277,0
0.2155,3.805,5,0.739578685197,0.104659997159,0.779101266243,0
0.216,3.805,5,0.739553444486,0.104731668133,0.7790715153,0
0.2165,3.805,5,0.739528865569,0.104804025416,0.77904330958,0
0.216,3.81,5,0.739609335387,0.10460075368,0.779128308707,0
0.2165,3.81,5,0.739584765277,0.104673107516,0.77910031068,0
0.177,4.5,5,0.741082275413,0.0862262466394,0.786568190359,0
0.1775,4.5,5,0.741010274164,0.0862593620391,0.786434944693,0
0.178,4.5,5,0.740938644823,0.0862927869731,0.786302465001,0
0.1785,4.5,5,0.740867391994,0.0863265261203,0.786170764412,0
0.179,4.5,5,0.740796520281,0.08636058416,0.786039856057,0
0.1795,4.5,5,0.74072603429,0.0863949657713,0.785909753065,0
0.18,4.5,5,0.740655938626,0.0864296756334,0.785780468566,0
0.1805,4.5,5,0.740586237892,0.0864647184255,0.78565201569,0
0.181,4.5,5,0.740516936694,0.0865000988266,0.785524407567,0
0.1815,4.5,5,0.740448039635,0.0865358215159,0.785397657328,0
0.182,4.5,5,0.740379551322,0.0865718911725,0.785271778101,0
0.1825,4.5,5,0.740311476358,0.0866083124758,0.785146783016,0
0.183,4.5,5,0.740243819348,0.0866450901046,0.785022685205,0
0.1835,4.5,5,0.740176584896,0.0866822287383,0.784899497795,0
0.184,4.5,5,0.740109777608,0.086719733056,0.784777233919,0
0.1845,4.5,5,0.740043402088,0.0867576077368,0.784655906704,0
0.185,4.5,5,0.739977462941,0.0867958574598,0.784535529282,0
0.1855,4.5,5,0.739911964771,0.0868344869043,0.784416114782,0
0.186,4.5,5,0.739846912182,0.0868735007493,0.784297676334,0
0.1865,4.5,5,0.739782309781,0.0869129036741,0.784180227068,0
0.187,4.5,5,0.73971816217,0.0869527003577,0.784063780113,0
0.1875,4.5,5,0.739654473956,0.0869928954794,0.783948348601,0
0.188,4.5,5,0.739591249742,0.0870334937182,0.78383394566,0
0.1885,4.5,5,0.739528494133,0.0870744997534,0.78372058442,0
0.189,4.5,5,0.739466211735,0.087115918264,0.783608278012,0
0.1895,4.5,5,0.73940440715,0.0871577539292,0.783497039565,0
0.19,4.5,5,0.739343084985,0.0872000114282,0.78338688221,0
0.1905,4.5,5,0.739282249844,0.0872426954402,0.783277819075,0
0.191,4.5,5,0.739221906331,0.0872858106442,0.783169863292,0
0.1915,4.5,5,0.739162059051,0.0873293617194,0.783063027989,0
0.192,4.5,5,0.739102712609,0.087373353345,0.782957326298,0
0.1925,4.5,5,0.739043871609,0.0874177902001,0.782852771347,0
0.193,4.5,5,0.738985540656,0.0874626769639,0.782749376266,0
0.1935,4.5,5,0.738927724355,0.0875080183155,0.782647154187,0
0.194,4.5,5,0.73887042731,0.0875538189341,0.782546118237,0
0.1945,4.5,5,0.738813654127,0.0876000834988,0.782446281548,0
0.195,4.5,5,0.738757409409,0.0876468166887,0.782347657249,0
0.1955,4.5,5,0.738701697761,0.0876940231831,0.78225025847,0
0.196,4.5,5,0.738646523788,0.0877417076611,0.782154098341,0
0.1965,4.5,5,0.738591892095,0.0877898748017,0.782059189993,0
0.197,4.5,5,0.738537807286,0.0878385292843,0.781965546553,0
0.1975,4.5,5,0.738484273966,0.0878876757878,0.781873181154,0
0.198,4.5,5,0.73843129674,0.0879373189916,0.781782106924,0
0.1985,4.5,5,0.738378880211,0.0879874635746,0.781692336994,0
0.199,4.5,5,0.738327028986,0.0880381142162,0.781603884493,0
0.1995,4.5,5,0.738275747668,0.0880892755953,0.781516762552,0
0.2,4.5,5,0.738225040862,0.0881409523912,0.7814309843,0
0.2005,4.5,5,0.738174913173,0.0881931492831,0.781346562866,0
0.201,4.5,5,0.738125369206,0.08824587095,0.781263511382,0
0.2015,4.5,5,0.738076413564,0.0882991220711,0.781181842977,0
0.202,4.5,5,0.738028050853,0.0883529073256,0.78110157078,0
0.2025,4.5,5,0.737980285678,0.0884072313926,0.781022707923,0
0.203,4.5,5,0.737933122643,0.0884620989513,0.780945267534,0
0.2035,4.5,5,0.737886566352,0.0885175146808,0.780869262743,0
0.204,4.5,5,0.737840621411,0.0885734832603,0.780794706681,0
0.2045,4.5,5,0.737795292424,0.0886300093689,0.780721612477,0
0.205,4.5,5,0.737750583995,0.0886870976858,0.780649993261,1.30435034699e-05
0.2055,4.5,5,0.73770650073,0.0887447528901,0.780579862164,4.94328996379e-05
0.206,4.5,5,0.737663047233,0.088802979661,0.780511232314,8.8806095403e-05
0.2065,4.5,5,0.737620228108,0.0888617826775,0.780444116843,0.000130974641589
0.207,4.5,5,0.73757804796,0.088921166619,0.780378528879,0.000176125929571
0.2075,4.5,5,0.737536511395,0.0889811361645,0.780314481553,0.000224470288849
0.208,4.5,5,0.737495623016,0.0890416959931,0.780251987994,0.000276248860096
0.2085,4.5,5,0.737455387428,0.0891028507841,0.780191061333,0.000331675166775
0.209,4.5,5,0.737415809236,0.0891646052165,0.7801317147,0.000391001586023
0.2095,4.5,5,0.737376893044,0.0892269639696,0.780073961224,0.000454509462578
0.21,4.5,5,0.737338643458,0.0892899317224,0.780017814035,0.000522527645807
0.2105,4.5,5,0.737301065081,0.0893535131542,0.779963286263,0.00059535394358
0.211,4.5,5,0.737264162519,0.089417712944,0.779910391038,0.000673333174357
0.2115,4.5,5,0.737227940376,0.089482535771,0.77985914149,0.000756849596547
0.212,4.5,5,0.737192403257,0.0895479863144,0.779809550749,0.000846355342562
0.2125,4.5,5,0.737157555766,0.0896140692533,0.779761631944,0.000942272770408
0.213,4.5,5,0.737123402508,0.0896807892669,0.779715398206,0.00104508132254
0.2135,4.5,5,0.737089948088,0.0897481510344,0.779670862665,0.00115531701489
0.214,4.5,5,0.73705719711,0.0898161592348,0.77962803845,0.00127361043364
0.2145,4.5,5,0.737025154179,0.0898848185473,0.779586938692,0.00140057006036
0.215,4.5,5,0.7369938239,0.0899541336511,0.779547576519,0.00153687645684
0.2155,4.5,5,0.736963210877,0.0900241092253,0.779509965063,0.00168329408582
0.216,4.5,5,0.736933319715,0.090094749949,0.779474117453,0.00184071995424
0.2165,4.5,5,0.736904155019,0.0901660605015,0.779440046818,0.00201004553125
0.217,4.5,5,0.736875721392,0.0902380455619,0.77940776629,0.00219226024802
0.2175,4.5,5,0.736848023441,0.0903107098093,0.779377288997,0.00238848113595
0.218,4.5,5,0.73682106577,0.0903840579228,0.77934862807,0.00260001596964
0.2185,4.5,5,0.736794852982,0.0904580945817,0.779321796638,0.00282819697944
0.219,4.5,5,0.736769389683,0.090532824465,0.779296807832,0.00306846657611
0.2195,4.5,5,0.736744680478,0.090608252252,0.779273674781,0.00325949202513
0.22,4.5,5,0.736720729971,0.0906843826218,0.779252410615,0.00344619166515
0.2205,4.5,5,0.736697542767,0.0907612202534,0.779233028464,0.00364777428671
0.221,4.5,5,0.73667512347,0.0908387698261,0.779215541459,0.00386572479572
0.2215,4.5,5,0.736653476686,0.0909170360191,0.779199962728,0.00410176734362
0.222,4.5,5,0.736632607018,0.0909960235114,0.779186305402,0.00434808068552
0.2225,4.5,5,0.736612519071,0.0910757369822,0.779174582611,0.00449638935522
0.223,4.5,5,0.736593217451,0.0911561811108,0.779164807485,0.00461355635103
0.2235,4.5,5,0.736574706761,0.0912373605761,0.779156993152,0.00472853319089
0.224,4.5,5,0.736556991607,0.0913192800574,0.779151152745,0.00483966642564
0.2245,4.5,5,0.736540076592,0.0914019442338,0.779147299392,0.00494443935233
0.225,4.5,5,0.736523966322,0.0914853577845,0.779145446222,0.00503951031383
0.2255,4.5,5,0.736508665402,0.0915695253886,0.779145606367,0.00474748040504
0.226,4.5,5,0.736494178435,0.0916544517253,0.779147792956,0.00284633068754
0.2265,4.5,5,0.736480510027,0.0917401414737,0.779152019119,0.000534204614252
0.227,4.5,5,0.736467664783,0.091826599313,0.779158297986,0
0.2275,4.5,5,0.736455647306,0.0919138299223,0.779166642687,0
0.228,4.5,5,0.736444462202,0.0920018379807,0.779177066351,0
0.2285,4.5,5,0.736434114075,0.0920906281675,0.779189582108,0
0.229,4.5,5,0.736424607529,0.0921802051618,0.779204203089,0
0.2295,4.5,5,0.736415947171,0.0922705736426,0.779220942424,0
0.23,4.5,5,0.736408137603,0.0923617382893,0.779239813241,0
0.2305,4.5,5,0.736401183431,0.0924537037809,0.779260828672,0
0.231,4.5,5,0.73639508926,0.0925464747965,0.779284001845,0
0.2315,4.5,5,0.736389859694,0.0926400560153,0.779309345892,0
0.232,4.5,5,0.736385499337,0.0927344521166,0.779336873941,0
0.2325,4.5,5,0.736382012795,0.0928296677793,0.779366599123,0
0.233,4.5,5,0.736379404672,0.0929257076827,0.779398534568,0
0.2335,4.5,5,0.736377679573,0.093022576506,0.779432693405,0
0.234,4.5,5,0.736376842102,0.0931202789282,0.779469088765,0
0.2385,3.04,6,0.72973693572,0.145711254458,0.798389152408,0
0.239,3.04,6,0.729736835548,0.145847777086,0.798362318161,0
0.2395,3.04,6,0.729737569736,0.145985287078,0.798337340945,0
0.238,3.045,6,0.729738492205,0.145303273979,0.798112599098,0
0.2385,3.045,6,0.729737644284,0.145438812189,0.798084742015,0
0.239,3.045,6,0.729737626585,0.145575332966,0.7980587305,0
0.2395,3.045,6,0.729738443712,0.145712840988,0.798034577684,0
0.2375,3.05,6,0.729741873869,0.144897532639,0.797840813092,0
0.238,3.05,6,0.729740281268,0.145032091289,0.797811939346,0
0.2385,3.05,6,0.72973951475,0.145167627707,0.797784899706,0
0.239,3.05,6,0.729739578918,0.145304146573,0.797759707302,0
0.2395,3.05,6,0.729740478378,0.145441652566,0.797736375264,0
0.24,3.05,6,0.729742217734,0.145580150364,0.797714916721,0
0.237,3.055,6,0.729747068273,0.144494021119,0.797573769703,0
0.2375,3.055,6,0.729744734061,0.144627605066,0.797543885468,0
0.238,3.055,6,0.729743221791,0.144762161983,0.797515823877,0
0.2385,3.055,6,0.729742536069,0.14489769655,0.79748959806,0
0.239,3.055,6,0.729742681499,0.145034213446,0.797465221145,0
0.2395,3.055,6,0.729743662686,0.14517171735,0.797442706263,0
0.24,3.055,6,0.729745484234,0.145310212942,0.797422066544,0
0.237,3.06,6,0.729750990219,0.144225344201,0.797280555698,0
0.2375,3.06,6,0.729748735267,0.144358926475,0.797251478329,0
0.238,3.06,6,0.729747302723,0.1444934816,0.797224225271,0
0.2385,3.06,6,0.729746697191,0.144629014257,0.797198809653,0
0.239,3.06,6,0.729746923278,0.144765529124,0.797175244606,0
0.2395,3.06,6,0.729747985586,0.14490303088,0.797153543259,0
0.24,3.06,6,0.729749888721,0.145041524205,0.797133718742,0
0.2365,3.065,6,0.729759037303,0.143825299377,0.797021925348,0
0.237,3.065,6,0.729756042737,0.143957911863,0.796991838375,0
0.2375,3.065,6,0.729753866439,0.144091492404,0.796963564251,0
0.238,3.065,6,0.729752513014,0.144226045678,0.796937116104,0
0.2385,3.065,6,0.729751987068,0.144361576364,0.796912507065,0
0.239,3.065,6,0.729752293204,0.144498089143,0.796889750264,0
0.2395,3.065,6,0.729753436028,0.144635588692,0.79686885883,0
0.24,3.065,6,0.729755420144,0.144774079692,0.796849845894,0
0.2405,3.065,6,0.729758250156,0.144913566821,0.796832724585,0
0.236,3.07,6,0.729768862871,0.143427461272,0.796767969734,0
0.2365,3.07,6,0.729765131759,0.143559108829,0.796736879331,0
0.237,3.07,6,0.729762214776,0.143691719642,0.796707590314,0
0.2375,3.07,6,0.729760116527,0.14382529839,0.796680115812,0
0.238,3.07,6,0.729758841616,0.143959849754,0.796654468955,0
0.2385,3.07,6,0.729758394649,0.144095378412,0.796630662874,0
0.239,3.07,6,0.72975878023,0.144231889043,0.796608710697,0
0.2395,3.07,6,0.729760002963,0.144369386326,0.796588625555,0
0.24,3.07,6,0.729762067454,0.144507874941,0.796570420578,0
0.2405,3.07,6,0.729764978307,0.144647359566,0.796554108896,0
0.2355,3.075,6,0.729780454483,0.143031820569,0.796518664171,0
0.236,3.075,6,0.729775989893,0.143162508053,0.796486576512,0
0.2365,3.075,6,0.729772335293,0.143294153995,0.796456278776,0
0.237,3.075,6,0.729769495288,0.143426763076,0.796427784092,0
0.2375,3.075,6,0.729767474482,0.143560339974,0.796401105591,0
0.238,3.075,6,0.72976627748,0.143694889368,0.796376256403,0
0.2385,3.075,6,0.729765908886,0.143830415937,0.796353249657,0
0.239,3.075,6,0.729766373305,0.143966924361,0.796332098483,0
0.2395,3.075,6,0.729767675343,0.144104419319,0.796312816011,0
0.24,3.075,6,0.729769819603,0.14424290549,0.796295415372,0
0.2405,3.075,6,0.729772810689,0.144382387554,0.796279909694,0
0.2355,3.08,6,0.729788604699,0.142768100217,0.796240905233,0
0.236,3.08,6,0.72978421555,0.142898786146,0.796209604951,0
0.2365,3.08,6,0.729780636857,0.143030430415,0.79618009626,0
0.237,3.08,6,0.729777873223,0.143163037704,0.796152392288,0
0.2375,3.08,6,0.729775929254,0.143296612691,0.796126506167,0
0.238,3.08,6,0.729774809554,0.143431160057,0.796102451025,0
0.2385,3.08,6,0.729774518728,0.143566684479,0.796080239993,0
0.239,3.08,6,0.729775061381,0.143703190637,0.7960598862,0
0.2395,3.08,6,0.729776442116,0.143840683211,0.796041402777,0
0.24,3.08,6,0.72977866554,0.143979166879,0.796024802854,0
0.2405,3.08,6,0.729781736255,0.14411864632,0.796010099559,0
0.235,3.085,6,0.729802963734,0.142375876002,0.795999840807,0
0.2355,3.085,6,0.729797843105,0.142505606774,0.795967544154,0
0.236,3.085,6,0.729793528792,0.142636291089,0.795937027629,0
0.2365,3.085,6,0.7297900254,0.142767933626,0.795908304361,0
0.237,3.085,6,0.729787337532,0.142900539064,0.79588138748,0
0.2375,3.085,6,0.729785469795,0.143034112082,0.795856290116,0
0.238,3.085,6,0.729784426792,0.143168657359,0.795833025399,0
0.2385,3.085,6,0.729784213127,0.143304179575,0.79581160646,0
0.239,3.085,6,0.729784833407,0.143440683408,0.795792046427,0
0.2395,3.085,6,0.729786292235,0.143578173538,0.795774358431,0
0.24,3.085,6,0.729788594216,0.143716654644,0.795758555602,0
0.2405,3.085,6,0.729791743954,0.143856131404,0.795744651069,0
0.2345,3.09,6,0.729819054558,0.141985826088,0.795763358551,0
0.235,3.09,6,0.729813205518,0.142114606561,0.7957300717,0
0.2355,3.09,6,0.729808158653,0.142244335779,0.795698553515,0
0.236,3.09,6,0.72980391857,0.142375018421,0.795668817123,0
0.2365,3.09,6,0.729800489873,0.142506659167,0.795640875657,0
0.237,3.09,6,0.729797877166,0.142639262694,0.795614742245,0
0.2375,3.09,6,0.729796085054,0.142772833684,0.795590430018,0
0.238,3.09,6,0.729795118142,0.142907376814,0.795567952105,0
0.2385,3.09,6,0.729794981033,0.143042896764,0.795547321636,0
0.239,3.09,6,0.729795678334,0.143179398213,0.795528551741,0
0.2395,3.09,6,0.729797214649,0.14331688584,0.795511655551,0
0.24,3.09,6,0.729799594582,0.143455364324,0.795496646194,0
0.2405,3.09,6,0.729802822738,0.143594838345,0.795483536802,0
0.234,3.095,6,0.72983686473,0.141597941157,0.795531433779,0
0.2345,3.095,6,0.729830290346,0.141725776188,0.795497162904,0
0.235,3.095,6,0.729824513999,0.141854555166,0.795464649232,0
0.2355,3.095,6,0.729819540294,0.14198428277,0.795433905891,0
0.236,3.095,6,0.729815373835,0.14211496368,0.795404946013,0
0.2365,3.095,6,0.729812019227,0.142246602575,0.795377782727,0
0.237,3.095,6,0.729809481074,0.142379204133,0.795352429162,0
0.2375,3.095,6,0.729807763982,0.142512773035,0.79532889845,0
0.238,3.095,6,0.729806872555,0.142647313959,0.795307203719,0
0.2385,3.095,6,0.729806811397,0.142782831584,0.795287358099,0
0.239,3.095,6,0.729807585114,0.142919330589,0.795269374722,0
0.2395,3.095,6,0.729809198309,0.143056815654,0.795253266715,0
0.24,3.095,6,0.729811655588,0.143195291458,0.79523904721,0
0.2405,3.095,6,0.729814961555,0.143334762679,0.795226729336,0
0.241,3.095,6,0.729819120815,0.143475233998,0.795216326223,0
0.234,3.1,6,0.72984908515,0.141339106335,0.795268793081,0
0.2345,3.1,6,0.729842582389,0.14146693993,0.795235290095,0
0.235,3.1,6,0.72983687813,0.141595717354,0.795203545979,0
0.2355,3.1,6,0.729831976977,0.141725443286,0.795173573863,0
0.236,3.1,6,0.729827883536,0.141856122404,0.795145386876,0
0.2365,3.1,6,0.729824602412,0.141987759389,0.795118998148,0
0.237,3.1,6,0.729822138208,0.142120358919,0.79509442081,0
0.2375,3.1,6,0.72982049553,0.142253925674,0.79507166799,0
0.238,3.1,6,0.729819678982,0.142388464332,0.79505075282,0
0.2385,3.1,6,0.729819693169,0.142523979573,0.795031688428,0
0.239,3.1,6,0.729820542696,0.142660476075,0.795014487945,0
0.2395,3.1,6,0.729822232166,0.142797958519,0.794999164501,0
0.24,3.1,6,0.729824766186,0.142936431583,0.794985731226,0
0.2405,3.1,6,0.729828149359,0.143075899946,0.794974201249,0
0.241,3.1,6,0.729832386289,0.143216368288,0.7949645877,0
0.2335,3.105,6,0.729869577489,0.140954587684,0.795044937544,0
0.234,3.105,6,0.729862351381,0.141081480753,0.79501045142,0
0.2345,3.105,6,0.729855919636,0.141209312854,0.794977712702,0
0.235,3.105,6,0.729850286859,0.141338088664,0.794946734522,0
0.2355,3.105,6,0.729845457654,0.141467812864,0.794917530008,0
0.236,3.105,6,0.729841436626,0.141598490132,0.79489011229,0
0.2365,3.105,6,0.729838228379,0.141730125148,0.7948644945,0
0.237,3.105,6,0.729835837519,0.14186272259,0.794840689766,0
0.2375,3.105,6,0.729834268649,0.141996287138,0.794818711218,0
0.238,3.105,6,0.729833526375,0.142130823472,0.794798571986,0
0.2385,3.105,6,0.7298336153,0.142266336269,0.794780285201,0
0.239,3.105,6,0.729834540031,0.14240283021,0.794763863991,0
0.2395,3.105,6,0.729836305171,0.142540309973,0.794749321488,0
0.24,3.105,6,0.729838915325,0.142678780238,0.794736670821,0
0.2405,3.105,6,0.729842375097,0.142818245684,0.794725925119,0
0.241,3.105,6,0.729846689093,0.142958710989,0.794717097513,0
0.233,3.11,6,0.72989175492,0.140572210916,0.79482557161,0
0.2335,3.11,6,0.729883808535,0.140698168316,0.79479010852,0
0.234,3.11,6,0.729876652373,0.14082505995,0.794756381375,0
0.2345,3.11,6,0.729870291039,0.140952890496,0.794724403304,0
0.235,3.11,6,0.729864729138,0.141081664634,0.794694187436,0
0.2355,3.11,6,0.729859971275,0.141211387043,0.794665746903,0
0.236,3.11,6,0.729856022054,0.141342062401,0.794639094834,0
0.2365,3.11,6,0.729852886079,0.141473695389,0.794614244359,0
0.237,3.11,6,0.729850567956,0.141606290684,0.794591208608,0
0.2375,3.11,6,0.729849072288,0.141739852967,0.79457000071,0
0.238,3.11,6,0.729848403682,0.141874386916,0.794550633796,0
0.2385,3.11,6,0.729848566741,0.142009897211,0.794533120995,0
0.239,3.11,6,0.72984956607,0.142146388531,0.794517475438,0
0.2395,3.11,6,0.729851406273,0.142283865555,0.794503710254,0
0.24,3.11,6,0.729854091956,0.142422332961,0.794491838573,0
0.2405,3.11,6,0.729857627723,0.14256179543,0.794481873525,0
0.241,3.11,6,0.729862018178,0.142702257641,0.79447382824,0
0.233,3.115,6,0.72990694141,0.1403169933,0.794574236712,0
0.2335,3.115,6,0.729899063899,0.140442949325,0.794539527312,0
0.234,3.115,6,0.729891977077,0.140569839464,0.794506555524,0
0.2345,3.115,6,0.729885685549,0.140697668397,0.794475334477,0
0.235,3.115,6,0.729880193918,0.140826440803,0.794445877302,0
0.2355,3.115,6,0.729875506791,0.140956161361,0.794418197128,0
0.236,3.115,6,0.72987162877,0.14108683475,0.794392307086,0
0.2365,3.115,6,0.729868564462,0.14121846565,0.794368220305,0
0.237,3.115,6,0.72986631847,0.14135105874,0.794345949914,0
0.2375,3.115,6,0.7298648954,0.141484618698,0.794325509045,0
0.238,3.115,6,0.729864299855,0.141619150204,0.794306910827,0
0.2385,3.115,6,0.729864536441,0.141754657937,0.794290168389,0
0.239,3.115,6,0.729865609763,0.141891146577,0.794275294862,0
0.2395,3.115,6,0.729867524424,0.142028620802,0.794262303376,0
0.24,3.115,6,0.72987028503,0.142167085291,0.79425120706,0
0.2405,3.115,6,0.729873896185,0.142306544724,0.794242019044,0
0.241,3.115,6,0.729878362494,0.14244700378,0.794234752459,0
0.2325,3.12,6,0.729931737565,0.139937946386,0.794362811309,0
0.233,3.12,6,0.729923141773,0.140062971658,0.794327125828,0
0.2335,3.12,6,0.729915332532,0.140188926247,0.794293166497,0
0.234,3.12,6,0.729908314444,0.140315814832,0.794260946445,0
0.2345,3.12,6,0.729902092115,0.140443642093,0.794230478801,0
0.235,3.12,6,0.729896670149,0.140572412708,0.794201776697,0
0.2355,3.12,6,0.729892053151,0.140702131356,0.794174853261,0
0.236,3.12,6,0.729888245726,0.140832802718,0.794149721623,0
0.2365,3.12,6,0.729885252478,0.140964431471,0.794126394914,0
0.237,3.12,6,0.729883078012,0.141097022295,0.794104886264,0
0.2375,3.12,6,0.729881726933,0.14123057987,0.794085208802,0
0.238,3.12,6,0.729881203845,0.141365108874,0.794067375657,0
0.2385,3.12,6,0.729881513353,0.141500613986,0.794051399961,0
0.239,3.12,6,0.729882660061,0.141637099886,0.794037294843,0
0.2395,3.12,6,0.729884648574,0.141774571253,0.794025073433,0
0.24,3.12,6,0.729887483497,0.141913032765,0.79401474886,0
0.2405,3.12,6,0.729891169435,0.142052489103,0.794006334255,0
0.241,3.12,6,0.729895710992,0.142192944945,0.793999842748,0
0.232,3.125,6,0.729958184558,0.139561018254,0.794155807626,0
0.2325,3.125,6,0.729948873555,0.139685117631,0.794119152239,0
0.233,3.125,6,0.729940344962,0.139810141527,0.794084211538,0
0.2335,3.125,6,0.729932603383,0.139936094622,0.794050998654,0
0.234,3.125,6,0.729925653424,0.140062981594,0.794019526716,0
0.2345,3.125,6,0.729919499689,0.140190807123,0.793989808854,0
0.235,3.125,6,0.729914146782,0.140319575888,0.793961858199,0
0.2355,3.125,6,0.729909599308,0.140449292567,0.793935687879,0
0.236,3.125,6,0.729905861873,0.140579961841,0.793911311025,0
0.2365,3.125,6,0.729902939079,0.140711588389,0.793888740767,0
0.237,3.125,6,0.729900835533,0.140844176889,0.793867990234,0
0.2375,3.125,6,0.729899555839,0.14097773202,0.793849072557,0
0.238,3.125,6,0.729899104602,0.141112258463,0.793832000866,0
0.2385,3.125,6,0.729899486425,0.141247760895,0.79381678829,0
0.239,3.125,6,0.729900705914,0.141384243996,0.793803447959,0
0.2395,3.125,6,0.729902767674,0.141521712446,0.793791993003,0
0.24,3.125,6,0.729905676309,0.141660170923,0.793782436552,0
0.2405,3.125,6,0.729909436423,0.141799624106,0.793774791736,0
0.241,3.125,6,0.729914052622,0.141940076676,0.793769071686,0
0.232,3.13,6,0.729976246802,0.139309377925,0.793915581858,0
0.2325,3.13,6,0.729967001926,0.139433475985,0.793879665962,0
0.233,3.13,6,0.729958539925,0.139558498446,0.79384546642,0
0.2335,3.13,6,0.729950865404,0.139684449987,0.793812996361,0
0.234,3.13,6,0.729943982968,0.139811335287,0.793782268916,0
0.2345,3.13,6,0.72993789722,0.139939159025,0.793753297214,0
0.235,3.13,6,0.729932612767,0.140067925881,0.793726094386,0
0.2355,3.13,6,0.729928134211,0.140197640532,0.793700673561,0
0.236,3.13,6,0.72992446616,0.14032830766,0.793677047869,0
0.2365,3.13,6,0.729921613215,0.140459931942,0.79365523044,0
0.237,3.13,6,0.729919579984,0.140592518059,0.793635234404,0
0.2375,3.13,6,0.729918371069,0.140726070688,0.79361707289,0
0.238,3.13,6,0.729917991076,0.140860594509,0.79360075903,0
0.2385,3.13,6,0.72991844461,0.140996094202,0.793586305952,0
0.239,3.13,6,0.729919736274,0.141132574446,0.793573726787,0
0.2395,3.13,6,0.729921870674,0.141270039919,0.793563034664,0
0.24,3.13,6,0.729924852415,0.141408495301,0.793554242714,0
0.2405,3.13,6,0.729928686101,0.141547945271,0.793547364066,0
0.241,3.13,6,0.729933376336,0.141688394508,0.79354241185,0
0.2315,3.135,6,0.730005249075,0.138935743221,0.793716390002,0
0.232,3.135,6,0.729995290984,0.139058920303,0.793679505084,0
0.2325,3.135,6,0.729986111629,0.139183016987,0.793644325057,0
0.233,3.135,6,0.729977715615,0.139308037954,0.793610863051,0
0.2335,3.135,6,0.729970107545,0.139433987881,0.793579132196,0
0.234,3.135,6,0.729963292026,0.13956087145,0.793549145622,0
0.2345,3.135,6,0.72995727366,0.139688693338,0.793520916459,0
0.235,3.135,6,0.729952057054,0.139817458225,0.793494457836,0
0.2355,3.135,6,0.729947646812,0.13994717079,0.793469782884,0
0.236,3.135,6,0.729944047538,0.140077835711,0.793446904732,0
0.2365,3.135,6,0.729941263837,0.140209457669,0.793425836511,0
0.237,3.135,6,0.729939300314,0.140342041343,0.79340659135,0
0.2375,3.135,6,0.729938161573,0.140475591411,0.793389182379,0
0.238,3.135,6,0.729937852219,0.140610112553,0.793373622728,0
0.2385,3.135,6,0.729938376857,0.140745609447,0.793359925527,0
0.239,3.135,6,0.729939740091,0.140882086774,0.793348103906,0
0.2395,3.135,6,0.729941946526,0.141019549211,0.793338170995,0
0.24,3.135,6,0.729945000766,0.141158001439,0.793330139923,0
0.2405,3.135,6,0.729948907417,0.141297448136,0.793324023821,0
0.241,3.135,6,0.729953671083,0.141437893982,0.793319835819,0
0.231,3.14,6,0.730035867932,0.1385642042,0.793521551984,0
0.2315,3.14,6,0.730025199695,0.13868646516,0.793483704218,0
0.232,3.14,6,0.730015306054,0.138809640925,0.79344754988,0
0.2325,3.14,6,0.730006191615,0.138933736174,0.793413102101,0
0.233,3.14,6,0.729997860981,0.139058755587,0.79338037401,0
0.2335,3.14,6,0.729990318757,0.139184703843,0.793349378738,0
0.234,3.14,6,0.729983569549,0.139311585621,0.793320129413,0
0.2345,3.14,6,0.72997761796,0.139439405599,0.793292639167,0
0.235,3.14,6,0.729972468595,0.139568168459,0.793266921128,0
0.2355,3.14,6,0.72996812606,0.139697878877,0.793242988428,0
0.236,3.14,6,0.729964594958,0.139828541534,0.793220854195,0
0.2365,3.14,6,0.729961879895,0.139960161109,0.79320053156,0
0.237,3.14,6,0.729959985474,0.14009274228,0.793182033652,0
0.2375,3.14,6,0.729958916301,0.140226289727,0.793165373602,0
0.238,3.14,6,0.72995867698,0.14036080813,0.793150564539,0
0.2385,3.14,6,0.729959272117,0.140496302167,0.793137619593,0
0.239,3.14,6,0.729960706314,0.140632776517,0.793126551895,0
0.231,3.145,6,0.730056715618,0.138316101238,0.793292238679,0
0.2315,3.145,6,0.730046110759,0.13843836094,0.793255116204,0
0.232,3.145,6,0.730036280963,0.13856153533,0.793219688826,0
0.2325,3.145,6,0.730027230833,0.138685629085,0.793185969673,0
0.233,3.145,6,0.730018964974,0.138810646885,0.793153971875,0
0.2335,3.145,6,0.73001148799,0.13893659341,0.793123708563,0
0.234,3.145,6,0.730004804487,0.139063473338,0.793095192867,0
0.2345,3.145,6,0.729998919069,0.139191291348,0.793068437916,0
0.235,3.145,6,0.729993836341,0.13932005212,0.79304345684,0
0.2355,3.145,6,0.729989560906,0.139449760333,0.793020262769,0
0.236,3.145,6,0.729986097371,0.139580420666,0.792998868834,0
0.2365,3.145,6,0.729983450339,0.139712037798,0.792979288163,0
0.237,3.145,6,0.729981624416,0.139844616408,0.792961533887,0
0.2375,3.145,6,0.729980624205,0.139978161176,0.792945619136,0
0.231,3.15,6,0.730078513304,0.138069167715,0.793066999344,0
0.2315,3.15,6,0.730067971219,0.138191426101,0.79303059854,0
0.232,3.15,6,0.730058204661,0.138314599056,0.792995894498,0
0.2325,3.15,6,0.730049218235,0.138438691258,0.79296290035,0
0.233,3.15,6,0.730041016545,0.138563707386,0.792931629224,0
0.2335,3.15,6,0.730033604196,0.13868965212,0.792902094252,0
0.234,3.15,6,0.730026985792,0.138816530139,0.792874308562,0
0.2345,3.15,6,0.730021165939,0.138944346122,0.792848285285,0
0.235,3.15,6,0.73001614924,0.139073104748,0.79282403755,0
0.2355,3.15,6,0.730011940302,0.139202810696,0.792801578488,0
0.236,3.15,6,0.730008543727,0.139333468646,0.792780921228,0
0.233,3.155,6,0.730064004644,0.138317932628,0.792713318636,0
0.2335,3.155,6,0.730056656323,0.138443875513,0.792684508381,0
0.202,4.5,6,0.7363664592,0.0937864234998,0.792057906842,0
0.2025,4.5,6,0.736306316025,0.0938629786393,0.791981805197,0
0.203,4.5,6,0.736246806927,0.0939401449462,0.791907088951,0
0.2035,4.5,6,0.73618793651,0.0940179270995,0.791833771233,0
0.204,4.5,6,0.73612970938,0.0940963297784,0.791761865174,0
0.2045,4.5,6,0.736072130141,0.094175357662,0.791691383904,0
0.205,4.5,6,0.736015203398,0.0942550154295,0.791622340553,0
0.2055,4.5,6,0.735958933754,0.0943353077601,0.791554748249,0
0.206,4.5,6,0.735903325816,0.0944162393329,0.791488620125,0
0.2065,4.5,6,0.735848384187,0.094497814827,0.791423969308,0
0.207,4.5,6,0.735794113472,0.0945800389216,0.79136080893,0
0.2075,4.5,6,0.735740518276,0.0946629162959,0.791299152119,0
0.208,4.5,6,0.735687603204,0.0947464516289,0.791239012007,0
0.2085,4.5,6,0.73563537286,0.0948306495999,0.791180401723,0
0.209,4.5,6,0.735583831848,0.094915514888,0.791123334396,0
0.2095,4.5,6,0.735532984774,0.0950010521724,0.791067823157,0
0.21,4.5,6,0.735482836242,0.0950872661321,0.791013881135,0
0.2105,4.5,6,0.735433390857,0.0951741614464,0.790961521461,0
0.211,4.5,6,0.735384653223,0.0952617427944,0.790910757264,0
0.2115,4.5,6,0.735336627945,0.0953500148552,0.790861601675,0
0.212,4.5,6,0.735289319628,0.095438982308,0.790814067823,0
0.2125,4.5,6,0.735242732876,0.095528649832,0.790768168837,0
0.213,4.5,6,0.735196872294,0.0956190221062,0.790723917849,0
0.2135,4.5,6,0.735151742487,0.0957101038099,0.790681327988,0
0.214,4.5,6,0.735107348059,0.0958018996222,0.790640412383,0
0.2145,4.5,6,0.735063693615,0.0958944142223,0.790601184165,0
0.215,4.5,6,0.735020783759,0.0959876522892,0.790563656463,0
0.2155,4.5,6,0.734978623097,0.0960816185022,0.790527842408,0
0.216,4.5,6,0.734937216233,0.0961763175404,0.79049375513,0
0.2165,4.5,6,0.734896567771,0.0962717540829,0.790461407757,0
0.217,4.5,6,0.734856682316,0.0963679328089,0.790430813421,0
0.2175,4.5,6,0.734817564473,0.0964648583976,0.790401985251,0
0.218,4.5,6,0.734779218847,0.096562535528,0.790374936376,0
0.2185,4.5,6,0.734741650042,0.0966609688794,0.790349679928,0
0.219,4.5,6,0.734704862662,0.0967601631309,0.790326229035,0
0.2195,4.5,6,0.734668861313,0.0968601229617,0.790304596828,0
0.22,4.5,6,0.734633650599,0.0969608530508,0.790284796437,0
0.2205,4.5,6,0.734599235125,0.0970623580775,0.790266840991,3.93999495962e-06
0.221,4.5,6,0.734565619495,0.0971646427209,0.79025074362,5.41731386143e-05
0.2215,4.5,6,0.734532808314,0.0972677116601,0.790236517455,0.000121304380914
0.222,4.5,6,0.734500806187,0.0973715695744,0.790224175625,0.000193230747067
0.2225,4.5,6,0.734469617718,0.0974762211427,0.790213731259,0.000270296089149
0.223,4.5,6,0.734439247512,0.0975816710444,0.790205197489,0.00032283666544
0.2235,4.5,6,0.734409700174,0.0976879239585,0.790198587444,0.000201690641454
0.224,4.5,6,0.734380980308,0.0977949845642,0.790193914253,4.19117657149e-05
0.2245,4.5,6,0.734353092519,0.0979028575407,0.790191191047,0
0.225,4.5,6,0.734326041412,0.098011547567,0.790190430956,0
0.2255,4.5,6,0.73429983159,0.0981210593224,0.790191647109,0
0.226,4.5,6,0.73427446766,0.098231397486,0.790194852636,0
0.2265,4.5,6,0.734249954225,0.0983425667369,0.790200060668,0
0.227,4.5,6,0.734226295891,0.0984545717544,0.790207284334,0
0.2275,4.5,6,0.734203497261,0.0985674172174,0.790216536764,0
0.228,4.5,6,0.73418156294,0.0986811078053,0.790227831088,0
0.2285,4.5,6,0.734160497534,0.0987956481971,0.790241180435,0
0.229,4.5,6,0.734140305647,0.098911043072,0.790256597937,0
0.2295,4.5,6,0.734120991883,0.0990272971092,0.790274096722,0
0.23,4.5,6,0.734102560847,0.0991444149878,0.79029368992,0
0.2305,4.5,6,0.734085017144,0.0992624013869,0.790315390663,0
0.231,4.5,6,0.734068365378,0.0993812609856,0.790339212078,0
0.2315,4.5,6,0.734052610154,0.0995009984633,0.790365167297,0
0.232,4.5,6,0.734037756077,0.0996216184989,0.790393269449,0
0.2325,4.5,6,0.734023807751,0.0997431257717,0.790423531663,0
0.233,4.5,6,0.734010769781,0.0998655249608,0.790455967071,0
0.2335,4.5,6,0.733998646772,0.0999888207453,0.790490588802,0
0.234,4.5,6,0.733987443328,0.100113017804,0.790527409986,0
0.2345,4.5,6,0.733977164054,0.100238120817,0.790566443752,0
0.235,4.5,6,0.733967813555,0.100364134463,0.79060770323,0
0.2355,4.5,6,0.733959396435,0.100491063421,0.790651201551,0
0.236,4.5,6,0.733951917298,0.10061891237,0.790696951845,0
0.2365,4.5,6,0.733945380751,0.100747685989,0.790744967241,0
0.237,4.5,6,0.733939791396,0.100877388958,0.790795260869,0
0.2375,4.5,6,0.733935153839,0.101008025956,0.790847845859,0
0.238,4.5,6,0.733931472685,0.101139601661,0.790902735341,0
0.2385,4.5,6,0.733928752538,0.101272120753,0.790959942444,0
0.239,4.5,6,0.733926998003,0.101405587911,0.7910194803,0
0.2395,4.5,6,0.733926213684,0.101540007815,0.791081362037,0
0.2365,3.095,7,0.729182148397,0.148954166459,0.805681541348,0
0.237,3.095,7,0.729181322615,0.149112279851,0.805662404592,0
0.2375,3.095,7,0.729181349829,0.149271428261,0.805645053617,0
0.238,3.095,7,0.729182234646,0.149431616369,0.805629501555,0
0.2355,3.1,7,0.729187818778,0.148381822784,0.805462011862,0
0.236,3.1,7,0.729185333881,0.148537876257,0.805440101733,0
0.2365,3.1,7,0.729183693238,0.148694955273,0.805419952794,0
0.237,3.1,7,0.729182901452,0.14885306451,0.805401578173,0
0.2375,3.1,7,0.729182963129,0.149012208646,0.805384991003,0
0.238,3.1,7,0.729183882872,0.149172392362,0.805370204412,0
0.235,3.105,7,0.729193710778,0.14796880271,0.805226161248,0
0.2355,3.105,7,0.729190418228,0.148123831463,0.805203256572,0
0.236,3.105,7,0.729187965791,0.14827988096,0.805182101623,0
0.2365,3.105,7,0.729186358074,0.14843695588,0.805162709531,0
0.237,3.105,7,0.729185599679,0.148595060902,0.805145093426,0
0.2375,3.105,7,0.729185695212,0.148754200706,0.805129266438,0
0.238,3.105,7,0.729186649277,0.14891437997,0.805115241696,0
0.2385,3.105,7,0.729188466479,0.149075603374,0.80510303233,0
0.2345,3.11,7,0.72920148613,0.147558013868,0.804994874228,0
0.235,3.11,7,0.729197388995,0.147712022756,0.804970981179,0
0.2355,3.11,7,0.729194127835,0.147867047591,0.804948826395,0
0.236,3.11,7,0.729191707253,0.148023093052,0.804928423005,0
0.2365,3.11,7,0.729190131855,0.148180163817,0.804909784139,0
0.237,3.11,7,0.729189406245,0.148338264565,0.804892922927,0
0.2375,3.11,7,0.729189535029,0.148497399977,0.8048778525,0
0.238,3.11,7,0.72919052281,0.148657574731,0.804864585986,0
0.2385,3.11,7,0.729192374193,0.148818793506,0.804853136516,0
0.234,3.115,7,0.729211132395,0.147149446938,0.804768126118,0
0.2345,3.115,7,0.729206233743,0.147302440819,0.80474325087,0
0.235,3.115,7,0.729202166926,0.147456445849,0.804720102424,0
0.2355,3.115,7,0.729198936549,0.147611466707,0.80469869391,0
0.236,3.115,7,0.729196547217,0.147767508072,0.804679038457,0
0.2365,3.115,7,0.729195003533,0.147924574623,0.804661149196,0
0.237,3.115,7,0.729194310103,0.148082671039,0.804645039256,0
0.2375,3.115,7,0.729194471531,0.148241801999,0.804630721767,0
0.238,3.115,7,0.729195492422,0.148401972183,0.80461820986,0
0.2385,3.115,7,0.72919737738,0.14856318627,0.804607516663,0
0.239,3.115,7,0.729200131011,0.148725448939,0.804598655308,0
0.2335,3.12,7,0.72922263713,0.1467430926,0.804545892233,0
0.234,3.12,7,0.72921694003,0.146895076331,0.80452004096,0
0.2345,3.12,7,0.729212070626,0.147048066414,0.804495905026,0
0.235,3.12,7,0.729208033522,0.147202067526,0.804473497561,0
0.2355,3.12,7,0.729204833322,0.147357084348,0.804452831695,0
0.236,3.12,7,0.729202474633,0.147513121558,0.804433920558,0
0.2365,3.12,7,0.729200962057,0.147670183836,0.804416777279,0
0.237,3.12,7,0.729200300201,0.14782827586,0.804401414989,0
0.2375,3.12,7,0.729200493668,0.14798740231,0.804387846818,0
0.238,3.12,7,0.729201547063,0.148147567865,0.804376085896,0
0.2385,3.12,7,0.729203464991,0.148308777204,0.804366145352,0
0.239,3.12,7,0.729206252056,0.148471035007,0.804358038316,0
0.233,3.125,7,0.729235987895,0.146338941536,0.804328147888,0
0.2335,3.125,7,0.729229495415,0.146489919975,0.804301326763,0
0.234,3.125,7,0.729223826491,0.146641899967,0.804276209515,0
0.2345,3.125,7,0.729218985729,0.146794886191,0.804252809273,0
0.235,3.125,7,0.729214977732,0.146948883327,0.804231139167,0
0.2355,3.125,7,0.729211807105,0.147103896053,0.804211212328,0
0.236,3.125,7,0.729209478452,0.147259929049,0.804193041885,0
0.2365,3.125,7,0.72920799638,0.147416986994,0.804176640967,0
0.237,3.125,7,0.729207365491,0.147575074567,0.804162022706,0
0.2375,3.125,7,0.729207590391,0.147734196448,0.804149200231,0
0.238,3.125,7,0.729208675685,0.147894357315,0.804138186672,0
0.2385,3.125,7,0.729210625976,0.148055561847,0.804128995158,0
0.239,3.125,7,0.729213445871,0.148217814724,0.80412163882,0
0.233,3.13,7,0.729243887457,0.14608696243,0.804087083594,0
0.2335,3.13,7,0.729237422083,0.146237937189,0.804060991205,0
0.234,3.13,7,0.72923178073,0.146389913382,0.80403660436,0
0.2345,3.13,7,0.729226968003,0.146542895688,0.804013936189,0
0.235,3.13,7,0.729222988507,0.146696888788,0.803992999821,0
0.2355,3.13,7,0.729219846846,0.14685189736,0.803973808387,0
0.236,3.13,7,0.729217547626,0.147007926083,0.803956375016,0
0.2365,3.13,7,0.72921609545,0.147164979636,0.803940712839,0
0.237,3.13,7,0.729215494923,0.147323062699,0.803926834985,0
0.2375,3.13,7,0.729215750651,0.147482179951,0.803914754584,0
0.238,3.13,7,0.729216867237,0.14764233607,0.803904484767,0
0.2385,3.13,7,0.729218849287,0.147803535737,0.803896038662,0
0.239,3.13,7,0.729221701404,0.14796578363,0.8038894294,0
0.2325,3.135,7,0.729260103716,0.145686194379,0.803877286768,0
0.233,3.135,7,0.729252844959,0.145836168761,0.803850225412,0
0.2335,3.135,7,0.729246406084,0.145987139779,0.803824858138,0
0.234,3.135,7,0.729240791696,0.146139112114,0.803801198074,0
0.2345,3.135,7,0.729236006399,0.146292090444,0.803779258352,0
0.235,3.135,7,0.729232054798,0.146446079449,0.803759052101,0
0.2355,3.135,7,0.729228941498,0.146601083807,0.80374059245,0
0.236,3.135,7,0.729226671103,0.146757108197,0.803723892531,0
0.2365,3.135,7,0.729225248219,0.1469141573,0.803708965472,0
0.237,3.135,7,0.729224677449,0.147072235794,0.803695824403,0
0.2375,3.135,7,0.729224963398,0.147231348357,0.803684482455,0
0.238,3.135,7,0.729226110671,0.14739149967,0.803674952758,0
0.2385,3.135,7,0.729228123873,0.147552694412,0.803667248441,0
0.239,3.135,7,0.729231007607,0.147714937261,0.803661382634,0
0.2395,3.135,7,0.72923476648,0.147878232897,0.803657368467,0
0.232,3.14,7,0.729278131749,0.145287606502,0.8036719116,0
0.2325,3.14,7,0.729270082678,0.145436585364,0.803643887451,0
0.233,3.14,7,0.72926284935,0.145586556066,0.803617545921,0
0.2335,3.14,7,0.729256436369,0.145737523285,0.803592900139,0
0.234,3.14,7,0.72925084834,0.145889491703,0.803569963236,0
0.2345,3.14,7,0.729246089867,0.146042465997,0.803548748341,0
0.235,3.14,7,0.729242165556,0.146196450847,0.803529268585,0
0.2355,3.14,7,0.729239080011,0.146351450932,0.803511537096,0
0.236,3.14,7,0.729236837836,0.146507470932,0.803495567006,0
0.2365,3.14,7,0.729235443637,0.146664515524,0.803481371444,0
0.237,3.14,7,0.729234902017,0.146822589389,0.803468963539,0
0.2375,3.14,7,0.729235217582,0.146981697206,0.803458356423,0
0.238,3.14,7,0.729236394937,0.147141843653,0.803449563224,0
0.2385,3.14,7,0.729238438685,0.14730303341,0.803442597073,0
0.239,3.14,7,0.729241353431,0.147465271156,0.803437471099,0
0.2395,3.14,7,0.729245143781,0.147628561571,0.803434198432,0
0.2315,3.145,7,0.729297959117,0.144891189479,0.803470933404,0
0.232,3.145,7,0.729289122801,0.145039177679,0.803441952636,0
0.2325,3.145,7,0.729281098087,0.145188152921,0.803414643024,0
0.233,3.145,7,0.729273889581,0.145338119883,0.803389017698,0
0.2335,3.145,7,0.729267501888,0.145489083245,0.803365089787,0
0.234,3.145,7,0.729261939613,0.145641047686,0.803342872423,0
0.2345,3.145,7,0.729257207359,0.145794017885,0.803322378734,0
0.235,3.145,7,0.729253309731,0.145947998522,0.803303621851,0
0.2355,3.145,7,0.729250251335,0.146102994275,0.803286614903,0
0.236,3.145,7,0.729248036775,0.146259009823,0.80327137102,0
0.2365,3.145,7,0.729246670655,0.146416049846,0.803257903333,0
0.237,3.145,7,0.72924615758,0.146574119024,0.803246224971,0
0.2375,3.145,7,0.729246502155,0.146733222034,0.803236349065,0
0.238,3.145,7,0.729247708985,0.146893363556,0.803228288743,0
0.2385,3.145,7,0.729249782674,0.14705454827,0.803222057136,0
0.239,3.145,7,0.729252727826,0.147216780854,0.803217667373,0
0.2395,3.145,7,0.729256549047,0.147380065988,0.803215132586,0
0.231,3.15,7,0.729319573379,0.144496933993,0.803274327496,0
0.2315,3.15,7,0.729309952884,0.144643936388,0.803244396282,0
0.232,3.15,7,0.729301139854,0.144791921026,0.803216124762,0
0.2325,3.15,7,0.729293138892,0.144940892588,0.803189526065,0
0.233,3.15,7,0.729285954604,0.145090855751,0.803164613321,0
0.2335,3.15,7,0.729279591593,0.145241815196,0.803141399661,0
0.234,3.15,7,0.729274054465,0.145393775602,0.803119898213,0
0.2345,3.15,7,0.729269347824,0.145546741647,0.803100122109,0
0.235,3.15,7,0.729265476274,0.14570071801,0.803082084477,0
0.2355,3.15,7,0.729262444421,0.145855709372,0.803065798448,0
0.236,3.15,7,0.72926025687,0.146011720411,0.803051277152,0
0.2365,3.15,7,0.729258918224,0.146168755805,0.803038533719,0
0.237,3.15,7,0.729258433088,0.146326820236,0.803027581278,0
0.2375,3.15,7,0.729258806067,0.14648591838,0.803018432959,0
0.238,3.15,7,0.729260041767,0.146646054919,0.803011101892,0
0.2385,3.15,7,0.72926214479,0.14680723453,0.803005601208,0
0.239,3.15,7,0.729265119743,0.146969461893,0.803001944036,0
0.2395,3.15,7,0.729268971229,0.147132741687,0.803000143506,0
0.2305,3.155,7,0.729342962092,0.144104830724,0.80308206919,0
0.231,3.155,7,0.729332560489,0.14425085217,0.803051193705,0
0.2315,3.155,7,0.72932296221,0.144397851063,0.80302196645,0
0.232,3.155,7,0.729314171861,0.144545832081,0.802994400556,0
0.2325,3.155,7,0.729306194045,0.144694799903,0.802968509152,0
0.233,3.155,7,0.729299033367,0.144844759209,0.80294430537,0
0.2335,3.155,7,0.729292694433,0.144995714678,0.802921802337,0
0.234,3.155,7,0.729287181847,0.145147670988,0.802901013185,0
0.2345,3.155,7,0.729282500213,0.14530063282,0.802881951044,0
0.235,3.155,7,0.729278654135,0.145454604851,0.802864629042,0
0.2355,3.155,7,0.72927564822,0.145609591763,0.802849060311,0
0.236,3.155,7,0.729273487071,0.145765598232,0.802835257979,0
0.2365,3.155,7,0.729272175293,0.145922628939,0.802823235178,0
0.237,3.155,7,0.729271717491,0.146080688563,0.802813005036,0
0.2375,3.155,7,0.729272118269,0.146239781783,0.802804580684,0
0.238,3.155,7,0.729273382232,0.146399913278,0.802797975251,0
0.2385,3.155,7,0.729275513984,0.146561087728,0.802793201868,0
0.239,3.155,7,0.729278518131,0.14672330981,0.802790273665,0
0.2395,3.155,7,0.729282399277,0.146886584205,0.80278920377,0
0.2305,3.16,7,0.729356933173,0.143859915708,0.802862320218,0
0.231,3.16,7,0.729346552714,0.144005933711,0.802832143402,0
0.2315,3.16,7,0.729336976045,0.144152929043,0.802803616485,0
0.232,3.16,7,0.729328207771,0.144300906381,0.802776752596,0
0.2325,3.16,7,0.729320252495,0.144449870405,0.802751564864,0
0.233,3.16,7,0.729313114823,0.144599825794,0.802728066421,0
0.2335,3.16,7,0.72930679936,0.144750777227,0.802706270395,0
0.234,3.16,7,0.729301310709,0.144902729384,0.802686189917,0
0.2345,3.16,7,0.729296653476,0.145055686943,0.802667838117,0
0.235,3.16,7,0.729292832266,0.145209654583,0.802651228124,0
0.2355,3.16,7,0.729289851682,0.145364636985,0.802636373068,0
0.236,3.16,7,0.72928771633,0.145520638826,0.80262328608,0
0.2365,3.16,7,0.729286430815,0.145677664786,0.802611980289,0
0.237,3.16,7,0.72928599974,0.145835719545,0.802602468825,0
0.2375,3.16,7,0.729286427711,0.145994807781,0.802594764818,0
0.238,3.16,7,0.729287719332,0.146154934173,0.802588881398,0
0.2385,3.16,7,0.729289879208,0.146316103402,0.802584831694,0
0.239,3.16,7,0.729292911943,0.146478320145,0.802582628837,0
0.2395,3.16,7,0.729296822142,0.146641589082,0.802582285957,0
0.23,3.165,7,0.729383058496,0.143471117681,0.802677751136,0
0.2305,3.165,7,0.729371898926,0.143616159653,0.802646630934,0
0.231,3.165,7,0.729361539006,0.143762174155,0.802617149167,0
0.2315,3.165,7,0.72935198334,0.143909165866,0.802589318966,0
0.232,3.165,7,0.729343236535,0.144057139465,0.80256315346,0
0.2325,3.165,7,0.729335303194,0.144206099632,0.802538665779,0
0.233,3.165,7,0.729328187922,0.144356051045,0.802515869053,0
0.2335,3.165,7,0.729321895323,0.144506998383,0.802494776413,0
0.234,3.165,7,0.729316430003,0.144658946327,0.802475400987,0
0.2345,3.165,7,0.729311796565,0.144811899554,0.802457755906,0
0.235,3.165,7,0.729307999616,0.144965862744,0.802441854301,0
0.2355,3.165,7,0.729305043758,0.145120840576,0.802427709299,0
0.236,3.165,7,0.729302933597,0.14527683773,0.802415334033,0
0.2365,3.165,7,0.729301673738,0.145433858885,0.80240474163,0
0.237,3.165,7,0.729301268785,0.145591908719,0.802395945222,0
0.2375,3.165,7,0.729301723343,0.145750991912,0.802388957939,0
0.238,3.165,7,0.729303042016,0.145911113142,0.802383792909,0
0.2385,3.165,7,0.72930522941,0.14607227709,0.802380463264,0
0.239,3.165,7,0.729308290128,0.146234488435,0.802378982133,0
0.2295,3.17,7,0.729410924017,0.143084448772,0.802497461776,0
0.23,3.17,7,0.729398988403,0.14322851957,0.80246540436,0
0.2305,3.17,7,0.7293878483,0.143373558099,0.802434973917,0
0.231,3.17,7,0.729377508313,0.14351956904,0.802406183578,0
0.2315,3.17,7,0.729367973046,0.143666557071,0.802379046471,0
0.232,3.17,7,0.729359247104,0.143814526872,0.802353575726,0
0.2325,3.17,7,0.729351335091,0.143963483122,0.802329784474,0
0.233,3.17,7,0.729344241613,0.144113430499,0.802307685845,0
0.2335,3.17,7,0.729337971274,0.144264373684,0.802287292968,0
0.234,3.17,7,0.729332528678,0.144416317355,0.802268618973,0
0.2345,3.17,7,0.72932791843,0.144569266191,0.802251676991,0
0.235,3.17,7,0.729324145136,0.144723224872,0.80223648015,0
0.2355,3.17,7,0.729321213398,0.144878198076,0.802223041581,0
0.236,3.17,7,0.729319127823,0.145034190483,0.802211374415,0
0.2365,3.17,7,0.729317893015,0.145191206773,0.80220149178,0
0.237,3.17,7,0.729317513578,0.145349251623,0.802193406807,0
0.2375,3.17,7,0.729317994117,0.145508329714,0.802187132625,0
0.238,3.17,7,0.729319339237,0.145668445723,0.802182682365,0
0.2385,3.17,7,0.729321553542,0.145829604332,0.802180069156,0
0.239,3.17,7,0.729324641637,0.145991810218,0.802179306128,0
0.229,3.175,7,0.729440517295,0.142699899661,0.80232142745,0
0.2295,3.175,7,0.729427808706,0.142843004141,0.802288438995,0
0.23,3.175,7,0.729415891488,0.142987071555,0.80225706605,0
0.2305,3.175,7,0.729404770247,0.143132106583,0.802227321746,0
0.231,3.175,7,0.729394449587,0.143278113904,0.802199219212,0
0.2315,3.175,7,0.729384934113,0.143425098196,0.802172771577,0
0.232,3.175,7,0.729376228428,0.14357306414,0.802147991973,0
0.2325,3.175,7,0.729368337139,0.143722016413,0.802124893529,0
0.233,3.175,7,0.729361264849,0.143871959696,0.802103489374,0
0.2335,3.175,7,0.729355016163,0.144022898668,0.802083792639,0
0.234,3.175,7,0.729349595686,0.144174838007,0.802065816453,0
0.2345,3.175,7,0.729345008022,0.144327782393,0.802049573947,0
0.235,3.175,7,0.729341257776,0.144481736505,0.802035078251,0
0.2355,3.175,7,0.729338349554,0.144636705022,0.802022342493,0
0.236,3.175,7,0.729336287958,0.144792692624,0.802011379805,0
0.2365,3.175,7,0.729335077595,0.144949703989,0.802002203316,0
0.237,3.175,7,0.729334723068,0.145107743796,0.801994826156,0
0.2375,3.175,7,0.729335228983,0.145266816725,0.801989261454,0
0.238,3.175,7,0.729336599943,0.145426927455,0.801985522342,0
0.2385,3.175,7,0.729338840554,0.145588080665,0.801983621948,0
0.239,3.175,7,0.729341955421,0.145750281034,0.801983573402,0
0.2285,3.18,7,0.729471825888,0.142317461029,0.802149623475,0
0.229,3.18,7,0.729458347392,0.142459604049,0.802115710154,0
0.2295,3.18,7,0.729445656129,0.142602705205,0.802083400881,0
0.23,3.18,7,0.729433756703,0.142746769176,0.802052708786,0
0.2305,3.18,7,0.729422653718,0.142891800643,0.802023646998,0
0.231,3.18,7,0.729412351779,0.143037804284,0.801996228647,0
0.2315,3.18,7,0.729402855491,0.143184784779,0.801970466864,0
0.232,3.18,7,0.729394169459,0.143332746806,0.801946374779,0
0.2325,3.18,7,0.729386298286,0.143481695044,0.80192396552,0
0.233,3.18,7,0.729379246579,0.143631634174,0.801903252218,0
0.2335,3.18,7,0.72937301894,0.143782568873,0.801884248004,0
0.234,3.18,7,0.729367619976,0.143934503821,0.801866966006,0
0.2345,3.18,7,0.729363054291,0.144087443698,0.801851419355,0
0.235,3.18,7,0.729359326489,0.144241393182,0.801837621181,0
0.2355,3.18,7,0.729356441174,0.144396356953,0.801825584613,0
0.236,3.18,7,0.729354402953,0.144552339689,0.801815322781,0
0.2365,3.18,7,0.729353216429,0.14470934607,0.801806848816,0
0.237,3.18,7,0.729352886206,0.144867380776,0.801800175848,0
0.2375,3.18,7,0.729353416891,0.145026448484,0.801795317005,0
0.238,3.18,7,0.729354813086,0.145186553875,0.801792285419,0
0.2385,3.18,7,0.729357079398,0.145347701627,0.801791094218,0
0.228,3.185,7,0.729504837356,0.141937123558,0.801982025165,0
0.2285,3.185,7,0.729490592022,0.142078309973,0.801947193152,0
0.229,3.185,7,0.729477129781,0.142220449728,0.801913953724,0
0.2295,3.185,7,0.729464455238,0.142363547501,0.801882320012,0
0.23,3.185,7,0.729452572997,0.142507607971,0.801852305144,0
0.2305,3.185,7,0.729441487662,0.142652635818,0.801823922251,0
0.231,3.185,7,0.729431203839,0.142798635721,0.801797184463,0
0.2315,3.185,7,0.729421726132,0.142945612358,0.80177210491,0
0.232,3.185,7,0.729413059146,0.143093570409,0.801748696721,0
0.2325,3.185,7,0.729405207485,0.143242514553,0.801726973027,0
0.233,3.185,7,0.729398175754,0.14339244947,0.801706946957,0
0.2335,3.185,7,0.729391968557,0.143543379838,0.801688631641,0
0.234,3.185,7,0.7293865905,0.143695310336,0.801672040209,0
0.2345,3.185,7,0.729382046187,0.143848245644,0.801657185792,0
0.235,3.185,7,0.729378340223,0.144002190441,0.801644081518,0
0.2355,3.185,7,0.729375477212,0.144157149406,0.801632740518,0
0.236,3.185,7,0.729373461758,0.144313127218,0.801623175922,0
0.2365,3.185,7,0.729372298467,0.144470128557,0.80161540086,0
0.237,3.185,7,0.729371991944,0.144628158101,0.801609428461,0
0.2375,3.185,7,0.729372546792,0.144787220529,0.801605271856,0
0.238,3.185,7,0.729373967617,0.144947320521,0.801602944174,0
0.2385,3.185,7,0.729376259023,0.145108462756,0.801602458545,0
0.228,3.19,7,0.729524530154,0.141699112596,0.801782863303,0
0.2285,3.19,7,0.729510300004,0.141840295807,0.801748699895,0
0.229,3.19,7,0.729496853412,0.141982432238,0.801716130739,0
0.2295,3.19,7,0.729484194983,0.142125526569,0.801685168965,0
0.23,3.19,7,0.729472329321,0.142269583479,0.801655827704,0
0.2305,3.19,7,0.729461261031,0.142414607646,0.801628120084,0
0.231,3.19,7,0.729450994718,0.142560603751,0.801602059237,0
0.2315,3.19,7,0.729441534986,0.142707576471,0.801577658292,0
0.232,3.19,7,0.72943288644,0.142855530488,0.801554930378,0
0.2325,3.19,7,0.729425053684,0.143004470478,0.801533888627,0
0.233,3.19,7,0.729418041324,0.143154401123,0.801514546167,0
0.2335,3.19,7,0.729411853964,0.1433053271,0.801496916128,0
0.234,3.19,7,0.729406496208,0.143457253089,0.801481011641,0
0.2345,3.19,7,0.729401972662,0.14361018377,0.801466845835,0
0.235,3.19,7,0.729398287929,0.14376412382,0.801454431841,0
0.2355,3.19,7,0.729395446615,0.143919077921,0.801443782788,0
0.236,3.19,7,0.729393453325,0.144075050749,0.801434911805,0
0.2365,3.19,7,0.729392312662,0.144232046986,0.801427832024,0
0.237,3.19,7,0.729392029231,0.144390071309,0.801422556574,0
0.2375,3.19,7,0.729392607637,0.144549128398,0.801419098584,0
0.238,3.19,7,0.729394052486,0.144709222933,0.801417471185,0
0.2275,3.195,7,0.729560149348,0.141322002599,0.801622695923,0
0.228,3.195,7,0.729545154357,0.141462234122,0.801587614707,0
0.2285,3.195,7,0.729530938784,0.141603414069,0.801554116282,0
0.229,3.195,7,0.729517507235,0.141745547117,0.801522213776,0
0.2295,3.195,7,0.729504864314,0.141888637946,0.801491920319,0
0.23,3.195,7,0.729493014626,0.142032691236,0.801463249043,0
0.2305,3.195,7,0.729481962775,0.142177711665,0.801436213075,0
0.231,3.195,7,0.729471713366,0.142323703913,0.801410825547,0
0.2315,3.195,7,0.729462271003,0.142470672658,0.801387099588,0
0.232,3.195,7,0.729453640292,0.14261862258,0.801365048329,0
0.2325,3.195,7,0.729445825836,0.142767558358,0.801344684898,0
0.233,3.195,7,0.729438832241,0.142917484671,0.801326022427,0
0.2335,3.195,7,0.729432664111,0.143068406199,0.801309074044,0
0.234,3.195,7,0.729427326051,0.143220327619,0.80129385288,0
0.2345,3.195,7,0.729422822666,0.143373253613,0.801280372064,0
0.235,3.195,7,0.729419158559,0.143527188858,0.801268644728,0
0.2355,3.195,7,0.729416338337,0.143682138034,0.801258683999,0
0.236,3.195,7,0.729414366603,0.14383810582,0.801250503009,0
0.2365,3.195,7,0.729413247961,0.143995096895,0.801244114887,0
0.237,3.195,7,0.729412987018,0.144153115939,0.801239532764,0
0.2375,3.195,7,0.729413588377,0.14431216763,0.801236769768,0
0.238,3.195,7,0.729415056643,0.144472256648,0.80123583903,0
0.227,3.2,7,0.729597437161,0.140946970661,0.801466666326,0
0.2275,3.2,7,0.729581680398,0.141086255355,0.801430673477,0
0.228,3.2,7,0.729566698914,0.141226483674,0.801396251955,0
0.2285,3.2,7,0.729552497313,0.141367660297,0.801363414891,0
0.229,3.2,7,0.729539080202,0.141509789903,0.801332175413,0
0.2295,3.2,7,0.729526452183,0.141652877172,0.801302546653,0
0.23,3.2,7,0.729514617863,0.141796926782,0.801274541739,0
0.2305,3.2,7,0.729503581845,0.141941943413,0.801248173802,0
0.231,3.2,7,0.729493348734,0.142087931745,0.801223455972,0
0.2315,3.2,7,0.729483923135,0.142234896455,0.801200401378,0
0.232,3.2,7,0.729475309652,0.142382842224,0.801179023151,0
0.2325,3.2,7,0.729467512891,0.14253177373,0.80115933442,0
0.233,3.2,7,0.729460537455,0.142681695653,0.801141348315,0
0.2335,3.2,7,0.72945438795,0.142832612671,0.801125077966,0
0.234,3.2,7,0.72944906898,0.142984529464,0.801110536504,0
0.2345,3.2,7,0.729444585149,0.143137450712,0.801097737057,0
0.235,3.2,7,0.729440941063,0.143291381092,0.801086692756,0
0.2355,3.2,7,0.729438141326,0.143446325285,0.801077416731,0
0.236,3.2,7,0.729436190543,0.143602287969,0.801069922112,0
0.2365,3.2,7,0.729435093318,0.143759273824,0.801064222028,0
0.237,3.2,7,0.729434854256,0.143917287529,0.801060329609,0
0.2375,3.2,7,0.729435477961,0.144076333763,0.801058257986,0
0.238,3.2,7,0.729436969039,0.144236417204,0.801058020288,0
0.2265,3.205,7,0.729636381154,0.140574007465,0.801314749827,0
0.227,3.205,7,0.729619865687,0.140712350186,0.801277851518,0
0.2275,3.205,7,0.729604121359,0.140851631734,0.801242513074,0
0.228,3.205,7,0.729589152776,0.140991856788,0.801208747625,0
0.2285,3.205,7,0.729574964542,0.141133030029,0.8011765683,0
0.229,3.205,7,0.729561561261,0.141275156134,0.801145988229,0
0.2295,3.205,7,0.72954894754,0.141418239783,0.801117020543,0
0.23,3.205,7,0.729537127981,0.141562285655,0.801089678371,0
0.2305,3.205,7,0.72952610719,0.14170729843,0.801063974843,0
0.231,3.205,7,0.729515889772,0.141853282785,0.801039923089,0
0.2315,3.205,7,0.729506480331,0.142000243402,0.801017536238,0
0.232,3.205,7,0.729497883471,0.142148184958,0.800996827422,0
0.2325,3.205,7,0.729490103798,0.142297112133,0.800977809769,0
0.233,3.205,7,0.729483145916,0.142447029606,0.800960496409,0
0.2335,3.205,7,0.72947701443,0.142597942056,0.800944900473,0
0.234,3.205,7,0.729471713944,0.142749854163,0.80093103509,0
0.2345,3.205,7,0.729467249063,0.142902770605,0.800918913391,0
0.235,3.205,7,0.729463624391,0.143056696062,0.800908548505,0
0.2355,3.205,7,0.729460844534,0.143211635212,0.800899953561,0
0.236,3.205,7,0.729458914096,0.143367592735,0.800893141691,0
0.2365,3.205,7,0.729457837681,0.143524573311,0.800888126024,0
0.237,3.205,7,0.729457619895,0.143682581617,0.800884919689,0
0.2375,3.205,7,0.729458265342,0.143841622334,0.800883535817,0
0.2265,3.21,7,0.729659697782,0.140340509296,0.801129124146,0
0.227,3.21,7,0.729643193679,0.14047884893,0.801092874954,0
0.2275,3.21,7,0.729627461181,0.140618127274,0.801058187293,0
0.228,3.21,7,0.729612504893,0.140758349005,0.801025074295,0
0.2285,3.21,7,0.72959832942,0.140899518804,0.800993549088,0
0.229,3.21,7,0.729584939365,0.141041641348,0.800963624803,0
0.2295,3.21,7,0.729572339335,0.141184721318,0.800935314569,0
0.23,3.21,7,0.729560533932,0.141328763393,0.800908631517,0
0.2305,3.21,7,0.729549527763,0.141473772252,0.800883588776,0
0.231,3.21,7,0.729539325432,0.141619752573,0.800860199476,0
0.2315,3.21,7,0.729529931542,0.141766709036,0.800838476748,0
0.232,3.21,7,0.7295213507,0.141914646321,0.80081843372,0
0.2325,3.21,7,0.72951358751,0.142063569105,0.800800083524,0
0.233,3.21,7,0.729506646575,0.142213482069,0.800783439288,0
0.2335,3.21,7,0.729500532502,0.142364389892,0.800768514143,0
0.234,3.21,7,0.729495249894,0.142516297253,0.800755321219,0
0.2345,3.21,7,0.729490803357,0.14266920883,0.800743873645,0
0.235,3.21,7,0.729487197494,0.142823129304,0.800734184552,0
0.2355,3.21,7,0.729484436911,0.142978063353,0.800726267068,0
0.236,3.21,7,0.729482526212,0.143134015656,0.800720134326,0
0.2365,3.21,7,0.729481470003,0.143290990893,0.800715799453,0
0.237,3.21,7,0.729481272886,0.143448993742,0.80071327558,0
0.2375,3.21,7,0.729481939468,0.143608028883,0.800712575838,0
0.226,3.215,7,0.729701164243,0.139970723366,0.800984466675,0
0.2265,3.215,7,0.729683903433,0.140108125944,0.800947312908,0
0.227,3.215,7,0.729667410089,0.140246462434,0.800911709211,0
0.2275,3.215,7,0.729651688816,0.140385737513,0.800877668712,0
0.228,3.215,7,0.729636744217,0.140525955862,0.800845204543,0
0.2285,3.215,7,0.729622580898,0.140667122159,0.800814329832,0
0.229,3.215,7,0.729609203464,0.140809241085,0.800785057711,0
0.2295,3.215,7,0.729596616519,0.140952317317,0.800757401309,0
0.23,3.215,7,0.729584824667,0.141096355535,0.800731373755,0
0.2305,3.215,7,0.729573832513,0.141241360418,0.80070698818,0
0.231,3.215,7,0.729563644663,0.141387336645,0.800684257713,0
0.2315,3.215,7,0.72955426572,0.141534288896,0.800663195485,0
0.232,3.215,7,0.729545700289,0.14168222185,0.800643814625,0
0.2325,3.215,7,0.729537952975,0.141831140185,0.800626128263,0
0.233,3.215,7,0.729531028383,0.141981048581,0.800610149529,0
0.2335,3.215,7,0.729524931117,0.142131951717,0.800595891554,0
0.234,3.215,7,0.729519665782,0.142283854273,0.800583367466,0
0.2345,3.215,7,0.729515236982,0.142436760927,0.800572590397,0
0.235,3.215,7,0.729511649323,0.142590676358,0.800563573475,0
0.2355,3.215,7,0.729508907408,0.142745605246,0.80055632983,0
0.236,3.215,7,0.729507015843,0.14290155227,0.800550872593,0
0.2365,3.215,7,0.729505979232,0.143058522108,0.800547214894,0
0.237,3.215,7,0.72950580218,0.143216519441,0.800545369862,0
0.2375,3.215,7,0.729506489291,0.143375548947,0.800545350627,0
0.2255,3.22,7,0.729744252629,0.139602983078,0.800843854421,0
0.226,3.22,7,0.729726238181,0.139739453457,0.800805802253,0
0.2265,3.22,7,0.729708987059,0.139876852949,0.800769288692,0
0.227,3.22,7,0.729692503868,0.140015186234,0.800734326867,0
0.2275,3.22,7,0.729676793213,0.14015445799,0.800700929909,0
0.228,3.22,7,0.729661859698,0.140294672897,0.800669110947,0
0.2285,3.22,7,0.729647707928,0.140435835634,0.800638883112,0
0.229,3.22,7,0.729634342508,0.140577950881,0.800610259533,0
0.2295,3.22,7,0.729621768042,0.140721023315,0.80058325334,0
0.23,3.22,7,0.729609989135,0.140865057618,0.800557877663,0
0.2305,3.22,7,0.729599010392,0.141010058466,0.800534145632,0
0.231,3.22,7,0.729588836416,0.141156030541,0.800512070376,0
0.2315,3.22,7,0.729579471814,0.14130297852,0.800491665027,0
0.232,3.22,7,0.729570921189,0.141450907083,0.800472942713,0
0.2325,3.22,7,0.729563189146,0.14159982091,0.800455916565,0
0.233,3.22,7,0.72955628029,0.141749724679,0.800440599712,0
0.2335,3.22,7,0.729550199226,0.14190062307,0.800427005284,0
0.234,3.22,7,0.729544950558,0.142052520761,0.800415146412,0
0.2345,3.22,7,0.72954053889,0.142205422432,0.800405036224,0
0.235,3.22,7,0.729536968828,0.142359332761,0.800396687852,0
0.2355,3.22,7,0.729534244976,0.142514256429,0.800390114425,0
0.236,3.22,7,0.729532371938,0.142670198115,0.800385329072,0
0.2365,3.22,7,0.72953135432,0.142827162496,0.800382344925,0
0.237,3.22,7,0.729531196726,0.142985154253,0.800381175111,0
0.225,3.225,7,0.729788950498,0.139237279112,0.800707262698,0
0.2255,3.225,7,0.72977018548,0.139372822149,0.800668318302,0
0.226,3.225,7,0.729752179649,0.139509289501,0.800630901051,0
0.2265,3.225,7,0.729734937609,0.139646685848,0.800595024074,0
0.227,3.225,7,0.729718463966,0.139785015869,0.800560700501,0
0.2275,3.225,7,0.729702763323,0.139924284243,0.800527943462,0
0.228,3.225,7,0.729687840286,0.140064495649,0.800496766086,0
0.2285,3.225,7,0.72967369946,0.140205654767,0.800467181504,0
0.229,3.225,7,0.729660345448,0.140347766275,0.800439202846,0
0.2295,3.225,7,0.729647782856,0.140490834853,0.800412843241,0
0.23,3.225,7,0.729636016288,0.14063486518,0.800388115819,0
0.2305,3.225,7,0.729625050348,0.140779861935,0.80036503371,0
0.231,3.225,7,0.729614889643,0.140925829798,0.800343610045,0
0.2315,3.225,7,0.729605538775,0.141072773446,0.800323857953,0
0.232,3.225,7,0.72959700235,0.14122069756,0.800305790563,0
0.2325,3.225,7,0.729589284973,0.141369606819,0.800289421007,0
0.233,3.225,7,0.729582391247,0.141519505902,0.800274762413,0
0.2335,3.225,7,0.729576325779,0.141670399487,0.800261827911,0
0.234,3.225,7,0.729571093171,0.141822292255,0.800250630633,0
0.2345,3.225,7,0.72956669803,0.141975188884,0.800241183706,0
0.235,3.225,7,0.729563144959,0.142129094053,0.800233500262,0
0.2355,3.225,7,0.729560438564,0.142284012442,0.800227593431,0
0.236,3.225,7,0.729558583449,0.142439948729,0.800223476341,0
0.2365,3.225,7,0.729557584218,0.142596907594,0.800221162123,0
0.237,3.225,7,0.729557445477,0.142754893717,0.800220663908,0
0.225,3.23,7,0.729815732891,0.139008222701,0.800534836371,0
0.2255,3.23,7,0.729796975418,0.13914376277,0.800496521604,0
0.226,3.23,7,0.729778977598,0.139280227036,0.800459735649,0
0.2265,3.23,7,0.729761744035,0.139417620179,0.800424491634,0
0.227,3.23,7,0.729745279333,0.139555946877,0.800390802691,0
0.2275,3.23,7,0.729729588098,0.139695211809,0.800358681949,0
0.228,3.23,7,0.729714674933,0.139835419656,0.800328142538,0
0.2285,3.23,7,0.729700544444,0.139976575095,0.800299197587,0
0.229,3.23,7,0.729687201235,0.140118682806,0.800271860228,0
0.2295,3.23,7,0.72967464991,0.140261747469,0.800246143589,0
0.23,3.23,7,0.729662895075,0.140405773761,0.800222060801,0
0.2305,3.23,7,0.729651941335,0.140550766364,0.800199624994,0
0.231,3.23,7,0.729641793293,0.140696729955,0.800178849297,0
0.2315,3.23,7,0.729632455554,0.140843669213,0.80015974684,0
0.232,3.23,7,0.729623932723,0.140991588819,0.800142330754,0
0.2325,3.23,7,0.729616229405,0.141140493451,0.800126614167,0
0.233,3.23,7,0.729609350205,0.141290387787,0.800112610211,0
0.2335,3.23,7,0.729603299726,0.141441276509,0.800100332014,0
0.234,3.23,7,0.729598082574,0.141593164294,0.800089792708,0
0.2345,3.23,7,0.729593703353,0.141746055821,0.800081005421,0
0.235,3.23,7,0.729590166668,0.141899955771,0.800073983283,0
0.2355,3.23,7,0.729587477124,0.142054868821,0.800068739426,0
0.236,3.23,7,0.729585639325,0.142210799651,0.800065286977,0
0.2365,3.23,7,0.729584657876,0.142367752941,0.800063639068,0
0.237,3.23,7,0.729584537382,0.142525733369,0.800063808828,0
0.2245,3.235,7,0.729862867971,0.138645645794,0.800405331775,0
0.225,3.235,7,0.729843361926,0.138780263438,0.800366125666,0
0.2255,3.235,7,0.729824611394,0.13891580048,0.800328436905,0
0.226,3.235,7,0.729806620979,0.139052261602,0.800292278623,0
0.2265,3.235,7,0.729789395287,0.139189651481,0.800257663949,0
0.227,3.235,7,0.729772938921,0.139327974797,0.800224606015,0
0.2275,3.235,7,0.729757256486,0.139467236228,0.800193117948,0
0.228,3.235,7,0.729742352588,0.139607440456,0.80016321288,0
0.2285,3.235,7,0.729728231831,0.139748592157,0.80013490394,0
0.229,3.235,7,0.729714898818,0.139890696012,0.800108204258,0
0.2295,3.235,7,0.729702358156,0.140033756699,0.800083126964,0
0.23,3.235,7,0.729690614449,0.140177778899,0.800059685189,0
0.2305,3.235,7,0.729679672301,0.140322767289,0.800037892061,0
0.231,3.235,7,0.729669536317,0.140468726549,0.80001776071,0
0.2315,3.235,7,0.729660211101,0.140615661359,0.799999304267,0
0.232,3.235,7,0.729651701259,0.140763576397,0.799982535862,0
0.2325,3.235,7,0.729644011395,0.140912476342,0.799967468624,0
0.233,3.235,7,0.729637146113,0.141062365874,0.799954115684,0
0.2335,3.235,7,0.729631110019,0.141213249672,0.799942490171,0
0.234,3.235,7,0.729625907716,0.141365132415,0.799932605215,0
0.2345,3.235,7,0.72962154381,0.141518018782,0.799924473945,0
0.235,3.235,7,0.729618022905,0.141671913453,0.799918109493,0
0.2355,3.235,7,0.729615349606,0.141826821105,0.799913524988,0
0.236,3.235,7,0.729613528518,0.14198274642,0.799910733559,0
0.2365,3.235,7,0.729612564245,0.142139694075,0.799909748337,0
0.237,3.235,7,0.729612461391,0.14229766875,0.799910582451,0
0.224,3.24,7,0.729911578281,0.138285082111,0.800279779828,0
0.2245,3.24,7,0.729891326732,0.138418782185,0.80023968855,0
0.225,3.24,7,0.729871826556,0.138553396861,0.800201103158,0
0.2255,3.24,7,0.729853082358,0.138688930818,0.800164036782,0
0.226,3.24,7,0.729835098743,0.138825388735,0.800128502552,0
0.2265,3.24,7,0.729817880315,0.138962775291,0.800094513598,0
0.227,3.24,7,0.729801431679,0.139101095166,0.80006208305,0
0.2275,3.24,7,0.72978575744,0.139240353038,0.800031224038,0
0.228,3.24,7,0.729770862203,0.139380553587,0.800001949691,0
0.2285,3.24,7,0.729756750571,0.139521701491,0.79997427314,0
0.229,3.24,7,0.72974342715,0.139663801431,0.799948207514,0
0.2295,3.24,7,0.729730896544,0.139806858084,0.799923765944,0
0.23,3.24,7,0.729719163358,0.139950876131,0.799900961558,0
0.2305,3.24,7,0.729708232197,0.14009586025,0.799879807488,0
0.231,3.24,7,0.729698107665,0.14024181512,0.799860316863,0
0.2315,3.24,7,0.729688794367,0.140388745421,0.799842502813,0
0.232,3.24,7,0.729680296908,0.140536655832,0.799826378467,0
0.2325,3.24,7,0.729672619892,0.140685551032,0.799811956957,0
0.233,3.24,7,0.729665767923,0.140835435701,0.799799251411,0
0.2335,3.24,7,0.729659745607,0.140986314516,0.799788274959,0
0.234,3.24,7,0.729654557549,0.141138192158,0.799779040732,0
0.2345,3.24,7,0.729650208352,0.141291073305,0.799771561859,0
0.235,3.24,7,0.729646702621,0.141444962637,0.79976585147,0
0.2355,3.24,7,0.729644044962,0.141599864834,0.799761922696,0
0.236,3.24,7,0.729642239978,0.141755784573,0.799759788665,0
0.2365,3.24,7,0.729641292275,0.141912726534,0.799759462508,0
0.237,3.24,7,0.729641206456,0.142070695396,0.799760957356,0
0.2235,3.245,7,0.729961851379,0.13792652233,0.800158155845,0
0.224,3.245,7,0.729940857394,0.138059309693,0.800117185572,0
0.2245,3.245,7,0.729920610642,0.138193006859,0.800077709723,0
0.225,3.245,7,0.72990111573,0.138327618509,0.800039741427,0
0.2255,3.245,7,0.72988237726,0.138463149321,0.800003293814,0
0.226,3.245,7,0.729864399839,0.138599603975,0.799968380015,0
0.2265,3.245,7,0.72984718807,0.138736987149,0.799935013159,0
0.227,3.245,7,0.729830746559,0.138875303524,0.799903206376,0
0.2275,3.245,7,0.72981507991,0.139014557776,0.799872972797,0
0.228,3.245,7,0.729800192727,0.139154754588,0.79984432555,0
0.2285,3.245,7,0.729786089615,0.139295898636,0.799817277766,0
0.229,3.245,7,0.72977277518,0.1394379946,0.799791842574,0
0.2295,3.245,7,0.729760254025,0.139581047161,0.799768033105,0
0.23,3.245,7,0.729748530755,0.139725060995,0.799745862489,0
0.2305,3.245,7,0.729737609975,0.139870040784,0.799725343855,0
0.231,3.245,7,0.729727496289,0.140015991206,0.799706490334,0
0.2315,3.245,7,0.729718194303,0.140162916939,0.799689315054,0
0.232,3.245,7,0.729709708621,0.140310822664,0.799673831147,0
0.2325,3.245,7,0.729702043847,0.14045971306,0.799660051742,0
0.233,3.245,7,0.729695204586,0.140609592805,0.799647989969,0
0.2335,3.245,7,0.729689195442,0.140760466578,0.799637658957,0
0.234,3.245,7,0.729684021022,0.14091233906,0.799629071837,0
0.2345,3.245,7,0.729679685928,0.141065214929,0.799622241739,0
0.235,3.245,7,0.729676194766,0.141219098863,0.799617181792,0
0.2355,3.245,7,0.72967355214,0.141373995543,0.799613905127,0
0.236,3.245,7,0.729671762655,0.141529909648,0.799612424873,0
0.2365,3.245,7,0.729670830916,0.141686845856,0.79961275416,0
0.237,3.245,7,0.729670761528,0.141844808847,0.799614906119,0
0.2235,3.25,7,0.729991941471,0.137701836642,0.799998592047,0
0.224,3.25,7,0.729970951213,0.137834621156,0.799958231914,0
0.2245,3.25,7,0.729950708654,0.137968315356,0.799919367872,0
0.225,3.25,7,0.729931218399,0.13810292392,0.79988201305,0
0.2255,3.25,7,0.729912485052,0.138238451529,0.79984618058,0
0.226,3.25,7,0.729894513219,0.13837490286,0.79981188359,0
0.2265,3.25,7,0.729877307504,0.138512282593,0.79977913521,0
0.227,3.25,7,0.729860872511,0.138650595407,0.799747948571,0
0.2275,3.25,7,0.729845212845,0.138789845982,0.799718336802,0
0.228,3.25,7,0.729830333112,0.138930038996,0.799690313033,0
0.2285,3.25,7,0.729816237915,0.139071179129,0.799663890395,0
0.229,3.25,7,0.729802931859,0.13921327106,0.799639082016,0
0.2295,3.25,7,0.729790419549,0.139356319467,0.799615901028,0
0.23,3.25,7,0.729778705589,0.139500329031,0.799594360559,0
0.2305,3.25,7,0.729767794584,0.13964530443,0.79957447374,0
0.231,3.25,7,0.729757691139,0.139791250344,0.7995562537,0
0.2315,3.25,7,0.729748399859,0.139938171451,0.79953971357,0
0.232,3.25,7,0.729739925348,0.14008607243,0.79952486648,0
0.2325,3.25,7,0.72973227221,0.140234957962,0.799511725558,0
0.233,3.25,7,0.729725445051,0.140384832725,0.799500303936,0
0.2335,3.25,7,0.729719448474,0.140535701397,0.799490614743,0
0.234,3.25,7,0.729714287086,0.14068756866,0.799482671109,0
0.2345,3.25,7,0.72970996549,0.14084043919,0.799476486164,0
0.235,3.25,7,0.72970648829,0.140994317668,0.799472073038,0
0.2355,3.25,7,0.729703860093,0.141149208773,0.79946944486,0
0.236,3.25,7,0.729702085501,0.141305117184,0.799468614761,0
0.2365,3.25,7,0.729701169121,0.14146204758,0.799469595871,0
0.237,3.25,7,0.729701115556,0.14162000464,0.799472401319,0
0.223,3.255,7,0.730044566523,0.137346353714,0.799883883289,0
0.2235,3.255,7,0.730022835826,0.137478230433,0.799842645046,0
0.224,3.255,7,0.730001848689,0.137611012039,0.799802891432,0
0.2245,3.255,7,0.729981609717,0.137744703213,0.799764635575,0
0.225,3.255,7,0.729962123514,0.137879308633,0.799727890607,0
0.2255,3.255,7,0.729943394684,0.138014832978,0.799692669656,0
0.226,3.255,7,0.729925427833,0.138151280927,0.799658985854,0
0.2265,3.255,7,0.729908227565,0.13828865716,0.799626852329,0
0.227,3.255,7,0.729891798486,0.138426966355,0.799596282212,0
0.2275,3.255,7,0.729876145198,0.138566213193,0.799567288632,0
0.228,3.255,7,0.729861272308,0.138706402351,0.799539884721,0
0.2285,3.255,7,0.729847184419,0.138847538509,0.799514083606,0
0.229,3.255,7,0.729833886137,0.138989626347,0.799489898419,0
0.2295,3.255,7,0.729821382066,0.139132670543,0.799467342289,0
0.23,3.255,7,0.729809676811,0.139276675776,0.799446428346,0
0.2305,3.255,7,0.729798774976,0.139421646727,0.79942716972,0
0.231,3.255,7,0.729788681166,0.139567588073,0.799409579541,0
0.2315,3.255,7,0.729779399986,0.139714504494,0.799393670939,0
0.232,3.255,7,0.72977093604,0.139862400669,0.799379457043,0
0.2325,3.255,7,0.729763293933,0.140011281278,0.799366950984,0
0.233,3.255,7,0.729756478269,0.140161150999,0.799356165892,0
0.2335,3.255,7,0.729750493654,0.140312014512,0.799347114896,0
0.234,3.255,7,0.729745344692,0.140463876495,0.799339811126,0
0.2345,3.255,7,0.729741035988,0.140616741628,0.799334267713,0
0.235,3.255,7,0.729737572145,0.140770614591,0.799330497785,0
0.2355,3.255,7,0.72973495777,0.140925500061,0.799328514474,0
0.236,3.255,7,0.729733197466,0.141081402719,0.799328330908,0
0.2365,3.255,7,0.729732295838,0.141238327243,0.799329960218,0
0.237,3.255,7,0.729732257491,0.141396278314,0.799333415534,0
0.2225,3.26,7,0.730098720109,0.136992851589,0.799773034614,0
0.223,3.26,7,0.730076252042,0.13712382537,0.799730924435,0
0.2235,3.26,7,0.730054523395,0.137255699241,0.799690287421,0
0.224,3.26,7,0.730033538774,0.137388477881,0.799651136703,0
0.2245,3.26,7,0.730013302782,0.137522165969,0.799613485411,0
0.225,3.26,7,0.729993820025,0.137656768185,0.799577346674,0
0.2255,3.26,7,0.729975095106,0.137792289207,0.799542733622,0
0.226,3.26,7,0.729957132632,0.137928733716,0.799509659386,0
0.2265,3.26,7,0.729939937206,0.138066106389,0.799478137094,0
0.227,3.26,7,0.729923513433,0.138204411906,0.799448179878,0
0.2275,3.26,7,0.729907865918,0.138343654947,0.799419800866,0
0.228,3.26,7,0.729892999265,0.13848384019,0.799393013189,0
0.2285,3.26,7,0.72987891808,0.138624972315,0.799367829977,0
0.229,3.26,7,0.729865626966,0.138767056,0.79934426436,0
0.2295,3.26,7,0.729853130528,0.138910095925,0.799322329467,0
0.23,3.26,7,0.729841433371,0.139054096769,0.799302038428,0
0.2305,3.26,7,0.7298305401,0.139199063212,0.799283404374,0
0.231,3.26,7,0.729820455319,0.139344999931,0.799266440434,0
0.2315,3.26,7,0.729811183634,0.139491911607,0.799251159738,0
0.232,3.26,7,0.729802729647,0.139639802919,0.799237575416,0
0.2325,3.26,7,0.729795097965,0.139788678545,0.799225700597,0
0.233,3.26,7,0.729788293192,0.139938543166,0.799215548413,0
0.2335,3.26,7,0.729782319932,0.140089401459,0.799207131993,0
0.234,3.26,7,0.729777182791,0.140241258104,0.799200464466,0
0.2345,3.26,7,0.729772886372,0.140394117781,0.799195558962,0
0.235,3.26,7,0.729769435281,0.140547985169,0.799192428612,0
0.2355,3.26,7,0.729766834122,0.140702864946,0.799191086545,0
0.236,3.26,7,0.7297650875,0.140858761791,0.799191545891,0
0.2365,3.26,7,0.729764200019,0.141015680385,0.799193819781,0
0.237,3.26,7,0.729764176284,0.141173625406,0.799197921343,0
0.2225,3.265,7,0.730131187418,0.136771396648,0.799623045394,0
0.223,3.265,7,0.73010872033,0.13690236764,0.799581531156,0
0.2235,3.265,7,0.730086993128,0.137034238604,0.79954149175,0
0.224,3.265,7,0.730066010416,0.137167014218,0.799502940307,0
0.2245,3.265,7,0.7300457768,0.137300699162,0.799465889957,0
0.225,3.265,7,0.730026296883,0.137435298115,0.79943035383,0
0.2255,3.265,7,0.73000757527,0.137570815756,0.799396345056,0
0.226,3.265,7,0.729989616566,0.137707256764,0.799363876763,0
0.2265,3.265,7,0.729972425377,0.137844625818,0.799332962084,0
0.227,3.265,7,0.729956006305,0.137982927598,0.799303614146,0
0.2275,3.265,7,0.729940363956,0.138122166783,0.799275846081,0
0.228,3.265,7,0.729925502935,0.138262348052,0.799249671018,0
0.2285,3.265,7,0.729911427847,0.138403476084,0.799225102086,0
0.229,3.265,7,0.729898143295,0.138545555557,0.799202152417,0
0.2295,3.265,7,0.729885653885,0.138688591152,0.799180835139,0
0.23,3.265,7,0.729873964221,0.138832587548,0.799161163384,0
0.2305,3.265,7,0.729863078908,0.138977549423,0.799143150279,0
0.231,3.265,7,0.729853002551,0.139123481457,0.799126808957,0
0.2315,3.265,7,0.729843739754,0.139270388329,0.799112152545,0
0.232,3.265,7,0.729835295121,0.139418274718,0.799099194175,0
0.2325,3.265,7,0.729827673258,0.139567145303,0.799087946976,0
0.233,3.265,7,0.729820878769,0.139717004763,0.799078424079,0
0.2335,3.265,7,0.729814916259,0.139867857778,0.799070638612,0
0.234,3.265,7,0.729809790333,0.140019709026,0.799064603706,0
0.2345,3.265,7,0.729805505594,0.140172563187,0.799060332491,0
0.235,3.265,7,0.729802066649,0.140326424941,0.799057838097,0
0.2355,3.265,7,0.7297994781,0.140481298965,0.799057133653,0
0.236,3.265,7,0.729797744554,0.140637189939,0.799058232289,0
0.2365,3.265,7,0.729796870614,0.140794102543,0.799061147136,0
0.237,3.265,7,0.729796860886,0.140952041456,0.799065891324,0
0.222,3.27,7,0.730187629515,0.136420934949,0.79951898324,0
0.2225,3.27,7,0.730164427054,0.13655100792,0.79947659795,0
0.223,3.27,7,0.730141960339,0.136681976064,0.79943567603,0
0.2235,3.27,7,0.730120233976,0.13681384406,0.799396230611,0
0.224,3.27,7,0.730099252568,0.136946616589,0.799358274822,0
0.2245,3.27,7,0.730079020721,0.13708029833,0.799321821793,0
0.225,3.27,7,0.730059543038,0.13721489396,0.799286884654,0
0.2255,3.27,7,0.730040824125,0.137350408161,0.799253476535,0
0.226,3.27,7,0.730022868587,0.137486845609,0.799221610565,0
0.2265,3.27,7,0.730005681027,0.137624210986,0.799191299876,0
0.227,3.27,7,0.729989266051,0.13776250897,0.799162557596,0
0.2275,3.27,7,0.729973628263,0.137901744239,0.799135396855,0
0.228,3.27,7,0.729958772268,0.138041921475,0.799109830784,0
0.2285,3.27,7,0.729944702671,0.138183045354,0.799085872512,0
0.229,3.27,7,0.729931424076,0.138325120557,0.799063535169,0
0.2295,3.27,7,0.729918941088,0.138468151763,0.799042831886,0
0.23,3.27,7,0.729907258311,0.138612143651,0.799023775791,0
0.2305,3.27,7,0.72989638035,0.1387571009,0.799006380015,0
0.231,3.27,7,0.72988631181,0.138903028189,0.798990657688,0
0.2315,3.27,7,0.729877057296,0.139049930197,0.79897662194,0
0.232,3.27,7,0.729868621412,0.139197811604,0.7989642859,0
0.2325,3.27,7,0.729861008762,0.139346677088,0.798953662699,0
0.233,3.27,7,0.729854223952,0.139496531329,0.798944765466,0
0.2335,3.27,7,0.729848271586,0.139647379006,0.798937607332,0
0.234,3.27,7,0.729843156268,0.139799224799,0.798932201426,0
0.2345,3.27,7,0.729838882604,0.139952073385,0.798928560877,0
0.235,3.27,7,0.729835455198,0.140105929445,0.798926698817,0
0.2355,3.27,7,0.729832878655,0.140260797657,0.798926628375,0
0.236,3.27,7,0.729831157579,0.140416682701,0.79892836268,0
0.2365,3.27,7,0.729830296575,0.140573589256,0.798931914863,0
0.2225,3.275,7,0.730198427967,0.136331680941,0.799333664858,0
0.223,3.275,7,0.73017596102,0.136462646178,0.799293331636,0
0.2235,3.275,7,0.730154234889,0.136594511149,0.799254476582,0
0.224,3.275,7,0.730133254179,0.136727280534,0.799217112825,0
0.2245,3.275,7,0.730113023495,0.136860959011,0.799181253495,0
0.225,3.275,7,0.730093547442,0.13699555126,0.799146911723,0
0.2255,3.275,7,0.730074830623,0.137131061961,0.799114100638,0
0.226,3.275,7,0.730056877643,0.137267495791,0.799082833369,0
0.2265,3.275,7,0.730039693108,0.13740485743,0.799053123048,0
0.227,3.275,7,0.730023281622,0.137543151558,0.799024982804,0
0.2275,3.275,7,0.730007647789,0.137682382854,0.798998425767,0
0.228,3.275,7,0.729992796215,0.137822555996,0.798973465066,0
0.2285,3.275,7,0.729978731503,0.137963675665,0.798950113832,0
0.229,3.275,7,0.729965458259,0.138105746538,0.798928385194,0
0.2295,3.275,7,0.729952981086,0.138248773295,0.798908292283,0
0.23,3.275,7,0.729941304591,0.138392760616,0.798889848228,0
0.2305,3.275,7,0.729930433377,0.138537713179,0.798873066159,0
0.231,3.275,7,0.729920372049,0.138683635664,0.798857959206,0
0.2315,3.275,7,0.729911125212,0.13883053275,0.7988445405,0
0.232,3.275,7,0.72990269747,0.138978409115,0.798832823169,0
0.2325,3.275,7,0.729895093428,0.13912726944,0.798822820344,0
0.233,3.275,7,0.72988831769,0.139277118403,0.798814545154,0
0.2335,3.275,7,0.729882374862,0.139427960683,0.798808010731,0
0.234,3.275,7,0.729877269548,0.13957980096,0.798803230202,0
0.2345,3.275,7,0.729873006353,0.139732643912,0.798800216699,0
0.235,3.275,7,0.729869589881,0.139886494219,0.798798983352,0
0.2355,3.275,7,0.729867024736,0.140041356561,0.798799543289,0
0.236,3.275,7,0.729865315525,0.140197235615,0.798801909642,0
0.2365,3.275,7,0.72986446685,0.140354136062,0.79880609554,0
0.223,3.28,7,0.730210711322,0.136244373522,0.799154470552,0
0.2235,3.28,7,0.730188984818,0.136376235408,0.799116202241,0
0.224,3.28,7,0.730168004201,0.136509001589,0.799079426894,0
0.2245,3.28,7,0.730147774075,0.136642676744,0.799044157642,0
0.225,3.28,7,0.730128299044,0.136777265553,0.799010407615,0
0.2255,3.28,7,0.730109583713,0.136912772694,0.798978189942,0
0.226,3.28,7,0.730091632687,0.137049202846,0.798947517754,0
0.2265,3.28,7,0.730074450571,0.13718656069,0.79891840418,0
0.227,3.28,7,0.730058041969,0.137324850903,0.79889086235,0
0.2275,3.28,7,0.730042411485,0.137464078165,0.798864905394,0
0.228,3.28,7,0.730027563725,0.137604247155,0.798840546442,0
0.2285,3.28,7,0.730013503293,0.137745362553,0.798817798624,0
0.229,3.28,7,0.730000234794,0.137887429037,0.79879667507,0
0.2295,3.28,7,0.729987762832,0.138030451287,0.79877718891,0
0.23,3.28,7,0.729976092012,0.138174433982,0.798759353273,0
0.2305,3.28,7,0.729965226939,0.1383193818,0.798743181289,0
0.231,3.28,7,0.729955172217,0.138465299422,0.798728686089,0
0.2315,3.28,7,0.729945932451,0.138612191525,0.798715880803,0
0.232,3.28,7,0.729937512246,0.138760062791,0.798704778559,0
0.2325,3.28,7,0.729929916205,0.138908917896,0.798695392489,0
0.233,3.28,7,0.729923148935,0.139058761522,0.798687735721,0
0.2335,3.28,7,0.72991721504,0.139209598346,0.798681821386,0
0.234,3.28,7,0.729912119123,0.139361433048,0.798677662615,0
0.2345,3.28,7,0.729907865791,0.139514270307,0.798675272535,0
0.235,3.28,7,0.729904459647,0.139668114803,0.798674664279,0
0.2355,3.28,7,0.729901905296,0.139822971214,0.798675850975,0
0.236,3.28,7,0.729900207343,0.139978844219,0.798678845753,0
0.2365,3.28,7,0.729899370392,0.140135738499,0.798683661744,0
0.224,3.285,7,0.730203491583,0.136291775293,0.798945189609,0
0.2245,3.285,7,0.730183261409,0.136425447067,0.798910506813,0
0.225,3.285,7,0.730163786795,0.136560032376,0.798877344909,0
0.2255,3.285,7,0.730145072347,0.136695535899,0.798845717027,0
0.226,3.285,7,0.730127122669,0.136831962314,0.798815636297,0
0.2265,3.285,7,0.730109942366,0.136969316302,0.798787115849,0
0.227,3.285,7,0.730093536042,0.137107602541,0.798760168811,0
0.2275,3.285,7,0.730077908302,0.137246825711,0.798734808316,0
0.228,3.285,7,0.73006306375,0.13738699049,0.798711047491,0
0.2285,3.285,7,0.730049006992,0.137528101558,0.798688899468,0
0.229,3.285,7,0.730035742632,0.137670163594,0.798668377376,0
0.2295,3.285,7,0.730023275275,0.137813181277,0.798649494344,0
0.23,3.285,7,0.730011609525,0.137957159286,0.798632263504,0
0.2305,3.285,7,0.730000749987,0.138102102301,0.798616697984,0
0.231,3.285,7,0.729990701265,0.138248015,0.798602810915,0
0.2315,3.285,7,0.729981467965,0.138394902063,0.798590615427,0
0.232,3.285,7,0.72997305469,0.138542768168,0.798580124649,0
0.2325,3.285,7,0.729965466046,0.138691617996,0.798571351712,0
0.233,3.285,7,0.729958706637,0.138841456224,0.798564309744,0
0.2335,3.285,7,0.729952781068,0.138992287533,0.798559011877,0
0.234,3.285,7,0.729947693943,0.139144116602,0.79855547124,0
0.2345,3.285,7,0.729943449868,0.139296948108,0.798553700963,0
0.235,3.285,7,0.729940053446,0.139450786733,0.798553714176,0
0.2355,3.285,7,0.729937509283,0.139605637155,0.798555524009,0
0.236,3.285,7,0.729935821983,0.139761504052,0.798559143591,0
0.2365,3.285,7,0.72993499615,0.139918392105,0.798564586053,0
0.225,3.29,7,0.730199999647,0.136343847269,0.798747696183,0
0.2255,3.29,7,0.730181285475,0.136479347114,0.798716654471,0
0.226,3.29,7,0.730163336539,0.136615769733,0.798687161577,0
0.2265,3.29,7,0.730146157443,0.136753119806,0.798659230632,0
0.227,3.29,7,0.730129752792,0.136891402012,0.798632874766,0
0.2275,3.29,7,0.730114127189,0.13703062103,0.798608107109,0
0.228,3.29,7,0.730099285241,0.137170781539,0.79858494079,0
0.2285,3.29,7,0.730085231551,0.137311888218,0.79856338894,0
0.229,3.29,7,0.730071970725,0.137453945746,0.798543464688,0
0.2295,3.29,7,0.730059507366,0.137596958803,0.798525181164,0
0.23,3.29,7,0.73004784608,0.137740932068,0.798508551499,0
0.2305,3.29,7,0.730036991471,0.137885870219,0.798493588822,0
0.231,3.29,7,0.730026948144,0.138031777937,0.798480306262,0
0.2315,3.29,7,0.730017720703,0.138178659899,0.798468716951,0
0.232,3.29,7,0.730009313754,0.138326520786,0.798458834017,0
0.2325,3.29,7,0.7300017319,0.138475365276,0.798450670591,0
0.233,3.29,7,0.729994979747,0.138625198049,0.798444239802,0
0.2335,3.29,7,0.729989061898,0.138776023783,0.798439554781,0
0.234,3.29,7,0.72998398296,0.138927847159,0.798436628658,0
0.2345,3.29,7,0.729979747536,0.139080672854,0.798435474561,0
0.235,3.29,7,0.729976360231,0.139234505548,0.798436105622,0
0.2355,3.29,7,0.729973825649,0.139389349921,0.79843853497,0
0.2265,3.295,7,0.730183084754,0.13653796674,0.798534721109,0
0.227,3.295,7,0.730166681169,0.136676244853,0.798508952793,0
0.2275,3.295,7,0.730151057098,0.13681545966,0.798484774353,0
0.228,3.295,7,0.730136217147,0.13695561584,0.798462198918,0
0.2285,3.295,7,0.73012216592,0.137096718071,0.798441239619,0
0.229,3.295,7,0.730108908021,0.137238771032,0.798421909586,0
0.2295,3.295,7,0.730096448056,0.137381779404,0.798404221949,0
0.23,3.295,7,0.730084790628,0.137525747865,0.798388189837,0
0.2305,3.295,7,0.730073940342,0.137670681094,0.79837382638,0
0.231,3.295,7,0.730063901804,0.137816583771,0.798361144709,0
0.2315,3.295,7,0.730054679617,0.137963460574,0.798350157952,0
0.232,3.295,7,0.730046278387,0.138111316183,0.798340879241,0
0.2325,3.295,7,0.730038702718,0.138260155276,0.798333321705,0
0.233,3.295,7,0.730031957214,0.138409982534,0.798327498474,0
0.2335,3.295,7,0.730026046481,0.138560802635,0.798323422677,0
0.234,3.295,7,0.730020975123,0.138712620258,0.798321107445,0
0.2285,3.3,7,0.73015979905,0.136882586654,0.798322424084,0
0.229,3.3,7,0.730146543473,0.13702463499,0.798303684648,0
0.2295,3.3,7,0.730134086294,0.137167638618,0.798286589275,0
0.23,3.3,7,0.730122432119,0.137311602216,0.798271151095,0
0.2305,3.3,7,0.730111585551,0.137456530463,0.798257383237,0
0.231,3.3,7,0.730101551196,0.13760242804,0.798245298832,0
0.2315,3.3,7,0.730092333658,0.137749299624,0.79823491101,0
0.232,3.3,7,0.730083937541,0.137897149896,0.798226232899,0
0.2325,3.3,7,0.730076367451,0.138045983534,0.798219277632,0
0.2245,4.5,7,0.733896932385,0.10404141921,0.802173747683,0
0.225,4.5,7,0.733859600621,0.104173399276,0.80217613495,0
0.2255,4.5,7,0.73382314208,0.104306268746,0.802180461391,0
0.226,4.5,7,0.733787561367,0.1044400323,0.802186740138,0
0.2265,4.5,7,0.733752863086,0.104574694618,0.802194984319,0
0.227,4.5,7,0.733719051843,0.104710260377,0.802205207064,0
0.2275,4.5,7,0.733686132241,0.104846734258,0.802217421504,0
0.228,4.5,7,0.733654108886,0.104984120939,0.802231640768,0
0.2285,4.5,7,0.733622986382,0.105122425099,0.802247877987,0
0.229,4.5,7,0.733592769333,0.105261651419,0.802266146289,0
0.2295,4.5,7,0.733563462345,0.105401804576,0.802286458806,0
0.23,4.5,7,0.733535070022,0.10554288925,0.802308828666,0
0.2305,4.5,7,0.733507596968,0.10568491012,0.802333269,0
0.231,4.5,7,0.733481047789,0.105827871866,0.802359792938,0
0.2315,4.5,7,0.733455427089,0.105971779166,0.80238841361,0
0.232,4.5,7,0.733430739472,0.1061166367,0.802419144145,0
0.2325,4.5,7,0.733406989544,0.106262449147,0.802451997673,0
0.233,4.5,7,0.733384181909,0.106409221185,0.802486987324,0
0.2335,4.5,7,0.733362321171,0.106556957495,0.802524126229,0
0.234,4.5,7,0.733341411935,0.106705662755,0.802563427517,0
0.2345,4.5,7,0.733321458806,0.106855341644,0.802604904318,0
0.235,4.5,7,0.733302466389,0.107005998841,0.802648569762,0
0.2355,4.5,7,0.733284439288,0.107157639027,0.802694436979,0
0.236,4.5,7,0.733267382107,0.107310266879,0.802742519098,0
0.2365,4.5,7,0.733251299453,0.107463887077,0.80279282925,0
0.237,4.5,7,0.733236195928,0.1076185043,0.802845380564,0
0.2375,4.5,7,0.733222076138,0.107774123228,0.802900186171,0
0.238,4.5,7,0.733208944687,0.107930748539,0.8029572592,0
0.2385,4.5,7,0.733196806181,0.108088384912,0.803016612781,0
0.239,4.5,7,0.733185665223,0.108247037028,0.803078260045,0
0.2395,4.5,7,0.733175526418,0.108406709564,0.80314221412,0
0.24,4.5,7,0.733166394372,0.1085674072,0.803208488138,0
0.2405,4.5,7,0.733158273688,0.108729134615,0.803277095227,0
0.241,4.5,7,0.733151168972,0.108891896489,0.803348048517,0
0.2415,4.5,7,0.733145084827,0.1090556975,0.80342136114,0
0.242,4.5,7,0.733140025859,0.109220542328,0.803497046224,0
0.2425,4.5,7,0.733135996672,0.109386435651,0.803575116899,0
0.243,4.5,7,0.733133001872,0.10955338215,0.803655586295,0
0.2435,4.5,7,0.733131046061,0.109721386502,0.803738467543,0
0.244,4.5,7,0.733130133846,0.109890453388,0.803823773772,0
0.2265,3.33,8,0.728963469967,0.140086401934,0.806455637425,0
0.227,3.33,8,0.728946912952,0.140246721677,0.806442230832,0
0.2275,3.33,8,0.728931170644,0.140408044958,0.806430388716,0
0.228,3.33,8,0.72891624765,0.140570376458,0.806420124208,0
0.2285,3.33,8,0.728902148573,0.140733720856,0.806411450437,0
0.229,3.33,8,0.728888878018,0.14089808283,0.806404380533,0
0.2295,3.33,8,0.728876440591,0.141063467059,0.806398927626,0
0.23,3.33,8,0.728864840894,0.141229878223,0.806395104846,0
0.2305,3.33,8,0.728854083534,0.141397321002,0.806392925323,0
0.231,3.33,8,0.728844173115,0.141565800073,0.806392402186,0
0.2315,3.33,8,0.728835114241,0.141735320117,0.806393548566,0
0.232,3.33,8,0.728826911518,0.141905885812,0.806396377592,0
0.2325,3.33,8,0.728819569549,0.142077501838,0.806400902395,0
0.233,3.33,8,0.728813092939,0.142250172874,0.806407136104,0
0.2335,3.33,8,0.728807486294,0.142423903598,0.806415091849,0
0.234,3.33,8,0.728802754217,0.142598698691,0.806424782761,0
0.2345,3.33,8,0.728798901314,0.14277456283,0.806436221968,0
0.235,3.33,8,0.728795932189,0.142951500696,0.806449422601,0
0.224,3.335,8,0.729100673979,0.139093289515,0.806443416493,0
0.2245,3.335,8,0.729080066434,0.13924865565,0.806422920613,0
0.225,3.335,8,0.729060251039,0.139405001809,0.806403925228,0
0.2255,3.335,8,0.729041232399,0.139562332673,0.806386443468,0
0.226,3.335,8,0.729023015119,0.139720652919,0.806370488463,0
0.2265,3.335,8,0.729005603803,0.139879967228,0.806356073343,0
0.227,3.335,8,0.728989003056,0.140040280278,0.806343211238,0
0.2275,3.335,8,0.728973217482,0.140201596749,0.806331915277,0
0.228,3.335,8,0.728958251687,0.140363921319,0.806322198591,0
0.2285,3.335,8,0.728944110274,0.140527258668,0.80631407431,0
0.229,3.335,8,0.728930797849,0.140691613475,0.806307555563,0
0.2295,3.335,8,0.728918319016,0.140856990419,0.80630265548,0
0.23,3.335,8,0.72890667838,0.14102339418,0.806299387191,0
0.2305,3.335,8,0.728895880545,0.141190829436,0.806297763827,0
0.231,3.335,8,0.728885930116,0.141359300866,0.806297798516,0
0.2315,3.335,8,0.728876831698,0.141528813151,0.806299504389,0
0.232,3.335,8,0.728868589895,0.141699370968,0.806302894576,0
0.2325,3.335,8,0.728861209313,0.141870978997,0.806307982207,0
0.233,3.335,8,0.728854694555,0.142043641917,0.806314780411,0
0.2335,3.335,8,0.728849050227,0.142217364408,0.806323302319,0
0.234,3.335,8,0.728844280932,0.142392151148,0.80633356106,0
0.2345,3.335,8,0.728840391276,0.142568006817,0.806345569765,0
0.235,3.335,8,0.728837385863,0.142744936093,0.806359341563,0
0.2355,3.335,8,0.728835269299,0.142922943657,0.806374889583,0
0.236,3.335,8,0.728834046187,0.143102034186,0.806392226957,0
0.222,3.34,8,0.729234177378,0.138276158488,0.806438978778,0
0.2225,3.34,8,0.729210398754,0.13842764563,0.806413138077,0
0.223,3.34,8,0.729187394327,0.138580093962,0.806388747018,0
0.2235,3.34,8,0.729165168701,0.138733508163,0.806365818732,0
0.224,3.34,8,0.729143726481,0.138887892912,0.806344366349,0
0.2245,3.34,8,0.729123072273,0.139043252888,0.806324402999,0
0.225,3.34,8,0.729103210679,0.139199592769,0.806305941811,0
0.2255,3.34,8,0.729084146307,0.139356917237,0.806288995915,0
0.226,3.34,8,0.729065883758,0.139515230969,0.806273578442,0
0.2265,3.34,8,0.72904842764,0.139674538644,0.80625970252,0
0.227,3.34,8,0.729031782555,0.139834844942,0.806247381281,0
0.2275,3.34,8,0.72901595311,0.139996154543,0.806236627854,0
0.228,3.34,8,0.729000943907,0.140158472124,0.806227455369,0
0.2285,3.34,8,0.728986759553,0.140321802366,0.806219876955,0
0.229,3.34,8,0.728973404652,0.140486149947,0.806213905744,0
0.2295,3.34,8,0.728960883808,0.140651519547,0.806209554863,0
0.23,3.34,8,0.728949201626,0.140817915844,0.806206837445,0
0.2305,3.34,8,0.728938362711,0.140985343518,0.806205766617,0
0.231,3.34,8,0.728928371667,0.141153807249,0.806206355511,0
0.2315,3.34,8,0.728919233099,0.141323311714,0.806208617256,0
0.232,3.34,8,0.728910951612,0.141493861594,0.806212564982,0
0.2325,3.34,8,0.72890353181,0.141665461567,0.80621821182,0
0.233,3.34,8,0.728896978297,0.141838116313,0.806225570898,0
0.2335,3.34,8,0.72889129568,0.142011830511,0.806234655347,0
0.234,3.34,8,0.728886488562,0.142186608839,0.806245478296,0
0.2345,3.34,8,0.728882561547,0.142362455978,0.806258052876,0
0.235,3.34,8,0.728879519242,0.142539376606,0.806272392217,0
0.2355,3.34,8,0.728877366249,0.142717375402,0.806288509448,0
0.22,3.345,8,0.72938107114,0.137475379062,0.806456537973,0
0.2205,3.345,8,0.729354190783,0.137623062968,0.806425545569,0
0.221,3.345,8,0.729328066669,0.137771689228,0.806395951956,0
0.2215,3.345,8,0.729302703404,0.137921262522,0.806367770262,0
0.222,3.345,8,0.729278105592,0.138071787528,0.80634101362,0
0.2225,3.345,8,0.729254277837,0.138223268926,0.806315695157,0
0.223,3.345,8,0.729231224745,0.138375711396,0.806291828005,0
0.2235,3.345,8,0.729208950919,0.138529119616,0.806269425292,0
0.224,3.345,8,0.729187460965,0.138683498265,0.80624850015,0
0.2245,3.345,8,0.729166759487,0.138838852022,0.806229065708,0
0.225,3.345,8,0.72914685109,0.138995185567,0.806211135095,0
0.2255,3.345,8,0.729127740378,0.139152503579,0.806194721442,0
0.226,3.345,8,0.729109431956,0.139310810737,0.806179837879,0
0.2265,3.345,8,0.729091930429,0.139470111721,0.806166497535,0
0.227,3.345,8,0.729075240402,0.139630411208,0.80615471354,0
0.2275,3.345,8,0.729059366478,0.139791713879,0.806144499025,0
0.228,3.345,8,0.729044313263,0.139954024412,0.806135867119,0
0.2285,3.345,8,0.729030085362,0.140117347487,0.806128830952,0
0.229,3.345,8,0.729016687379,0.140281687783,0.806123403654,0
0.2295,3.345,8,0.729004123918,0.140447049979,0.806119598355,0
0.23,3.345,8,0.728992399584,0.140613438754,0.806117428184,0
0.2305,3.345,8,0.728981518983,0.140780858788,0.806116906273,0
0.231,3.345,8,0.728971486718,0.140949314759,0.80611804575,0
0.2315,3.345,8,0.728962307394,0.141118811346,0.806120859745,0
0.232,3.345,8,0.728953985616,0.141289353229,0.806125361389,0
0.2325,3.345,8,0.728946525989,0.141460945088,0.806131563811,0
0.233,3.345,8,0.728939933117,0.1416335916,0.806139480141,0
0.2335,3.345,8,0.728934211605,0.141807297445,0.806149123509,0
0.234,3.345,8,0.728929366057,0.141982067303,0.806160507045,0
0.2345,3.345,8,0.728925401079,0.142157905852,0.80617364388,0
0.235,3.345,8,0.728922321274,0.142334817773,0.806188547141,0
0.2355,3.345,8,0.728920131248,0.142512807742,0.806205229961,0
0.219,3.35,8,0.729481991922,0.136979478698,0.806424795794,0
0.2195,3.35,8,0.729453560364,0.13712528684,0.806391553812,0
0.22,3.35,8,0.729425876305,0.13727202786,0.806359686028,0
0.2205,3.35,8,0.729398944351,0.137419706437,0.806329205572,0
0.221,3.35,8,0.729372769106,0.13756832725,0.806300125574,0
0.2215,3.35,8,0.729347355174,0.137717894977,0.806272459163,0
0.222,3.35,8,0.72932270716,0.137868414299,0.806246219471,0
0.2225,3.35,8,0.729298829669,0.138019889895,0.806221419626,0
0.223,3.35,8,0.729275727306,0.138172326442,0.806198072758,0
0.2235,3.35,8,0.729253404675,0.138325728622,0.806176191998,0
0.224,3.35,8,0.72923186638,0.138480101112,0.806155790474,0
0.2245,3.35,8,0.729211117027,0.138635448592,0.806136881319,0
0.225,3.35,8,0.72919116122,0.138791775741,0.80611947766,0
0.2255,3.35,8,0.729172003563,0.138949087239,0.806103592628,0
0.226,3.35,8,0.729153648662,0.139107387764,0.806089239353,0
0.2265,3.35,8,0.729136101121,0.139266681996,0.806076430965,0
0.227,3.35,8,0.729119365545,0.139426974613,0.806065180593,0
0.2275,3.35,8,0.729103446538,0.139588270295,0.806055501368,0
0.228,3.35,8,0.729088348705,0.139750573721,0.80604740642,0
0.2285,3.35,8,0.72907407665,0.13991388957,0.806040908878,0
0.229,3.35,8,0.729060634979,0.140078222522,0.806036021872,0
0.2295,3.35,8,0.729048028296,0.140243577255,0.806032758532,0
0.23,3.35,8,0.729036261205,0.140409958449,0.806031131989,0
0.2305,3.35,8,0.729025338312,0.140577370782,0.806031155371,0
0.231,3.35,8,0.72901526422,0.140745818934,0.806032841809,0
0.2315,3.35,8,0.729006043535,0.140915307585,0.806036204433,0
0.232,3.35,8,0.728997680861,0.141085841412,0.806041256373,0
0.2325,3.35,8,0.728990180803,0.141257425096,0.806048010758,0
0.233,3.35,8,0.728983547965,0.141430063316,0.806056480719,0
0.2335,3.35,8,0.728977786952,0.14160376075,0.806066679385,0
0.234,3.35,8,0.728972902369,0.141778522078,0.806078619887,0
0.2345,3.35,8,0.728968898821,0.141954351978,0.806092315353,0
0.235,3.35,8,0.728965780912,0.142131255131,0.806107778915,0
0.2175,3.355,8,0.729617463434,0.136345272212,0.806436425135,0
0.218,3.355,8,0.729586762476,0.136488305001,0.806399639328,0
0.2185,3.355,8,0.729556795669,0.136632256512,0.806364189997,0
0.219,3.355,8,0.729527567617,0.136777131423,0.806330090271,0
0.2195,3.355,8,0.729499082926,0.136922934414,0.806297353281,0
0.22,3.355,8,0.729471346199,0.137069670165,0.806265992157,0
0.2205,3.355,8,0.729444362042,0.137217343353,0.806236020027,0
0.221,3.355,8,0.729418135059,0.137365958659,0.806207450023,0
0.2215,3.355,8,0.729392669855,0.137515520762,0.806180295274,0
0.222,3.355,8,0.729367971034,0.13766603434,0.806154568909,0
0.2225,3.355,8,0.729344043201,0.137817504073,0.80613028406,0
0.223,3.355,8,0.729320890961,0.13796993464,0.806107453855,0
0.2235,3.355,8,0.729298518918,0.13812333072,0.806086091426,0
0.224,3.355,8,0.729276931678,0.138277696992,0.8060662099,0
0.2245,3.355,8,0.729256133844,0.138433038136,0.806047822409,0
0.225,3.355,8,0.729236130021,0.13858935883,0.806030942083,0
0.2255,3.355,8,0.729216924814,0.138746663754,0.806015582051,0
0.226,3.355,8,0.729198522828,0.138904957587,0.806001755442,0
0.2265,3.355,8,0.729180928667,0.139064245007,0.805989475388,0
0.227,3.355,8,0.729164146936,0.139224530695,0.805978755018,0
0.2275,3.355,8,0.72914818224,0.139385819329,0.805969607462,0
0.228,3.355,8,0.729133039183,0.139548115589,0.80596204585,0
0.2285,3.355,8,0.729118722369,0.139711424153,0.805956083311,0
0.229,3.355,8,0.729105236405,0.139875749701,0.805951732976,0
0.2295,3.355,8,0.729092585893,0.140041096912,0.805949007974,0
0.23,3.355,8,0.729080775439,0.140207470465,0.805947921436,0
0.2305,3.355,8,0.729069809648,0.14037487504,0.805948486491,0
0.231,3.355,8,0.729059693124,0.140543315314,0.805950716269,0
0.2315,3.355,8,0.729050430471,0.140712795968,0.8059546239,0
0.232,3.355,8,0.729042026295,0.140883321681,0.805960222514,0
0.2325,3.355,8,0.729034485201,0.141054897131,0.805967525241,0
0.233,3.355,8,0.729027811791,0.141227526999,0.805976545211,0
0.2335,3.355,8,0.729022010672,0.141401215962,0.805987295553,0
0.234,3.355,8,0.729017086449,0.141575968701,0.805999789398,0
0.2345,3.355,8,0.729013043724,0.141751789894,0.806014039876,0
0.235,3.355,8,0.729009887105,0.141928684221,0.806030060116,0
0.2165,3.36,8,0.729727555645,0.135860610242,0.806419904186,0
0.217,3.36,8,0.729695344134,0.136001815008,0.806380977851,0
0.2175,3.36,8,0.729663858029,0.136143929019,0.8063433634,0
0.218,3.36,8,0.729633101936,0.136286956953,0.806307073962,0
0.2185,3.36,8,0.729603080459,0.136430903491,0.806272122666,0
0.219,3.36,8,0.729573798203,0.136575773311,0.806238522644,0
0.2195,3.36,8,0.729545259773,0.136721571092,0.806206287024,0
0.22,3.36,8,0.729517469772,0.136868301514,0.806175428937,0
0.2205,3.36,8,0.729490432806,0.137015969255,0.806145961513,0
0.221,3.36,8,0.72946415348,0.137164578995,0.806117897881,0
0.2215,3.36,8,0.729438636397,0.137314135413,0.806091251171,0
0.222,3.36,8,0.729413886164,0.137464643189,0.806066034514,0
0.2225,3.36,8,0.729389907383,0.137616107,0.806042261039,0
0.223,3.36,8,0.729366704661,0.137768531527,0.806019943876,0
0.2235,3.36,8,0.729344282601,0.137921921448,0.805999096155,0
0.224,3.36,8,0.729322645808,0.138076281443,0.805979731005,0
0.2245,3.36,8,0.729301798887,0.138231616191,0.805961861558,0
0.225,3.36,8,0.729281746443,0.138387930371,0.805945500942,0
0.2255,3.36,8,0.729262493081,0.138545228662,0.805930662288,0
0.226,3.36,8,0.729244043404,0.138703515743,0.805917358725,0
0.2265,3.36,8,0.729226402017,0.138862796294,0.805905603384,0
0.227,3.36,8,0.729209573526,0.139023074994,0.805895409394,0
0.2275,3.36,8,0.729193562534,0.139184356521,0.805886789885,0
0.228,3.36,8,0.729178373647,0.139346645555,0.805879757987,0
0.2285,3.36,8,0.72916401147,0.139509946775,0.80587432683,0
0.229,3.36,8,0.729150480605,0.13967426486,0.805870509544,0
0.2295,3.36,8,0.72913778566,0.13983960449,0.805868319258,0
0.23,3.36,8,0.729125931237,0.140005970343,0.805867769104,0
0.2305,3.36,8,0.729114921942,0.140173367099,0.805868872209,0
0.231,3.36,8,0.72910476238,0.140341799436,0.805871641706,0
0.2315,3.36,8,0.729095457154,0.140511272035,0.805876090723,0
0.232,3.36,8,0.729087010871,0.140681789573,0.80588223239,0
0.2325,3.36,8,0.729079428133,0.140853356731,0.805890079837,0
0.233,3.36,8,0.729072713547,0.141025978187,0.805899646194,0
0.2335,3.36,8,0.729066871716,0.141199658621,0.805910944591,0
0.234,3.36,8,0.729061907245,0.141374402712,0.805923988158,0
0.2345,3.36,8,0.72905782474,0.141550215138,0.805938790025,0
0.215,3.365,8,0.72987582251,0.135242069097,0.806452044066,0
0.2155,3.365,8,0.729841404339,0.135380569883,0.806409745272,0
0.216,3.365,8,0.729807698226,0.135519965757,0.806368720639,0
0.2165,3.365,8,0.729774708776,0.1356602614,0.806328983296,0
0.217,3.365,8,0.729742440594,0.135801461489,0.806290546374,0
0.2175,3.365,8,0.729710898283,0.135943570705,0.806253423003,0
0.218,3.365,8,0.729680086449,0.136086593726,0.806217626312,0
0.2185,3.365,8,0.729650009697,0.136230535231,0.806183169431,0
0.219,3.365,8,0.729620672631,0.1363753999,0.80615006549,0
0.2195,3.365,8,0.729592079855,0.136521192412,0.806118327619,0
0.22,3.365,8,0.729564235975,0.136667917446,0.806087968948,0
0.2205,3.365,8,0.729537145594,0.136815579681,0.806059002607,0
0.221,3.365,8,0.729510813319,0.136964183796,0.806031441726,0
0.2215,3.365,8,0.729485243752,0.13711373447,0.806005299435,0
0.222,3.365,8,0.7294604415,0.137264236383,0.805980588863,0
0.2225,3.365,8,0.729436411166,0.137415694214,0.80595732314,0
0.223,3.365,8,0.729413157355,0.137568112641,0.805935515397,0
0.2235,3.365,8,0.729390684672,0.137721496345,0.805915178763,0
0.224,3.365,8,0.729368997722,0.137875850004,0.805896326368,0
0.2245,3.365,8,0.729348101109,0.138031178297,0.805878971343,0
0.225,3.365,8,0.729327999438,0.138187485903,0.805863126816,0
0.2255,3.365,8,0.729308697313,0.138344777502,0.805848805918,0
0.226,3.365,8,0.72929019934,0.138503057773,0.805836021779,0
0.2265,3.365,8,0.729272510122,0.138662331394,0.805824787529,0
0.227,3.365,8,0.729255634264,0.138822603046,0.805815116297,0
0.2275,3.365,8,0.729239576372,0.138983877407,0.805807021214,0
0.228,3.365,8,0.729224341049,0.139146159156,0.805800515409,0
0.2285,3.365,8,0.729209932901,0.139309452973,0.805795612012,0
0.229,3.365,8,0.729196356532,0.139473763536,0.805792324153,0
0.2295,3.365,8,0.729183616547,0.139639095525,0.805790664963,0
0.23,3.365,8,0.729171717549,0.139805453619,0.80579064757,0
0.2305,3.365,8,0.729160664145,0.139972842498,0.805792285106,0
0.231,3.365,8,0.729150460939,0.140141266839,0.805795590699,0
0.2315,3.365,8,0.729141112535,0.140310731323,0.805800577479,0
0.232,3.365,8,0.729132623537,0.140481240628,0.805807258578,0
0.2325,3.365,8,0.729124998552,0.140652799434,0.805815647123,0
0.233,3.365,8,0.729118242182,0.14082541242,0.805825756247,0
0.2335,3.365,8,0.729112359033,0.140999084265,0.805837599077,0
0.234,3.365,8,0.72910735371,0.141173819648,0.805851188745,0
0.2345,3.365,8,0.729103230817,0.141349623248,0.805866538379,0
0.214,3.37,8,0.729994858924,0.134768387669,0.806450187943,0
0.2145,3.37,8,0.729958970847,0.134905108172,0.806405857671,0
0.215,3.37,8,0.729923786084,0.135042714286,0.806362776968,0
0.2155,3.37,8,0.729889309241,0.135181210692,0.806320958963,0
0.216,3.37,8,0.72985554492,0.135320602068,0.806280416786,0
0.2165,3.37,8,0.729822497728,0.135460893093,0.806241163567,0
0.217,3.37,8,0.729790172268,0.135602088446,0.806203212435,0
0.2175,3.37,8,0.729758573146,0.135744192808,0.806166576522,0
0.218,3.37,8,0.729727704966,0.135887210856,0.806131268956,0
0.2185,3.37,8,0.729697572332,0.13603114727,0.806097302868,0
0.219,3.37,8,0.72966817985,0.136176006729,0.806064691387,0
0.2195,3.37,8,0.729639532123,0.136321793912,0.806033447644,0
0.22,3.37,8,0.729611633758,0.136468513499,0.806003584767,0
0.2205,3.37,8,0.729584489357,0.136616170168,0.805975115888,0
0.221,3.37,8,0.729558103526,0.136764768599,0.805948054136,0
0.2215,3.37,8,0.72953248087,0.13691431347,0.805922412641,0
0.222,3.37,8,0.729507625993,0.137064809462,0.805898204533,0
0.2225,3.37,8,0.7294835435,0.137216261253,0.805875442942,0
0.223,3.37,8,0.729460237996,0.137368673522,0.805854140997,0
0.2235,3.37,8,0.729437714084,0.137522050949,0.805834311829,0
0.224,3.37,8,0.72941597637,0.137676398212,0.805815968567,0
0.2245,3.37,8,0.729395029459,0.13783171999,0.805799124342,0
0.225,3.37,8,0.729374877955,0.137988020964,0.805783792283,0
0.2255,3.37,8,0.729355526463,0.138145305812,0.80576998552,0
0.226,3.37,8,0.729336979587,0.138303579213,0.805757717183,0
0.2265,3.37,8,0.729319241932,0.138462845846,0.805747000402,0
0.227,3.37,8,0.729302318102,0.138623110391,0.805737848307,0
0.2275,3.37,8,0.729286212703,0.138784377526,0.805730274028,0
0.228,3.37,8,0.72927093034,0.138946651932,0.805724290694,0
0.2285,3.37,8,0.729256475615,0.139109938286,0.805719911436,0
0.229,3.37,8,0.729242853135,0.139274241268,0.805717149383,0
0.2295,3.37,8,0.729230067504,0.139439565557,0.805716017666,0
0.23,3.37,8,0.729218123327,0.139605915833,0.805716529414,0
0.2305,3.37,8,0.729207025207,0.139773296775,0.805718697757,0
0.231,3.37,8,0.729196777751,0.139941713061,0.805722535826,0
0.2315,3.37,8,0.729187385562,0.14011116937,0.805728056749,0
0.232,3.37,8,0.729178853246,0.140281670383,0.805735273657,0
0.2325,3.37,8,0.729171185406,0.140453220778,0.80574419968,0
0.233,3.37,8,0.729164386648,0.140625825235,0.805754847947,0
0.2335,3.37,8,0.729158461576,0.140799488431,0.805767231589,0
0.234,3.37,8,0.729153414794,0.140974215048,0.805781363735,0
0.2345,3.37,8,0.729149250908,0.141150009763,0.805797257516,0
0.213,3.375,8,0.73011755853,0.134299222795,0.806454470178,0
0.2135,3.375,8,0.7300802165,0.134434182146,0.806408150658,0
0.214,3.375,8,0.73004356904,0.134570017632,0.806363056113,0
0.2145,3.375,8,0.730007620754,0.134706733933,0.806319199674,0
0.215,3.375,8,0.729972376248,0.134844335727,0.806276594471,0
0.2155,3.375,8,0.729937840125,0.134982827693,0.806235253634,0
0.216,3.375,8,0.729904016992,0.135122214511,0.806195190291,0
0.2165,3.375,8,0.729870911451,0.13526250086,0.806156417574,0
0.217,3.375,8,0.729838528109,0.135403691418,0.806118948612,0
0.2175,3.375,8,0.729806871569,0.135545790866,0.806082796535,0
0.218,3.375,8,0.729775946436,0.135688803882,0.806047974473,0
0.2185,3.375,8,0.729745757316,0.135832735145,0.806014495556,0
0.219,3.375,8,0.729716308811,0.135977589335,0.805982372914,0
0.2195,3.375,8,0.729687605529,0.13612337113,0.805951619676,0
0.22,3.375,8,0.729659652071,0.136270085211,0.805922248973,0
0.2205,3.375,8,0.729632453045,0.136417736255,0.805894273935,0
0.221,3.375,8,0.729606013053,0.136566328943,0.80586770769,0
0.2215,3.375,8,0.729580336702,0.136715867952,0.80584256337,0
0.222,3.375,8,0.729555428595,0.136866357963,0.805818854104,0
0.2225,3.375,8,0.729531293337,0.137017803655,0.805796593022,0
0.223,3.375,8,0.729507935532,0.137170209707,0.805775793255,0
0.2235,3.375,8,0.729485359786,0.137323580797,0.805756467931,0
0.224,3.375,8,0.729463570703,0.137477921605,0.80573863018,0
0.2245,3.375,8,0.729442572888,0.137633236811,0.805722293134,0
0.225,3.375,8,0.729422370945,0.137789531093,0.805707469921,0
0.2255,3.375,8,0.72940296948,0.13794680913,0.805694173671,0
0.226,3.375,8,0.729384373095,0.138105075602,0.805682417515,0
0.2265,3.375,8,0.729366586398,0.138264335188,0.805672214582,0
0.227,3.375,8,0.729349613991,0.138424592567,0.805663578002,0
0.2275,3.375,8,0.729333460479,0.138585852417,0.805656520905,0
0.228,3.375,8,0.729318130468,0.138748119419,0.805651056421,0
0.2285,3.375,8,0.729303628562,0.138911398252,0.80564719768,0
0.229,3.375,8,0.729289959365,0.139075693593,0.805644957812,0
0.2295,3.375,8,0.729277127483,0.139241010124,0.805644349946,0
0.23,3.375,8,0.729265137519,0.139407352522,0.805645387213,0
0.2305,3.375,8,0.729253994079,0.139574725468,0.805648082743,0
0.231,3.375,8,0.729243701767,0.139743133639,0.805652449665,0
0.2315,3.375,8,0.729234265188,0.139912581716,0.805658501109,0
0.232,3.375,8,0.729225688947,0.140083074377,0.805666250205,0
0.2325,3.375,8,0.729217977647,0.140254616302,0.805675710083,0
0.233,3.375,8,0.729211135894,0.14042721217,0.805686893873,0
0.2335,3.375,8,0.729205168293,0.140600866659,0.805699814705,0
0.234,3.375,8,0.729200079447,0.140775584449,0.805714485709,0
0.2125,3.38,8,0.730205102629,0.133967748843,0.806416533508,0
0.213,3.38,8,0.730167008423,0.134101832833,0.806369467351,0
0.2135,3.38,8,0.730129604647,0.13423678816,0.806323614708,0
0.214,3.38,8,0.730092895906,0.134372619503,0.806278988707,0
0.2145,3.38,8,0.730056886806,0.134509331542,0.80623560248,0
0.215,3.38,8,0.73002158195,0.134646928956,0.806193469155,0
0.2155,3.38,8,0.729986985943,0.134785416424,0.806152601863,0
0.216,3.38,8,0.72995310339,0.134924798625,0.806113013734,0
0.2165,3.38,8,0.729919938896,0.135065080238,0.806074717897,0
0.217,3.38,8,0.729887497065,0.135206265943,0.806037727483,0
0.2175,3.38,8,0.729855782502,0.135348360418,0.806002055621,0
0.218,3.38,8,0.729824799811,0.135491368342,0.805967715442,0
0.2185,3.38,8,0.729794553598,0.135635294396,0.805934720074,0
0.219,3.38,8,0.729765048466,0.135780143257,0.805903082649,0
0.2195,3.38,8,0.729736289021,0.135925919606,0.805872816295,0
0.22,3.38,8,0.729708279867,0.136072628121,0.805843934144,0
0.2205,3.38,8,0.729681025608,0.136220273481,0.805816449324,0
0.221,3.38,8,0.72965453085,0.136368860366,0.805790374966,0
0.2215,3.38,8,0.729628800198,0.136518393454,0.805765724199,0
0.222,3.38,8,0.729603838254,0.136668877426,0.805742510154,0
0.2225,3.38,8,0.729579649626,0.136820316959,0.80572074596,0
0.223,3.38,8,0.729556238916,0.136972716734,0.805700444747,0
0.2235,3.38,8,0.72953361073,0.137126081429,0.805681619646,0
0.224,3.38,8,0.729511769672,0.137280415723,0.805664283785,0
0.2245,3.38,8,0.729490720347,0.137435724296,0.805648450296,0
0.225,3.38,8,0.72947046736,0.137592011827,0.805634132307,0
0.2255,3.38,8,0.729451015315,0.137749282995,0.805621342949,0
0.226,3.38,8,0.729432368817,0.137907542478,0.805610095352,0
0.2265,3.38,8,0.72941453247,0.138066794957,0.805600402645,0
0.227,3.38,8,0.72939751088,0.138227045111,0.805592277959,0
0.2275,3.38,8,0.72938130865,0.138388297618,0.805585734423,0
0.228,3.38,8,0.729365930386,0.138550557157,0.805580785168,0
0.2285,3.38,8,0.729351380692,0.138713828409,0.805577443322,0
0.229,3.38,8,0.729337664173,0.138878116051,0.805575722017,0
0.2295,3.38,8,0.729324785434,0.139043424764,0.805575634381,0
0.23,3.38,8,0.729312749078,0.139209759225,0.805577193546,0
0.2305,3.38,8,0.729301559712,0.139377124116,0.80558041264,0
0.231,3.38,8,0.729291221938,0.139545524113,0.805585304794,0
0.2315,3.38,8,0.729281740363,0.139714963898,0.805591883137,0
0.232,3.38,8,0.729273119591,0.139885448148,0.8056001608,0
0.2325,3.38,8,0.729265364226,0.140056981544,0.805610150912,0
0.233,3.38,8,0.729258478872,0.140229568763,0.805621866604,0
0.2335,3.38,8,0.729252468136,0.140403214486,0.805635321004,0
0.234,3.38,8,0.729247336621,0.140577923391,0.805650527244,0
0.212,3.385,8,0.730294065565,0.133638116925,0.806381919958,0
0.2125,3.385,8,0.73025522225,0.133771330411,0.806334113338,0
0.213,3.385,8,0.730217065227,0.133905410435,0.806287508769,0
0.2135,3.385,8,0.730179599101,0.134040361679,0.806242119381,0
0.214,3.385,8,0.730142828474,0.13417618882,0.806197958303,0
0.2145,3.385,8,0.730106757953,0.134312896539,0.806155038665,0
0.215,3.385,8,0.730071392142,0.134450489514,0.806113373597,0
0.2155,3.385,8,0.730036735645,0.134588972424,0.80607297623,0
0.216,3.385,8,0.730002793067,0.134728349948,0.806033859692,0
0.2165,3.385,8,0.729969569013,0.134868626767,0.805996037114,0
0.217,3.385,8,0.729937068088,0.135009807558,0.805959521626,0
0.2175,3.385,8,0.729905294896,0.135151897001,0.805924326358,0
0.218,3.385,8,0.729874254041,0.135294899775,0.805890464439,0
0.2185,3.385,8,0.729843950129,0.13543882056,0.805857948999,0
0.219,3.385,8,0.729814387764,0.135583664034,0.805826793169,0
0.2195,3.385,8,0.729785571551,0.135729434876,0.805797010079,0
0.22,3.385,8,0.729757506094,0.135876137766,0.805768612857,0
0.2205,3.385,8,0.729730195998,0.136023777383,0.805741614634,0
0.221,3.385,8,0.729703645868,0.136172358406,0.805716028541,0
0.2215,3.385,8,0.729677860308,0.136321885514,0.805691867706,0
0.222,3.385,8,0.729652843923,0.136472363387,0.80566914526,0
0.2225,3.385,8,0.729628601318,0.136623796703,0.805647874332,0
0.223,3.385,8,0.729605137097,0.136776190142,0.805628068053,0
0.2235,3.385,8,0.729582455865,0.136929548382,0.805609739553,0
0.224,3.385,8,0.729560562226,0.137083876103,0.805592901961,0
0.2245,3.385,8,0.729539460786,0.137239177984,0.805577568407,0
0.225,3.385,8,0.729519156148,0.137395458705,0.805563752021,0
0.2255,3.385,8,0.729499652918,0.137552722944,0.805551465933,0
0.226,3.385,8,0.729480955701,0.13771097538,0.805540723274,0
0.2265,3.385,8,0.7294630691,0.137870220693,0.805531537172,0
0.227,3.385,8,0.72944599772,0.138030463562,0.805523920758,0
0.2275,3.385,8,0.729429746167,0.138191708666,0.805517887161,0
0.228,3.385,8,0.729414319044,0.138353960684,0.805513449512,0
0.2285,3.385,8,0.729399720957,0.138517224296,0.805510620941,0
0.229,3.385,8,0.72938595651,0.138681504179,0.805509414577,0
0.2295,3.385,8,0.729373030307,0.138846805014,0.80550984355,0
0.23,3.385,8,0.729360946954,0.13901313148,0.80551192099,0
0.2305,3.385,8,0.729349711055,0.139180488256,0.805515660027,0
0.231,3.385,8,0.729339327215,0.139348880021,0.805521073791,0
0.2315,3.385,8,0.729329800038,0.139518311454,0.805528175413,0
0.232,3.385,8,0.729321134128,0.139688787234,0.80553697802,0
0.2325,3.385,8,0.729313334092,0.139860312041,0.805547494745,0
0.233,3.385,8,0.729306404533,0.140032890553,0.805559738716,0
0.2335,3.385,8,0.729300350055,0.140206527451,0.805573723063,0
0.212,3.39,8,0.730344845543,0.13344266556,0.806302063933,0
0.2125,3.39,8,0.730305938341,0.13357587514,0.806254713613,0
0.213,3.39,8,0.730267717896,0.133709951141,0.80620856701,0
0.2135,3.39,8,0.730230188812,0.133844898242,0.806163637255,0
0.214,3.39,8,0.730193355694,0.133980721122,0.806119937478,0
0.2145,3.39,8,0.730157223146,0.134117424461,0.806077480809,0
0.215,3.39,8,0.730121795774,0.134255012937,0.806036280376,0
0.2155,3.39,8,0.730087078181,0.13439349123,0.805996349311,0
0.216,3.39,8,0.730053074973,0.13453286402,0.805957700744,0
0.2165,3.39,8,0.730019790754,0.134673135984,0.805920347803,0
0.217,3.39,8,0.729987230128,0.134814311802,0.80588430362,0
0.2175,3.39,8,0.729955397701,0.134956396154,0.805849581323,0
0.218,3.39,8,0.729924298077,0.135099393719,0.805816194043,0
0.2185,3.39,8,0.729893935861,0.135243309175,0.80578415491,0
0.219,3.39,8,0.729864315657,0.135388147202,0.805753477054,0
0.2195,3.39,8,0.72983544207,0.13553391248,0.805724173604,0
0.22,3.39,8,0.729807319704,0.135680609686,0.805696257691,0
0.2205,3.39,8,0.729779953165,0.1358282435,0.805669742444,0
0.221,3.39,8,0.729753347057,0.135976818602,0.805644640993,0
0.2215,3.39,8,0.729727505984,0.136126339671,0.805620966469,0
0.222,3.39,8,0.729702434552,0.136276811385,0.805598732,0
0.2225,3.39,8,0.729678137364,0.136428238425,0.805577950718,0
0.223,3.39,8,0.729654619026,0.136580625468,0.805558635751,0
0.2235,3.39,8,0.729631884142,0.136733977195,0.80554080023,0
0.224,3.39,8,0.729609937317,0.136888298284,0.805524457284,0
0.2245,3.39,8,0.729588783155,0.137043593414,0.805509620045,0
0.225,3.39,8,0.729568426262,0.137199867265,0.80549630164,0
0.2255,3.39,8,0.729548871241,0.137357124516,0.805484515201,0
0.226,3.39,8,0.729530122698,0.137515369846,0.805474273857,0
0.2265,3.39,8,0.729512185237,0.137674607934,0.805465590739,0
0.227,3.39,8,0.729495063462,0.137834843459,0.805458478975,0
0.2275,3.39,8,0.729478761979,0.137996081101,0.805452951696,0
0.228,3.39,8,0.729463285392,0.138158325538,0.805449022033,0
0.2285,3.39,8,0.729448638306,0.13832158145,0.805446703114,0
0.229,3.39,8,0.729434825325,0.138485853516,0.805446008069,0
0.2295,3.39,8,0.729421851054,0.138651146415,0.805446950029,0
0.23,3.39,8,0.729409720097,0.138817464826,0.805449542124,0
0.2305,3.39,8,0.72939843706,0.138984813428,0.805453797483,0
0.231,3.39,8,0.729388006547,0.139153196901,0.805459729236,0
0.2315,3.39,8,0.729378433162,0.139322619923,0.805467350513,0
0.232,3.39,8,0.729369721511,0.139493087174,0.805476674444,0
0.2325,3.39,8,0.729361876197,0.139664603333,0.80548771416,0
0.233,3.39,8,0.729354901826,0.139837173079,0.805500482789,0
0.2335,3.39,8,0.729348803002,0.140010801091,0.805514993462,0
0.2115,3.395,8,0.730435865858,0.133115828963,0.806273294452,0
0.212,3.395,8,0.730396211546,0.133248172955,0.806225204553,0
0.2125,3.395,8,0.730357239851,0.13338137857,0.80617830691,0
0.213,3.395,8,0.730318955378,0.133515450487,0.806132614652,0
0.2135,3.395,8,0.730281362732,0.133650393386,0.806088140909,0
0.214,3.395,8,0.730244466516,0.133786211946,0.806044898811,0
0.2145,3.395,8,0.730208271336,0.133922910846,0.806002901488,0
0.215,3.395,8,0.730172781797,0.134060494765,0.80596216207,0
0.2155,3.395,8,0.730138002503,0.134198968382,0.805922693686,0
0.216,3.395,8,0.730103938058,0.134338336377,0.805884509467,0
0.2165,3.395,8,0.730070593068,0.134478603428,0.805847622542,0
0.217,3.395,8,0.730037972136,0.134619774215,0.805812046042,0
0.2175,3.395,8,0.730006079869,0.134761853416,0.805777793095,0
0.218,3.395,8,0.729974920869,0.134904845712,0.805744876833,0
0.2185,3.395,8,0.729944499743,0.135048755781,0.805713310385,0
0.219,3.395,8,0.729914821094,0.135193588302,0.805683106881,0
0.2195,3.395,8,0.729885889527,0.135339347955,0.805654279451,0
0.22,3.395,8,0.729857709648,0.135486039418,0.805626841224,0
0.2205,3.395,8,0.729830286059,0.135633667371,0.805600805331,0
0.221,3.395,8,0.729803623367,0.135782236493,0.805576184902,0
0.2215,3.395,8,0.729777726176,0.135931751462,0.805552993066,0
0.222,3.395,8,0.72975259909,0.13608221696,0.805531242954,0
0.2225,3.395,8,0.729728246715,0.136233637663,0.805510947694,0
0.223,3.395,8,0.729704673654,0.136386018252,0.805492120418,0
0.2235,3.395,8,0.729681884512,0.136539363406,0.805474774255,0
0.224,3.395,8,0.729659883895,0.136693677803,0.805458922335,0
0.2245,3.395,8,0.729638676406,0.136848966123,0.805444577788,0
0.225,3.395,8,0.729618266651,0.137005233046,0.805431753743,0
0.2255,3.395,8,0.729598659234,0.13716248325,0.805420463331,0
0.226,3.395,8,0.72957985876,0.137320721414,0.805410719681,0
0.2265,3.395,8,0.729561869832,0.137479952217,0.805402535924,0
0.227,3.395,8,0.729544697057,0.13764018034,0.80539592519,0
0.2275,3.395,8,0.729528345039,0.13780141046,0.805390900607,0
0.228,3.395,8,0.729512818381,0.137963647257,0.805387475307,0
0.2285,3.395,8,0.72949812169,0.138126895411,0.805385662419,0
0.229,3.395,8,0.729484259569,0.138291159599,0.805385475073,0
0.2295,3.395,8,0.729471236624,0.138456444502,0.805386926398,0
0.23,3.395,8,0.729459057458,0.138622754799,0.805390029525,0
0.2305,3.395,8,0.729447726677,0.138790095169,0.805394797584,0
0.231,3.395,8,0.729437248885,0.13895847029,0.805401243705,0
0.2315,3.395,8,0.729427628687,0.139127884843,0.805409381017,0
0.232,3.395,8,0.729418870687,0.139298343505,0.80541922265,0
0.2325,3.395,8,0.729410979491,0.139469850957,0.805430781734,0
0.233,3.395,8,0.729403959702,0.139642411878,0.8054440714,0
0.2335,3.395,8,0.729397815926,0.139816030946,0.805459104777,0
0.2115,3.4,8,0.730487872402,0.13292229456,0.806198956906,0
0.212,3.4,8,0.730448152526,0.133054634647,0.806151314396,0
0.2125,3.4,8,0.730409115732,0.133187836238,0.806104865808,0
0.213,3.4,8,0.730370766625,0.133321904013,0.806059624274,0
0.2135,3.4,8,0.73033310981,0.133456842651,0.806015602921,0
0.214,3.4,8,0.730296149892,0.133592656831,0.805972814881,0
0.2145,3.4,8,0.730259891474,0.133729351233,0.805931273282,0
0.215,3.4,8,0.730224339162,0.133866930535,0.805890991256,0
0.2155,3.4,8,0.73018949756,0.134005399417,0.805851981932,0
0.216,3.4,8,0.730155371273,0.134144762558,0.80581425844,0
0.2165,3.4,8,0.730121964906,0.134285024636,0.805777833909,0
0.217,3.4,8,0.730089283063,0.134426190332,0.80574272147,0
0.2175,3.4,8,0.730057330349,0.134568264324,0.805708934253,0
0.218,3.4,8,0.730026111368,0.134711251292,0.805676485387,0
0.2185,3.4,8,0.729995630726,0.134855155914,0.805645388002,0
0.219,3.4,8,0.729965893027,0.13499998287,0.805615655229,0
0.2195,3.4,8,0.729936902875,0.135145736839,0.805587300196,0
0.22,3.4,8,0.729908664875,0.1352924225,0.805560336035,0
0.2205,3.4,8,0.729881183632,0.135440044532,0.805534775875,0
0.221,3.4,8,0.72985446375,0.135588607615,0.805510632845,0
0.2215,3.4,8,0.729828509834,0.135738116427,0.805487920076,0
0.222,3.4,8,0.72980332649,0.135888575647,0.805466650698,0
0.2225,3.4,8,0.72977891832,0.136039989956,0.805446837841,0
0.223,3.4,8,0.729755289931,0.136192364031,0.805428494633,0
0.2235,3.4,8,0.729732445926,0.136345702553,0.805411634207,0
0.224,3.4,8,0.729710390911,0.136500010199,0.80539626969,0
0.2245,3.4,8,0.729689129489,0.13665529165,0.805382414214,0
0.225,3.4,8,0.729668666267,0.136811551585,0.805370080907,0
0.2255,3.4,8,0.729649005847,0.136968794682,0.805359282901,0
0.226,3.4,8,0.729630152836,0.137127025622,0.805350033324,0
0.2265,3.4,8,0.729612111837,0.137286249082,0.805342345307,0
0.227,3.4,8,0.729594887455,0.137446469742,0.80533623198,0
0.2275,3.4,8,0.729578484295,0.137607692282,0.805331706472,0
0.228,3.4,8,0.729562906962,0.13776992138,0.805328781914,0
0.2285,3.4,8,0.72954816006,0.137933161716,0.805327471435,0
0.229,3.4,8,0.729534248194,0.138097417968,0.805327788165,0
0.2295,3.4,8,0.729521175968,0.138262694816,0.805329745235,0
0.23,3.4,8,0.729508947988,0.13842899694,0.805333355773,0
0.2305,3.4,8,0.729497568857,0.138596329017,0.80533863291,0
0.231,3.4,8,0.729487043181,0.138764695728,0.805345589777,0
0.2315,3.4,8,0.729477375563,0.138934101751,0.805354239502,0
0.232,3.4,8,0.72946857061,0.139104551766,0.805364595215,0
0.2325,3.4,8,0.729460632925,0.139276050452,0.805376670047,0
0.233,3.4,8,0.729453567113,0.139448602488,0.805390477128,0
0.211,3.405,8,0.730580908467,0.132598230638,0.806175945984,0
0.2115,3.405,8,0.730540443478,0.132729710053,0.806127564781,0
0.212,3.405,8,0.730500657432,0.132862046174,0.806080366038,0
0.2125,3.405,8,0.730461554934,0.132995243682,0.806034362885,0
0.213,3.405,8,0.730423140587,0.133129307256,0.805989568452,0
0.2135,3.405,8,0.730385418998,0.133264241573,0.805945995868,0
0.214,3.405,8,0.730348394771,0.133400051315,0.805903658264,0
0.2145,3.405,8,0.730312072509,0.133536741159,0.805862568769,0
0.215,3.405,8,0.730276456819,0.133674315786,0.805822740514,0
0.2155,3.405,8,0.730241552304,0.133812779873,0.805784186628,0
0.216,3.405,8,0.730207363569,0.133952138101,0.805746920241,0
0.2165,3.405,8,0.730173895219,0.134092395148,0.805710954483,0
0.217,3.405,8,0.730141151859,0.134233555694,0.805676302484,0
0.2175,3.405,8,0.730109138093,0.134375624417,0.805642977373,0
0.218,3.405,8,0.730077858525,0.134518605998,0.805610992282,0
0.2185,3.405,8,0.730047317761,0.134662505114,0.805580360339,0
0.219,3.405,8,0.730017520405,0.134807326446,0.805551094674,0
0.2195,3.405,8,0.729988471062,0.134953074672,0.805523208419,0
0.22,3.405,8,0.729960174336,0.135099754472,0.805496714701,0
0.2205,3.405,8,0.729932634833,0.135247370524,0.805471626652,0
0.221,3.405,8,0.729905857156,0.135395927508,0.8054479574,0
0.2215,3.405,8,0.72987984591,0.135545430102,0.805425720077,0
0.222,3.405,8,0.7298546057,0.135695882987,0.805404927812,0
0.2225,3.405,8,0.729830141131,0.135847290842,0.805385593734,0
0.223,3.405,8,0.729806456808,0.135999658344,0.805367730975,0
0.2235,3.405,8,0.729783557334,0.136152990174,0.805351352663,0
0.224,3.405,8,0.729761447315,0.136307291011,0.805336471928,0
0.2245,3.405,8,0.729740131355,0.136462565534,0.805323101901,0
0.225,3.405,8,0.729719614059,0.136618818421,0.805311255711,0
0.2255,3.405,8,0.729699900032,0.136776054353,0.805300946489,0
0.226,3.405,8,0.729680993877,0.136934278008,0.805292187363,0
0.2265,3.405,8,0.729662900201,0.137093494066,0.805284991465,0
0.227,3.405,8,0.729645623607,0.137253707205,0.805279371924,0
0.2275,3.405,8,0.7296291687,0.137414922105,0.805275341869,0
0.228,3.405,8,0.729613540085,0.137577143444,0.805272914431,0
0.2285,3.405,8,0.729598742367,0.137740375903,0.80527210274,0
0.229,3.405,8,0.729584780149,0.13790462416,0.805272919925,0
0.2295,3.405,8,0.729571658038,0.138069892894,0.805275379117,0
0.23,3.405,8,0.729559380637,0.138236186785,0.805279493445,0
0.2305,3.405,8,0.72954795255,0.138403510511,0.805285276039,0
0.231,3.405,8,0.729537378384,0.138571868753,0.80529274003,0
0.2315,3.405,8,0.729527662742,0.138741266188,0.805301898546,0
0.232,3.405,8,0.729518810228,0.138911707496,0.805312764718,0
0.2325,3.405,8,0.729510825449,0.139083197356,0.805325351677,0
0.2115,3.41,8,0.730593568038,0.132538070978,0.806059090657,0
0.212,3.41,8,0.730553715216,0.132670403076,0.80601233206,0
0.2125,3.41,8,0.730514546407,0.132803596442,0.805966770719,0
0.213,3.41,8,0.730476066215,0.132937655754,0.805922419766,0
0.2135,3.41,8,0.730438279246,0.133072585693,0.805879292329,0
0.214,3.41,8,0.730401190104,0.133208390936,0.80583740154,0
0.2145,3.41,8,0.730364803393,0.133345076164,0.805796760527,0
0.215,3.41,8,0.730329123718,0.133482646055,0.805757382421,0
0.2155,3.41,8,0.730294155684,0.133621105289,0.805719280351,0
0.216,3.41,8,0.730259903896,0.133760458545,0.805682467448,0
0.2165,3.41,8,0.730226372958,0.133900710501,0.805646956841,0
0.217,3.41,8,0.730193567474,0.134041865838,0.80561276166,0
0.2175,3.41,8,0.73016149205,0.134183929234,0.805579895035,0
0.218,3.41,8,0.73013015129,0.134326905368,0.805548370097,0
0.2185,3.41,8,0.730099549799,0.134470798919,0.805518199974,0
0.219,3.41,8,0.730069692181,0.134615614567,0.805489397797,0
0.2195,3.41,8,0.730040583041,0.134761356991,0.805461976696,0
0.22,3.41,8,0.730012226983,0.13490803087,0.805435949801,0
0.2205,3.41,8,0.729984628613,0.135055640883,0.805411330241,0
0.221,3.41,8,0.729957792535,0.135204191709,0.805388131146,0
0.2215,3.41,8,0.729931723354,0.135353688028,0.805366365647,0
0.222,3.41,8,0.729906425673,0.135504134518,0.805346046873,0
0.2225,3.41,8,0.729881904099,0.135655535858,0.805327187954,0
0.223,3.41,8,0.729858163235,0.135807896729,0.80530980202,0
0.2235,3.41,8,0.729835207687,0.135961221808,0.805293902201,0
0.224,3.41,8,0.729813042058,0.136115515776,0.805279501627,0
0.2245,3.41,8,0.729791670954,0.136270783311,0.805266613428,0
0.225,3.41,8,0.729771098979,0.136427029093,0.805255250733,0
0.2255,3.41,8,0.729751330738,0.1365842578,0.805245426673,0
0.226,3.41,8,0.729732370835,0.136742474111,0.805237154377,0
0.2265,3.41,8,0.729714223875,0.136901682707,0.805230446976,0
0.227,3.41,8,0.729696894463,0.137061888266,0.805225317599,0
0.2275,3.41,8,0.729680387204,0.137223095466,0.805221779376,0
0.228,3.41,8,0.729664706701,0.137385308989,0.805219845437,0
0.2285,3.41,8,0.72964985756,0.137548533511,0.805219528912,0
0.229,3.41,8,0.729635844386,0.137712773713,0.80522084293,0
0.2295,3.41,8,0.729622671783,0.137878034275,0.805223800623,0
0.23,3.41,8,0.729610344355,0.138044319874,0.805228415119,0
0.2305,3.41,8,0.729598866708,0.13821163519,0.805234699549,0
0.231,3.41,8,0.729588243445,0.138379984902,0.805242667042,0
0.2315,3.41,8,0.729578479172,0.13854937369,0.805252330728,0
0.232,3.41,8,0.729569578494,0.138719806232,0.805263703738,0
0.2325,3.41,8,0.729561546014,0.138891287208,0.8052767992,0
0.212,3.415,8,0.730607314827,0.132479700891,0.805947185038,0
0.2125,3.415,8,0.730568079102,0.132612890055,0.805902061888,0
0.213,3.415,8,0.73052953246,0.132746945047,0.805858150793,0
0.2135,3.415,8,0.730491679505,0.132881870547,0.805815464883,0
0.214,3.415,8,0.730454524842,0.133017671233,0.805774017286,0
0.2145,3.415,8,0.730418073076,0.133154351785,0.805733821133,0
0.215,3.415,8,0.730382328811,0.133291916882,0.805694889555,0
0.2155,3.415,8,0.730347296653,0.133430371203,0.80565723568,0
0.216,3.415,8,0.730312981205,0.133569719428,0.805620872639,0
0.2165,3.415,8,0.730279387072,0.133709966234,0.805585813561,0
0.217,3.415,8,0.73024651886,0.133851116302,0.805552071577,0
0.2175,3.415,8,0.730214381172,0.133993174311,0.805519659817,0
0.218,3.415,8,0.730182978614,0.134136144939,0.805488591409,0
0.2185,3.415,8,0.730152315789,0.134280032867,0.805458879485,0
0.219,3.415,8,0.730122397303,0.134424842772,0.805430537175,0
0.2195,3.415,8,0.73009322776,0.134570579335,0.805403577607,0
0.22,3.415,8,0.730064811766,0.134717247234,0.805378013912,0
0.2205,3.415,8,0.730037153923,0.134864851148,0.80535385922,0
0.221,3.415,8,0.730010258838,0.135013395757,0.80533112666,0
0.2215,3.415,8,0.729984131115,0.13516288574,0.805309829364,0
0.222,3.415,8,0.729958775359,0.135313325776,0.805289980459,0
0.2225,3.415,8,0.729934196173,0.135464720544,0.805271593078,0
0.223,3.415,8,0.729910398164,0.135617074724,0.805254680348,0
0.2235,3.415,8,0.729887385935,0.135770392994,0.805239255401,0
0.224,3.415,8,0.729865164091,0.135924680033,0.805225331366,0
0.2245,3.415,8,0.729843737236,0.136079940521,0.805212921373,0
0.225,3.415,8,0.729823109976,0.136236179137,0.805202038551,0
0.2255,3.415,8,0.729803286916,0.13639340056,0.805192696032,0
0.226,3.415,8,0.729784272659,0.13655160947,0.805184906944,0
0.2265,3.415,8,0.72976607181,0.136710810544,0.805178684418,0
0.227,3.415,8,0.729748688974,0.136871008463,0.805174041584,0
0.2275,3.415,8,0.729732128756,0.137032207906,0.805170991571,0
0.228,3.415,8,0.729716395761,0.137194413551,0.805169547509,0
0.2285,3.415,8,0.729701494592,0.137357630079,0.805169722529,0
0.229,3.415,8,0.729687429855,0.137521862167,0.805171529759,0
0.2295,3.415,8,0.729674206154,0.137687114496,0.805174982331,0
0.23,3.415,8,0.729661828094,0.137853391744,0.805180093374,0
0.2305,3.415,8,0.72965030028,0.13802069859,0.805186876017,0
0.231,3.415,8,0.729639627315,0.138189039714,0.805195343391,0
0.2315,3.415,8,0.729629813806,0.138358419795,0.805205508626,0
0.232,3.415,8,0.729620864356,0.138528843512,0.805217384851,0
0.2125,3.42,8,0.73062214197,0.132423120059,0.805840208971,0
0.213,3.42,8,0.730583528271,0.132557170672,0.805796734113,0
0.2135,3.42,8,0.730545608725,0.132692091674,0.805754486106,0
0.214,3.42,8,0.730508387936,0.132827887744,0.805713478081,0
0.2145,3.42,8,0.730471870509,0.132964563561,0.805673723167,0
0.215,3.42,8,0.730436061048,0.133102123805,0.805635234494,0
0.2155,3.42,8,0.730400964159,0.133240573154,0.805598025193,0
0.216,3.42,8,0.730366584446,0.133379916288,0.805562108392,0
0.2165,3.42,8,0.730332926514,0.133520157885,0.805527497223,0
0.217,3.42,8,0.730299994966,0.133661302625,0.805494204814,0
0.2175,3.42,8,0.730267794409,0.133803355188,0.805462244296,0
0.218,3.42,8,0.730236329446,0.133946320251,0.805431628798,0
0.2185,3.42,8,0.730205604683,0.134090202495,0.805402371451,0
0.219,3.42,8,0.730175624723,0.134235006599,0.805374485385,0
0.2195,3.42,8,0.730146394172,0.134380737241,0.805347983729,0
0.22,3.42,8,0.730117917634,0.134527399101,0.805322879613,0
0.2205,3.42,8,0.730090199714,0.134674996858,0.805299186167,0
0.221,3.42,8,0.730063245017,0.134823535191,0.805276916521,0
0.2215,3.42,8,0.730037058146,0.134973018779,0.805256083805,0
0.222,3.42,8,0.730011643707,0.135123452302,0.805236701149,0
0.2225,3.42,8,0.729987006305,0.135274840438,0.805218781683,0
0.223,3.42,8,0.729963150544,0.135427187867,0.805202338536,0
0.2235,3.42,8,0.729940081028,0.135580499268,0.805187384839,0
0.224,3.42,8,0.729917802363,0.13573477932,0.805173933721,0
0.2245,3.42,8,0.729896319153,0.135890032702,0.805161998313,0
0.225,3.42,8,0.729875636003,0.136046264094,0.805151591744,0
0.2255,3.42,8,0.729855757517,0.136203478173,0.805142727144,0
0.226,3.42,8,0.7298366883,0.136361679621,0.805135417643,0
0.2265,3.42,8,0.729818432956,0.136520873115,0.80512967637,0
0.227,3.42,8,0.729800996091,0.136681063335,0.805125516457,0
0.2275,3.42,8,0.729784382309,0.136842254961,0.805122951032,0
0.228,3.42,8,0.729768596214,0.13700445267,0.805121993227,0
0.2285,3.42,8,0.729753642411,0.137167661143,0.805122656169,0
0.229,3.42,8,0.729739525506,0.137331885058,0.80512495299,0
0.2295,3.42,8,0.729726250102,0.137497129096,0.805128896819,0
0.23,3.42,8,0.729713820804,0.137663397933,0.805134500787,0
0.2305,3.42,8,0.729702242217,0.137830696251,0.805141778022,0
0.231,3.42,8,0.729691518945,0.137999028728,0.805150741656,0
0.2315,3.42,8,0.729681655594,0.138168400043,0.805161404818,0
0.232,3.42,8,0.729672656767,0.138338814876,0.805173780637,0
0.2135,3.425,8,0.730600055856,0.132503244613,0.805696328578,0
0.214,3.425,8,0.730562768335,0.132639036007,0.805655756502,0
0.2145,3.425,8,0.730526184641,0.13277570703,0.805616439206,0
0.215,3.425,8,0.73049030938,0.132913262361,0.805578389817,0
0.2155,3.425,8,0.730455147154,0.133051706679,0.805541621468,0
0.216,3.425,8,0.73042070257,0.133191044663,0.805506147286,0
0.2165,3.425,8,0.730386980232,0.133331280992,0.805471980403,0
0.217,3.425,8,0.730353984744,0.133472420345,0.805439133948,0
0.2175,3.425,8,0.730321720712,0.133614467402,0.805407621051,0
0.218,3.425,8,0.730290192739,0.133757426842,0.805377454842,0
0.2185,3.425,8,0.730259405431,0.133901303343,0.80534864845,0
0.219,3.425,8,0.730229363392,0.134046101586,0.805321215007,0
0.2195,3.425,8,0.730200071227,0.134191826248,0.805295167641,0
0.22,3.425,8,0.73017153354,0.13433848201,0.805270519482,0
0.2205,3.425,8,0.730143754936,0.13448607355,0.805247283661,0
0.221,3.425,8,0.73011674002,0.134634605548,0.805225473307,0
0.2215,3.425,8,0.730090493397,0.134784082682,0.805205101551,0
0.222,3.425,8,0.73006501967,0.134934509632,0.805186181521,0
0.2225,3.425,8,0.730040323445,0.135085891078,0.805168726349,0
0.223,3.425,8,0.730016409326,0.135238231697,0.805152749163,0
0.2235,3.425,8,0.729993281919,0.13539153617,0.805138263095,0
0.224,3.425,8,0.729970945827,0.135545809175,0.805125281273,0
0.2245,3.425,8,0.729949405655,0.135701055392,0.805113816827,0
0.225,3.425,8,0.729928666008,0.1358572795,0.805103882888,0
0.2255,3.425,8,0.729908731491,0.136014486177,0.805095492586,0
0.226,3.425,8,0.729889606708,0.136172680104,0.80508865905,0
0.2265,3.425,8,0.729871296264,0.136331865959,0.80508339541,0
0.227,3.425,8,0.729853804764,0.136492048421,0.805079714796,0
0.2275,3.425,8,0.729837136811,0.13665323217,0.805077630339,0
0.228,3.425,8,0.729821297012,0.136815421884,0.805077155167,0
0.2285,3.425,8,0.72980628997,0.136978622243,0.805078302411,0
0.229,3.425,8,0.72979212029,0.137142837926,0.805081085201,0
0.2295,3.425,8,0.729778792577,0.137308073613,0.805085516666,0
0.23,3.425,8,0.729766311435,0.137474333981,0.805091609937,0
0.2305,3.425,8,0.72975468147,0.137641623711,0.805099378143,0
0.231,3.425,8,0.729743907285,0.137809947482,0.805108834415,0
0.2315,3.425,8,0.729733993485,0.137979309972,0.805119991881,0
0.232,3.425,8,0.729724944676,0.138149715861,0.805132863673,0
0.214,3.43,8,0.730617654992,0.132451111561,0.805600825129,0
0.2145,3.43,8,0.730581004425,0.13258777773,0.805561941828,0
0.215,3.43,8,0.730545062756,0.132725328089,0.805524328102,0
0.2155,3.43,8,0.730509834589,0.132863767317,0.805487997083,0
0.216,3.43,8,0.730475324528,0.133003100092,0.805452961899,0
0.2165,3.43,8,0.730441537178,0.133143331093,0.80541923568,0
0.217,3.43,8,0.730408477144,0.133284465,0.805386831557,0
0.2175,3.43,8,0.730376149031,0.133426506493,0.80535576266,0
0.218,3.43,8,0.730344557443,0.133569460249,0.805326042117,0
0.2185,3.43,8,0.730313706984,0.133713330949,0.80529768306,0
0.219,3.43,8,0.73028360226,0.133858123271,0.805270698617,0
0.2195,3.43,8,0.730254247875,0.134003841895,0.80524510192,0
0.22,3.43,8,0.730225648433,0.134150491499,0.805220906097,0
0.2205,3.43,8,0.73019780854,0.134298076763,0.805198124279,0
0.221,3.43,8,0.7301707328,0.134446602366,0.805176769596,0
0.2215,3.43,8,0.730144425817,0.134596072988,0.805156855177,0
0.222,3.43,8,0.730118892197,0.134746493306,0.805138394153,0
0.2225,3.43,8,0.730094136544,0.134897868001,0.805121399653,0
0.223,3.43,8,0.730070163462,0.135050201752,0.805105884807,0
0.2235,3.43,8,0.730046977556,0.135203499238,0.805091862745,0
0.224,3.43,8,0.730024583432,0.135357765137,0.805079346598,0
0.2245,3.43,8,0.730002985693,0.13551300413,0.805068349494,0
0.225,3.43,8,0.729982188944,0.135669220894,0.805058884564,0
0.2255,3.43,8,0.72996219779,0.13582642011,0.805050964937,0
0.226,3.43,8,0.729943016835,0.135984606457,0.805044603745,0
0.2265,3.43,8,0.729924650685,0.136143784613,0.805039814116,0
0.227,3.43,8,0.729907103943,0.136303959258,0.80503660918,0
0.2275,3.43,8,0.729890381215,0.136465135071,0.805035002067,0
0.228,3.43,8,0.729874487105,0.136627316731,0.805035005908,0
0.2285,3.43,8,0.729859426218,0.136790508917,0.805036633832,0
0.229,3.43,8,0.729845203158,0.136954716309,0.805039898969,0
0.2295,3.43,8,0.72983182253,0.137119943585,0.805044814449,0
0.23,3.43,8,0.729819288939,0.137286195425,0.805051393402,0
0.2305,3.43,8,0.729807606989,0.137453476508,0.805059648957,0
0.231,3.43,8,0.729796781285,0.137621791513,0.805069594245,0
0.2315,3.43,8,0.729786816432,0.137791145119,0.805081242395,0
0.215,3.435,8,0.730600310128,0.132538316528,0.805473021927,0
0.2155,3.435,8,0.730565015413,0.132676750606,0.805437124616,0
0.216,3.435,8,0.73053043927,0.132816078112,0.805402524808,0
0.2165,3.435,8,0.730496586303,0.132956303727,0.805369235633,0
0.217,3.435,8,0.730463461117,0.133097432129,0.805337270221,0
0.2175,3.435,8,0.730431068317,0.133239467998,0.805306641701,0
0.218,3.435,8,0.730399412507,0.133382416012,0.805277363203,0
0.2185,3.435,8,0.730368498292,0.13352628085,0.805249447858,0
0.219,3.435,8,0.730338330277,0.133671067193,0.805222908796,0
0.2195,3.435,8,0.730308913066,0.133816779719,0.805197759145,0
0.22,3.435,8,0.730280251264,0.133963423106,0.805174012037,0
0.2205,3.435,8,0.730252349476,0.134111002035,0.805151680601,0
0.221,3.435,8,0.730225212306,0.134259521185,0.805130777966,0
0.2215,3.435,8,0.730198844358,0.134408985234,0.805111317264,0
0.222,3.435,8,0.730173250239,0.134559398862,0.805093311623,0
0.2225,3.435,8,0.730148434551,0.134710766747,0.805076774173,0
0.223,3.435,8,0.730124401901,0.13486309357,0.805061718046,0
0.2235,3.435,8,0.730101156892,0.135016384009,0.805048156369,0
0.224,3.435,8,0.730078704129,0.135170642744,0.805036102274,0
0.2245,3.435,8,0.730057048216,0.135325874452,0.80502556889,0
0.225,3.435,8,0.73003619376,0.135482083815,0.805016569348,0
0.2255,3.435,8,0.730016145363,0.13563927551,0.805009116776,0
0.226,3.435,8,0.729996907631,0.135797454217,0.805003224305,0
0.2265,3.435,8,0.729978485169,0.135956624616,0.804998905065,0
0.227,3.435,8,0.72996088258,0.136116791384,0.804996172186,0
0.2275,3.435,8,0.729944104471,0.136277959202,0.804995038797,0
0.228,3.435,8,0.729928155444,0.136440132749,0.804995518029,0
0.2285,3.435,8,0.729913040106,0.136603316703,0.804997623011,0
0.229,3.435,8,0.72989876306,0.136767515744,0.805001366874,0
0.2295,3.435,8,0.729885328912,0.136932734551,0.805006762747,0
0.23,3.435,8,0.729872742265,0.137098977804,0.805013823759,0
0.2305,3.435,8,0.729861007725,0.13726625018,0.805022563042,0
0.231,3.435,8,0.729850129897,0.13743455636,0.805032993725,0
0.216,3.44,8,0.730586035747,0.132629974263,0.805354808593,0
0.2165,3.44,8,0.730552116557,0.132770194432,0.805321952839,0
0.217,3.44,8,0.730518925613,0.13291131727,0.805290422516,0
0.2175,3.44,8,0.73048646752,0.133053347455,0.805260230752,0
0.218,3.44,8,0.730454746883,0.133196289667,0.805231390678,0
0.2185,3.44,8,0.730423768307,0.133340148586,0.805203915424,0
0.219,3.44,8,0.730393536395,0.13348492889,0.80517781812,0
0.2195,3.44,8,0.730364055752,0.133630635258,0.805153111895,0
0.22,3.44,8,0.730335330984,0.13377727237,0.805129809879,0
0.2205,3.44,8,0.730307366695,0.133924844905,0.805107925203,0
0.221,3.44,8,0.730280167489,0.134073357542,0.805087470996,0
0.2215,3.44,8,0.730253737971,0.134222814959,0.805068460388,0
0.222,3.44,8,0.730228082746,0.134373221837,0.805050906509,0
0.2225,3.44,8,0.730203206419,0.134524582854,0.805034822489,0
0.223,3.44,8,0.730179113594,0.13467690269,0.805020221457,0
0.2235,3.44,8,0.730155808875,0.134830186023,0.805007116545,0
0.224,3.44,8,0.730133296868,0.134984437533,0.804995520881,0
0.2245,3.44,8,0.730111582177,0.135139661899,0.804985447596,0
0.225,3.44,8,0.730090669407,0.1352958638,0.804976909818,0
0.2255,3.44,8,0.730070563162,0.135453047916,0.80496992068,0
0.226,3.44,8,0.730051268047,0.135611218925,0.804964493309,0
0.2265,3.44,8,0.730032788666,0.135770381506,0.804960640837,0
0.227,3.44,8,0.730015129625,0.135930540339,0.804958376392,0
0.2275,3.44,8,0.729998295528,0.136091700103,0.804957713106,0
0.228,3.44,8,0.72998229098,0.136253865477,0.804958664107,0
0.2285,3.44,8,0.729967120584,0.13641704114,0.804961242526,0
0.229,3.44,8,0.729952788947,0.136581231771,0.804965461493,0
0.2295,3.44,8,0.729939300672,0.13674644205,0.804971334137,0
0.23,3.44,8,0.729926660365,0.136912676655,0.804978873589,0
0.2305,3.44,8,0.729914872629,0.137079940266,0.804988092977,0
0.231,3.44,8,0.72990394207,0.137248237562,0.804999005434,0
0.217,3.445,8,0.730574859583,0.13272611596,0.805246261021,0
0.2175,3.445,8,0.730542335592,0.132868140403,0.805216502392,0
0.218,3.445,8,0.730510549522,0.133011076755,0.80518809712,0
0.2185,3.445,8,0.730479505977,0.133154929694,0.805161058335,0
0.219,3.445,8,0.730449209563,0.1332997039,0.805135399167,0
0.2195,3.445,8,0.730419664883,0.133445404052,0.805111132746,0
0.22,3.445,8,0.730390876543,0.133592034829,0.805088272202,0
0.2205,3.445,8,0.730362849147,0.13373960091,0.805066830664,0
0.221,3.445,8,0.7303355873,0.133888106975,0.805046821263,0
0.2215,3.445,8,0.730309095606,0.134037557702,0.805028257128,0
0.222,3.445,8,0.73028337867,0.13418795777,0.805011151389,0
0.2225,3.445,8,0.730258441097,0.13433931186,0.804995517177,0
0.223,3.445,8,0.730234287491,0.134491624649,0.80498136762,0
0.2235,3.445,8,0.730210922458,0.134644900817,0.80496871585,0
0.224,3.445,8,0.730188350601,0.134799145044,0.804957574996,0
0.2245,3.445,8,0.730166576525,0.134954362008,0.804947958187,0
0.225,3.445,8,0.730145604835,0.135110556389,0.804939878554,0
0.2255,3.445,8,0.730125440136,0.135267732865,0.804933349227,0
0.226,3.445,8,0.730106087032,0.135425896116,0.804928383335,0
0.2265,3.445,8,0.730087550128,0.135585050821,0.804924994009,0
0.227,3.445,8,0.730069834029,0.135745201659,0.804923194378,0
0.2275,3.445,8,0.730052943338,0.13590635331,0.804922997572,0
0.228,3.445,8,0.730036882662,0.136068510452,0.804924416721,0
0.2285,3.445,8,0.730021656604,0.136231677764,0.804927464955,0
0.229,3.445,8,0.73000726977,0.136395859927,0.804932155404,0
0.2295,3.445,8,0.729993726763,0.136561061618,0.804938501198,0
0.23,3.445,8,0.729981032188,0.136727287517,0.804946515467,0
0.2305,3.445,8,0.729969190651,0.136894542304,0.80495621134,0
0.218,3.45,8,0.730566809373,0.132826772812,0.805147455107,0
0.2185,3.45,8,0.730535700255,0.132970619713,0.80512084917,0
0.219,3.45,8,0.730505338733,0.133115387762,0.805095624517,0
0.2195,3.45,8,0.73047572941,0.133261081638,0.805071794278,0
0.22,3.45,8,0.730446876892,0.133407706021,0.805049371583,0
0.2205,3.45,8,0.730418785784,0.133555265589,0.805028369562,0
0.221,3.45,8,0.730391460689,0.133703765022,0.805008801345,0
0.2215,3.45,8,0.730364906213,0.133853209,0.804990680062,0
0.222,3.45,8,0.730339126961,0.1340036022,0.804974018842,0
0.2225,3.45,8,0.730314127536,0.134154949302,0.804958830816,0
0.223,3.45,8,0.730289912544,0.134307254986,0.804945129113,0
0.2235,3.45,8,0.73026648659,0.13446052393,0.804932926863,0
0.224,3.45,8,0.730243854277,0.134614760814,0.804922237197,0
0.2245,3.45,8,0.730222020211,0.134769970317,0.804913073243,0
0.225,3.45,8,0.730200988996,0.134926157118,0.804905448133,0
0.2255,3.45,8,0.730180765237,0.135083325896,0.804899374996,0
0.226,3.45,8,0.730161353538,0.13524148133,0.804894866961,0
0.2265,3.45,8,0.730142758505,0.1354006281,0.804891937159,0
0.227,3.45,8,0.730124984741,0.135560770884,0.80489059872,0
0.2275,3.45,8,0.730108036852,0.135721914362,0.804890864773,0
0.228,3.45,8,0.730091919442,0.135884063213,0.804892748449,0
0.2285,3.45,8,0.730076637116,0.136047222116,0.804896262877,0
0.229,3.45,8,0.730062194478,0.13621139575,0.804901421187,0
0.2295,3.45,8,0.730048596134,0.136376588795,0.804908236509,0
0.23,3.45,8,0.730035846687,0.136542805929,0.804916721973,0
0.2305,3.45,8,0.730023950742,0.136710051831,0.804926890709,0
0.2195,3.455,8,0.730532238283,0.133077663555,0.805035069068,0
0.22,3.455,8,0.730503320982,0.133224281484,0.805013080602,0
0.2205,3.455,8,0.730475165555,0.13337183448,0.804992514476,0
0.221,3.455,8,0.730447776607,0.133520327223,0.804973383822,0
0.2215,3.455,8,0.730421158744,0.133669764391,0.804955701768,0
0.222,3.455,8,0.730395316569,0.133820150664,0.804939481446,0
0.2225,3.455,8,0.730370254687,0.13397149072,0.804924735984,0
0.223,3.455,8,0.730345977703,0.134123789239,0.804911478513,0
0.2235,3.455,8,0.730322490222,0.1342770509,0.804899722162,0
0.224,3.455,8,0.730299796847,0.134431280383,0.804889480062,0
0.2245,3.455,8,0.730277902185,0.134586482365,0.804880765343,0
0.225,3.455,8,0.730256810839,0.134742661527,0.804873591133,0
0.2255,3.455,8,0.730236527415,0.134899822547,0.804867970564,0
0.226,3.455,8,0.730217056516,0.135057970106,0.804863916765,0
0.2265,3.455,8,0.730198402747,0.135217108881,0.804861442866,0
0.227,3.455,8,0.730180570714,0.135377243552,0.804860561997,0
0.2275,3.455,8,0.73016356502,0.135538378798,0.804861287288,0
0.228,3.455,8,0.730147390271,0.135700519299,0.804863631868,0
0.2285,3.455,8,0.73013205107,0.135863669733,0.804867608868,0
0.229,3.455,8,0.730117552024,0.13602783478,0.804873231418,0
0.2295,3.455,8,0.730103897735,0.136193019118,0.804880512647,0
0.23,3.455,8,0.73009109281,0.136359227427,0.804889465685,0
0.221,3.46,8,0.730504524005,0.133337789115,0.80494054127,0
0.2215,3.46,8,0.730477842148,0.133487219415,0.804923294825,0
0.222,3.46,8,0.730451936445,0.133637598701,0.804907511778,0
0.2225,3.46,8,0.7304268115,0.133788931652,0.804893205259,0
0.223,3.46,8,0.730402471918,0.133941222947,0.804880388398,0
0.2235,3.46,8,0.730378922304,0.134094477265,0.804869074325,0
0.224,3.46,8,0.730356167263,0.134248699287,0.80485927617,0
0.2245,3.46,8,0.730334211399,0.13440389369,0.804851007063,0
0.225,3.46,8,0.730313059316,0.134560065153,0.804844280133,0
0.2255,3.46,8,0.73029271562,0.134717218357,0.804839108511,0
0.226,3.46,8,0.730273184915,0.13487535798,0.804835505326,0
0.2265,3.46,8,0.730254471805,0.135034488701,0.804833483708,0
0.227,3.46,8,0.730236580896,0.1351946152,0.804833056788,0
0.2275,3.46,8,0.730219516792,0.135355742156,0.804834237694,0
0.228,3.46,8,0.730203284098,0.135517874247,0.804837039558,0
0.2285,3.46,8,0.730187887418,0.135681016153,0.804841475508,0
0.229,3.46,8,0.730173331356,0.135845172553,0.804847558676,0
0.2295,3.46,8,0.730159620519,0.136010348126,0.80485530219,0
0.23,3.46,8,0.730146759509,0.136176547552,0.80486471918,0
0.223,3.465,8,0.730459384141,0.133759551647,0.804851831348,0
0.2235,3.465,8,0.730435771789,0.133912798564,0.804840955931,0
0.224,3.465,8,0.730412954474,0.134067013065,0.804831598099,0
0.2245,3.465,8,0.730390936802,0.134222199829,0.804823770982,0
0.225,3.465,8,0.730369723377,0.134378363536,0.80481748771,0
0.2255,3.465,8,0.730349318804,0.134535508864,0.804812761413,0
0.226,3.465,8,0.730329727687,0.134693640492,0.804809605221,0
0.2265,3.465,8,0.730310954631,0.134852763101,0.804808032263,0
0.227,3.465,8,0.73029300424,0.135012881368,0.804808055669,0
0.2275,3.465,8,0.73027588112,0.135173999973,0.80480968857,0
0.228,3.465,8,0.730259589874,0.135336123596,0.804812944096,0
0.2285,3.465,8,0.730244135109,0.135499256914,0.804817835375,0
0.229,3.465,8,0.730229521427,0.135663404609,0.804824375539,0
0.2295,3.465,8,0.730215753434,0.135828571358,0.804832577716,0
0.231,3.07,10,0.720229088093,0.157984213125,0.819279696696,0
0.2315,3.07,10,0.720227673327,0.158193678988,0.819270420352,1.91343140134e-05
0.232,3.07,10,0.720227154391,0.158404332019,0.819262665816,4.19328018929e-05
0.2325,3.07,10,0.72022753589,0.158616176896,0.819256446218,0
0.2305,3.075,10,0.720233030578,0.157513898485,0.818979197736,0
0.231,3.075,10,0.720230636172,0.157722173043,0.818969130683,3.38897748481e-05
0.2315,3.075,10,0.720229133457,0.157931629972,0.818960573974,8.85265560046e-05
0.232,3.075,10,0.720228527037,0.158142273949,0.818953540741,6.88377093656e-05
0.2325,3.075,10,0.720228821518,0.158354109655,0.818948044113,0
0.233,3.075,10,0.720230021505,0.158567141767,0.81894409722,0
0.2295,3.08,10,0.720243706124,0.156840107247,0.818695821632,0
0.23,3.08,10,0.720239452199,0.157046022465,0.81868348429,2.52950025573e-06
0.2305,3.08,10,0.720236081221,0.157253110576,0.818672632701,5.03722273938e-05
0.231,3.08,10,0.720233597795,0.157461376258,0.818663279995,9.16310083755e-05
0.2315,3.08,10,0.720232006526,0.157670824193,0.818655439301,9.46894854337e-05
0.232,3.08,10,0.720231312017,0.157881459057,0.81864912375,8.14141982481e-05
0.2325,3.08,10,0.720231518874,0.158093285532,0.818644346471,0
0.233,3.08,10,0.720232631702,0.158306308295,0.818641120594,0
0.2335,3.08,10,0.720234655105,0.158520532026,0.818639459249,0
0.2285,3.085,10,0.720259661294,0.156172262312,0.818420201316,0
0.229,3.085,10,0.720253563803,0.156375837321,0.818405635915,0
0.2295,3.085,10,0.720248340514,0.156580575746,0.818392531674,8.77102746399e-06
0.23,3.085,10,0.720243996034,0.156786482266,0.818380901724,6.48034193612e-05
0.2305,3.085,10,0.720240534965,0.15699356156,0.818370759193,9.06555311099e-05
0.231,3.085,10,0.720237961914,0.157201818308,0.818362117212,9.33366682506e-05
0.2315,3.085,10,0.720236281484,0.157411257189,0.818354988911,9.6117767968e-05
0.232,3.085,10,0.720235498281,0.157621882882,0.81834938742,9.35440246234e-05
0.2325,3.085,10,0.720235616909,0.157833700066,0.818345325868,0
0.233,3.085,10,0.720236641972,0.158046713421,0.818342817386,0
0.2335,3.085,10,0.720238578076,0.158260927624,0.818341875102,0
0.228,3.09,10,0.720272932315,0.155711574649,0.818135494833,0
0.2285,3.09,10,0.720265872668,0.155913982519,0.818120180169,0
0.229,3.09,10,0.720259683084,0.156117549008,0.818106315203,1.80171184651e-05
0.2295,3.09,10,0.720254368168,0.156322278794,0.818093913064,7.48694052235e-05
0.23,3.09,10,0.720249932526,0.156528176558,0.818082986883,8.93666440636e-05
0.2305,3.09,10,0.720246380761,0.156735246977,0.818073549789,9.20096470372e-05
0.231,3.09,10,0.720243717479,0.156943494731,0.818065614912,9.47511438759e-05
0.2315,3.09,10,0.720241947283,0.1571529245,0.818059195382,9.75957072226e-05
0.232,3.09,10,0.720241074779,0.157363540962,0.818054304329,0.000100548166275
0.2325,3.09,10,0.720241104572,0.157575348796,0.818050954883,4.35352367199e-06
0.233,3.09,10,0.720242041265,0.157788352683,0.818049160174,0
0.2335,3.09,10,0.720243889464,0.1580025573,0.818048933331,0
0.227,3.095,10,0.720297519066,0.155053191486,0.817872970319,0
0.2275,3.095,10,0.720288639012,0.155253287934,0.817855487461,0
0.228,3.095,10,0.720280620277,0.155454533523,0.817839429709,0
0.2285,3.095,10,0.720273467466,0.155656932933,0.817824810191,2.98044054264e-05
0.229,3.095,10,0.720267185184,0.155860490843,0.817811642038,8.1009562114e-05
0.2295,3.095,10,0.720261778036,0.156065211932,0.81779993838,8.81021279208e-05
0.23,3.095,10,0.720257250627,0.15627110088,0.817789712346,9.07078179058e-05
0.2305,3.095,10,0.72025360756,0.156478162364,0.817780977067,9.34105670792e-05
0.231,3.095,10,0.72025085344,0.156686401066,0.817773745672,9.62148803335e-05
0.2315,3.095,10,0.720248992873,0.156895821663,0.817768031292,9.91255143305e-05
0.232,3.095,10,0.720248030463,0.157106428834,0.817763847056,0.000102147494919
0.2325,3.095,10,0.720247970814,0.15731822726,0.817761206094,1.40381014265e-05
0.233,3.095,10,0.720248818531,0.157531221619,0.817760121536,0
0.226,3.1,10,0.720327285388,0.15440064487,0.817617971651,0
0.2265,3.1,10,0.720316600878,0.154598449027,0.817598362827,0
0.227,3.1,10,0.720306768944,0.154797392848,0.817580154517,0
0.2275,3.1,10,0.72029779419,0.154997481014,0.817563359849,1.33751770748e-06
0.228,3.1,10,0.72028968122,0.155198718202,0.817547991953,4.30712845662e-05
0.2285,3.1,10,0.720282434641,0.155401109093,0.817534063959,8.37186102414e-05
0.229,3.1,10,0.720276059055,0.155604658365,0.817521588998,8.68614158632e-05
0.2295,3.1,10,0.720270559069,0.155809370697,0.817510580198,8.94305935631e-05
0.23,3.1,10,0.720265939286,0.156015250769,0.817501050691,9.20954298988e-05
0.2305,3.1,10,0.720262204311,0.15622230326,0.817493013605,9.48603626925e-05
0.231,3.1,10,0.720259358749,0.156430532849,0.817486482071,9.77300787559e-05
0.2315,3.1,10,0.720257407204,0.156639944216,0.817481469219,0.000100709529299
0.232,3.1,10,0.720256354282,0.156850542038,0.817477988179,0.000103803947853
0.2325,3.1,10,0.720256204586,0.157062330996,0.817476052079,2.32431470819e-05
0.233,3.1,10,0.720256962722,0.157275315768,0.817475674051,0
0.2255,3.105,10,0.720349719598,0.153949422836,0.817348715543,0
0.226,3.105,10,0.720338090416,0.154146084021,0.817328398904,0
0.2265,3.105,10,0.72032730967,0.154343880073,0.817309471314,0
0.227,3.105,10,0.720317381965,0.154542815672,0.817291945904,5.4120719406e-06
0.2275,3.105,10,0.720308311906,0.154742895496,0.817275835804,5.52383551115e-05
0.228,3.105,10,0.720300104097,0.154944124224,0.817261154144,8.3200655779e-05
0.2285,3.105,10,0.720292763142,0.155146506536,0.817247914053,8.56439563077e-05
0.229,3.105,10,0.720286293647,0.155350047111,0.817236128661,8.8177403491e-05
0.2295,3.105,10,0.720280700217,0.155554750628,0.817225811099,9.08051411402e-05
0.23,3.105,10,0.720275987455,0.155760621765,0.817216974496,9.35315425035e-05
0.2305,3.105,10,0.720272159966,0.155967665204,0.817209631983,9.63612254613e-05
0.231,3.105,10,0.720269222356,0.156175885621,0.817203796688,9.92990690097e-05
0.2315,3.105,10,0.720267179228,0.156385287697,0.817199481742,0.000102350229891
0.232,3.105,10,0.720266035188,0.156595876111,0.817196700275,0.000105520161979
0.2325,3.105,10,0.720265794839,0.156807655542,0.817195465417,3.18671231054e-05
0.2245,3.11,10,0.720387956502,0.153306166399,0.817106454884,0
0.225,3.11,10,0.720374546024,0.15350056408,0.817084072144,0
0.2255,3.11,10,0.720361975238,0.15369608715,0.817063053862,0
0.226,3.11,10,0.72035024875,0.15389274029,0.817043413167,0
0.2265,3.11,10,0.720339371162,0.154090528179,0.81702516319,1.15667453951e-05
0.227,3.11,10,0.720329347081,0.154289455495,0.817008317059,6.43686107801e-05
0.2275,3.11,10,0.720320181111,0.154489526918,0.816992887905,8.20396034586e-05
0.228,3.11,10,0.720311877856,0.154690747127,0.816978888859,8.44492127788e-05
0.2285,3.11,10,0.720304441921,0.154893120801,0.816966333049,8.69476925143e-05
0.229,3.11,10,0.720297877911,0.15509665262,0.816955233606,8.95391263506e-05
0.2295,3.11,10,0.72029219043,0.155301347262,0.81694560366,9.2227824493e-05
0.23,3.11,10,0.720287384084,0.155507209406,0.81693745634,9.50183381063e-05
0.2305,3.11,10,0.720283463476,0.155714243732,0.816930804776,9.79154752855e-05
0.231,3.11,10,0.720280433211,0.155922454919,0.816925662099,0.000100924318306
0.2315,3.11,10,0.720278297894,0.156131847646,0.816922041438,0.000104050241606
0.232,3.11,10,0.72027706213,0.156342426592,0.816919955924,0.00010729893234
0.2325,3.11,10,0.720276730523,0.156554196437,0.816919418685,3.98733260628e-05
0.224,3.115,10,0.720416097099,0.152860790061,0.816847083515,0
0.2245,3.115,10,0.720401752226,0.153054059282,0.816824016769,0
0.225,3.115,10,0.720388242905,0.153248449095,0.816802303018,0
0.2255,3.115,10,0.720375573741,0.15344396418,0.816781955392,0
0.226,3.115,10,0.72036374934,0.153640609216,0.81676298702,1.94537212655e-05
0.2265,3.115,10,0.720352774306,0.153838388881,0.816745411033,7.06208477388e-05
0.227,3.115,10,0.720342653242,0.154037307856,0.81672924056,8.09000302547e-05
0.2275,3.115,10,0.720333390755,0.154237370819,0.816714488731,8.32766636746e-05
0.228,3.115,10,0.720324991449,0.15443858245,0.816701168677,8.57409207324e-05
0.2285,3.115,10,0.720317459928,0.154640947427,0.816689293527,8.82968267661e-05
0.229,3.115,10,0.720310800797,0.15484447043,0.816678876411,9.09486302571e-05
0.2295,3.115,10,0.72030501866,0.155049156138,0.816669930458,9.37008173511e-05
0.23,3.115,10,0.720300118123,0.155255009229,0.8166624688,9.65581273569e-05
0.2305,3.115,10,0.72029610379,0.155462034384,0.816656504565,9.95255695089e-05
0.231,3.115,10,0.720292980265,0.155670236281,0.816652050884,0.000102608441403
0.2315,3.115,10,0.720290752154,0.1558796196,0.816649120887,0.000105812348386
0.232,3.115,10,0.72028942406,0.156090189019,0.816647727702,0.000109143224259
0.2325,3.115,10,0.720289000589,0.156301949218,0.816647884462,4.72224624842e-05
0.223,3.12,10,0.720462704973,0.152226719002,0.816617342292,0
0.2235,3.12,10,0.720446601963,0.152417753505,0.816592269311,0
0.224,3.12,10,0.720431325762,0.152609899123,0.816568524733,0
0.2245,3.12,10,0.720416880974,0.152803160536,0.816546121687,0
0.225,3.12,10,0.720403272204,0.152997542423,0.816525073302,0
0.2255,3.12,10,0.720390504058,0.153193049463,0.81650539271,2.87551915322e-05
0.226,3.12,10,0.720378581138,0.153389686336,0.81648709304,7.43694450757e-05
0.2265,3.12,10,0.72036750805,0.153587457719,0.816470187421,7.97814451985e-05
0.227,3.12,10,0.720357289399,0.153786368294,0.816454688984,8.2125801342e-05
0.2275,3.12,10,0.72034792979,0.153986422738,0.816440610859,8.45565630111e-05
0.228,3.12,10,0.720339433826,0.154187625731,0.816427966176,8.70776987787e-05
0.2285,3.12,10,0.720331806113,0.154389981951,0.816416768064,8.96933970808e-05
0.229,3.12,10,0.720325051255,0.154593496079,0.816407029653,9.24080805261e-05
0.2295,3.12,10,0.720319173857,0.154798172794,0.816398764073,9.52264213825e-05
0.23,3.12,10,0.720314178524,0.155004016774,0.816391984454,9.81533580778e-05
0.2305,3.12,10,0.720310069859,0.155211032698,0.816386703927,0.000101194112804
0.231,3.12,10,0.720306852469,0.155419225246,0.81638293562,0.000104354211573
0.2315,3.12,10,0.720304530957,0.155628599097,0.816380692665,0.000107639503772
0.232,3.12,10,0.720303109928,0.15583915893,0.81637998819,0.000111056185728
0.2325,3.12,10,0.720302593987,0.156050909424,0.816380835325,5.38724545967e-05
0.2225,3.125,10,0.720496485781,0.151787126857,0.816367720764,0
0.223,3.125,10,0.720479458652,0.151977047412,0.816341987587,0
0.2235,3.125,10,0.720463254192,0.152168074285,0.81631757135,0
0.224,3.125,10,0.720447877005,0.152360212155,0.816294485182,0
0.2245,3.125,10,0.720433331698,0.152553465701,0.816272742214,9.65254953633e-07
0.225,3.125,10,0.720419622874,0.152747839602,0.816252355575,3.87694423587e-05
0.2255,3.125,10,0.720406755137,0.152943338538,0.816233338395,7.59578057686e-05
0.226,3.125,10,0.720394733094,0.153139967188,0.816215703805,7.86833707443e-05
0.2265,3.125,10,0.720383561347,0.153337730231,0.816199464934,8.09961319341e-05
0.227,3.125,10,0.720373244503,0.153536632345,0.816184634911,8.3394108521e-05
0.2275,3.125,10,0.720363787165,0.153736678211,0.816171226868,8.58812138538e-05
0.228,3.125,10,0.720355193938,0.153937872507,0.816159253934,8.84615777733e-05
0.2285,3.125,10,0.720347469427,0.154140219912,0.816148729238,9.11395611897e-05
0.229,3.125,10,0.720340618237,0.154343725107,0.816139665911,9.39197707109e-05
0.2295,3.125,10,0.720334644972,0.154548392768,0.816132077082,9.68070758372e-05
0.23,3.125,10,0.720329554236,0.154754227577,0.816125975882,9.98066256157e-05
0.2305,3.125,10,0.720325350635,0.154961234212,0.81612137544,0.00010292386826
0.231,3.125,10,0.720322038773,0.155169417352,0.816118288886,0.000106164571501
0.2315,3.125,10,0.720319623255,0.155378781676,0.816116729351,0.000109534844202
0.232,3.125,10,0.720318108685,0.155589331864,0.816116709963,0.000113041160851
0.2325,3.125,10,0.720317499669,0.155801072594,0.816118243854,5.97782298634e-05
0.222,3.13,10,0.720532602906,0.151349851,0.816122600857,0
0.2225,3.13,10,0.720514654725,0.151538662464,0.816096213657,0
0.223,3.13,10,0.720497525074,0.151728575449,0.816071131935,0
0.2235,3.13,10,0.720481218558,0.151919594632,0.816047368819,0
0.224,3.13,10,0.720465739781,0.152111724694,0.816024937441,3.65388322038e-06
0.2245,3.13,10,0.720451093348,0.152304970314,0.816003850929,4.79429957613e-05
0.225,3.13,10,0.720437283863,0.152499336171,0.815984122414,7.54039038751e-05
0.2255,3.13,10,0.720424315932,0.152694826944,0.815965765025,7.76053420005e-05
0.226,3.13,10,0.720412194158,0.152891447312,0.815948791893,7.98871745671e-05
0.2265,3.13,10,0.720400923147,0.153089201954,0.815933216148,8.22530600452e-05
0.227,3.13,10,0.720390507503,0.15328809555,0.815919050918,8.47068575932e-05
0.2275,3.13,10,0.720380951831,0.153488132778,0.815906309335,8.72526400608e-05
0.228,3.13,10,0.720372260736,0.153689318318,0.815895004529,8.98947079893e-05
0.2285,3.13,10,0.720364438821,0.153891656849,0.815885149628,9.26376045646e-05
0.229,3.13,10,0.720357490692,0.154095153049,0.815876757763,9.548613156e-05
0.2295,3.13,10,0.720351420954,0.1542998116,0.815869842064,9.84453668377e-05
0.23,3.13,10,0.720346234211,0.154505637178,0.81586441566,0.000101520683301
0.2305,3.13,10,0.720341935067,0.154712634464,0.815860491682,0.00010471776832
0.231,3.13,10,0.720338528128,0.154920808136,0.81585808326,0.000108042646391
0.2315,3.13,10,0.720336017998,0.155130162875,0.815857203523,0.000111501701925
0.232,3.13,10,0.720334409282,0.155340703358,0.815857865601,0.000115101704975
0.2325,3.13,10,0.720333706584,0.155552434265,0.815860082625,6.48914915994e-05
0.2215,3.135,10,0.720571043905,0.150914882111,0.815881957885,0
0.222,3.135,10,0.720552177742,0.151102589342,0.815854922837,0
0.2225,3.135,10,0.720534125968,0.151291393295,0.815829181803,0
0.223,3.135,10,0.72051689319,0.151481298649,0.815804747913,0
0.2235,3.135,10,0.720500484012,0.151672310085,0.815781634298,7.55263710922e-06
0.224,3.135,10,0.720484903038,0.15186443228,0.815759854087,5.51181659308e-05
0.2245,3.135,10,0.720470154874,0.152057669915,0.81573942041,7.43746593916e-05
0.225,3.135,10,0.720456244123,0.152252027668,0.815720346397,7.65469061605e-05
0.2255,3.135,10,0.720443175391,0.152447510218,0.815702645178,7.8798461473e-05
0.226,3.135,10,0.720430953282,0.152644122245,0.815686329883,8.11329336674e-05
0.2265,3.135,10,0.7204195824,0.152841868427,0.815671413642,8.35541294235e-05
0.227,3.135,10,0.720409067351,0.153040753445,0.815657909584,8.60660659449e-05
0.2275,3.135,10,0.720399412739,0.153240781976,0.81564583084,8.86729850461e-05
0.228,3.135,10,0.720390623169,0.153441958701,0.815635190539,9.13793676949e-05
0.2285,3.135,10,0.720382703245,0.153644288298,0.815626001811,9.41899501417e-05
0.229,3.135,10,0.720375657573,0.153847775447,0.815618277787,9.71097407798e-05
0.2295,3.135,10,0.720369490756,0.154052424826,0.815612031596,0.000100144038787
0.23,3.135,10,0.720364207399,0.154258241115,0.815607276367,0.000103298454
0.2305,3.135,10,0.720359812107,0.154465228992,0.815604025232,0.000106578927917
0.231,3.135,10,0.720356309485,0.154673393138,0.81560229132,0.000109991757752
0.2315,3.135,10,0.720353704137,0.154882738232,0.81560208776,0.000113543620435
0.232,3.135,10,0.720352000668,0.155093268951,0.815603427683,0.000117241600499
0.2325,3.135,10,0.720351203683,0.155304989976,0.815606324218,6.91604702847e-05
0.2205,3.14,10,0.720632383064,0.150296690264,0.815674713309,0
0.221,3.14,10,0.720611796339,0.150482210872,0.815645767163,0
0.2215,3.14,10,0.72059201526,0.150668818726,0.81561809044,0
0.222,3.14,10,0.720573044433,0.150856518504,0.815591696269,0
0.2225,3.14,10,0.720554888462,0.151045314887,0.815566597779,0
0.223,3.14,10,0.72053755195,0.151235212553,0.815542808101,1.24248897606e-05
0.2235,3.14,10,0.720521039505,0.151426216181,0.815520340364,6.04115765241e-05
0.224,3.14,10,0.720505355728,0.15161833045,0.8154992077,7.33639553911e-05
0.2245,3.14,10,0.720490505227,0.15181156004,0.815479423236,7.55076225958e-05
0.225,3.14,10,0.720476492604,0.15200590963,0.815461000104,7.77295369503e-05
0.2255,3.14,10,0.720463322465,0.152201383898,0.815443951433,8.00332584663e-05
0.226,3.14,10,0.720450999415,0.152397987525,0.815428290353,8.24225422613e-05
0.2265,3.14,10,0.720439528057,0.152595725189,0.815414029994,8.49013515091e-05
0.227,3.14,10,0.720428912997,0.152794601569,0.815401183486,8.74738706548e-05
0.2275,3.14,10,0.72041915884,0.152994621345,0.815389763959,9.01445202079e-05
0.228,3.14,10,0.72041027019,0.153195789195,0.815379784543,9.29179723683e-05
0.2285,3.14,10,0.720402251651,0.153398109799,0.815371258367,9.57991679914e-05
0.229,3.14,10,0.720395107828,0.153601587836,0.815364198562,9.87933345118e-05
0.2295,3.14,10,0.720388843326,0.153806227985,0.815358618257,0.000101906005666
0.23,3.14,10,0.72038346275,0.154012034925,0.815354530582,0.000105143043123
0.2305,3.14,10,0.720378970705,0.154219013336,0.815351948668,0.000108510658141
0.231,3.14,10,0.720375371794,0.154427167896,0.815350885643,0.000112015437875
0.2315,3.14,10,0.720372670622,0.154636503285,0.815351354639,0.000115664370403
0.232,3.14,10,0.720370871795,0.154847024182,0.815353368785,0.000119464874909
0.2325,3.14,10,0.720369979916,0.155058735265,0.81535694121,7.25296523647e-05
0.22,3.145,10,0.720676342197,0.149867397076,0.815443574191,0
0.2205,3.145,10,0.720654847765,0.150051827963,0.815414004007,0
0.221,3.145,10,0.72063415484,0.150237341297,0.815385691782,0
0.2215,3.145,10,0.720614268027,0.150423941758,0.815358650647,0
0.222,3.145,10,0.720595191931,0.150611634026,0.815332893731,0
0.2225,3.145,10,0.720576931155,0.150800422779,0.815308434164,1.8055836239e-05
0.223,3.145,10,0.720559490306,0.150990312697,0.815285285076,6.40815439974e-05
0.2235,3.145,10,0.720542873986,0.151181308458,0.815263459596,7.23713764518e-05
0.224,3.145,10,0.720527086802,0.151373414742,0.815242970856,7.44870618945e-05
0.2245,3.145,10,0.720512133358,0.151566636229,0.815223831984,7.66799575214e-05
0.225,3.145,10,0.720498018257,0.151760977596,0.815206056111,7.89535758349e-05
0.2255,3.145,10,0.720484746106,0.151956443524,0.815189656367,8.13116220291e-05
0.226,3.145,10,0.720472321508,0.152153038691,0.815174645881,8.37580062846e-05
0.2265,3.145,10,0.720460749069,0.152350767777,0.815161037783,8.62968573034e-05
0.227,3.145,10,0.720450033393,0.152549635461,0.815148845203,8.89325367194e-05
0.2275,3.145,10,0.720440179084,0.152749646421,0.815138081272,9.16696543564e-05
0.228,3.145,10,0.720431190747,0.152950805338,0.815128759118,9.45130849491e-05
0.2285,3.145,10,0.720423072987,0.15315311689,0.815120891872,9.7467986354e-05
0.229,3.145,10,0.720415830409,0.153356585756,0.815114492665,0.000100539818304
0.2295,3.145,10,0.720409467617,0.153561216616,0.815109574624,0.000103734364054
0.23,3.145,10,0.720403989216,0.153767014148,0.815106150882,0.000107057752149
0.2305,3.145,10,0.72039939981,0.153973983032,0.815104234567,0.000110516481308
0.231,3.145,10,0.720395704005,0.154182127948,0.815103838809,0.000114117446551
0.2315,3.145,10,0.720392906404,0.154391453573,0.815104976739,0.000117867967485
0.232,3.145,10,0.720391011613,0.154601964587,0.815107661486,0.000121775819839
0.2325,3.145,10,0.720390024236,0.15481366567,0.81511190618,7.49394851221e-05
0.233,3.145,10,0.720389948877,0.155026561501,0.815117723951,0
0.2195,3.15,10,0.720722584814,0.149440378043,0.81521683178,0
0.22,3.15,10,0.720700185744,0.149623724065,0.815186643731,0
0.2205,3.15,10,0.720678584041,0.149808147737,0.815157702178,0
0.221,3.15,10,0.720657784311,0.149993653738,0.815130020253,0
0.2215,3.15,10,0.720637791157,0.150180246748,0.815103611084,0
0.222,3.15,10,0.720618609186,0.150367931445,0.815078487802,2.42510360682e-05
0.2225,3.15,10,0.720600243001,0.15055671251,0.815054663536,6.63637667725e-05
0.223,3.15,10,0.720582697207,0.15074659462,0.815032151416,7.13965175927e-05
0.2235,3.15,10,0.720565976408,0.150937582456,0.815010964572,7.34848059798e-05
0.224,3.15,10,0.72055008521,0.151129680696,0.814991116135,7.56492910143e-05
0.2245,3.15,10,0.720535028217,0.151322894019,0.814972619233,7.78934393152e-05
0.225,3.15,10,0.720520810033,0.151517227105,0.814955486998,8.02209069345e-05
0.2255,3.15,10,0.720507435263,0.151712684633,0.814939732558,8.2635552798e-05
0.226,3.15,10,0.720494908513,0.151909271281,0.814925369044,8.51414510856e-05
0.2265,3.15,10,0.720483234386,0.15210699173,0.814912409586,8.7742906101e-05
0.227,3.15,10,0.720472417487,0.152305850658,0.814900867313,9.04444666995e-05
0.2275,3.15,10,0.720462462421,0.152505852744,0.814890755355,9.32509436009e-05
0.228,3.15,10,0.720453373793,0.152707002668,0.814882086843,9.61674263431e-05
0.2285,3.15,10,0.720445156206,0.152909305109,0.814874874906,9.91993031474e-05
0.229,3.15,10,0.720437814267,0.153112764745,0.814869132674,0.000102352280599
0.2295,3.15,10,0.720431352579,0.153317386256,0.814864873277,0.000105632406536
0.23,3.15,10,0.720425775747,0.153523174322,0.814862109845,0.000109046094058
0.2305,3.15,10,0.720421088375,0.15373013362,0.814860855508,0.00011260014701
0.231,3.15,10,0.72041729507,0.153938268831,0.814861123396,0.000116301788659
0.2315,3.15,10,0.720414400434,0.154147584634,0.814862926638,0.000120158691758
0.232,3.15,10,0.720412409073,0.154358085707,0.814866278364,0.000124179011958
0.2325,3.15,10,0.720411325591,0.15456977673,0.814871191705,7.63260549213e-05
0.233,3.15,10,0.720411154593,0.154782662382,0.814877679791,0
0.219,3.155,10,0.720771098473,0.149015623846,0.814994461389,0
0.2195,3.155,10,0.720747797833,0.14919788986,0.814963661649,0
0.22,3.155,10,0.720725290421,0.149381228726,0.814934096943,0
0.2205,3.155,10,0.720703580842,0.149565645124,0.814905780401,0
0.221,3.155,10,0.7206826737,0.149751143733,0.814878725153,8.96019599073e-08
0.2215,3.155,10,0.720662573601,0.149937729232,0.814852944329,3.0814707789e-05
0.222,3.155,10,0.720643285149,0.150125406301,0.814828451059,6.74728086424e-05
0.2225,3.155,10,0.720624812948,0.150314179617,0.814805258472,7.04389843086e-05
0.223,3.155,10,0.720607161604,0.150504053861,0.8147833797,7.25004472969e-05
0.2235,3.155,10,0.72059033572,0.150695033712,0.81476282787,7.46371167573e-05
0.224,3.155,10,0.720574339902,0.150887123848,0.814743616114,7.68524139044e-05
0.2245,3.155,10,0.720559178754,0.151080328949,0.814725757561,7.91499476104e-05
0.225,3.155,10,0.720544856881,0.151274653695,0.814709265342,8.15335262415e-05
0.2255,3.155,10,0.720531378888,0.151470102763,0.814694152585,8.40071712975e-05
0.226,3.155,10,0.720518749379,0.151666680834,0.814680432422,8.65751306148e-05
0.2265,3.155,10,0.720506972958,0.151864392586,0.814668117981,8.92418944721e-05
0.227,3.155,10,0.720496054231,0.152063242699,0.814657222394,9.20122104637e-05
0.2275,3.155,10,0.720485997803,0.152263235852,0.814647758789,9.48911023037e-05
0.228,3.155,10,0.720476808277,0.152464376724,0.814639740296,9.78838877655e-05
0.2285,3.155,10,0.720468490258,0.152666669994,0.814633180046,0.000100996199317
0.229,3.155,10,0.720461048351,0.152870120341,0.814628091169,0.000104234006011
0.2295,3.155,10,0.720454487161,0.153074732445,0.814624486793,0.000107603637556
0.23,3.155,10,0.720448811293,0.153280510984,0.81462238005,0.0001111118092
0.2305,3.155,10,0.72044402535,0.153487460637,0.814621784069,0.000114765650163
0.231,3.155,10,0.720440133938,0.153695586085,0.81462271198,0.000118572733494
0.2315,3.155,10,0.720437141661,0.153904892006,0.814625176913,0.000122541108516
0.232,3.155,10,0.720435053125,0.154115383079,0.814629191998,0.000126679336237
0.2325,3.155,10,0.720433872933,0.154327063983,0.814634770364,7.66207357498e-05
0.233,3.155,10,0.72043360569,0.154539939397,0.814641925143,0
0.218,3.16,10,0.720846854361,0.148412997677,0.814809054034,0
0.2185,3.16,10,0.720821870735,0.148593125164,0.814776438335,0
0.219,3.16,10,0.720797671592,0.148774316028,0.814745033077,0
0.2195,3.16,10,0.720774261539,0.148956574946,0.814714851391,0
0.22,3.16,10,0.720751645179,0.149139906598,0.814685906406,0
0.2205,3.16,10,0.720729827118,0.149324315663,0.814658211253,1.20973377749e-06
0.221,3.16,10,0.720708811959,0.149509806821,0.814631779061,3.70965285152e-05
0.2215,3.16,10,0.720688604308,0.14969638475,0.814606622961,6.75342284162e-05
0.222,3.16,10,0.72066920877,0.14988405413,0.814582756081,6.94983920203e-05
0.2225,3.16,10,0.720650629948,0.150072819639,0.814560191553,7.15335889979e-05
0.223,3.16,10,0.720632872447,0.150262685958,0.814538942505,7.36430246201e-05
0.2235,3.16,10,0.720615940873,0.150453657764,0.814519022068,7.58300762302e-05
0.224,3.16,10,0.72059983983,0.150645739738,0.814500443372,7.8098306166e-05
0.2245,3.16,10,0.720584573922,0.150838936557,0.814483219546,8.04514741126e-05
0.225,3.16,10,0.720570147754,0.151033252903,0.814467363721,8.28935496592e-05
0.2255,3.16,10,0.720556565931,0.151228693453,0.814452889026,8.54287264151e-05
0.226,3.16,10,0.720543833057,0.151425262887,0.814439808592,8.80614365021e-05
0.2265,3.16,10,0.720531953737,0.151622965884,0.814428135548,9.07963670272e-05
0.227,3.16,10,0.720520932577,0.151821807123,0.814417883024,9.36384767868e-05
0.2275,3.16,10,0.720510774179,0.152021791283,0.81440906415,9.65930154454e-05
0.228,3.16,10,0.72050148315,0.152222923043,0.814401692055,9.96655431065e-05
0.2285,3.16,10,0.720493064093,0.152425207083,0.814395779871,0.000102861952313
0.229,3.16,10,0.720485521613,0.152628648082,0.814391340726,0.000106188491278
0.2295,3.16,10,0.720478860316,0.152833250719,0.814388387751,0.000109651789137
0.23,3.16,10,0.720473084805,0.153039019673,0.814386934075,0.000113258883801
0.2305,3.16,10,0.720468199685,0.153245959623,0.814386992829,0.000117017250781
0.231,3.16,10,0.720464209561,0.153454075248,0.814388577142,0.000120934836368
0.2315,3.16,10,0.720461119038,0.153663371227,0.814391700144,0.000125020091722
0.232,3.16,10,0.72045893272,0.15387385224,0.814396374965,0.000129282011109
0.2325,3.16,10,0.720457655212,0.154085522966,0.814402614736,7.57498059746e-05
0.233,3.16,10,0.720457291118,0.154298388084,0.814410432585,0
0.2175,3.165,10,0.720900764077,0.147993810689,0.814595941511,0
0.218,3.165,10,0.720874889156,0.148172872681,0.814562737931,0
0.2185,3.165,10,0.720849794581,0.14835299325,0.814530733329,0
0.219,3.165,10,0.720825484955,0.148534177077,0.814499940837,0
0.2195,3.165,10,0.720801964883,0.14871642884,0.814470373584,0
0.22,3.165,10,0.72077923897,0.148899753219,0.814442044699,2.89610459969e-06
0.2205,3.165,10,0.72075731182,0.149084154892,0.814414967313,4.25014684617e-05
0.221,3.165,10,0.720736188039,0.149269638539,0.814389154556,6.66350181089e-05
0.2215,3.165,10,0.72071587223,0.149456208839,0.814364619557,6.85743658736e-05
0.222,3.165,10,0.720696368999,0.149643870471,0.814341375446,7.05838439934e-05
0.2225,3.165,10,0.72067768295,0.149832628114,0.814319435354,7.26666150651e-05
0.223,3.165,10,0.720659818688,0.150022486448,0.81429881241,7.48260133928e-05
0.2235,3.165,10,0.720642780818,0.150213450151,0.814279519744,7.70655562465e-05
0.224,3.165,10,0.720626573943,0.150405523903,0.814261570486,7.93889554928e-05
0.2245,3.165,10,0.720611202669,0.150598712382,0.814244977766,8.18001306367e-05
0.225,3.165,10,0.7205966716,0.150793020268,0.814229754714,8.43032217379e-05
0.2255,3.165,10,0.720582985342,0.150988452241,0.81421591446,8.69026050618e-05
0.226,3.165,10,0.720570148498,0.151185012979,0.814203470133,8.96029080568e-05
0.2265,3.165,10,0.720558165673,0.151382707161,0.814192434863,9.24090269259e-05
0.227,3.165,10,0.720547041473,0.151581539466,0.814182821781,9.53261445839e-05
0.2275,3.165,10,0.720536780501,0.151781514575,0.814174644016,9.83597508397e-05
0.228,3.165,10,0.720527387362,0.151982637165,0.814167914699,0.000101515663461
0.2285,3.165,10,0.720518866661,0.152184911916,0.814162646958,0.000104800051797
0.229,3.165,10,0.720511223003,0.152388343507,0.814158853925,0.000108219460871
0.2295,3.165,10,0.720504460992,0.152592936618,0.814156548728,0.000111780839532
0.23,3.165,10,0.720498585233,0.152798695927,0.814155744498,0.000115491569006
0.2305,3.165,10,0.720493600331,0.153005626114,0.814156454365,0.000119359494624
0.231,3.165,10,0.720489510889,0.153213731857,0.814158691458,0.000123392961301
0.2315,3.165,10,0.720486321514,0.153423017836,0.814162468908,0.000127600849083
0.232,3.165,10,0.720484036808,0.153633488731,0.814167799845,0.000131992615943
0.2325,3.165,10,0.720482661378,0.153845149219,0.814174697397,7.36340282222e-05
0.233,3.165,10,0.720482199828,0.154058003981,0.814183174696,0
0.217,3.17,10,0.720956904444,0.147576855722,0.81438712078,0
0.2175,3.17,10,0.720930141298,0.147754857075,0.814353335493,0
0.218,3.17,10,0.720904154357,0.147933912208,0.814320737721,0
0.2185,3.17,10,0.720878948227,0.148114025801,0.814289340596,0
0.219,3.17,10,0.720854527511,0.148295202532,0.814259157248,0
0.2195,3.17,10,0.720830896815,0.148477447082,0.814230200805,5.0073190786e-06
0.22,3.17,10,0.720808060743,0.148660764128,0.814202484399,4.67883279792e-05
0.2205,3.17,10,0.720786023899,0.14884515835,0.814176021159,6.57514910526e-05
0.221,3.17,10,0.720764790889,0.149030634427,0.814150824214,6.76665401704e-05
0.2215,3.17,10,0.720744366318,0.149217197038,0.814126906696,6.96508351071e-05
0.222,3.17,10,0.720724754789,0.149404850863,0.814104281733,7.17074986024e-05
0.2225,3.17,10,0.720705960907,0.149593600581,0.814082962455,7.38398232575e-05
0.223,3.17,10,0.720687989277,0.14978345087,0.814062961994,7.60512822852e-05
0.2235,3.17,10,0.720670844504,0.149974406411,0.814044293477,7.83455412272e-05
0.224,3.17,10,0.720654531193,0.150166471881,0.814026970036,8.07264701767e-05
0.2245,3.17,10,0.720639053947,0.150359651961,0.8140110048,8.31981577314e-05
0.225,3.17,10,0.720624417372,0.150553951329,0.813996410899,8.57649252537e-05
0.2255,3.17,10,0.720610626072,0.150749374665,0.813983201463,8.84313423414e-05
0.226,3.17,10,0.720597684652,0.150945926647,0.813971389622,9.12022439312e-05
0.2265,3.17,10,0.720585597717,0.151143611955,0.813960988505,9.40827482148e-05
0.227,3.17,10,0.720574369871,0.151342435269,0.813952011244,9.70782764615e-05
0.2275,3.17,10,0.720564005719,0.151542401266,0.813944470967,0.000100194573767
0.228,3.17,10,0.720554509865,0.151743514627,0.813938380804,0.000103437732388
0.2285,3.17,10,0.720545886915,0.15194578003,0.813933753886,0.000106814215772
0.229,3.17,10,0.720538141472,0.152149202154,0.813930603342,0.000110330886088
0.2295,3.17,10,0.720531278142,0.15235378568,0.813928942303,0.000113995032385
0.23,3.17,10,0.720525301529,0.152559535285,0.813928783897,0.00011781440278
0.2305,3.17,10,0.720520216238,0.152766455649,0.813930141255,0.000121797237423
0.231,3.17,10,0.720516026873,0.152974551452,0.813933027508,0.000125952306665
0.2315,3.17,10,0.720512738039,0.153183827371,0.813937455784,0.00013028895028
0.232,3.17,10,0.720510354341,0.153394288088,0.813943439213,0.000134817121767
0.2325,3.17,10,0.720508880384,0.15360593828,0.813950990927,7.01881906175e-05
0.233,3.17,10,0.720508320771,0.153818782626,0.813960124054,0
0.2165,3.175,10,0.721015263021,0.147162123457,0.814182567156,0
0.217,3.175,10,0.720987614718,0.147339069029,0.814148206335,0
0.2175,3.175,10,0.720960738481,0.147517063583,0.814115021567,0
0.218,3.175,10,0.720934638914,0.147696111798,0.814083025983,0
0.2185,3.175,10,0.720909320623,0.147876218355,0.814052232714,0
0.219,3.175,10,0.720884788212,0.148057387932,0.814022654887,7.4169532216e-06
0.2195,3.175,10,0.720861046286,0.148239625207,0.813994305634,5.01155114802e-05
0.22,3.175,10,0.720838099449,0.148422934861,0.813967198085,6.48833036001e-05
0.2205,3.175,10,0.720815952306,0.148607321573,0.813941345368,6.67745585737e-05
0.221,3.175,10,0.720794609462,0.148792790021,0.813916760615,6.87341944102e-05
0.2215,3.175,10,0.720774075521,0.148979344885,0.813893456955,7.0765295583e-05
0.222,3.175,10,0.720754355088,0.149166990844,0.813871447518,7.28711138588e-05
0.2225,3.175,10,0.720735452768,0.149355732577,0.813850745434,7.5055079635e-05
0.223,3.175,10,0.720717373165,0.149545574763,0.813831363833,7.73208128342e-05
0.2235,3.175,10,0.720700120884,0.149736522082,0.813813315844,7.96721361286e-05
0.224,3.175,10,0.720683700529,0.149928579212,0.813796614598,8.21130874089e-05
0.2245,3.175,10,0.720668116706,0.150121750833,0.813781273225,8.46479348242e-05
0.225,3.175,10,0.720653374019,0.150316041624,0.813767304853,8.72811914381e-05
0.2255,3.175,10,0.720639477072,0.150511456263,0.813754722614,9.00176327554e-05
0.226,3.175,10,0.72062643047,0.150707999431,0.813743539638,9.28623137534e-05
0.2265,3.175,10,0.720614238819,0.150905675806,0.813733769053,9.58205890784e-05
0.227,3.175,10,0.720602906721,0.151104490068,0.81372542399,9.88981329142e-05
0.2275,3.175,10,0.720592438783,0.151304446895,0.81371851758,0.00010210096258
0.228,3.175,10,0.720582839609,0.151505550967,0.81371306295,0.000105435462217
0.2285,3.175,10,0.720574113803,0.151707806962,0.813709073233,0.000108908409555
0.229,3.175,10,0.72056626597,0.151911219561,0.813706561557,0.000112527004158
0.2295,3.175,10,0.720559300715,0.152115793442,0.813705541053,0.000116298898867
0.23,3.175,10,0.720553222643,0.152321533284,0.81370602485,0.000120232233137
0.2305,3.175,10,0.720548036357,0.152528443767,0.813708026079,0.000124335669524
0.231,3.175,10,0.720543746463,0.152736529569,0.813711557868,0.000128618433652
0.2315,3.175,10,0.720540357565,0.152945795371,0.813716633349,0.000133090356975
0.232,3.175,10,0.720537874269,0.15315624585,0.81372326565,0.000137761924209
0.2325,3.175,10,0.720536301178,0.153367885686,0.813731467903,6.5320603587e-05
0.233,3.175,10,0.720535642897,0.153580719558,0.813741253236,0
0.216,3.18,10,0.721075827368,0.146749604576,0.813982255953,0
0.2165,3.18,10,0.721047296976,0.146925499223,0.813947325772,0
0.217,3.18,10,0.72101953451,0.147102438055,0.813913560182,0
0.2175,3.18,10,0.720992544576,0.14728042575,0.813880972313,0
0.218,3.18,10,0.720966331778,0.147459466989,0.813849575296,0
0.2185,3.18,10,0.72094090072,0.14763956645,0.813819382259,1.00125724916e-05
0.219,3.18,10,0.720916256008,0.147820728813,0.813790406333,5.26258110625e-05
0.2195,3.18,10,0.720892402246,0.148002958756,0.813762660648,6.4030118713e-05
0.22,3.18,10,0.720869344039,0.148186260959,0.813736158334,6.58980729535e-05
0.2205,3.18,10,0.72084708599,0.148370640101,0.81371091252,6.78335632325e-05
0.221,3.18,10,0.720825632706,0.148556100861,0.813686936337,6.9839635823e-05
0.2215,3.18,10,0.72080498879,0.148742647918,0.813664242914,7.19195031793e-05
0.222,3.18,10,0.720785158848,0.148930285952,0.813642845381,7.40765534724e-05
0.2225,3.18,10,0.720766147483,0.149119019641,0.813622756869,7.63143629431e-05
0.223,3.18,10,0.720747959301,0.149308853665,0.813603990507,7.86367072652e-05
0.2235,3.18,10,0.720730598907,0.149499792703,0.813586559424,8.10475754888e-05
0.224,3.18,10,0.720714070904,0.149691841433,0.813570476752,8.35511834848e-05
0.2245,3.18,10,0.720698379897,0.149885004536,0.813555755619,8.61519897462e-05
0.225,3.18,10,0.720683530492,0.15007928669,0.813542409156,8.88547113898e-05
0.2255,3.18,10,0.720669527292,0.150274692575,0.813530450492,9.1664342367e-05
0.226,3.18,10,0.720656374903,0.150471226869,0.813519892758,9.45861717593e-05
0.2265,3.18,10,0.720644077929,0.150668894251,0.813510749084,9.76258055307e-05
0.227,3.18,10,0.720632640975,0.150867699402,0.813503032599,0.000100789187605
0.2275,3.18,10,0.720622068645,0.151067647,0.813496756432,0.000104082625022
0.228,3.18,10,0.720612365544,0.151268741724,0.813491933715,0.000107512813213
0.2285,3.18,10,0.720603536277,0.151470988253,0.813488577577,0.000111086864942
0.229,3.18,10,0.720595585448,0.151674391266,0.813486701148,0.000114812340397
0.2295,3.18,10,0.720588517663,0.151878955444,0.813486317558,0.000118697280685
0.23,3.18,10,0.720582337525,0.152084685464,0.813487439936,0.000122750244155
0.2305,3.18,10,0.720577049639,0.152291586006,0.813490081413,0.000126980344869
0.231,3.18,10,0.72057265861,0.152499661749,0.813494255118,0.000131397296275
0.2315,3.18,10,0.720569169043,0.152708917372,0.813499974182,0.000136011456675
0.232,3.18,10,0.720566585541,0.152919357555,0.813507251734,0.000140833880725
0.2325,3.18,10,0.720564912711,0.153130986976,0.813516100904,5.89325476868e-05
0.233,3.18,10,0.720564155157,0.153343810315,0.813526534822,0
0.215,3.185,10,0.721168753639,0.146165475888,0.813822795853,0
0.2155,3.185,10,0.721138585043,0.146339289759,0.813786162487,0
0.216,3.185,10,0.721109175631,0.146514138338,0.813750669119,0
0.2165,3.185,10,0.721080530005,0.146690026305,0.813716328881,0
0.217,3.185,10,0.721052652771,0.146866958338,0.813683154901,0
0.2175,3.185,10,0.721025548535,0.147044939116,0.813651160309,0
0.218,3.185,10,0.720999221899,0.147223973318,0.813620358236,1.26948166771e-05
0.2185,3.185,10,0.720973677469,0.147404065625,0.813590761811,5.44474063415e-05
0.219,3.185,10,0.72094891985,0.147585220715,0.813562384164,6.31916068283e-05
0.2195,3.185,10,0.720924953647,0.147767443266,0.813535238426,6.50367442165e-05
0.22,3.185,10,0.720901783463,0.147950737959,0.813509337725,6.69485913916e-05
0.2205,3.185,10,0.720879413903,0.148135109472,0.813484695192,6.89301583392e-05
0.221,3.185,10,0.720857849573,0.148320562485,0.813461323957,7.09846183702e-05
0.2215,3.185,10,0.720837095077,0.148507101676,0.81343923715,7.31153193664e-05
0.222,3.185,10,0.720817155019,0.148694731725,0.8134184479,7.53257941373e-05
0.2225,3.185,10,0.720798034005,0.148883457311,0.813398969338,7.76197733525e-05
0.223,3.185,10,0.720779736638,0.149073283114,0.813380814593,8.0001197766e-05
0.2235,3.185,10,0.720762267523,0.149264213811,0.813363996795,8.24742329438e-05
0.224,3.185,10,0.720745631266,0.149456254083,0.813348529075,8.50432837288e-05
0.2245,3.185,10,0.720729832471,0.149649408609,0.813334424561,8.77130108586e-05
0.225,3.185,10,0.720714875741,0.149843682067,0.813321696385,9.04883482776e-05
0.2255,3.185,10,0.720700765683,0.150039079137,0.813310357675,9.33745221016e-05
0.226,3.185,10,0.720687506901,0.150235604498,0.813300421562,9.63770708868e-05
0.2265,3.185,10,0.720675103999,0.150433262829,0.813291901176,9.95018678495e-05
0.227,3.185,10,0.720663561582,0.15063205881,0.813284809647,0.000102755144664
0.2275,3.185,10,0.720652884255,0.150831997119,0.813279160104,0.000106143517018
0.228,3.185,10,0.720643076622,0.151033082436,0.813274965677,0.000109674012844
0.2285,3.185,10,0.720634143288,0.151235319439,0.813272239497,0.000113354102587
0.229,3.185,10,0.720626088857,0.151438712808,0.813270994692,0.000117191731556
0.2295,3.185,10,0.720618917935,0.151643267223,0.813271244394,0.000121195356647
0.23,3.185,10,0.720612635126,0.151848987362,0.813273001732,0.000125373983888
0.2305,3.185,10,0.720607245034,0.152055877904,0.813276279836,0.000129737211546
0.231,3.185,10,0.720602752264,0.152263943528,0.813281091835,0.000134295275637
0.2315,3.185,10,0.720599161422,0.152473188914,0.81328745086,0.000139059099786
0.232,3.185,10,0.72059647711,0.152683618741,0.813295370041,0.000144040350632
0.2325,3.185,10,0.720594703935,0.152895237688,0.813304862507,5.09176678063e-05
0.233,3.185,10,0.720593846501,0.153108050434,0.813315941389,0
0.2145,3.19,10,0.721234564014,0.145758392229,0.813631440987,0
0.215,3.19,10,0.721203523606,0.145931169688,0.813594262071,0
0.2155,3.19,10,0.721173238241,0.146104977056,0.813558211691,0
0.216,3.19,10,0.721143712524,0.146279819015,0.813523302978,0
0.2165,3.19,10,0.721114951059,0.146455700241,0.81348954906,0
0.217,3.19,10,0.721086958452,0.146632625416,0.813456963069,0
0.2175,3.19,10,0.721059739307,0.146810599217,0.813425558133,1.53765461616e-05
0.218,3.19,10,0.721033298228,0.146989626325,0.813395347382,5.56947974661e-05
0.2185,3.19,10,0.721007639821,0.147169711418,0.813366343948,6.23674466869e-05
0.219,3.19,10,0.720982768689,0.147350859175,0.813338560958,6.41902408549e-05
0.2195,3.19,10,0.720958689438,0.147533074276,0.813312011544,6.60789375324e-05
0.22,3.19,10,0.720935406672,0.147716361399,0.813286708836,6.80365107267e-05
0.2205,3.19,10,0.720912924996,0.147900725224,0.813262665962,7.0066096342e-05
0.221,3.19,10,0.720891249014,0.14808617043,0.813239896054,7.21710021604e-05
0.2215,3.19,10,0.720870383331,0.148272701696,0.813218412241,7.43547194461e-05
0.222,3.19,10,0.720850332552,0.148460323702,0.813198227652,7.66209342992e-05
0.2225,3.19,10,0.720831101282,0.148649041126,0.813179355418,7.89735411677e-05
0.223,3.19,10,0.720812694124,0.148838858647,0.813161808669,8.14166560048e-05
0.2235,3.19,10,0.720795115685,0.149029780945,0.813145600535,8.39546318672e-05
0.224,3.19,10,0.720778370567,0.149221812699,0.813130744145,8.6592074298e-05
0.2245,3.19,10,0.720762463377,0.149414958589,0.813117252629,8.93338589844e-05
0.225,3.19,10,0.720747398718,0.149609223292,0.813105139118,9.21851505266e-05
0.2255,3.19,10,0.720733181196,0.149804611488,0.813094416741,9.51514223226e-05
0.226,3.19,10,0.720719815415,0.150001127857,0.813085098627,9.82384783844e-05
0.2265,3.19,10,0.720707305979,0.150198777078,0.813077197908,0.000101452477216
0.227,3.19,10,0.720695657493,0.150397563829,0.813070727713,0.00010479995687
0.2275,3.19,10,0.720684874563,0.15059749279,0.813065701171,0.000108287862967
0.228,3.19,10,0.720674961792,0.150798568641,0.813062131414,0.000111923578233
0.2285,3.19,10,0.720665923785,0.151000796059,0.813060031569,0.000115714955497
0.229,3.19,10,0.720657765147,0.151204179725,0.813059414768,0.000119670352596
0.2295,3.19,10,0.720650490483,0.151408724318,0.813060294141,0.000123798670526
0.23,3.19,10,0.720644104396,0.151614434516,0.813062682817,0.000128109396028
0.2305,3.19,10,0.720638611493,0.151821314999,0.813066593926,0.000132612645695
0.231,3.19,10,0.720634016377,0.152029370445,0.813072040598,0.000137319216834
0.2315,3.19,10,0.720630323653,0.152238605535,0.813079035963,0.000142240640327
0.232,3.19,10,0.720627537926,0.152449024948,0.813087593151,0.000147389240246
0.2325,3.19,10,0.7206256638,0.152660633361,0.813097725292,4.11613065441e-05
0.233,3.19,10,0.72062470588,0.152873435456,0.813109445515,0
0.2335,3.19,10,0.720624668771,0.153087435909,0.813122766951,0
0.214,3.195,10,0.721302539768,0.145353489139,0.813444248313,0
0.2145,3.195,10,0.721270630615,0.145525235042,0.813406530022,0
0.215,3.195,10,0.721239472366,0.145698006058,0.813369928803,0
0.2155,3.195,10,0.721209069626,0.145871806865,0.813334457789,0
0.216,3.195,10,0.721179426999,0.146046642143,0.813300130107,0
0.2165,3.195,10,0.72115054909,0.146222516571,0.813266958889,0
0.217,3.195,10,0.721122440503,0.146399434828,0.813234957264,1.79820451232e-05
0.2175,3.195,10,0.721095105844,0.146577401594,0.813204138362,5.64696771486e-05
0.218,3.195,10,0.721068549716,0.146756421547,0.813174515313,6.15573242149e-05
0.2185,3.195,10,0.721042776725,0.146936499367,0.813146101247,6.33582395104e-05
0.219,3.195,10,0.721017791475,0.147117639732,0.813118909294,6.52242681354e-05
0.2195,3.195,10,0.72099359857,0.147299847323,0.813092952583,6.71583494529e-05
0.22,3.195,10,0.720970202616,0.147483126818,0.813068244245,6.91635823326e-05
0.2205,3.195,10,0.720947608217,0.147667482896,0.813044797409,7.12432362466e-05
0.221,3.195,10,0.720925819978,0.147852920236,0.813022625206,7.34007611214e-05
0.2215,3.195,10,0.720904842504,0.148039443518,0.813001740765,7.56398004437e-05
0.222,3.195,10,0.720884680398,0.14822705742,0.812982157216,7.7964202952e-05
0.2225,3.195,10,0.720865338266,0.148415766623,0.81296388769,8.03780367771e-05
0.223,3.195,10,0.720846820712,0.148605575804,0.812946945315,8.28856040436e-05
0.2235,3.195,10,0.720829132341,0.148796489644,0.812931343222,8.54914569567e-05
0.224,3.195,10,0.720812277758,0.148988512821,0.812917094541,8.8200414298e-05
0.2245,3.195,10,0.720796261567,0.149181650014,0.812904212401,9.10175810953e-05
0.225,3.195,10,0.720781088373,0.149375905903,0.812892709933,9.39483667771e-05
0.2255,3.195,10,0.720766762781,0.149571285167,0.812882600267,9.69985085517e-05
0.226,3.195,10,0.720753289395,0.149767792485,0.812873896532,0.000100174093527
0.2265,3.195,10,0.720740672819,0.149965432535,0.812866611858,0.000103481584366
0.227,3.195,10,0.72072891766,0.150164209998,0.812860759375,0.00010692784634
0.2275,3.195,10,0.72071802852,0.150364129553,0.812856352214,0.000110520177509
0.228,3.195,10,0.720708010005,0.150565195877,0.812853403503,0.000114266340052
0.2285,3.195,10,0.72069886672,0.150767413652,0.812851926374,0.000118174596035
0.229,3.195,10,0.720690603269,0.150970787555,0.812851933955,0.000122253744397
0.2295,3.195,10,0.720683224256,0.151175322266,0.812853439376,0.00012651316309
0.23,3.195,10,0.720676734287,0.151381022465,0.812856455769,0.000130962853465
0.2305,3.195,10,0.720671137966,0.151587892829,0.812860996261,0.000135613489315
0.231,3.195,10,0.720666439898,0.151795938039,0.812867073984,0.000140476470472
0.2315,3.195,10,0.720662644687,0.152005162774,0.812874702068,0.000145563980699
0.232,3.195,10,0.720659756938,0.152215571712,0.812883893641,0.000150889353137
0.2325,3.195,10,0.720657781256,0.152427169533,0.812894661835,2.95394688368e-05
0.233,3.195,10,0.720656722245,0.152639960916,0.812907019778,0
0.2335,3.195,10,0.72065658451,0.15285395054,0.812920980602,0
0.214,3.2,10,0.72133989363,0.145121476504,0.813222941653,0
0.2145,3.2,10,0.721307865565,0.145293216023,0.81318579577,0
0.215,3.2,10,0.72127658887,0.145465980536,0.813149768627,0
0.2155,3.2,10,0.721246068149,0.145639774723,0.813114873356,0
0.216,3.2,10,0.721216308006,0.145814603261,0.813081123085,0
0.2165,3.2,10,0.721187313047,0.145990470831,0.813048530945,2.04462788476e-05
0.217,3.2,10,0.721159087875,0.146167382112,0.813017110065,5.68617437275e-05
0.2175,3.2,10,0.721131637095,0.146345341783,0.812986873576,6.07609328749e-05
0.218,3.2,10,0.721104965313,0.146524354522,0.812957834606,6.25404242727e-05
0.2185,3.2,10,0.721079077132,0.14670442501,0.812930006287,6.43842579244e-05
0.219,3.2,10,0.721053977158,0.146885557925,0.812903401748,6.6295338955e-05
0.2195,3.2,10,0.721029669995,0.147067757946,0.812878034119,6.82767307292e-05
0.22,3.2,10,0.721006160247,0.147251029753,0.81285391653,7.03316645796e-05
0.2205,3.2,10,0.72098345252,0.147435378025,0.812831062111,7.24635512179e-05
0.221,3.2,10,0.720961551418,0.14762080744,0.812809483991,7.46759917051e-05
0.2215,3.2,10,0.720940461545,0.147807322678,0.812789195301,7.69727907689e-05
0.222,3.2,10,0.720920187507,0.147994928419,0.812770209171,7.93579696683e-05
0.2225,3.2,10,0.720900733907,0.148183629341,0.812752538729,8.18357813392e-05
0.223,3.2,10,0.720882105351,0.148373430123,0.812736197107,8.44107256081e-05
0.2235,3.2,10,0.720864306444,0.148564335445,0.812721197434,8.7087566401e-05
0.224,3.2,10,0.720847341789,0.148756349986,0.81270755284,8.98713500244e-05
0.2245,3.2,10,0.720831215992,0.148949478424,0.812695276456,9.276742459e-05
0.225,3.2,10,0.720815933657,0.14914372544,0.81268438141,9.57814616007e-05
0.2255,3.2,10,0.720801499388,0.149339095712,0.812674880832,9.89194790831e-05
0.226,3.2,10,0.720787917792,0.149535593919,0.812666787854,0.000102187866045
0.2265,3.2,10,0.720775193471,0.14973322474,0.812660115604,0.000105593410245
0.227,3.2,10,0.720763331031,0.149931992856,0.812654877212,0.00010914332677
0.2275,3.2,10,0.720752335077,0.150131902944,0.812651085809,0.000112845290304
0.228,3.2,10,0.720742210212,0.150332959684,0.812648754524,0.000116707469259
0.2285,3.2,10,0.720732961043,0.150535167755,0.812647896488,0.00012073856388
0.229,3.2,10,0.720724592173,0.150738531836,0.812648524829,0.000124947846437
0.2295,3.2,10,0.720717108206,0.150943056607,0.812650652678,0.000129345205986
0.23,3.2,10,0.720710513749,0.151148746747,0.812654293165,0.000133941196988
0.2305,3.2,10,0.720704813405,0.151355606934,0.81265945942,0.0001387470914
0.231,3.2,10,0.720700011778,0.151563641847,0.812666164573,0.000143774937538
0.2315,3.2,10,0.720696113475,0.151772856167,0.812674421753,0.000149037866009
0.232,3.2,10,0.720693123098,0.151983254572,0.812684244091,0.000154550655165
0.2325,3.2,10,0.720691045254,0.152194841742,0.812695644716,1.59175569729e-05
0.233,3.2,10,0.720689884546,0.152407622355,0.812708636758,0
0.2335,3.2,10,0.72068964558,0.15262160109,0.812723233347,0
0.2135,3.205,10,0.721411300209,0.144719884754,0.81304347228,0
0.214,3.205,10,0.721378405397,0.144890597634,0.813005787905,0
0.2145,3.205,10,0.721346257816,0.14506233071,0.812969210809,0
0.215,3.205,10,0.721314862069,0.145235088662,0.812933754122,0
0.2155,3.205,10,0.721284222761,0.145408876168,0.812899430972,0
0.216,3.205,10,0.721254344496,0.145583697908,0.81286625449,2.27142008624e-05
0.2165,3.205,10,0.72122523188,0.145759558561,0.812834237806,5.6949460447e-05
0.217,3.205,10,0.721196889518,0.145936462807,0.81280339405,5.99779727704e-05
0.2175,3.205,10,0.721169322012,0.146114415323,0.812773736351,6.17364866506e-05
0.218,3.205,10,0.72114253397,0.14629342079,0.81274527784,6.3558588923e-05
0.2185,3.205,10,0.721116529994,0.146473483886,0.812718031647,6.54471518888e-05
0.219,3.205,10,0.721091314689,0.146654609291,0.812692010901,6.74052037229e-05
0.2195,3.205,10,0.721066892661,0.146836801684,0.812667228732,6.94359394455e-05
0.22,3.205,10,0.721043268514,0.147020065744,0.81264369827,7.15427305169e-05
0.2205,3.205,10,0.721020446853,0.14720440615,0.812621432645,7.37291375995e-05
0.221,3.205,10,0.720998432282,0.147389827581,0.812600444988,7.59989220031e-05
0.2215,3.205,10,0.720977229406,0.147576334716,0.812580748427,7.83560597293e-05
0.222,3.205,10,0.720956842829,0.147763932236,0.812562356093,8.08047555004e-05
0.2225,3.205,10,0.720937277156,0.147952624818,0.812545281115,8.33494585317e-05
0.223,3.205,10,0.720918536993,0.148142417142,0.812529536625,8.59948789047e-05
0.2235,3.205,10,0.720900626942,0.148333313887,0.81251513575,8.8746006323e-05
0.224,3.205,10,0.72088355161,0.148525319732,0.812502091622,9.16081286838e-05
0.2245,3.205,10,0.720867315601,0.148718439356,0.81249041737,9.45868541697e-05
0.225,3.205,10,0.720851923519,0.148912677439,0.812480126125,9.76881331289e-05
0.2255,3.205,10,0.720837379969,0.14910803866,0.812471231015,0.000100918283477
0.226,3.205,10,0.720823689556,0.149304527698,0.812463745171,0.000104284017054
0.2265,3.205,10,0.720810856884,0.149502149231,0.812457681724,0.000107792468721
0.227,3.205,10,0.720798886559,0.149700907939,0.812453053802,0.000111451227759
0.2275,3.205,10,0.720787783184,0.149900808502,0.812449874535,0.000115268372299
0.228,3.205,10,0.720777551364,0.150101855598,0.812448157055,0.000119252505914
0.2285,3.205,10,0.720768195704,0.150304053907,0.812447914489,0.000123412798896
0.229,3.205,10,0.720759720809,0.150507408107,0.812449159969,0.000127759030817
0.2295,3.205,10,0.720752131284,0.150711922878,0.812451906625,0.000132301640439
0.23,3.205,10,0.720745431732,0.1509176029,0.812456167585,0.000137051776084
0.2305,3.205,10,0.720739626759,0.15112445285,0.812461955981,0.000142021353832
0.231,3.205,10,0.720734720969,0.151332477409,0.812469284941,0.000147223310765
0.2315,3.205,10,0.720730718967,0.151541681255,0.812478167597,0.000152672372809
0.232,3.205,10,0.720727625357,0.151752069067,0.812488617077,0.000156578299979
0.2325,3.205,10,0.720725444745,0.151963645526,0.812500646511,2.01400229354e-06
0.233,3.205,10,0.720724181734,0.152176415309,0.812514269031,0
0.2335,3.205,10,0.72072384093,0.152390383096,0.812529497765,0
0.213,3.21,10,0.721484837911,0.144320450474,0.812868097217,0
0.2135,3.21,10,0.721451079421,0.144490141572,0.812829880525,0
0.214,3.21,10,0.721418064021,0.144660848068,0.812792759649,0
0.2145,3.21,10,0.721385796317,0.144832574642,0.812756747719,0
0.215,3.21,10,0.721354280912,0.145005325973,0.812721857864,0
0.2155,3.21,10,0.721323522411,0.14517910674,0.812688103214,2.47401077608e-05
0.216,3.21,10,0.72129352542,0.145353921622,0.8126554969,5.68007628543e-05
0.2165,3.21,10,0.721264294542,0.145529775299,0.812624052051,5.9208151133e-05
0.217,3.21,10,0.721235834382,0.145706672449,0.812593781797,6.09461249685e-05
0.2175,3.21,10,0.721208149546,0.145884617752,0.812564699268,6.27469508361e-05
0.218,3.21,10,0.721181244637,0.146063615887,0.812536817593,6.46134682514e-05
0.2185,3.21,10,0.72115512426,0.146243671533,0.812510149904,6.65486720419e-05
0.219,3.21,10,0.72112979302,0.146424789369,0.812484709329,6.85557207774e-05
0.2195,3.21,10,0.721105255521,0.146606974074,0.812460508998,7.06379488248e-05
0.22,3.21,10,0.721081516369,0.146790230327,0.812437562042,7.27988765732e-05
0.2205,3.21,10,0.721058580168,0.146974562809,0.812415881591,7.50422237121e-05
0.221,3.21,10,0.721036451522,0.147159976196,0.812395480774,7.73719217818e-05
0.2215,3.21,10,0.721015135036,0.14734647517,0.812376372721,7.97921288519e-05
0.222,3.21,10,0.720994635315,0.147534064409,0.812358570561,8.23072445342e-05
0.2225,3.21,10,0.720974956964,0.147722748592,0.812342087426,8.49219270441e-05
0.223,3.21,10,0.720956104587,0.147912532399,0.812326936445,8.76411104637e-05
0.2235,3.21,10,0.720938082788,0.148103420507,0.812313130748,9.04700247493e-05
0.224,3.21,10,0.720920896173,0.148295417598,0.812300683464,9.34142157965e-05
0.2245,3.21,10,0.720904549345,0.148488528349,0.812289607723,9.6479568775e-05
0.225,3.21,10,0.720889046911,0.14868275744,0.812279916657,9.96723320537e-05
0.2255,3.21,10,0.720874393474,0.148878109551,0.812271623393,0.000102999144046
0.226,3.21,10,0.720860593639,0.149074589359,0.812264741063,0.000106467061326
0.2265,3.21,10,0.72084765201,0.149272201545,0.812259282796,0.000110083590723
0.227,3.21,10,0.720835573193,0.149470950788,0.812255261722,0.000113856721969
0.2275,3.21,10,0.720824361792,0.149670841766,0.812252690971,0.000117794965481
0.228,3.21,10,0.720814022411,0.149871879159,0.812251583673,0.00012190739173
0.2285,3.21,10,0.720804559655,0.150074067646,0.812251952957,0.000126203675125
0.229,3.21,10,0.72079597813,0.150277411906,0.812253811954,0.000130694141204
0.2295,3.21,10,0.720788282439,0.150481916618,0.812257173794,0.000135389818599
0.23,3.21,10,0.720781477187,0.150687586462,0.812262051606,0.000140302495703
0.2305,3.21,10,0.720775566979,0.150894426117,0.812268458521,0.000145444924053
0.231,3.21,10,0.72077055642,0.151102440261,0.812276407668,0.000150831760284
0.2315,3.21,10,0.720766450113,0.151311633574,0.812285912177,0.000156475224502
0.232,3.21,10,0.720763252665,0.151522010735,0.812296985178,0.000144686702864
0.2325,3.21,10,0.720760968679,0.151733576423,0.812309639801,0
0.233,3.21,10,0.720759602759,0.151946335318,0.812323889176,0
0.2335,3.21,10,0.720759159512,0.152160292098,0.812339746432,0
0.2125,3.215,10,0.721560494296,0.143923164344,0.812696791779,0
0.213,3.215,10,0.721525875196,0.144091838517,0.812658048944,0
0.2135,3.215,10,0.721491995046,0.14426152329,0.812620390462,0
0.214,3.215,10,0.721458858453,0.144432223344,0.812583829463,0
0.2145,3.215,10,0.721426470019,0.144603943356,0.812548379076,7.62821428246e-09
0.215,3.215,10,0.721394834351,0.144776688007,0.812514052433,2.64852013564e-05
0.2155,3.215,10,0.721363956052,0.144950461976,0.812480862662,5.64737187005e-05
0.216,3.215,10,0.721333839727,0.145125269941,0.812448822893,5.84511813699e-05
0.2165,3.215,10,0.721304489982,0.145301116583,0.812417946257,6.01690446629e-05
0.217,3.215,10,0.72127591142,0.145478006579,0.812388245884,6.19490400267e-05
0.2175,3.215,10,0.721248108646,0.145655944609,0.812359734902,6.37939759265e-05
0.218,3.215,10,0.721221086265,0.145834935353,0.812332426443,6.57068135903e-05
0.2185,3.215,10,0.721194848881,0.146014983489,0.812306333636,6.76906772239e-05
0.219,3.215,10,0.7211694011,0.146196093696,0.812281469611,6.97488640941e-05
0.2195,3.215,10,0.721144747525,0.146378270655,0.812257847497,7.18848562067e-05
0.22,3.215,10,0.721120892762,0.146561519043,0.812235480426,7.41023320903e-05
0.2205,3.215,10,0.721097841415,0.14674584354,0.812214381526,7.64051804421e-05
0.221,3.215,10,0.721075598089,0.146931248825,0.812194563927,7.87975135521e-05
0.2215,3.215,10,0.721054167388,0.147117739578,0.81217604076,8.12836833169e-05
0.222,3.215,10,0.721033553917,0.147305320477,0.812158825155,8.38682969111e-05
0.2225,3.215,10,0.721013762281,0.147493996202,0.81214293024,8.65562348662e-05
0.223,3.215,10,0.720994797084,0.147683771432,0.812128369147,8.93526701495e-05
0.2235,3.215,10,0.720976662931,0.147874650845,0.812115155005,9.22630888164e-05
0.224,3.215,10,0.720959364427,0.148066639122,0.812103300944,9.52933121275e-05
0.2245,3.215,10,0.720942906176,0.148259740941,0.812092820093,9.84495212971e-05
0.225,3.215,10,0.720927292783,0.148453960981,0.812083725584,0.000101738282928
0.2255,3.215,10,0.720912528853,0.148649303922,0.812076030545,0.000105166578152
0.226,3.215,10,0.72089861899,0.148845774442,0.812069748106,0.000108741832896
0.2265,3.215,10,0.720885567799,0.149043377222,0.812064891398,0.000112471951915
0.227,3.215,10,0.720873379884,0.149242116939,0.812061473551,0.000116365354588
0.2275,3.215,10,0.720862059851,0.149441998273,0.812059507693,0.000120431015057
0.228,3.215,10,0.720851612303,0.149643025904,0.812059006956,0.000124678504964
0.2285,3.215,10,0.720842041846,0.14984520451,0.812059984469,0.000129118040746
0.229,3.215,10,0.720833353084,0.150048538771,0.812062453362,0.000133760534578
0.2295,3.215,10,0.720825550622,0.150253033365,0.812066426765,0.000138617650982
0.23,3.215,10,0.720818639065,0.150458692973,0.812071917807,0.000143701966051
0.2305,3.215,10,0.720812623016,0.150665522272,0.812078939619,0.000149028045124
0.231,3.215,10,0.720807507081,0.150873525942,0.812087505331,0.000154608053878
0.2315,3.215,10,0.720803295865,0.151082708663,0.812097628072,0.000160457842371
0.232,3.215,10,0.720799993972,0.151293075114,0.812109320972,0.00012849055175
0.2325,3.215,10,0.720797606006,0.151504629973,0.812122597162,0
0.233,3.215,10,0.720796136573,0.151717377919,0.812137469771,0
0.2335,3.215,10,0.720795590277,0.151931323633,0.812153951929,0
0.212,3.22,10,0.721638256923,0.143528017045,0.812529531282,0
0.2125,3.22,10,0.72160278028,0.14369567915,0.812490268477,0
0.213,3.22,10,0.72156803845,0.143864347058,0.812452078562,0
0.2135,3.22,10,0.721534036035,0.144034025448,0.812414974668,0
0.214,3.22,10,0.721500777642,0.144204718999,0.812378969924,1.57973682691e-07
0.2145,3.22,10,0.721468267874,0.144376432391,0.81234407746,2.78869277479e-05
0.215,3.22,10,0.721436511336,0.144549170304,0.812310310406,5.60113510915e-05
0.2155,3.22,10,0.721405512633,0.144722937415,0.812277681892,5.77067833527e-05
0.216,3.22,10,0.72137527637,0.144897738404,0.812246205048,5.94049574225e-05
0.2165,3.22,10,0.721345807151,0.14507357795,0.812215893003,6.11645601956e-05
0.217,3.22,10,0.72131710958,0.145250460733,0.812186758889,6.29883694048e-05
0.2175,3.22,10,0.721289188263,0.145428391432,0.812158815834,6.48793143008e-05
0.218,3.22,10,0.721262047804,0.145607374725,0.812132076968,6.68404848674e-05
0.2185,3.22,10,0.721235692808,0.145787415292,0.812106555421,6.88751428284e-05
0.219,3.22,10,0.72121012788,0.145968517812,0.812082264324,7.09867323623e-05
0.2195,3.22,10,0.721185357623,0.146150686964,0.812059216806,7.31788923957e-05
0.22,3.22,10,0.721161386643,0.146333927428,0.812037425997,7.54554694505e-05
0.2205,3.22,10,0.721138219545,0.146518243882,0.812016905027,7.78205319126e-05
0.221,3.22,10,0.721115860932,0.146703641006,0.811997667026,8.02783845708e-05
0.2215,3.22,10,0.72109431541,0.146890123478,0.811979725124,8.28335854366e-05
0.222,3.22,10,0.721073587584,0.147077695979,0.81196309245,8.54909627175e-05
0.2225,3.22,10,0.721053682057,0.147266363186,0.811947782135,8.82556343341e-05
0.223,3.22,10,0.721034603435,0.14745612978,0.811933807308,9.11330276214e-05
0.2235,3.22,10,0.721016356323,0.147647000439,0.8119211811,9.41289023384e-05
0.224,3.22,10,0.720998945324,0.147838979842,0.81190991664,9.72493738365e-05
0.2245,3.22,10,0.720982375043,0.14803207267,0.811900027058,0.000100500939611
0.225,3.22,10,0.720966650086,0.1482262836,0.811891525484,0.000103890506872
0.2255,3.22,10,0.720951775057,0.148421617312,0.811884425048,0.000107425423744
0.226,3.22,10,0.720937754561,0.148618078485,0.81187873888,0.000111113511799
0.2265,3.22,10,0.720924593201,0.148815671798,0.811874480109,0.000114963102467
0.227,3.22,10,0.720912295583,0.149014401931,0.811871661867,0.000118983076244
0.2275,3.22,10,0.720900866312,0.149214273563,0.811870297282,0.00012318290525
0.228,3.22,10,0.720890309992,0.149415291372,0.811870399484,0.00012757269995
0.2285,3.22,10,0.720880631228,0.149617460038,0.811871981603,0.000132163259898
0.229,3.22,10,0.720871834624,0.14982078424,0.81187505677,0.000136966129164
0.2295,3.22,10,0.720863924785,0.150025268657,0.811879638114,0.000141993719364
0.23,3.22,10,0.720856906316,0.150230917969,0.811885738765,0.000147260479217
0.2305,3.22,10,0.720850783821,0.150437736854,0.811893371853,0.000152778574649
0.231,3.22,10,0.720845561905,0.150645729992,0.811902550508,0.00015856349307
0.2315,3.22,10,0.720841245173,0.150854902061,0.81191328786,0.000164631969714
0.232,3.22,10,0.720837838229,0.151065257742,0.811925597038,0.00010987246522
0.2325,3.22,10,0.720835345678,0.151276801712,0.811939491173,0
0.233,3.22,10,0.720833772125,0.151489538652,0.811954983394,0
0.2335,3.22,10,0.720833122174,0.15170347324,0.811972086832,0
0.2115,3.225,10,0.72171811335,0.143134999259,0.81236629104,0
0.212,3.225,10,0.721681782234,0.143301654153,0.812326514438,0
0.2125,3.225,10,0.72164618179,0.143469310052,0.812287799265,0
0.213,3.225,10,0.721611316623,0.143637971635,0.812250158649,0
0.2135,3.225,10,0.721577191338,0.143807643583,0.812213605721,3.42853753055e-07
0.214,3.225,10,0.721543810539,0.143978330573,0.812178153611,2.89329207983e-05
0.2145,3.225,10,0.721511178831,0.144150037286,0.812143815447,5.5353918206e-05
0.215,3.225,10,0.721479300818,0.1443227684,0.812110604362,5.69746827681e-05
0.2155,3.225,10,0.721448181105,0.144496528594,0.812078533483,5.86535813785e-05
0.216,3.225,10,0.721417824297,0.144671322548,0.812047615942,6.03932212615e-05
0.2165,3.225,10,0.721388234999,0.14484715494,0.812017864868,6.21963505429e-05
0.217,3.225,10,0.721359417814,0.145024030451,0.81198929339,6.4065866876e-05
0.2175,3.225,10,0.721331377349,0.145201953758,0.81196191464,6.60048275585e-05
0.218,3.225,10,0.721304118206,0.145380929542,0.811935741746,6.80164591211e-05
0.2185,3.225,10,0.721277644992,0.145560962481,0.811910787839,7.01041693401e-05
0.219,3.225,10,0.72125196231,0.145742057254,0.811887066048,7.22715583062e-05
0.2195,3.225,10,0.721227074766,0.145924218541,0.811864589504,7.45224319393e-05
0.22,3.225,10,0.721202986964,0.146107451021,0.811843371336,7.68608153288e-05
0.2205,3.225,10,0.721179703508,0.146291759373,0.811823424675,7.92909680364e-05
0.221,3.225,10,0.721157229003,0.146477148276,0.811804762649,8.18173998675e-05
0.2215,3.225,10,0.721135568055,0.146663622409,0.81178739839,8.4444888405e-05
0.222,3.225,10,0.721114725267,0.146851186451,0.811771345027,8.71784977285e-05
0.2225,3.225,10,0.721094705244,0.147039845082,0.811756615689,9.00235987316e-05
0.223,3.225,10,0.721075512591,0.14722960298,0.811743223507,9.29858906711e-05
0.2235,3.225,10,0.721057151913,0.147420464826,0.811731181611,9.60714256329e-05
0.224,3.225,10,0.721039627813,0.147612435297,0.811720503131,9.92866333941e-05
0.2245,3.225,10,0.721022944898,0.147805519074,0.811711201195,0.000102638350028
0.225,3.225,10,0.721007107771,0.147999720834,0.811703288936,0.000106133847385
0.2255,3.225,10,0.720992121037,0.148195045259,0.811696779481,0.000109780867031
0.226,3.225,10,0.720977989301,0.148391497025,0.811691685962,0.000113587654603
0.2265,3.225,10,0.720964717168,0.148589080814,0.811688021507,0.000117563000064
0.227,3.225,10,0.720952309241,0.148787801303,0.811685799248,0.000121716278879
0.2275,3.225,10,0.720940770126,0.148987663172,0.811685032313,0.00012605749886
0.228,3.225,10,0.720930104428,0.149188671101,0.811685733833,0.000130597350243
0.2285,3.225,10,0.72092031675,0.149390829768,0.811687916938,0.000135347260693
0.229,3.225,10,0.720911411698,0.149594143852,0.811691594757,0.000140319488745
0.2295,3.225,10,0.720903393877,0.149798618033,0.811696780421,0.000145528337061
0.23,3.225,10,0.72089626789,0.150004256989,0.811703487059,0.000150986032967
0.2305,3.225,10,0.720890038343,0.150211065401,0.811711727802,0.000156707664532
0.231,3.225,10,0.720884709841,0.150419047947,0.811721515778,0.000162709894669
0.2315,3.225,10,0.720880286987,0.150628209306,0.811732864119,0.000169010061889
0.232,3.225,10,0.720876774387,0.150838554157,0.811745785953,8.86503449245e-05
0.2325,3.225,10,0.720874176645,0.15105008718,0.811760294412,0
0.233,3.225,10,0.720872498366,0.151262813053,0.811776402624,0
0.2335,3.225,10,0.720871744155,0.151476736456,0.811794123719,0
0.2115,3.23,10,0.721762868615,0.142909754206,0.812166762143,0
0.212,3.23,10,0.721726412627,0.143076402953,0.812127527885,0
0.2125,3.23,10,0.721690687776,0.143244052587,0.812089356721,0
0.213,3.23,10,0.721655698668,0.143412707788,0.812052261783,4.95954957436e-07
0.2135,3.23,10,0.721621449906,0.143582373234,0.8120162562,2.96127715942e-05
0.214,3.23,10,0.721587946095,0.143753053604,0.811981353101,5.46520718838e-05
0.2145,3.23,10,0.721555191841,0.143924753578,0.811947565617,5.62546111602e-05
0.215,3.23,10,0.721523191747,0.144097477834,0.811914906878,5.79146404678e-05
0.2155,3.23,10,0.721491950419,0.144271231052,0.811883390014,5.96347396109e-05
0.216,3.23,10,0.721461472461,0.144446017912,0.811853028154,6.14176274498e-05
0.2165,3.23,10,0.721431762477,0.144621843091,0.811823834428,6.32661712827e-05
0.217,3.23,10,0.721402825073,0.14479871127,0.811795821966,6.51833961225e-05
0.2175,3.23,10,0.721374664853,0.144976627127,0.811769003899,6.71724948853e-05
0.218,3.23,10,0.721347286421,0.145155595342,0.811743393356,6.92368392725e-05
0.2185,3.23,10,0.721320694383,0.145335620594,0.811719003466,7.13799921563e-05
0.219,3.23,10,0.721294893342,0.145516707561,0.811695847361,7.36057194598e-05
0.2195,3.23,10,0.721269887904,0.145698860924,0.811673938169,7.59180046481e-05
0.22,3.23,10,0.721245682674,0.145882085361,0.81165328902,7.83210628524e-05
0.2205,3.23,10,0.721222282255,0.146066385551,0.811633913046,8.08193574521e-05
0.221,3.23,10,0.721199691253,0.146251766174,0.811615823375,8.3417616462e-05
0.2215,3.23,10,0.721177914272,0.146438231908,0.811599033137,8.61208520593e-05
0.222,3.23,10,0.721156955916,0.146625787433,0.811583555462,8.89343797439e-05
0.2225,3.23,10,0.721136820792,0.146814437428,0.811569403481,9.18638407128e-05
0.223,3.23,10,0.721117513502,0.147004186572,0.811556590322,9.49152249661e-05
0.2235,3.23,10,0.721099038652,0.147195039545,0.811545129117,9.80948970555e-05
0.224,3.23,10,0.721081400847,0.147387001025,0.811535032994,0.000101409623372
0.2245,3.23,10,0.72106460469,0.147580075691,0.811526315084,0.000104866602717
0.225,3.23,10,0.721048654788,0.147774268223,0.811518988517,0.000108473498057
0.2255,3.23,10,0.721033555744,0.147969583301,0.811513066422,0.000112238472601
0.226,3.23,10,0.721019312162,0.148166025602,0.81150856193,0.000116170227926
0.2265,3.23,10,0.721005928649,0.148363599806,0.81150548817,0.000120278046261
0.227,3.23,10,0.720993409808,0.148562310592,0.811503858272,0.000124571835656
0.2275,3.23,10,0.720981760243,0.14876216264,0.811503685366,0.000129062180747
0.228,3.23,10,0.720970984561,0.148963160629,0.811504982583,0.00013376039627
0.2285,3.23,10,0.720961087364,0.149165309237,0.811507763051,0.000138678600156
0.229,3.23,10,0.720952073259,0.149368613145,0.811512039902,0.000143830915714
0.2295,3.23,10,0.720943946849,0.14957307703,0.811517826264,0.000149229698086
0.23,3.23,10,0.72093671274,0.149778705573,0.811525135267,0.000154889596364
0.2305,3.23,10,0.720930375535,0.149985503451,0.811533980042,0.000160827218072
0.231,3.23,10,0.72092493984,0.150193475346,0.811544373719,0.000167059735445
0.2315,3.23,10,0.720920410259,0.150402625935,0.811556329427,0.000173605610566
0.232,3.23,10,0.720916791396,0.150612959898,0.811569860296,6.46266714667e-05
0.2325,3.23,10,0.720914087858,0.150824481914,0.811584979457,0
0.233,3.23,10,0.720912304247,0.151037196662,0.811601700038,0
0.2335,3.23,10,0.720911445169,0.151251108821,0.81162003517,0
0.211,3.235,10,0.721846026984,0.14251996999,0.812010986906,0
0.2115,3.235,10,0.721808718519,0.142685616443,0.811971239737,0
0.212,3.235,10,0.721772137053,0.142852258985,0.811932544199,0
0.2125,3.235,10,0.721736287189,0.143019902296,0.811894913425,6.00644634696e-07
0.213,3.235,10,0.721701173533,0.143188551054,0.811858360542,2.99469611003e-05
0.2135,3.235,10,0.721666800689,0.143358209939,0.811822898682,5.39616071147e-05
0.214,3.235,10,0.721633173261,0.143528883629,0.811788540974,5.55463055856e-05
0.2145,3.235,10,0.721600295855,0.143700576805,0.811755300548,5.71878647762e-05
0.215,3.235,10,0.721568173074,0.143873294145,0.811723190534,5.88888376605e-05
0.2155,3.235,10,0.721536809525,0.144047040328,0.811692224062,6.06519148525e-05
0.216,3.235,10,0.721506209811,0.144221820034,0.811662414261,6.24799340354e-05
0.2165,3.235,10,0.721476378536,0.144397637941,0.811633774262,6.43758888155e-05
0.217,3.235,10,0.721447320306,0.144574498729,0.811606317195,6.63429391283e-05
0.2175,3.235,10,0.721419039726,0.144752407077,0.811580056189,6.83844222595e-05
0.218,3.235,10,0.721391541399,0.144931367664,0.811555004375,7.05038640347e-05
0.2185,3.235,10,0.721364829931,0.145111385169,0.811531174881,7.27049922518e-05
0.219,3.235,10,0.721338909926,0.145292464271,0.811508580839,7.49917493151e-05
0.2195,3.235,10,0.721313785989,0.14547460965,0.811487235378,7.73683076577e-05
0.22,3.235,10,0.721289462724,0.145657825985,0.811467151628,7.98390850979e-05
0.2205,3.235,10,0.721265944737,0.145842117954,0.811448342719,8.2408761978e-05
0.221,3.235,10,0.721243236631,0.146027490238,0.81143082178,8.508229953e-05
0.2215,3.235,10,0.721221343012,0.146213947514,0.811414601942,8.78649599593e-05
0.222,3.235,10,0.721200268483,0.146401494463,0.811399696335,9.0762327584e-05
0.2225,3.235,10,0.721180017651,0.146590135763,0.811386118088,9.37803326269e-05
0.223,3.235,10,0.721160595119,0.146779876094,0.811373880331,9.69252759084e-05
0.2235,3.235,10,0.721142005492,0.146970720134,0.811362996194,0.000100203856829
0.224,3.235,10,0.721124253374,0.147162672564,0.811353478808,0.000103623202526
0.2245,3.235,10,0.721107343371,0.147355738061,0.811345341302,0.000107190900402
0.225,3.235,10,0.721091280087,0.147549921305,0.811338596806,0.000110915033384
0.2255,3.235,10,0.721076068127,0.147745226976,0.811333258449,0.000114804217773
0.226,3.235,10,0.721061712095,0.147941659752,0.811329339362,0.000118867644905
0.2265,3.235,10,0.721048216595,0.148139224313,0.811326852675,0.000123115126871
0.227,3.235,10,0.721035586234,0.148337925338,0.811325811518,0.000127557145478
0.2275,3.235,10,0.721023825614,0.148537767505,0.81132622902,0.000132204906521
0.228,3.235,10,0.721012939342,0.148738755495,0.811328118311,0.000137070400527
0.2285,3.235,10,0.721002932021,0.148940893985,0.811331492521,0.000142167534189
0.229,3.235,10,0.720993808256,0.149144187656,0.811336364781,0.000147508862863
0.2295,3.235,10,0.720985572652,0.149348641187,0.81134274822,0.0001531085525
0.23,3.235,10,0.720978229814,0.149554259256,0.811350655967,0.000158983173808
0.2305,3.235,10,0.720971784345,0.149761046543,0.811360101154,0.000165149738101
0.231,3.235,10,0.720966240852,0.149969007727,0.811371096909,0.000171626535882
0.2315,3.235,10,0.720961603938,0.150178147487,0.811383656363,0.000178433249645
0.232,3.235,10,0.720957878208,0.150388470503,0.811397792645,3.75869996037e-05
0.2325,3.235,10,0.720955068266,0.150599981453,0.811413518886,0
0.233,3.235,10,0.720953178719,0.150812685016,0.811430848215,0
0.2335,3.235,10,0.720952214169,0.151026585872,0.811449793762,0
0.234,3.235,10,0.720952179221,0.1512416887,0.811470368658,0
0.2105,3.24,10,0.721931244898,0.142132292187,0.811859164043,0
0.211,3.24,10,0.721893087026,0.142296941202,0.811818910135,0
0.2115,3.24,10,0.721855652012,0.142462581509,0.811779696398,0
0.212,3.24,10,0.721818944462,0.142629217787,0.811741535961,6.46981375474e-07
0.2125,3.24,10,0.721782968979,0.142796854715,0.811704441953,2.99618812556e-05
0.213,3.24,10,0.72174773017,0.142965496971,0.811668427505,5.32822728927e-05
0.2135,3.24,10,0.721713232637,0.143135149236,0.811633505746,5.48495083066e-05
0.214,3.24,10,0.721679480987,0.143305816188,0.811599689807,5.64729897019e-05
0.2145,3.24,10,0.721646479823,0.143477502506,0.811566992817,5.81552436618e-05
0.215,3.24,10,0.72161423375,0.14365021287,0.811535427907,5.98989335672e-05
0.2155,3.24,10,0.721582747374,0.143823951959,0.811505008205,6.17068680686e-05
0.216,3.24,10,0.721552025297,0.143998724452,0.811475746843,6.35820103372e-05
0.2165,3.24,10,0.721522072126,0.144174535028,0.811447656949,6.5527488295e-05
0.217,3.24,10,0.721492892465,0.144351388366,0.811420751655,6.75466054418e-05
0.2175,3.24,10,0.721464490919,0.144529289145,0.811395044089,6.96428522302e-05
0.218,3.24,10,0.721436872091,0.144708242045,0.811370547382,7.18199185059e-05
0.2185,3.24,10,0.721410040587,0.144888251744,0.811347274663,7.40817076392e-05
0.219,3.24,10,0.721384001012,0.145069322922,0.811325239062,7.64323499238e-05
0.2195,3.24,10,0.72135875797,0.145251460258,0.811304453711,7.88762193684e-05
0.22,3.24,10,0.721334316065,0.145434668432,0.811284931737,8.14179495788e-05
0.2205,3.24,10,0.721310679903,0.145618952121,0.811266686271,8.40624528325e-05
0.221,3.24,10,0.721287854088,0.145804316006,0.811249730444,8.68149390869e-05
0.2215,3.24,10,0.721265843225,0.145990764766,0.811234077384,8.96809379253e-05
0.222,3.24,10,0.721244651918,0.146178303079,0.811219740222,9.26663211808e-05
0.2225,3.24,10,0.721224284772,0.146366935625,0.811206732088,9.57773281884e-05
0.223,3.24,10,0.721204746392,0.146556667083,0.811195066112,9.90205929174e-05
0.2235,3.24,10,0.721186041382,0.146747502132,0.811184755423,0.000102403173532
0.224,3.24,10,0.721168174347,0.146939445451,0.811175813151,0.000105932583863
0.2245,3.24,10,0.721151149891,0.14713250172,0.811168252427,0.0001096168293
0.225,3.24,10,0.72113497262,0.147326675618,0.81116208638,0.000113464443075
0.2255,3.24,10,0.721119647137,0.147521971823,0.811157328141,0.000117484529205
0.226,3.24,10,0.721105178049,0.147718395015,0.811153990838,0.000121686806307
0.2265,3.24,10,0.721091569958,0.147915949874,0.811152087602,0.000126081656826
0.227,3.24,10,0.72107882747,0.148114641077,0.811151631563,0.000130680181325
0.2275,3.24,10,0.72106695519,0.148314473305,0.811152635851,0.000135494256122
0.228,3.24,10,0.721055957722,0.148515451236,0.811155113595,0.000140537533885
0.2285,3.24,10,0.72104583967,0.14871757955,0.811159077926,0.000145822842546
0.229,3.24,10,0.72103660564,0.148920862926,0.811164541974,0.000151363820397
0.2295,3.24,10,0.721028260237,0.149125306042,0.811171518867,0.00015717702019
0.23,3.24,10,0.721020808064,0.149330913579,0.811180021737,0.000163279297892
0.2305,3.24,10,0.721014253726,0.149537690215,0.811190063714,0.000169688777852
0.231,3.24,10,0.721008601828,0.149745640629,0.811201657926,0.000176424965588
0.2315,3.24,10,0.721003856975,0.149954769501,0.811214817504,0.000183061948759
0.232,3.24,10,0.721000023772,0.15016508151,0.811229555578,7.95328620112e-06
0.2325,3.24,10,0.720997106822,0.150376581335,0.811245885277,0
0.233,3.24,10,0.720995110731,0.150589273654,0.811263819733,0
0.2335,3.24,10,0.720994040103,0.150803163148,0.811283372073,0
0.234,3.24,10,0.720993899544,0.151018254495,0.81130455543,0
0.21,3.245,10,0.722018509917,0.141746711477,0.811711268867,0
0.2105,3.245,10,0.721979505706,0.141910367912,0.811670514396,0
0.211,3.245,10,0.721941220213,0.142075010841,0.811630788632,0
0.2115,3.245,10,0.721903658044,0.142240644943,0.811592104706,6.31321888211e-07
0.212,3.245,10,0.721866823804,0.142407274897,0.811554475746,2.96767829022e-05
0.2125,3.245,10,0.721830722098,0.142574905383,0.811517914884,5.26138227857e-05
0.213,3.245,10,0.721795357529,0.142743541078,0.811482435249,5.41639667648e-05
0.2135,3.245,10,0.721760734702,0.142913186664,0.81144804997,5.57697558816e-05
0.214,3.245,10,0.721726858223,0.143083846818,0.811414772178,5.7433691544e-05
0.2145,3.245,10,0.721693732696,0.14325552622,0.811382615003,5.91584102188e-05
0.215,3.245,10,0.721661362725,0.143428229549,0.811351591575,6.09466924855e-05
0.2155,3.245,10,0.721629752916,0.143601961484,0.811321715022,6.28014719977e-05
0.216,3.245,10,0.721598907872,0.143776726705,0.811292998476,6.4725845446e-05
0.2165,3.245,10,0.721568832199,0.14395252989,0.811265455067,6.67230834837e-05
0.217,3.245,10,0.7215395305,0.144129375718,0.811239097923,6.87966419666e-05
0.2175,3.245,10,0.721511007382,0.14430726887,0.811213940176,7.09501745817e-05
0.218,3.245,10,0.721483267448,0.144486214023,0.811189994954,7.31875458353e-05
0.2185,3.245,10,0.721456315303,0.144666215858,0.811167275388,7.55128458781e-05
0.219,3.245,10,0.721430155551,0.144847279053,0.811145794608,7.79304055689e-05
0.2195,3.245,10,0.721404792798,0.145029408287,0.811125565744,8.04448137482e-05
0.22,3.245,10,0.721380231648,0.14521260824,0.811106601925,8.30609344313e-05
0.2205,3.245,10,0.721356476706,0.14539688359,0.811088916282,8.5783927678e-05
0.221,3.245,10,0.721333532576,0.145582239017,0.811072521944,8.86192692097e-05
0.2215,3.245,10,0.721311403863,0.145768679201,0.811057432041,9.15727748084e-05
0.222,3.245,10,0.721290095171,0.145956208819,0.811043659703,9.46506237673e-05
0.2225,3.245,10,0.721269611106,0.146144832552,0.811031218061,9.78593871283e-05
0.223,3.245,10,0.721249956272,0.146334555078,0.811020120243,0.000101206055582
0.2235,3.245,10,0.721231135273,0.146525381076,0.81101037938,0.000104698072386
0.224,3.245,10,0.721213152714,0.146717315227,0.811002008602,0.00010834336696
0.2245,3.245,10,0.721196013201,0.146910362208,0.810995021038,0.000112150393139
0.225,3.245,10,0.721179721336,0.1471045267,0.810989429819,0.000116128169576
0.2255,3.245,10,0.721164281726,0.14729981338,0.810985248074,0.000120286324783
0.226,3.245,10,0.721149698975,0.147496226929,0.810982488934,0.000124635145141
0.2265,3.245,10,0.721135977687,0.147693772026,0.810981165528,0.000129185629393
0.227,3.245,10,0.721123122467,0.147892453349,0.810981290986,0.000133949544926
0.2275,3.245,10,0.72111113792,0.148092275578,0.810982878438,0.000138940286172
0.228,3.245,10,0.721100028651,0.148293243391,0.810985941014,0.0001441709727
0.2285,3.245,10,0.721089799263,0.148495361469,0.810990491844,0.00014965471082
0.229,3.245,10,0.721080454362,0.14869863449,0.810996544058,0.000155408040116
0.2295,3.245,10,0.721071998553,0.148903067134,0.811004110785,0.000161447668219
0.23,3.245,10,0.72106443644,0.149108664079,0.811013205156,0.000167791559511
0.2305,3.245,10,0.721057772627,0.149315430005,0.8110238403,0.000174459048405
0.231,3.245,10,0.721052011719,0.14952336959,0.811036029348,0.000181470963545
0.2315,3.245,10,0.721047158322,0.149732487515,0.811049785428,0.000163333167857
0.232,3.245,10,0.721043217039,0.149942788458,0.811065121672,0
0.2325,3.245,10,0.721040192475,0.150154277098,0.811082051209,0
0.233,3.245,10,0.721038089235,0.150366958114,0.811100587169,0
0.2335,3.245,10,0.721036911924,0.150580836186,0.811120742682,0
0.234,3.245,10,0.721036665146,0.150795915993,0.811142530877,0
0.2095,3.25,10,0.722107809601,0.141363218542,0.811567276694,0
0.21,3.25,10,0.722067962118,0.141525887254,0.811526027833,0
0.2105,3.25,10,0.722028829215,0.141689537662,0.811485796217,0
0.211,3.25,10,0.721990415496,0.141854174445,0.811446594975,5.55957911264e-07
0.2115,3.25,10,0.721952725567,0.142019802283,0.811408437238,2.91041775928e-05
0.212,3.25,10,0.721915764032,0.142186425854,0.811371336135,5.19560151044e-05
0.2125,3.25,10,0.721879535495,0.142354049838,0.811335304797,5.34894329998e-05
0.213,3.25,10,0.721844044561,0.142522678914,0.811300356352,5.50779092536e-05
0.2135,3.25,10,0.721809295835,0.14269231776,0.811266503932,5.6723920397e-05
0.214,3.25,10,0.721775293921,0.142862971057,0.811233760666,5.84300771533e-05
0.2145,3.25,10,0.721742043425,0.143034643484,0.811202139684,6.01991324318e-05
0.215,3.25,10,0.72170954895,0.143207339719,0.811171654116,6.20339912869e-05
0.2155,3.25,10,0.721677815102,0.143381064441,0.811142317091,6.39377201874e-05
0.216,3.25,10,0.721646846485,0.14355582233,0.81111414174,6.59135577525e-05
0.2165,3.25,10,0.721616647703,0.143731618066,0.811087141193,6.79649263731e-05
0.217,3.25,10,0.721587223362,0.143908456326,0.811061328579,7.00954441215e-05
0.2175,3.25,10,0.721558578066,0.14408634179,0.811036717028,7.23089385826e-05
0.218,3.25,10,0.72153071642,0.144265279138,0.811013319671,7.46094600541e-05
0.2185,3.25,10,0.721503643027,0.144445273049,0.810991149637,7.70012982719e-05
0.219,3.25,10,0.721477362494,0.144626328201,0.810970220055,7.94889978489e-05
0.2195,3.25,10,0.721451879425,0.144808449274,0.810950544057,8.2077376914e-05
0.22,3.25,10,0.721427198423,0.144991640947,0.810932134772,8.47715460615e-05
0.2205,3.25,10,0.721403324095,0.145175907899,0.810915005329,8.75769298432e-05
0.221,3.25,10,0.721380261044,0.145361254809,0.810899168859,9.04992888154e-05
0.2215,3.25,10,0.721358013875,0.145547686357,0.810884638491,9.3544744785e-05
0.222,3.25,10,0.721336587194,0.145735207222,0.810871427356,9.67198071209e-05
0.2225,3.25,10,0.721315985603,0.145923822082,0.810859548583,0.000100031401886
0.223,3.25,10,0.721296213709,0.146113535617,0.810849015302,0.000103486903224
0.2235,3.25,10,0.721277276116,0.146304352506,0.810839840644,0.000107094167865
0.224,3.25,10,0.721259177428,0.146496277428,0.810832037737,0.000110861572007
0.2245,3.25,10,0.72124192225,0.146689315063,0.810825619713,0.000114798052291
0.225,3.25,10,0.721225515187,0.146883470089,0.8108205997,0.000118913149688
0.2255,3.25,10,0.721209960844,0.147078747186,0.810816990829,0.000123217058368
0.226,3.25,10,0.721195263824,0.147275151032,0.81081480623,0.000127720677733
0.2265,3.25,10,0.721181428734,0.147472686307,0.810814059032,0.000132435670965
0.227,3.25,10,0.721168460176,0.147671357691,0.810814762365,0.000137375183972
0.2275,3.25,10,0.721156362757,0.147871169862,0.81081692936,0.000142552603208
0.228,3.25,10,0.72114514108,0.148072127499,0.810820573146,0.000147980556867
0.2285,3.25,10,0.72113479975,0.148274235282,0.810825706854,0.000153675540325
0.229,3.25,10,0.721125343373,0.148477497889,0.810832343612,0.000159654127789
0.2295,3.25,10,0.721116776552,0.14868192,0.810840496551,0.000165934129815
0.23,3.25,10,0.721109103892,0.148887506294,0.810850178801,0.000172534716335
0.2305,3.25,10,0.721102329999,0.149094261451,0.810861403492,0.000179476539818
0.231,3.25,10,0.721096459475,0.149302190148,0.810874183753,0.000186781870688
0.2315,3.25,10,0.721091496927,0.149511297066,0.810888532715,0.000131701344142
0.232,3.25,10,0.721087446959,0.149721586884,0.810904463507,0
0.2325,3.25,10,0.721084314176,0.14993306428,0.81092198926,0
0.233,3.25,10,0.721082103181,0.150145733935,0.810941123103,0
0.2335,3.25,10,0.721080818581,0.150359600526,0.810961878166,0
0.234,3.25,10,0.721080464979,0.150574668733,0.810984267579,0
0.2095,3.255,10,0.722158443822,0.141143489908,0.811385425761,0
0.21,3.255,10,0.722118466576,0.141306152652,0.811344694466,0
0.2105,3.255,10,0.722079204376,0.141469796973,0.811304982083,4.28781549711e-07
0.211,3.255,10,0.722040661826,0.141634427552,0.811266301742,2.82502088149e-05
0.2115,3.255,10,0.72200284353,0.141800049066,0.811228666572,5.13086123539e-05
0.212,3.255,10,0.721965754094,0.141966666195,0.811192089704,5.2825663873e-05
0.2125,3.255,10,0.721929398121,0.142134283618,0.811156584268,5.43972004683e-05
0.213,3.255,10,0.721893780216,0.142302906015,0.811122163394,5.60256747486e-05
0.2135,3.255,10,0.721858904985,0.142472538064,0.811088840211,5.77136719639e-05
0.214,3.255,10,0.721824777031,0.142643184445,0.811056627849,5.94639187308e-05
0.2145,3.255,10,0.72179140096,0.142814849836,0.811025539438,6.12792918608e-05
0.215,3.255,10,0.721758781375,0.142987538918,0.810995588109,6.31628284971e-05
0.2155,3.255,10,0.721726922883,0.143161256368,0.81096678699,6.51177363817e-05
0.216,3.255,10,0.721695830086,0.143336006867,0.810939149213,6.7147405131e-05
0.2165,3.255,10,0.721665507591,0.143511795093,0.810912687906,6.92554185666e-05
0.217,3.255,10,0.721635960001,0.143688625726,0.8108874162,7.14455677848e-05
0.2175,3.255,10,0.721607191922,0.143866503444,0.810863347225,7.3721865359e-05
0.218,3.255,10,0.721579207957,0.144045432928,0.81084049411,7.60885602086e-05
0.2185,3.255,10,0.721552012712,0.144225418855,0.810818869985,7.85501546618e-05
0.219,3.255,10,0.721525610791,0.144406465905,0.810798487981,8.11114218348e-05
0.2195,3.255,10,0.721500006799,0.144588578758,0.810779361227,8.37774251281e-05
0.22,3.255,10,0.721475205341,0.144771762092,0.810761502854,8.65535384432e-05
0.2205,3.255,10,0.721451211021,0.144956020586,0.81074492599,8.94454697845e-05
0.221,3.255,10,0.721428028443,0.145141358921,0.810729643766,9.24592845368e-05
0.2215,3.255,10,0.721405662213,0.145327781774,0.810715669312,9.56014329602e-05
0.222,3.255,10,0.721384116936,0.145515293825,0.810703015758,9.88787779612e-05
0.2225,3.255,10,0.721363397215,0.145703899754,0.810691696233,0.000102298627393
0.223,3.255,10,0.721343507655,0.145893604238,0.810681723868,0.000105868767102
0.2235,3.255,10,0.721324452861,0.146084411959,0.810673111793,0.000109597498696
0.224,3.255,10,0.721306237438,0.146276327593,0.810665873136,0.000113493679069
0.2245,3.255,10,0.721288865991,0.146469355822,0.810660021029,0.000117566765164
0.225,3.255,10,0.721272343123,0.146663501324,0.810655568601,0.000121826861166
0.2255,3.255,10,0.721256673441,0.146858768777,0.810652528982,0.000126284771786
0.226,3.255,10,0.721241861547,0.147055162862,0.810650915302,0.000130952058402
0.2265,3.255,10,0.721227912048,0.147252688257,0.810650740691,0.000135841632686
0.227,3.255,10,0.721214829547,0.147451349642,0.810652018278,0.000140967110523
0.2275,3.255,10,0.721202618649,0.147651151696,0.810654761194,0.000146340714235
0.228,3.255,10,0.721191283959,0.147852099097,0.810658982569,0.000151978850626
0.2285,3.255,10,0.721180830082,0.148054196525,0.810664695532,0.000157897979927
0.229,3.255,10,0.721171261622,0.14825744866,0.810671913213,0.000164115764142
0.2295,3.255,10,0.721162583184,0.148461860179,0.810680648743,0.000170651214928
0.23,3.255,10,0.721154799373,0.148667435764,0.810690915251,0.000177524815726
0.2305,3.255,10,0.721147914792,0.148874180091,0.810702725866,0.000184758655895
0.231,3.255,10,0.721141934048,0.149082097842,0.81071609372,0.000192376581204
0.2315,3.255,10,0.721136861744,0.149291193694,0.810731031942,9.63397740687e-05
0.232,3.255,10,0.721132702485,0.149501472327,0.810747553661,0
0.2325,3.255,10,0.721129460875,0.149712938421,0.810765672008,0
0.233,3.255,10,0.72112714152,0.149925596654,0.810785400112,0
0.2335,3.255,10,0.721125749025,0.150139451705,0.810806751104,0
0.234,3.255,10,0.721125287993,0.150354508254,0.810829738113,0
0.209,3.26,10,0.722250938376,0.140763166555,0.811248683496,0
0.2095,3.26,10,0.722210119857,0.140924846493,0.811207458696,0
0.21,3.26,10,0.722170012244,0.141087503209,0.811167241345,2.62977721044e-07
0.2105,3.26,10,0.722130620141,0.141251141385,0.811128044573,2.71149936251e-05
0.211,3.26,10,0.722091948153,0.1414157657,0.811089881511,5.06713812116e-05
0.2115,3.26,10,0.722054000885,0.141581380831,0.811052765287,5.21724203086e-05
0.212,3.26,10,0.722016782941,0.141747991459,0.811016709033,5.37273848222e-05
0.2125,3.26,10,0.721980298927,0.141915602262,0.810981725878,5.53387036359e-05
0.213,3.26,10,0.721944553446,0.142084217921,0.810947828951,5.70089376317e-05
0.2135,3.26,10,0.721909551103,0.142253843113,0.810915031383,5.87407874457e-05
0.214,3.26,10,0.721875296503,0.142424482518,0.810883346304,6.05371029803e-05
0.2145,3.26,10,0.721841794251,0.142596140816,0.810852786844,6.24008924626e-05
0.215,3.26,10,0.721809048952,0.142768822685,0.810823366131,6.43353337835e-05
0.2155,3.26,10,0.721777065209,0.142942532804,0.810795097297,6.63437847899e-05
0.216,3.26,10,0.721745847628,0.143117275853,0.810767993472,6.842979605e-05
0.2165,3.26,10,0.721715400812,0.143293056511,0.810742067784,7.05971233532e-05
0.217,3.26,10,0.721685729368,0.143469879457,0.810717333364,7.284974217e-05
0.2175,3.26,10,0.7216568379,0.14364774937,0.810693803343,7.51918625628e-05
0.218,3.26,10,0.721628731011,0.143826670929,0.810671490849,7.76279453818e-05
0.2185,3.26,10,0.721601413308,0.144006648814,0.810650409013,8.01627203141e-05
0.219,3.26,10,0.721574889393,0.144187687703,0.810630570964,8.28012045943e-05
0.2195,3.26,10,0.721549163873,0.144369792276,0.810611989833,8.55487238173e-05
0.22,3.26,10,0.721524241352,0.144552967212,0.81059467875,8.84109343792e-05
0.2205,3.26,10,0.721500126434,0.14473721719,0.810578650844,9.13938476568e-05
0.221,3.26,10,0.721476823725,0.144922546889,0.810563919245,9.45038559529e-05
0.2215,3.26,10,0.721454337828,0.145108960989,0.810550497083,9.77477618239e-05
0.222,3.26,10,0.721432673348,0.145296464168,0.810538397488,0.00010113280848
0.2225,3.26,10,0.72141183489,0.145485061105,0.81052763359,0.000104666713583
0.223,3.26,10,0.721391827059,0.14567475648,0.810518218519,0.000108357706192
0.2235,3.26,10,0.72137265446,0.145865554973,0.810510165404,0.000112214566789
0.224,3.26,10,0.721354321696,0.146057461261,0.810503487377,0.000116246670408
0.2245,3.26,10,0.721336833373,0.146250480024,0.810498197565,0.000120464035402
0.225,3.26,10,0.721320194095,0.146444615942,0.810494309101,0.000124877373794
0.2255,3.26,10,0.721304408467,0.146639873694,0.810491835112,0.000129498150111
0.226,3.26,10,0.721289481094,0.146836257958,0.81049078873,0.000134339055155
0.2265,3.26,10,0.72127541658,0.147033773414,0.810491183084,0.000139413893774
0.227,3.26,10,0.72126221953,0.147232424741,0.810493031303,0.00014473455941
0.2275,3.26,10,0.721249894548,0.147432216618,0.810496346519,0.000150317323991
0.228,3.26,10,0.72123844624,0.147633153724,0.810501141861,0.000156178551706
0.2285,3.26,10,0.721227879209,0.147835240739,0.810507430458,0.000162335762814
0.229,3.26,10,0.721218198061,0.148038482341,0.810515225441,0.00016880781638
0.2295,3.26,10,0.7212094074,0.14824288321,0.810524539939,0.000175615033562
0.23,3.26,10,0.721201511831,0.148448448025,0.810535387083,0.00018277933063
0.2305,3.26,10,0.721194515958,0.148655181465,0.810547780002,0.000190324367133
0.231,3.26,10,0.721188424386,0.148863088209,0.810561731827,0.000198275711245
0.2315,3.26,10,0.72118324172,0.149072172936,0.810577255686,5.69475268773e-05
0.232,3.26,10,0.721178972565,0.149282440326,0.810594364711,0
0.2325,3.26,10,0.721175621524,0.149493895057,0.81061307203,0
0.233,3.26,10,0.721173193203,0.14970654181,0.810633390775,0
0.2335,3.26,10,0.721171692206,0.149920385262,0.810655334074,0
0.234,3.26,10,0.721171123139,0.150135430093,0.810678915057,0
0.2085,3.265,10,0.72234543334,0.140384907878,0.811115776352,0
0.209,3.265,10,0.722303776615,0.140545609865,0.81107406422,0
0.2095,3.265,10,0.722262826657,0.140707283834,0.811033348075,7.95048729074e-08
0.21,3.265,10,0.72222258807,0.140869934465,0.810993641047,2.56929371296e-05
0.2105,3.265,10,0.722183065459,0.141033566436,0.810954956265,5.0044092027e-05
0.211,3.265,10,0.722144263428,0.141198184427,0.81091730686,5.15294677643e-05
0.2115,3.265,10,0.722106186582,0.141363793116,0.810880705961,5.30682218707e-05
0.212,3.265,10,0.722068839525,0.141530397184,0.810845166699,5.46627609761e-05
0.2125,3.265,10,0.722032226863,0.141698001309,0.810810702203,5.63156218889e-05
0.213,3.265,10,0.7219963532,0.141866610169,0.810777325603,5.80294802135e-05
0.2135,3.265,10,0.72196122314,0.142036228445,0.810745050029,5.98071593316e-05
0.214,3.265,10,0.721926841289,0.142206860816,0.810713888611,6.16516400136e-05
0.2145,3.265,10,0.72189321225,0.14237851196,0.810683854478,6.35660706572e-05
0.215,3.265,10,0.721860340629,0.142551186558,0.810654960762,6.55537785268e-05
0.2155,3.265,10,0.721828231031,0.142724889287,0.810627220591,6.76182816872e-05
0.216,3.265,10,0.721796888059,0.142899624827,0.810600647095,6.97633020348e-05
0.2165,3.265,10,0.721766316318,0.143075397857,0.810575253405,7.19927788959e-05
0.217,3.265,10,0.721736520414,0.143252213057,0.810551052651,7.43108844508e-05
0.2175,3.265,10,0.72170750495,0.143430075106,0.810528057961,7.67220397471e-05
0.218,3.265,10,0.721679274532,0.143608988682,0.810506282467,7.92309320087e-05
0.2185,3.265,10,0.721651833764,0.143788958465,0.810485739297,8.1842534156e-05
0.219,3.265,10,0.721625187251,0.143969989134,0.810466441583,8.45621246315e-05
0.2195,3.265,10,0.721599339597,0.144152085368,0.810448402453,8.73953101885e-05
0.22,3.265,10,0.721574295407,0.144335251847,0.810431635038,9.03480493362e-05
0.2205,3.265,10,0.721550059286,0.144519493249,0.810416152468,9.34266793587e-05
0.221,3.265,10,0.721526635838,0.144704814254,0.810401967872,9.66379435355e-05
0.2215,3.265,10,0.721504029668,0.14489121954,0.810389094381,9.99890229889e-05
0.222,3.265,10,0.721482245381,0.145078713787,0.810377545124,0.000103487569278
0.2225,3.265,10,0.721461287581,0.145267301675,0.810367333231,0.000107141741873
0.223,3.265,10,0.721441160873,0.145456987882,0.810358471832,0.000110960246816
0.2235,3.265,10,0.721421869862,0.145647777087,0.810350974058,0.000114952380872
0.224,3.265,10,0.721403419151,0.145839673969,0.810344853037,0.000119128078637
0.2245,3.265,10,0.721385813347,0.146032683208,0.8103401219,0.000123497963904
0.225,3.265,10,0.721369057053,0.146226809483,0.810336793777,0.000128073406782
0.2255,3.265,10,0.721353154875,0.146422057473,0.810334881797,0.000132866893903
0.226,3.265,10,0.721338111416,0.146618431857,0.810334399091,0.000137892371553
0.2265,3.265,10,0.721323931282,0.146815937315,0.810335358788,0.000143161490983
0.227,3.265,10,0.721310619076,0.147014578524,0.810337774019,0.000148690335312
0.2275,3.265,10,0.721298179405,0.147214360166,0.810341657913,0.000154495194462
0.228,3.265,10,0.721286616872,0.147415286918,0.8103470236,0.000160593451311
0.2285,3.265,10,0.721275936082,0.14761736346,0.81035388421,0.00016700381953
0.229,3.265,10,0.72126614164,0.147820594471,0.810362252873,0.000173746464261
0.2295,3.265,10,0.72125723815,0.14802498463,0.810372142718,0.000180843135547
0.23,3.265,10,0.721249230218,0.148230538616,0.810383566877,0.000188317315665
0.2305,3.265,10,0.721242122447,0.148437261109,0.810396538478,0.000196194382499
0.231,3.265,10,0.721235919442,0.148645156787,0.810411070651,0.000204386138384
0.2315,3.265,10,0.721230625808,0.148854230331,0.810427176527,1.36527472612e-05
0.232,3.265,10,0.72122624615,0.149064486418,0.810444869236,0
0.2325,3.265,10,0.721222785072,0.149275929728,0.810464161906,0
0.233,3.265,10,0.72122024718,0.149488564941,0.810485067669,0
0.2335,3.265,10,0.721218637076,0.149702396734,0.810507599653,0
0.208,3.27,10,0.722441916272,0.140008704555,0.810986679643,0
0.2085,3.27,10,0.72239942441,0.14016843345,0.810944486354,0
0.209,3.27,10,0.722357635176,0.140329129529,0.810903277588,0
0.2095,3.27,10,0.722316553173,0.140490797471,0.810863066477,2.39742428592e-05
0.21,3.27,10,0.722276183006,0.140653441956,0.81082386615,4.94228422876e-05
0.2105,3.27,10,0.722236529281,0.140817067664,0.810785689737,5.08965750128e-05
0.211,3.27,10,0.722197596601,0.140981679272,0.810748550368,5.2419475568e-05
0.2115,3.27,10,0.722159389571,0.141147281461,0.810712461172,5.3997605026e-05
0.212,3.27,10,0.722121912796,0.141313878908,0.81067743528,5.56334772195e-05
0.2125,3.27,10,0.72208517088,0.141481476295,0.810643485821,5.73297433215e-05
0.213,3.27,10,0.722049168429,0.141650078299,0.810610625926,5.90892011874e-05
0.2135,3.27,10,0.722013910047,0.1418196896,0.810578868725,6.09148045376e-05
0.214,3.27,10,0.721979400338,0.141990314877,0.810548227346,6.2809673566e-05
0.2145,3.27,10,0.721945643907,0.142161958809,0.81051871492,6.47771055355e-05
0.215,3.27,10,0.721912645359,0.142334626075,0.810490344578,6.68205873828e-05
0.2155,3.27,10,0.721880409299,0.142508321354,0.810463129448,6.89438076626e-05
0.216,3.27,10,0.72184894033,0.142683049326,0.810437082662,7.11506710407e-05
0.2165,3.27,10,0.721818243059,0.14285881467,0.810412217348,7.3445312889e-05
0.217,3.27,10,0.721788322089,0.143035622065,0.810388546636,7.58321154943e-05
0.2175,3.27,10,0.721759182024,0.14321347619,0.810366083657,7.83157254801e-05
0.218,3.27,10,0.721730827471,0.143392381724,0.810344841541,8.09010722307e-05
0.2185,3.27,10,0.721703263033,0.143572343346,0.810324833417,8.35933890242e-05
0.219,3.27,10,0.721676493314,0.143753365736,0.810306072415,8.63982342124e-05
0.2195,3.27,10,0.721650522921,0.143935453572,0.810288571665,8.9321515881e-05
0.22,3.27,10,0.721625356457,0.144118611534,0.810272344297,9.23695171193e-05
0.2205,3.27,10,0.721600998526,0.144302844301,0.810257403441,9.55489247783e-05
0.221,3.27,10,0.721577453735,0.144488156552,0.810243762227,9.88668594849e-05
0.2215,3.27,10,0.721554726686,0.144674552966,0.810231433785,0.000102330909515
0.222,3.27,10,0.721532821986,0.144862038223,0.810220431244,0.000105949166455
0.2225,3.27,10,0.721511744237,0.145050617001,0.810210767735,0.000109730265254
0.223,3.27,10,0.721491498047,0.14524029398,0.810202456387,0.000113683426617
0.2235,3.27,10,0.721472088018,0.145431073838,0.81019551033,0.000117818504896
0.224,3.27,10,0.721453518755,0.145622961256,0.810189942695,0.000122146038613
0.2245,3.27,10,0.721435794864,0.145815960912,0.810185766611,0.000126677307199
0.225,3.27,10,0.721418920948,0.146010077484,0.810182995208,0.000131424609604
0.2255,3.27,10,0.721402901613,0.146205315654,0.810181641615,0.000136401982583
0.226,3.27,10,0.721387741463,0.146401680099,0.810181718964,0.000141620927716
0.2265,3.27,10,0.721373445103,0.146599175498,0.810183240383,0.000147097281812
0.227,3.27,10,0.721360017137,0.146797806532,0.810186219003,0.000152847281909
0.2275,3.27,10,0.72134746217,0.146997577878,0.810190667953,0.000158888179641
0.228,3.27,10,0.721335784807,0.147198494217,0.810196600364,0.00016523854875
0.2285,3.27,10,0.721324989652,0.147400560227,0.810204029365,0.000171918405442
0.229,3.27,10,0.72131508131,0.147603780587,0.810212968086,0.000178949340624
0.2295,3.27,10,0.721306064386,0.147808159977,0.810223429658,0.000186354666696
0.23,3.27,10,0.721297943484,0.148013703076,0.810235427209,0.000194159580572
0.2305,3.27,10,0.721290723209,0.148220414563,0.810248973871,0.000202391343143
0.231,3.27,10,0.721284408165,0.148428299116,0.810264082772,0.000177813266796
0.2315,3.27,10,0.721279002958,0.148637361416,0.810280767043,0
0.232,3.27,10,0.721274512192,0.148847606142,0.810299039813,0
0.2325,3.27,10,0.721270940471,0.149059037971,0.810318914213,0
0.233,3.27,10,0.721268292401,0.149271661585,0.810340403373,0
0.2075,3.275,10,0.722540374731,0.139634547269,0.810861368685,0
0.208,3.275,10,0.722497050801,0.139793307928,0.810818700412,0
0.2085,3.275,10,0.722454425359,0.139953030974,0.8107770052,0
0.209,3.275,10,0.722412503008,0.140113721085,0.81073629618,2.20167919209e-05
0.2095,3.275,10,0.722371288355,0.140275382942,0.810696586481,4.86752241513e-05
0.21,3.275,10,0.722330786003,0.140438021222,0.810657889234,5.02735148897e-05
0.2105,3.275,10,0.722291000557,0.140601640607,0.810620217567,5.1780913326e-05
0.211,3.275,10,0.722251936622,0.140766245773,0.810583584612,5.33429981644e-05
0.2115,3.275,10,0.722213598803,0.140931841401,0.810548003498,5.49622604347e-05
0.212,3.275,10,0.722175991704,0.141098432171,0.810513487355,5.6641327951e-05
0.2125,3.275,10,0.722139119929,0.14126602276,0.810480049312,5.83829734933e-05
0.213,3.275,10,0.722102988084,0.141434617848,0.8104477025,6.01901248112e-05
0.2135,3.275,10,0.722067600774,0.141604222114,0.810416460049,6.20658745258e-05
0.214,3.275,10,0.722032962601,0.141774840238,0.810386335089,6.40134912082e-05
0.2145,3.275,10,0.721999078173,0.141946476898,0.810357340748,6.60364309706e-05
0.215,3.275,10,0.721965952092,0.142119136774,0.810329490159,6.81383506722e-05
0.2155,3.275,10,0.721933588964,0.142292824545,0.810302796449,7.03231211248e-05
0.216,3.275,10,0.721901993394,0.14246754489,0.810277272749,7.25948421472e-05
0.2165,3.275,10,0.721871169985,0.142643302488,0.81025293219,7.49578584789e-05
0.217,3.275,10,0.721841123343,0.142820102019,0.8102297879,7.74167771123e-05
0.2175,3.275,10,0.721811858072,0.14299794816,0.81020785301,7.99764861003e-05
0.218,3.275,10,0.721783378778,0.143176845593,0.81018714065,8.26421742204e-05
0.2185,3.275,10,0.721755690064,0.143356798995,0.810167663949,8.54193537018e-05
0.219,3.275,10,0.721728796535,0.143537813046,0.810149436038,8.8313883237e-05
0.2195,3.275,10,0.721702702796,0.143719892425,0.810132470047,9.13319942815e-05
0.22,3.275,10,0.721677413451,0.143903041812,0.810116779105,9.44803184916e-05
0.2205,3.275,10,0.721652933106,0.144087265884,0.810102376341,9.77659188284e-05
0.221,3.275,10,0.721629266365,0.144272569322,0.810089274887,0.000101196321693
0.2215,3.275,10,0.721606417832,0.144458956805,0.810077487872,0.000104779554089
0.222,3.275,10,0.721584392112,0.144646433012,0.810067028426,0.000108524181698
0.2225,3.275,10,0.72156319381,0.144835002622,0.810057909679,0.000112439352685
0.223,3.275,10,0.721542827531,0.145024670313,0.810050144761,0.000116534843501
0.2235,3.275,10,0.721523297878,0.145215440766,0.810043746801,0.000120821110921
0.224,3.275,10,0.721504609458,0.14540731866,0.810038728929,0.000125309347108
0.2245,3.275,10,0.721486766874,0.145600308673,0.810035104276,0.000130011681436
0.225,3.275,10,0.72146977473,0.145794415484,0.810032885971,0.000134942184581
0.2255,3.275,10,0.721453637633,0.145989643774,0.810032087145,0.000140112308902
0.226,3.275,10,0.721438360186,0.14618599822,0.810032720926,0.000145537581924
0.2265,3.275,10,0.721423946994,0.146383483503,0.810034800446,0.000151234210891
0.227,3.275,10,0.721410402661,0.146582104301,0.810038338834,0.000157219321563
0.2275,3.275,10,0.721397731793,0.146781865293,0.810043349219,0.000163511354
0.228,3.275,10,0.721385938994,0.146982771159,0.810049844732,0.000170130181742
0.2285,3.275,10,0.721375028868,0.147184826578,0.810057838503,0.000177097243947
0.229,3.275,10,0.721365006021,0.147388036229,0.810067343661,0.000184435690909
0.2295,3.275,10,0.721355875057,0.147592404791,0.810078373336,0.000192170546513
0.23,3.275,10,0.72134764058,0.147797936943,0.810090940659,0.000185744574781
0.2305,3.275,10,0.721340307195,0.148004637364,0.810105058759,0.000114744309131
0.231,3.275,10,0.721333879507,0.148212510734,0.810120740766,3.09122441378e-05
0.2315,3.275,10,0.721328362121,0.148421561731,0.810137999811,0
0.232,3.275,10,0.721323759641,0.148631795035,0.810156849022,0
0.2325,3.275,10,0.721320076671,0.148843215326,0.81017730153,0
0.233,3.275,10,0.721317317817,0.149055827281,0.810199370464,0
0.207,3.28,10,0.722640796278,0.139262426701,0.810739818793,0
0.2075,3.28,10,0.722596643347,0.139420223981,0.810696681709,0
0.208,3.28,10,0.722553184765,0.13957897885,0.810654506225,0
0.2085,3.28,10,0.722510425135,0.139738695988,0.810613305469,1.98884991859e-05
0.209,3.28,10,0.722468369063,0.139899380073,0.810573092572,4.77746220033e-05
0.2095,3.28,10,0.722427021154,0.140061035784,0.810533880664,4.96600634918e-05
0.21,3.28,10,0.722386386011,0.140223667801,0.810495682875,5.11523067166e-05
0.2105,3.28,10,0.722346468239,0.140387280803,0.810458512334,5.26987066705e-05
0.211,3.28,10,0.722307272444,0.140551879469,0.810422382171,5.43017327579e-05
0.2115,3.28,10,0.722268803229,0.140717468477,0.810387305517,5.59639896616e-05
0.212,3.28,10,0.7222310652,0.140884052508,0.810353295501,5.76882262295e-05
0.2125,3.28,10,0.722194062961,0.141051636241,0.810320365253,5.9477344778e-05
0.213,3.28,10,0.722157801116,0.141220224354,0.810288527903,6.13344113687e-05
0.2135,3.28,10,0.722122284271,0.141389821527,0.810257796581,6.32626664099e-05
0.214,3.28,10,0.72208751703,0.141560432438,0.810228184417,6.52655368421e-05
0.2145,3.28,10,0.722053503997,0.141732061768,0.81019970454,6.7346648176e-05
0.215,3.28,10,0.722020249778,0.141904714195,0.810172370081,6.95098387211e-05
0.2155,3.28,10,0.721987758977,0.142078394398,0.81014619417,7.17591738513e-05
0.216,3.28,10,0.721956036198,0.142253107056,0.810121189936,7.40989620449e-05
0.2165,3.28,10,0.721925086047,0.142428856849,0.810097370509,7.6533772035e-05
0.217,3.28,10,0.721894913128,0.142605648456,0.81007474902,7.90684514751e-05
0.2175,3.28,10,0.721865522045,0.142783486556,0.810053338597,8.17081468545e-05
0.218,3.28,10,0.721836917403,0.142962375827,0.810033152372,8.44583251405e-05
0.2185,3.28,10,0.721809103807,0.14314232095,0.810014203474,8.73247978779e-05
0.219,3.28,10,0.721782085862,0.143323326604,0.809996505032,9.03137462001e-05
0.2195,3.28,10,0.721755868172,0.143505397466,0.809980070177,9.34317491121e-05
0.22,3.28,10,0.721730455342,0.143688538218,0.809964912039,9.66858132746e-05
0.2205,3.28,10,0.721705851976,0.143872753537,0.809951043747,0.000100083406234
0.221,3.28,10,0.721682062679,0.144058048103,0.809938478431,0.000103632492009
0.2215,3.28,10,0.721659092056,0.144244426596,0.809927229222,0.000107341570284
0.222,3.28,10,0.721636944711,0.144431893693,0.809917309249,0.000111219718518
0.2225,3.28,10,0.72161562525,0.144620454075,0.809908731642,0.000115276639336
0.223,3.28,10,0.721595138276,0.144810112421,0.809901509531,0.000119522710104
0.2235,3.28,10,0.721575488395,0.145000873409,0.809895656047,0.000123969039628
0.224,3.28,10,0.72155668021,0.145192741719,0.809891184317,0.000128627606658
0.2245,3.28,10,0.721538718327,0.14538572203,0.809888107474,0.000133512454497
0.225,3.28,10,0.721521607351,0.145579819021,0.809886438646,0.000138635093888
0.2255,3.28,10,0.721505351885,0.145775037372,0.809886190964,0.000144010675659
0.226,3.28,10,0.721489956535,0.145971381761,0.809887377557,0.000149655400714
0.2265,3.28,10,0.721475425906,0.146168856867,0.809890011555,0.000155586274883
0.227,3.28,10,0.721461764601,0.14636746737,0.809894106089,0.000161821610427
0.2275,3.28,10,0.721448977226,0.146567217949,0.809899674288,0.000168381144763
0.228,3.28,10,0.721437068385,0.146768113284,0.809906729281,0.000175286172079
0.2285,3.28,10,0.721426042683,0.146970158052,0.8099152842,0.000182258688577
0.229,3.28,10,0.721415904724,0.147173356934,0.809925352174,0.000141530752538
0.2295,3.28,10,0.721406659114,0.147377714608,0.809936946332,6.67608082986e-05
0.23,3.28,10,0.721398310456,0.147583235754,0.809950079804,3.9760796066e-06
0.2305,3.28,10,0.721390863356,0.147789925051,0.809964765722,0
0.231,3.28,10,0.721384322418,0.147997787177,0.809981017213,0
0.2315,3.28,10,0.721378692246,0.148206826813,0.809998847409,0
0.232,3.28,10,0.721373977446,0.148417048637,0.810018269439,0
0.2325,3.28,10,0.721370182623,0.148628457329,0.810039296434,0
0.233,3.28,10,0.721367312379,0.148841057567,0.810061941522,0
0.2065,3.285,10,0.722743168469,0.138892333531,0.810622005281,0
0.207,3.285,10,0.722698189607,0.13904917229,0.810578405561,0
0.2075,3.285,10,0.722653900953,0.13920696384,0.810535755977,0
0.208,3.285,10,0.722610307113,0.13936571286,0.81049406966,1.76312958879e-05
0.2085,3.285,10,0.722567412691,0.139525424031,0.810453359739,4.67487351392e-05
0.209,3.285,10,0.722525222292,0.13968610203,0.810413639344,4.90559999513e-05
0.2095,3.285,10,0.72248374052,0.139847751537,0.810374921605,5.05334302359e-05
0.21,3.285,10,0.72244297198,0.140010377231,0.810337219652,5.20645005666e-05
0.2105,3.285,10,0.722402921277,0.140173983791,0.810300546615,5.36516590608e-05
0.211,3.285,10,0.722363593015,0.140338575896,0.810264915623,5.52974883392e-05
0.2115,3.285,10,0.722324991799,0.140504158227,0.810230339808,5.7004713689e-05
0.212,3.285,10,0.722287122234,0.140670735461,0.810196832297,5.8776213097e-05
0.2125,3.285,10,0.722249988925,0.140838312277,0.810164406222,6.06150266331e-05
0.213,3.285,10,0.722213596475,0.141006893356,0.810133074712,6.25243678347e-05
0.2135,3.285,10,0.72217794949,0.141176483376,0.810102850898,6.45076347672e-05
0.214,3.285,10,0.722143052574,0.141347087016,0.810073747909,6.65684232841e-05
0.2145,3.285,10,0.722108910332,0.141518708956,0.810045778874,6.87105397692e-05
0.215,3.285,10,0.722075527368,0.141691353874,0.810018956925,7.09380164907e-05
0.2155,3.285,10,0.722042908288,0.14186502645,0.80999329519,7.3255126857e-05
0.216,3.285,10,0.722011057696,0.142039731363,0.8099688068,7.56664026269e-05
0.2165,3.285,10,0.721979980196,0.142215473291,0.809945504885,7.81766524542e-05
0.217,3.285,10,0.721949680393,0.142392256916,0.809923402574,8.07909816832e-05
0.2175,3.285,10,0.721920162893,0.142570086914,0.809902512997,8.35148142777e-05
0.218,3.285,10,0.721891432298,0.142748967966,0.809882849285,8.63539155245e-05
0.2185,3.285,10,0.721863493215,0.14292890475,0.809864424567,8.93144187415e-05
0.219,3.285,10,0.721836350247,0.143109901947,0.809847251973,9.24028514823e-05
0.2195,3.285,10,0.721810008,0.143291964234,0.809831344633,9.56261668467e-05
0.22,3.285,10,0.721784471078,0.143475096291,0.809816715677,9.89917750215e-05
0.2205,3.285,10,0.721759744086,0.143659302798,0.809803378235,0.000102507580164
0.221,3.285,10,0.721735831628,0.143844588433,0.809791345437,0.00010618201768
0.2215,3.285,10,0.721712738309,0.144030957875,0.809780630412,0.000110024097976
0.222,3.285,10,0.721690468734,0.144218415805,0.80977124629,0.000114043451864
0.2225,3.285,10,0.721669027507,0.1444069669,0.809763206202,0.000118250381111
0.223,3.285,10,0.721648419233,0.14459661584,0.809756523278,0.000122655914248
0.2235,3.285,10,0.721628648517,0.144787367304,0.809751210646,0.000127271900135
0.224,3.285,10,0.721609719963,0.144979225972,0.809747281438,0.000132112287269
0.2245,3.285,10,0.721591638176,0.145172196521,0.809744748783,0.000137188761817
0.225,3.285,10,0.72157440776,0.145366283633,0.80974362581,0.000142516023212
0.2255,3.285,10,0.721558033321,0.145561491985,0.809743925651,0.000148110292434
0.226,3.285,10,0.721542519462,0.145757826257,0.809745661434,0.000153988460353
0.2265,3.285,10,0.721527870789,0.145955291129,0.809748846289,0.000160168717536
0.227,3.285,10,0.721514091906,0.146153891278,0.809753493347,0.000166670671575
0.2275,3.285,10,0.721501187418,0.146353631385,0.809759615738,0.000161160765106
0.228,3.285,10,0.72148916193,0.146554516128,0.809767226591,9.85453993802e-05
0.2285,3.285,10,0.721478020045,0.146756550187,0.809776339036,2.63110273464e-05
0.229,3.285,10,0.72146776637,0.146959738241,0.809786966203,0
0.2295,3.285,10,0.721458405507,0.147164084968,0.809799121222,0
0.23,3.285,10,0.721449942063,0.147369595049,0.809812817223,0
0.2305,3.285,10,0.721442380642,0.147576273162,0.809828067336,0
0.231,3.285,10,0.721435725848,0.147784123986,0.809844884691,0
0.2315,3.285,10,0.721429982286,0.147993152201,0.809863282417,0
0.232,3.285,10,0.72142515456,0.148203362486,0.809883273644,0
0.2325,3.285,10,0.721421247276,0.148414759519,0.809904871504,0
0.206,3.29,10,0.722847478866,0.138524258441,0.810507903464,0
0.2065,3.29,10,0.72280167714,0.138680143535,0.810463847281,0
0.207,3.29,10,0.722756561483,0.138836976623,0.810420729772,0
0.2075,3.29,10,0.722712136501,0.138994762384,0.810378564067,1.52907587706e-05
0.208,3.29,10,0.722668406797,0.139153505496,0.810337363296,4.5561336748e-05
0.2085,3.29,10,0.722625376976,0.13931321064,0.810297140588,4.84611063647e-05
0.209,3.29,10,0.722583051644,0.139473882494,0.810257909073,4.99240618574e-05
0.2095,3.29,10,0.722541435404,0.139635525737,0.810219681882,5.1440153243e-05
0.21,3.29,10,0.722500532862,0.139798145049,0.810182472144,5.30118082298e-05
0.2105,3.29,10,0.722460348621,0.139961745109,0.810146292989,5.46415877487e-05
0.211,3.29,10,0.722420887287,0.140126330595,0.810111157547,5.63321947276e-05
0.2115,3.29,10,0.722382153465,0.140291906188,0.810077078948,5.80864830741e-05
0.212,3.29,10,0.722344151758,0.140458476565,0.810044070321,5.99074682228e-05
0.2125,3.29,10,0.722306886772,0.140626046407,0.810012144798,6.17983371123e-05
0.213,3.29,10,0.722270363111,0.140794620392,0.809981315507,6.37624605331e-05
0.2135,3.29,10,0.72223458538,0.1409642032,0.809951595578,6.58034050618e-05
0.214,3.29,10,0.722199558184,0.141134799509,0.809922998142,6.7924946755e-05
0.2145,3.29,10,0.722165286127,0.141306414,0.809895536328,7.01310854589e-05
0.215,3.29,10,0.722131773813,0.14147905135,0.809869223267,7.24260608571e-05
0.2155,3.29,10,0.722099025848,0.14165271624,0.809844072087,7.48143690454e-05
0.216,3.29,10,0.722067046836,0.141827413348,0.809820095919,7.7300781081e-05
0.2165,3.29,10,0.722035841382,0.142003147354,0.809797307894,7.98903626347e-05
0.217,3.29,10,0.722005414091,0.142179922936,0.80977572114,8.25884956936e-05
0.2175,3.29,10,0.721975769566,0.142357744774,0.809755348788,8.54009019944e-05
0.218,3.29,10,0.721946912413,0.142536617546,0.809736203967,8.83336675532e-05
0.2185,3.29,10,0.721918847237,0.142716545933,0.809718299808,9.13932715101e-05
0.219,3.29,10,0.721891578641,0.142897534613,0.809701649441,9.45866144968e-05
0.2195,3.29,10,0.721865111231,0.143079588266,0.809686265994,9.79210523939e-05
0.22,3.29,10,0.721839449612,0.14326271157,0.809672162599,0.000101404430826
0.2205,3.29,10,0.721814598388,0.143446909205,0.809659352385,0.000105045124566
0.221,3.29,10,0.721790562163,0.143632185849,0.809647848482,0.000108852078677
0.2215,3.29,10,0.721767345542,0.143818546183,0.80963766402,0.00011283485562
0.222,3.29,10,0.72174495313,0.144005994885,0.809628812128,0.000117003684608
0.2225,3.29,10,0.721723389532,0.144194536634,0.809621305938,0.000121369517122
0.223,3.29,10,0.721702659353,0.144384176109,0.809615158578,0.00012594409417
0.2235,3.29,10,0.721682767196,0.14457491799,0.809610383178,0.000130741196978
0.224,3.29,10,0.721663717666,0.144766766956,0.809606992869,0.000135772811093
0.2245,3.29,10,0.721645515369,0.144959727686,0.80960500078,0.000141053106071
0.225,3.29,10,0.721628164908,0.145153804858,0.809604420041,0.000146598349122
0.2255,3.29,10,0.721611670889,0.145349003153,0.809605263783,0.000152425322248
0.226,3.29,10,0.721596037917,0.145545327249,0.809607545134,0.000158550634682
0.2265,3.29,10,0.721581270594,0.145742781826,0.809611277226,0.000128068547561
0.227,3.29,10,0.721567373528,0.145941371562,0.809616473187,6.15678285878e-05
0.2275,3.29,10,0.721554351321,0.146141101138,0.809623146148,4.49130778155e-06
0.228,3.29,10,0.721542208579,0.146341975231,0.809631309238,0
0.2285,3.29,10,0.721530949907,0.146543998521,0.809640975588,0
0.229,3.29,10,0.721520579908,0.146747175687,0.809652158327,0
0.2295,3.29,10,0.721511103189,0.146951511409,0.809664870586,0
0.23,3.29,10,0.721502524352,0.147157010365,0.809679125494,0
0.2305,3.29,10,0.721494848004,0.147363677235,0.809694936181,0
0.231,3.29,10,0.721488078748,0.147571516698,0.809712315777,0
0.2315,3.29,10,0.721482221189,0.147780533433,0.809731277411,0
0.232,3.29,10,0.721477279933,0.147990732119,0.809751834215,0
0.2325,3.29,10,0.721473259583,0.148202117435,0.809773999317,0
0.2055,3.295,10,0.722953715026,0.138158192111,0.810397488657,0
0.206,3.295,10,0.722907093505,0.138313128398,0.810352982185,0
0.2065,3.295,10,0.722861153913,0.138469007881,0.810309402925,0
0.207,3.295,10,0.722815900857,0.138625835239,0.810266764006,4.83066794565e-07
0.2075,3.295,10,0.722771338939,0.138783615151,0.810225078558,2.88727838722e-05
0.208,3.295,10,0.722727472766,0.138942352296,0.81018435971,4.75129776036e-05
0.2085,3.295,10,0.722684306942,0.139102051354,0.810144620594,4.93239822263e-05
0.209,3.295,10,0.72264184607,0.139262717004,0.810105874338,5.08254412459e-05
0.2095,3.295,10,0.722600094757,0.139424353925,0.810068134072,5.23819522988e-05
0.21,3.295,10,0.722559057606,0.139586966795,0.810031412928,5.39960555241e-05
0.2105,3.295,10,0.722518739223,0.139750560295,0.809995724033,5.567043184e-05
0.211,3.295,10,0.722479144211,0.139915139103,0.809961080519,5.74079124351e-05
0.2115,3.295,10,0.722440277176,0.140080707898,0.809927495515,5.92114882116e-05
0.212,3.295,10,0.722402142722,0.14024727136,0.809894982152,6.10843211046e-05
0.2125,3.295,10,0.722364745454,0.140414834168,0.809863553558,6.30297549209e-05
0.213,3.295,10,0.722328089976,0.140583401,0.809833222864,6.50513284268e-05
0.2135,3.295,10,0.722292180893,0.140752976537,0.8098040032,6.71527878937e-05
0.214,3.295,10,0.722257022811,0.140923565457,0.809775907695,6.93381024615e-05
0.2145,3.295,10,0.722222620332,0.141095172439,0.80974894948,7.16114787989e-05
0.215,3.295,10,0.722188978063,0.141267802162,0.809723141685,7.39773787837e-05
0.2155,3.295,10,0.722156100608,0.141441459307,0.809698497439,7.64405370701e-05
0.216,3.295,10,0.72212399257,0.14161614855,0.809675029873,7.90059812839e-05
0.2165,3.295,10,0.722092658556,0.141791874573,0.809652752115,8.16790530447e-05
0.217,3.295,10,0.72206210317,0.141968642054,0.809631677297,8.44654315501e-05
0.2175,3.295,10,0.722032331016,0.142146455673,0.809611818547,8.7371158297e-05
0.218,3.295,10,0.722003346699,0.142325320107,0.809593188997,9.04026648764e-05
0.2185,3.295,10,0.721975154823,0.142505240037,0.809575801775,9.35668023094e-05
0.219,3.295,10,0.721947759994,0.142686220142,0.809559670012,9.68708735062e-05
0.2195,3.295,10,0.721921166816,0.142868265101,0.809544806838,0.000100322668867
0.22,3.295,10,0.721895379893,0.143051379592,0.809531225382,0.00010393050384
0.2205,3.295,10,0.721870403831,0.143235568296,0.809518938774,0.000107703261924
0.221,3.295,10,0.721846243233,0.143420835891,0.809507960145,0.00011165043945
0.2215,3.295,10,0.721822902705,0.143607187057,0.809498302624,0.00011578219634
0.222,3.295,10,0.721800386851,0.143794626472,0.809489979341,0.000120109410403
0.2225,3.295,10,0.721778700276,0.143983158815,0.809483003426,0.000124643737929
0.223,3.295,10,0.721757847585,0.144172788767,0.809477388009,0.000129398715323
0.2235,3.295,10,0.721737833381,0.144363521006,0.80947314622,0.000134386759386
0.224,3.295,10,0.721718662271,0.14455536021,0.809470291189,0.000139621425276
0.2245,3.295,10,0.721700338858,0.144748311061,0.809468836045,0.000145119055189
0.225,3.295,10,0.721682867747,0.144942378235,0.809468793918,0.000145238449294
0.2255,3.295,10,0.721666253542,0.145137566414,0.809470177939,9.48659315511e-05
0.226,3.295,10,0.721650500849,0.145333880275,0.809473001237,3.00791041181e-05
0.2265,3.295,10,0.721635614272,0.145531324498,0.809477276943,0
0.227,3.295,10,0.721621598416,0.145729903762,0.809483018185,0
0.2275,3.295,10,0.721608457885,0.145929622746,0.809490238095,0
0.228,3.295,10,0.721596197284,0.14613048613,0.809498949801,0
0.2285,3.295,10,0.721584821218,0.146332498592,0.809509166435,0
0.229,3.295,10,0.721574334291,0.146535664812,0.809520901125,0
0.2295,3.295,10,0.721564741108,0.146739989468,0.809534167001,0
0.23,3.295,10,0.721556046273,0.146945477241,0.809548977194,0
0.2305,3.295,10,0.721548254392,0.147152132809,0.809565344833,0
0.231,3.295,10,0.721541370069,0.147359960851,0.809583283049,0
0.2315,3.295,10,0.721535397908,0.147568966047,0.809602804971,0
0.232,3.295,10,0.721530342514,0.147779153075,0.809623923729,0
0.2325,3.295,10,0.721526208492,0.147990526615,0.809646652453,0
0.205,3.3,10,0.723061864508,0.137794125223,0.810290736175,0
0.2055,3.3,10,0.72301442626,0.13794811756,0.810245785588,0
0.206,3.3,10,0.722967665803,0.138103048294,0.81020175075,0
0.2065,3.3,10,0.722921587741,0.138258922107,0.81015864479,0
0.207,3.3,10,0.722876196678,0.138415743675,0.810116480839,0
0.2075,3.3,10,0.722831497221,0.13857351768,0.810075272026,0
0.208,3.3,10,0.722787493972,0.138732248799,0.810035031481,3.18168009394e-06
0.2085,3.3,10,0.722744191538,0.138891941712,0.809995772335,2.26544592028e-05
0.209,3.3,10,0.722701594522,0.139052601098,0.809957507716,4.39870958728e-05
0.2095,3.3,10,0.722659707529,0.139214231637,0.809920250755,5.33606626676e-05
0.21,3.3,10,0.722618535164,0.139376838007,0.809884014582,5.50191917532e-05
0.2105,3.3,10,0.722578082032,0.139540424887,0.809848812327,5.67402628096e-05
0.211,3.3,10,0.722538352736,0.139704996958,0.809814657119,5.85268435818e-05
0.2115,3.3,10,0.722499351883,0.139870558897,0.809781562089,6.03820712901e-05
0.212,3.3,10,0.722461084076,0.140037115384,0.809749540366,6.23092641145e-05
0.2125,3.3,10,0.72242355392,0.140204671098,0.80971860508,6.43119336003e-05
0.213,3.3,10,0.722386766019,0.140373230719,0.809688769362,6.63937977348e-05
0.2135,3.3,10,0.722350724979,0.140542798925,0.809660046341,6.85587954283e-05
0.214,3.3,10,0.722315435405,0.140713380396,0.809632449147,7.08111021368e-05
0.2145,3.3,10,0.722280901899,0.140884979811,0.809605990909,7.31551462703e-05
0.215,3.3,10,0.722247129069,0.141057601848,0.809580684759,7.559562781e-05
0.2155,3.3,10,0.722214121517,0.141231251188,0.809556543825,7.81375374135e-05
0.216,3.3,10,0.722181883849,0.141405932508,0.809533581237,8.07861781276e-05
0.2165,3.3,10,0.722150420669,0.141581650489,0.809511810127,8.35471880933e-05
0.217,3.3,10,0.722119736582,0.14175840981,0.809491243622,8.64265660039e-05
0.2175,3.3,10,0.722089836193,0.141936215149,0.809471894854,8.94306979745e-05
0.218,3.3,10,0.722060724105,0.142115071187,0.809453776952,9.25663869275e-05
0.2185,3.3,10,0.722032404925,0.142294982601,0.809436903046,9.58408856061e-05
0.219,3.3,10,0.722004883257,0.142475954071,0.809421286266,9.92619307318e-05
0.2195,3.3,10,0.721978163704,0.142657990276,0.809406939742,0.000102837781773
0.22,3.3,10,0.721952250872,0.142841095896,0.809393876604,0.000106577262463
0.2205,3.3,10,0.721927149366,0.14302527561,0.809382109982,0.00011048980651
0.221,3.3,10,0.72190286379,0.143210534096,0.809371653005,0.000114585507185
0.2215,3.3,10,0.721879398749,0.143396876034,0.809362518803,0.000118875172434
0.222,3.3,10,0.721856758847,0.143584306103,0.809354720507,0.000123370383933
0.2225,3.3,10,0.72183494869,0.143772828983,0.809348271247,0.00012808440603
0.223,3.3,10,0.721813972881,0.143962449351,0.809343184151,0.000133030142866
0.2235,3.3,10,0.721793836025,0.144153171888,0.809339472351,0.000138220502535
0.224,3.3,10,0.721774542728,0.144345001273,0.809337148975,0.00012444220963
0.2245,3.3,10,0.721756097593,0.144537942185,0.809336227155,6.64839059327e-05
0.225,3.3,10,0.721738505225,0.144731999302,0.809336720019,9.63193135739e-06
0.2255,3.3,10,0.72172177023,0.144927177305,0.809338640698,0
0.226,3.3,10,0.721705897211,0.145123480871,0.809342002321,0
0.2265,3.3,10,0.721690890773,0.145320914681,0.809346818019,0
0.227,3.3,10,0.721676755522,0.145519483414,0.809353100922,0
0.2275,3.3,10,0.721663496061,0.145719191748,0.809360864158,0
0.228,3.3,10,0.721651116995,0.145920044363,0.809370120859,0
0.2285,3.3,10,0.721639622929,0.146122045939,0.809380884154,0
0.229,3.3,10,0.721629018468,0.146325201153,0.809393167173,0
0.2295,3.3,10,0.721619308216,0.146529514685,0.809406983046,0
0.23,3.3,10,0.721610496777,0.146734991215,0.809422344902,0
0.2305,3.3,10,0.721602588758,0.146941635422,0.809439265873,0
0.231,3.3,10,0.721595588761,0.147149451984,0.809457759087,0
0.2315,3.3,10,0.721589501392,0.147358445581,0.809477837674,0
0.232,3.3,10,0.721584331255,0.147568620892,0.809499514765,0
0.2045,3.305,10,0.723171914873,0.137432048457,0.810187621332,0
0.205,3.305,10,0.723123662966,0.137585101701,0.810142232804,0
0.2055,3.305,10,0.723076084711,0.137739088545,0.810097748562,0
0.206,3.305,10,0.723029184711,0.137894013668,0.810054181736,0
0.2065,3.305,10,0.722982967572,0.138049881751,0.810011545455,0
0.207,3.305,10,0.722937437899,0.138206697471,0.80996985285,0
0.2075,3.305,10,0.722892600295,0.138364465508,0.809929117051,0
0.208,3.305,10,0.722848459365,0.138523190542,0.809889351187,0
0.2085,3.305,10,0.722805019715,0.138682877251,0.809850568389,0
0.209,3.305,10,0.722762285949,0.138843530315,0.809812781786,0
0.2095,3.305,10,0.722720262671,0.139005154412,0.809776004508,1.07413219038e-05
0.21,3.305,10,0.722678954486,0.139167754222,0.809740249685,2.64829434369e-05
0.2105,3.305,10,0.722638365999,0.139331334425,0.809705530447,3.51527661406e-05
0.211,3.305,10,0.722598501814,0.139495899698,0.809671859925,4.39677894133e-05
0.2115,3.305,10,0.722559366536,0.139661454722,0.809639251246,5.2964166088e-05
0.212,3.305,10,0.72252096477,0.139828004175,0.809607717543,6.19432285238e-05
0.2125,3.305,10,0.722483301121,0.139995552737,0.809577271944,6.56477159511e-05
0.213,3.305,10,0.722446380192,0.140164105087,0.80954792758,6.77928984061e-05
0.2135,3.305,10,0.722410206589,0.140333665903,0.80951969758,7.00246585179e-05
0.214,3.305,10,0.722374784917,0.140504239866,0.809492595074,7.23473929467e-05
0.2145,3.305,10,0.722340119779,0.140675831653,0.809466633193,7.47657678206e-05
0.215,3.305,10,0.722306215781,0.140848445946,0.809441825065,7.72847385619e-05
0.2155,3.305,10,0.722273077527,0.141022087421,0.809418183822,7.99095710349e-05
0.216,3.305,10,0.722240709622,0.14119676076,0.809395722592,8.26458640408e-05
0.2165,3.305,10,0.72220911667,0.14137247064,0.809374454506,8.54995750106e-05
0.217,3.305,10,0.722178303277,0.141549221741,0.809354392694,8.84770463716e-05
0.2175,3.305,10,0.722148274047,0.141727018742,0.809335550286,9.1585035543e-05
0.218,3.305,10,0.722119033584,0.141905866323,0.809317940411,9.48307463747e-05
0.2185,3.305,10,0.722090586493,0.142085769162,0.809301576199,9.82218648543e-05
0.219,3.305,10,0.722062937379,0.142266731938,0.809286470781,0.000101766596502
0.2195,3.305,10,0.722036090847,0.142448759331,0.809272637286,0.000105473708227
0.22,3.305,10,0.722010051501,0.142631856021,0.809260088844,0.000109352573615
0.2205,3.305,10,0.721984823945,0.142816026685,0.809248838585,0.000113413222926
0.221,3.305,10,0.721960412785,0.143001276003,0.809238899638,0.000117666396837
0.2215,3.305,10,0.721936822624,0.143187608655,0.809230285135,0.000122123606499
0.222,3.305,10,0.721914058069,0.143375029319,0.809223008204,0.000126797858568
0.2225,3.305,10,0.721892123723,0.143563542674,0.809217081976,0.000131380551996
0.223,3.305,10,0.721871024191,0.143753153401,0.809212519581,0.000100192902006
0.2235,3.305,10,0.721850764077,0.143943866177,0.809209334147,4.24495055848e-05
0.224,3.305,10,0.721831347987,0.144135685682,0.809207538806,1.10526165514e-06
0.2245,3.305,10,0.721812780525,0.144328616596,0.809207146688,0
0.225,3.305,10,0.721795066295,0.144522663597,0.809208170921,0
0.2255,3.305,10,0.721778209903,0.144717831365,0.809210624636,0
0.226,3.305,10,0.721762215952,0.144914124578,0.809214520963,0
0.2265,3.305,10,0.721747089048,0.145111547916,0.809219873032,0
0.227,3.305,10,0.721732833796,0.145310106058,0.809226693973,0
0.2275,3.305,10,0.721719454799,0.145509803683,0.809234996915,0
0.228,3.305,10,0.721706956662,0.14571064547,0.809244794989,0
0.2285,3.305,10,0.721695343991,0.145912636099,0.809256101324,0
0.229,3.305,10,0.72168462139,0.146115780248,0.809268929051,0
0.2295,3.305,10,0.721674793463,0.146320082597,0.809283291298,0
0.23,3.305,10,0.721665864815,0.146525547825,0.809299201197,0
0.2305,3.305,10,0.721657840051,0.146732180611,0.809316671877,0
0.231,3.305,10,0.721650723775,0.146939985634,0.809335716467,0
0.2315,3.305,10,0.721644520592,0.147148967574,0.809356348099,0
0.232,3.305,10,0.721639235107,0.147359131109,0.809378579901,0
0.204,3.31,10,0.723283853677,0.137071952495,0.810088119444,0
0.2045,3.31,10,0.723234791181,0.137224071503,0.810042299149,0
0.205,3.31,10,0.723186398196,0.137377119313,0.809997371676,0
0.2055,3.31,10,0.723138679328,0.137531100605,0.809953350157,0
0.206,3.31,10,0.72309163918,0.137686020058,0.809910247721,0
0.2065,3.31,10,0.723045282359,0.137841882351,0.809868077498,0
0.207,3.31,10,0.722999613468,0.137998692164,0.809826852618,0
0.2075,3.31,10,0.722954637112,0.138156454175,0.809786586211,0
0.208,3.31,10,0.722910357896,0.138315173064,0.809747291407,0
0.2085,3.31,10,0.722866780425,0.13847485351,0.809708981335,0
0.209,3.31,10,0.722823909302,0.138635500192,0.809671669126,0
0.2095,3.31,10,0.722781749133,0.138797117789,0.809635367909,0
0.21,3.31,10,0.722740304523,0.13895971098,0.809600090815,0
0.2105,3.31,10,0.722699580075,0.139123284445,0.809565850973,0
0.211,3.31,10,0.722659580395,0.139287842862,0.809532661514,0
0.2115,3.31,10,0.722620310088,0.139453390911,0.809500535566,0
0.212,3.31,10,0.722581773757,0.139619933272,0.80946948626,0
0.2125,3.31,10,0.722543976008,0.139787474622,0.809439526727,5.21306983292e-06
0.213,3.31,10,0.722506921445,0.139956019641,0.809410670095,1.26628696699e-05
0.2135,3.31,10,0.722470614673,0.140125573009,0.809382929495,2.02262277819e-05
0.214,3.31,10,0.722435060297,0.140296139404,0.809356318056,2.78890703664e-05
0.2145,3.31,10,0.722400262921,0.140467723506,0.809330848909,3.56184379386e-05
0.215,3.31,10,0.72236622715,0.140640329994,0.809306535183,4.34692631086e-05
0.2155,3.31,10,0.722332957588,0.140813963546,0.809283390008,5.13690164771e-05
0.216,3.31,10,0.722300458841,0.140988628843,0.809261426515,5.93630842314e-05
0.2165,3.31,10,0.722268735512,0.141164330563,0.809240657833,6.74419978993e-05
0.217,3.31,10,0.722237792207,0.141341073385,0.809221097091,7.5551159792e-05
0.2175,3.31,10,0.722207633529,0.141518861989,0.809202757421,8.37561530679e-05
0.218,3.31,10,0.722178264085,0.141697701054,0.809185651951,9.19860396559e-05
0.2185,3.31,10,0.722149688478,0.141877595259,0.809169793812,0.000100088611536
0.219,3.31,10,0.722121911313,0.142058549282,0.809155196134,0.000104392240088
0.2195,3.31,10,0.722094937195,0.142240567804,0.809141872046,0.000108238371911
0.22,3.31,10,0.722068770728,0.142423655503,0.809129834679,0.000112264963768
0.2205,3.31,10,0.722043416517,0.142607817059,0.809119097162,0.000116482693027
0.221,3.31,10,0.722018879167,0.14279305715,0.809109672625,0.000120903003739
0.2215,3.31,10,0.721995163282,0.142979380456,0.809101574198,0.000121133453095
0.222,3.31,10,0.721972273467,0.143166791655,0.809094815011,7.85457505662e-05
0.2225,3.31,10,0.721950214327,0.143355295428,0.809089408194,2.27171187523e-05
0.223,3.31,10,0.721928990465,0.143544896453,0.809085366876,0
0.2235,3.31,10,0.721908606488,0.14373559941,0.809082704189,0
0.224,3.31,10,0.721889067,0.143927408977,0.809081433261,0
0.2245,3.31,10,0.721870376604,0.144120329833,0.809081567222,0
0.225,3.31,10,0.721852539907,0.144314366659,0.809083119203,0
0.2255,3.31,10,0.721835561512,0.144509524132,0.809086102333,0
0.226,3.31,10,0.721819446024,0.144705806932,0.809090529743,0
0.2265,3.31,10,0.721804198048,0.144903219739,0.809096414561,0
0.227,3.31,10,0.721789822188,0.145101767231,0.809103769918,0
0.2275,3.31,10,0.721776323049,0.145301454088,0.809112608945,0
0.228,3.31,10,0.721763705237,0.145502284988,0.80912294477,0
0.2285,3.31,10,0.721751973354,0.145704264612,0.809134790523,0
0.229,3.31,10,0.721741132007,0.145907397637,0.809148159336,0
0.2295,3.31,10,0.721731185799,0.146111688743,0.809163064337,0
0.23,3.31,10,0.721722139336,0.14631714261,0.809179518656,0
0.2305,3.31,10,0.721713997222,0.146523763916,0.809197535423,0
0.231,3.31,10,0.721706764061,0.146731557341,0.809217127769,0
0.2315,3.31,10,0.721700444459,0.146940527564,0.809238308823,0
0.232,3.31,10,0.72169504302,0.147150679263,0.809261091714,0
0.2035,3.315,10,0.723397668482,0.136713828018,0.809992205826,0
0.204,3.315,10,0.723347798464,0.136865017646,0.809945959936,0
0.2045,3.315,10,0.723298593818,0.137017131279,0.809900595407,0
0.205,3.315,10,0.723250059149,0.137170173597,0.809856125368,0
0.2055,3.315,10,0.723202199062,0.137324149278,0.809812562951,0
0.206,3.315,10,0.723155018161,0.137479063001,0.809769921283,0
0.2065,3.315,10,0.723108521051,0.137634919446,0.809728213496,0
0.207,3.315,10,0.723062712337,0.137791723292,0.80968745272,0
0.2075,3.315,10,0.723017596624,0.137949479218,0.809647652083,0
0.208,3.315,10,0.722973178515,0.138108191903,0.809608824717,0
0.2085,3.315,10,0.722929462616,0.138267866027,0.809570983751,0
0.209,3.315,10,0.722886453532,0.138428506267,0.809534142314,0
0.2095,3.315,10,0.722844155866,0.138590117305,0.809498313537,0
0.21,3.315,10,0.722802574224,0.138752703818,0.80946351055,0
0.2105,3.315,10,0.722761713211,0.138916270486,0.809429746483,0
0.211,3.315,10,0.72272157743,0.139080821988,0.809397034465,0
0.2115,3.315,10,0.722682171487,0.139246363004,0.809365387626,0
0.212,3.315,10,0.722643499986,0.139412898212,0.809334819097,0
0.2125,3.315,10,0.722605567531,0.139580432291,0.809305342007,0
0.213,3.315,10,0.722568378729,0.139748969921,0.809276969485,0
0.2135,3.315,10,0.722531938182,0.13991851578,0.809249714663,0
0.214,3.315,10,0.722496250497,0.140089074549,0.80922359067,0
0.2145,3.315,10,0.722461320277,0.140260650906,0.809198610636,0
0.215,3.315,10,0.722427152126,0.14043324953,0.80917478769,0
0.2155,3.315,10,0.722393750651,0.1406068751,0.809152134963,0
0.216,3.315,10,0.722361120455,0.140781532296,0.809130665584,0
0.2165,3.315,10,0.722329266143,0.140957225797,0.809110392684,0
0.217,3.315,10,0.72229819232,0.141133960282,0.809091329392,0
0.2175,3.315,10,0.722267903591,0.141311740429,0.809073488838,0
0.218,3.315,10,0.722238404559,0.141490570919,0.809056884152,0
0.2185,3.315,10,0.72220969983,0.14167045643,0.809041528464,1.13573540794e-07
0.219,3.315,10,0.722181794008,0.141851401641,0.809027434904,4.11000302314e-06
0.2195,3.315,10,0.722154691698,0.142033411232,0.809014616602,8.62457357564e-06
0.22,3.315,10,0.722128397505,0.142216489882,0.809003086688,1.2971979869e-05
0.2205,3.315,10,0.722102916033,0.14240064227,0.808992858291,1.7132160516e-05
0.221,3.315,10,0.722078251887,0.142585873075,0.808983944541,2.09948187098e-05
0.2215,3.315,10,0.722054409672,0.142772186975,0.808976358569,9.22783511803e-06
0.222,3.315,10,0.722031393992,0.142959588652,0.808970113505,0
0.2225,3.315,10,0.722009209451,0.143148082783,0.808965222477,0
0.223,3.315,10,0.721987860655,0.143337674047,0.808961698617,0
0.2235,3.315,10,0.721967352209,0.143528367124,0.808959555053,0
0.224,3.315,10,0.721947688716,0.143720166694,0.808958804916,0
0.2245,3.315,10,0.721928874782,0.143913077434,0.808959461337,0
0.225,3.315,10,0.72191091501,0.144107104025,0.808961537443,0
0.2255,3.315,10,0.721893814007,0.144302251145,0.808965046367,0
0.226,3.315,10,0.721877576376,0.144498523473,0.808970001237,0
0.2265,3.315,10,0.721862206722,0.144695925689,0.808976415183,0
0.227,3.315,10,0.721847709649,0.144894462472,0.808984301336,0
0.2275,3.315,10,0.721834089764,0.145094138502,0.808993672824,0
0.228,3.315,10,0.721821351669,0.145294958456,0.809004542779,0
0.2285,3.315,10,0.721809499969,0.145496927014,0.80901692433,0
0.229,3.315,10,0.72179853927,0.145700048856,0.809030830607,0
0.2295,3.315,10,0.721788474176,0.145904328661,0.809046274739,0
0.23,3.315,10,0.721779309292,0.146109771107,0.809063269857,0
0.2305,3.315,10,0.721771049222,0.146316380875,0.809081829091,0
0.231,3.315,10,0.721763698571,0.146524162642,0.80910196557,0
0.2315,3.315,10,0.721757261943,0.146733121089,0.809123692425,0
0.232,3.315,10,0.721751743944,0.146943260893,0.809147022784,0
0.203,3.32,10,0.723513346845,0.136357665706,0.809899855791,0
0.2035,3.32,10,0.723462672374,0.136507930812,0.809853190481,0
0.204,3.32,10,0.723412659135,0.136659115126,0.809807395069,0
0.2045,3.32,10,0.723363311734,0.136811223326,0.809762482685,0
0.205,3.32,10,0.723314634775,0.136964260091,0.80971846646,0
0.2055,3.32,10,0.723266632863,0.137118230102,0.809675359522,0
0.206,3.32,10,0.723219310603,0.137273138037,0.809633175002,0
0.2065,3.32,10,0.7231726726,0.137428988574,0.809591926029,0
0.207,3.32,10,0.723126723457,0.137585786394,0.809551625734,0
0.2075,3.32,10,0.72308146778,0.137743536176,0.809512287247,0
0.208,3.32,10,0.723036910173,0.137902242598,0.809473923697,0
0.2085,3.32,10,0.722993055242,0.138061910339,0.809436548214,0
0.209,3.32,10,0.722949907589,0.13822254408,0.809400173928,0
0.2095,3.32,10,0.722907471821,0.138384148499,0.80936481397,0
0.21,3.32,10,0.722865752542,0.138546728275,0.809330481468,0
0.2105,3.32,10,0.722824754356,0.138710288087,0.809297189554,0
0.211,3.32,10,0.722784481869,0.138874832615,0.809264951356,0
0.2115,3.32,10,0.722744939684,0.139040366537,0.809233780004,0
0.212,3.32,10,0.722706132407,0.139206894534,0.80920368863,0
0.2125,3.32,10,0.722668064642,0.139374421283,0.809174690362,0
0.213,3.32,10,0.722630740994,0.139542951464,0.80914679833,0
0.2135,3.32,10,0.722594166067,0.139712489756,0.809120025664,0
0.214,3.32,10,0.722558344466,0.139883040839,0.809094385495,0
0.2145,3.32,10,0.722523280796,0.140054609392,0.809069890952,0
0.215,3.32,10,0.722488979661,0.140227200093,0.809046555164,0
0.2155,3.32,10,0.722455445667,0.140400817622,0.809024391263,0
0.216,3.32,10,0.722422683417,0.140575466658,0.809003412377,0
0.2165,3.32,10,0.722390697516,0.14075115188,0.808983631637,0
0.217,3.32,10,0.722359492569,0.140927877968,0.808965062173,0
0.2175,3.32,10,0.722329073181,0.141105649599,0.808947717114,0
0.218,3.32,10,0.722299443956,0.141284471455,0.808931609591,0
0.2185,3.32,10,0.7222706095,0.141464348213,0.808916752732,0
0.219,3.32,10,0.722242574415,0.141645284553,0.808903159669,0
0.2195,3.32,10,0.722215343308,0.141827285154,0.808890843531,0
0.22,3.32,10,0.722188920783,0.142010354696,0.808879817448,0
0.2205,3.32,10,0.722163311444,0.142194497857,0.80887009455,0
0.221,3.32,10,0.722138519897,0.142379719316,0.808861687967,0
0.2215,3.32,10,0.722114550745,0.142566023753,0.808854610828,0
0.222,3.32,10,0.722091408594,0.142753415846,0.808848876264,0
0.2225,3.32,10,0.722069098048,0.142941900276,0.808844497404,0
0.223,3.32,10,0.722047623711,0.143131481721,0.808841487379,0
0.2235,3.32,10,0.72202699019,0.14332216486,0.808839859318,0
0.224,3.32,10,0.722007202087,0.143513954372,0.808839626351,0
0.2245,3.32,10,0.721988264008,0.143706854937,0.808840801609,0
0.225,3.32,10,0.721970180557,0.143900871233,0.80884339822,0
0.2255,3.32,10,0.721952956339,0.144096007941,0.808847429315,0
0.226,3.32,10,0.721936595959,0.144292269738,0.808852908024,0
0.2265,3.32,10,0.721921104022,0.144489661305,0.808859847476,0
0.227,3.32,10,0.721906485131,0.14468818732,0.808868260803,0
0.2275,3.32,10,0.721892743892,0.144887852462,0.808878161132,0
0.228,3.32,10,0.721879884909,0.145088661411,0.808889561595,0
0.2285,3.32,10,0.721867912787,0.145290618846,0.808902475322,0
0.229,3.32,10,0.721856832131,0.145493729445,0.808916915441,0
0.2295,3.32,10,0.721846647545,0.145697997889,0.808932895084,0
0.23,3.32,10,0.721837363633,0.145903428856,0.808950427379,0
0.2305,3.32,10,0.721828985002,0.146110027025,0.808969525457,0
0.231,3.32,10,0.721821516254,0.146317797076,0.808990202449,0
0.2315,3.32,10,0.721814961995,0.146526743687,0.809012471482,0
0.2025,3.325,10,0.723630876326,0.136003456241,0.809811044656,0
0.203,3.325,10,0.72357940047,0.136152801682,0.809763966099,0
0.2035,3.325,10,0.723528581706,0.136303061533,0.809717745978,0
0.204,3.325,10,0.723478424642,0.136454240472,0.809672397423,0
0.2045,3.325,10,0.72342893388,0.13660634318,0.809627933563,0
0.205,3.325,10,0.723380114026,0.136759374335,0.809584367528,0
0.2055,3.325,10,0.723331969684,0.136913338616,0.809541712448,0
0.206,3.325,10,0.723284505459,0.137068240702,0.809499981454,0
0.2065,3.325,10,0.723237725955,0.137224085274,0.809459187674,0
0.207,3.325,10,0.723191635778,0.137380877008,0.809419344239,0
0.2075,3.325,10,0.723146239532,0.137538620586,0.809380464279,0
0.208,3.325,10,0.723101541821,0.137697320686,0.809342560924,0
0.2085,3.325,10,0.72305754725,0.137856981987,0.809305647303,0
0.209,3.325,10,0.723014260425,0.138017609168,0.809269736547,0
0.2095,3.325,10,0.722971685948,0.138179206909,0.809234841785,0
0.21,3.325,10,0.722929828426,0.138341779888,0.809200976148,0
0.2105,3.325,10,0.722888692463,0.138505332786,0.809168152764,0
0.211,3.325,10,0.722848282663,0.13866987028,0.809136384765,0
0.2115,3.325,10,0.722808603631,0.13883539705,0.809105685279,0
0.212,3.325,10,0.722769659972,0.139001917776,0.809076067438,0
0.2125,3.325,10,0.72273145629,0.139169437135,0.80904754437,0
0.213,3.325,10,0.72269399719,0.139337959809,0.809020129206,0
0.2135,3.325,10,0.722657287277,0.139507490475,0.808993835076,0
0.214,3.325,10,0.722621331156,0.139678033813,0.808968675109,0
0.2145,3.325,10,0.72258613343,0.139849594502,0.808944662435,0
0.215,3.325,10,0.722551698705,0.140022177221,0.808921810185,0
0.2155,3.325,10,0.722518031585,0.140195786649,0.808900131487,0
0.216,3.325,10,0.722485136675,0.140370427466,0.808879639473,0
0.2165,3.325,10,0.72245301858,0.140546104351,0.808860347272,0
0.217,3.325,10,0.722421681904,0.140722821982,0.808842268014,0
0.2175,3.325,10,0.722391131252,0.140900585039,0.808825414828,0
0.218,3.325,10,0.722361371228,0.141079398201,0.808809800846,0
0.2185,3.325,10,0.722332406438,0.141259266147,0.808795439195,0
0.219,3.325,10,0.722304241485,0.141440193557,0.808782343008,0
0.2195,3.325,10,0.722276880975,0.141622185109,0.808770525412,0
0.22,3.325,10,0.722250329512,0.141805245483,0.808759999539,0
0.2205,3.325,10,0.722224591701,0.141989379357,0.808750778518,0
0.221,3.325,10,0.722199672146,0.142174591412,0.808742875479,0
0.2215,3.325,10,0.722175575452,0.142360886325,0.808736303552,0
0.222,3.325,10,0.722152306224,0.142548268777,0.808731075867,0
0.2225,3.325,10,0.722129869067,0.142736743446,0.808727205554,0
0.223,3.325,10,0.722108268584,0.142926315012,0.808724705742,0
0.2235,3.325,10,0.722087509381,0.143116988154,0.808723589562,0
0.224,3.325,10,0.722067596063,0.14330876755,0.808723870144,0
0.2245,3.325,10,0.722048533233,0.14350165788,0.808725560617,0
0.225,3.325,10,0.722030325497,0.143695663824,0.808728674111,0
0.2255,3.325,10,0.722012977459,0.143890790059,0.808733223756,0
0.226,3.325,10,0.721996493725,0.144087041266,0.808739222682,0
0.2265,3.325,10,0.721980878898,0.144284422124,0.80874668402,0
0.227,3.325,10,0.721966137583,0.144482937312,0.808755620898,0
0.2275,3.325,10,0.721952274385,0.144682591508,0.808766046447,0
0.228,3.325,10,0.721939293908,0.144883389392,0.808777973796,0
0.2285,3.325,10,0.721927200758,0.145085335644,0.808791416077,0
0.229,3.325,10,0.721915999538,0.145288434942,0.808806386417,0
0.2295,3.325,10,0.721905694854,0.145492691965,0.808822897948,0
0.23,3.325,10,0.72189629131,0.145698111393,0.8088409638,0
0.2305,3.325,10,0.721887793511,0.145904697905,0.808860597101,0
0.231,3.325,10,0.721880206062,0.14611245618,0.808881810983,0
0.202,3.33,10,0.723750244484,0.135651190303,0.809725747734,0
0.2025,3.33,10,0.723697970311,0.135799620936,0.809678262104,0
0.203,3.33,10,0.723646349091,0.135948961182,0.809631623448,0
0.2035,3.33,10,0.723595385431,0.136099215718,0.809585844895,0
0.204,3.33,10,0.723545083935,0.136250389225,0.809540939574,0
0.2045,3.33,10,0.723495449206,0.136402486381,0.809496920616,0
0.205,3.33,10,0.723446485851,0.136555511865,0.809453801151,0
0.2055,3.33,10,0.723398198473,0.136709470358,0.809411594308,0
0.206,3.33,10,0.723350591677,0.136864366537,0.809370313217,0
0.2065,3.33,10,0.723303670068,0.137020205082,0.809329971009,0
0.207,3.33,10,0.72325743825,0.137176990673,0.809290580813,0
0.2075,3.33,10,0.723211900829,0.137334727988,0.809252155759,0
0.208,3.33,10,0.723167062409,0.137493421706,0.809214708977,0
0.2085,3.33,10,0.723122927593,0.137653076507,0.809178253597,0
0.209,3.33,10,0.723079500988,0.13781369707,0.809142802748,0
0.2095,3.33,10,0.723036787198,0.137975288073,0.809108369562,0
0.21,3.33,10,0.722994790827,0.138137854197,0.809074967166,0
0.2105,3.33,10,0.72295351648,0.13830140012,0.809042608693,0
0.211,3.33,10,0.722912968762,0.138465930521,0.80901130727,0
0.2115,3.33,10,0.722873152277,0.13863145008,0.808981076029,0
0.212,3.33,10,0.722834071631,0.138797963476,0.808951928099,0
0.2125,3.33,10,0.722795731426,0.138965475387,0.80892387661,0
0.213,3.33,10,0.72275813627,0.139133990494,0.808896934693,0
0.2135,3.33,10,0.722721290765,0.139303513474,0.808871115475,0
0.214,3.33,10,0.722685199516,0.139474049008,0.808846432089,0
0.2145,3.33,10,0.722649867129,0.139645601774,0.808822897664,0
0.215,3.33,10,0.722615298208,0.139818176452,0.808800525329,0
0.2155,3.33,10,0.722581497357,0.139991777721,0.808779328214,0
0.216,3.33,10,0.722548469182,0.140166410259,0.80875931945,0
0.2165,3.33,10,0.722516218286,0.140342078747,0.808740512166,0
0.217,3.33,10,0.722484749275,0.140518787863,0.808722919492,0
0.2175,3.33,10,0.722454066753,0.140696542286,0.808706554559,0
0.218,3.33,10,0.722424175325,0.140875346695,0.808691430495,0
0.2185,3.33,10,0.722395079595,0.14105520577,0.808677560431,0
0.219,3.33,10,0.722366784168,0.14123612419,0.808664957497,0
0.2195,3.33,10,0.722339293649,0.141418106634,0.808653634823,0
0.22,3.33,10,0.722312612643,0.141601157781,0.808643605538,0
0.2205,3.33,10,0.722286745753,0.14178528231,0.808634882773,0
0.221,3.33,10,0.722261697585,0.141970484901,0.808627479657,0
0.2215,3.33,10,0.722237472744,0.142156770232,0.80862140932,0
0.222,3.33,10,0.722214075833,0.142344142983,0.808616684892,0
0.2225,3.33,10,0.722191511458,0.142532607832,0.808613319504,0
0.223,3.33,10,0.722169784224,0.14272216946,0.808611326284,0
0.2235,3.33,10,0.722148898734,0.142912832544,0.808610718364,0
0.224,3.33,10,0.722128859594,0.143104601765,0.808611508872,0
0.2245,3.33,10,0.722109671408,0.143297481802,0.808613710939,0
0.225,3.33,10,0.722091338781,0.143491477333,0.808617337694,0
0.2255,3.33,10,0.722073866318,0.143686593038,0.808622402268,0
0.226,3.33,10,0.722057258623,0.143882833595,0.80862891779,0
0.2265,3.33,10,0.7220415203,0.144080203685,0.808636897391,0
0.227,3.33,10,0.722026655955,0.144278707986,0.808646354199,0
0.2275,3.33,10,0.722012670193,0.144478351177,0.808657301346,0
0.228,3.33,10,0.721999567617,0.144679137938,0.808669751961,0
0.2285,3.33,10,0.721987352832,0.144881072947,0.808683719173,0
0.229,3.33,10,0.721976030444,0.145084160884,0.808699216114,0
0.2295,3.33,10,0.721965605056,0.145288406428,0.808716255912,0
0.23,3.33,10,0.721956081274,0.145493814259,0.808734851697,0
0.2305,3.33,10,0.721947463702,0.145700389054,0.8087550166,0
0.231,3.33,10,0.721939756944,0.145908135494,0.808776763751,0
0.202,3.335,10,0.723818369456,0.135448379257,0.809596053812,0
0.2025,3.335,10,0.723765948849,0.135596804753,0.809549002794,0
0.203,3.335,10,0.723714181662,0.135746139743,0.809502800417,0
0.2035,3.335,10,0.723663072499,0.135896388906,0.809457459809,0
0.204,3.335,10,0.723612625964,0.136047556921,0.809412994102,0
0.2045,3.335,10,0.723562846664,0.136199648466,0.809369416425,0
0.205,3.335,10,0.723513739201,0.136352668221,0.809326739907,0
0.2055,3.335,10,0.723465308181,0.136506620866,0.809284977679,0
0.206,3.335,10,0.723417558209,0.136661511079,0.809244142871,0
0.2065,3.335,10,0.723370493889,0.136817343539,0.809204248613,0
0.207,3.335,10,0.723324119825,0.136974122926,0.809165308034,0
0.2075,3.335,10,0.723278440623,0.137131853919,0.809127334264,0
0.208,3.335,10,0.723233460887,0.137290541196,0.809090340434,0
0.2085,3.335,10,0.723189185222,0.137450189438,0.809054339672,0
0.209,3.335,10,0.723145618231,0.137610803323,0.80901934511,0
0.2095,3.335,10,0.723102764521,0.13777238753,0.808985369877,0
0.21,3.335,10,0.723060628696,0.137934946739,0.808952427103,0
0.2105,3.335,10,0.72301921536,0.138098485629,0.808920529917,0
0.211,3.335,10,0.722978529118,0.138263008878,0.80888969145,0
0.2115,3.335,10,0.722938574574,0.138428521167,0.808859924832,0
0.212,3.335,10,0.722899356334,0.138595027173,0.808831243192,0
0.2125,3.335,10,0.722860879002,0.138762531577,0.80880365966,0
0.213,3.335,10,0.722823147182,0.138931039057,0.808777187367,0
0.2135,3.335,10,0.722786165479,0.139100554293,0.808751839442,0
0.214,3.335,10,0.722749938498,0.139271081963,0.808727629015,0
0.2145,3.335,10,0.722714470844,0.139442626748,0.808704569216,0
0.215,3.335,10,0.722679767121,0.139615193325,0.808682673175,0
0.2155,3.335,10,0.722645831934,0.139788786375,0.808661954021,0
0.216,3.335,10,0.722612669887,0.139963410576,0.808642424885,0
0.2165,3.335,10,0.722580285585,0.140139070607,0.808624098897,0
0.217,3.335,10,0.722548683633,0.140315771148,0.808606989186,0
0.2175,3.335,10,0.722517868635,0.140493516878,0.808591108883,0
0.218,3.335,10,0.722487845197,0.140672312475,0.808576471117,0
0.2185,3.335,10,0.722458617922,0.14085216262,0.808563089018,0
0.219,3.335,10,0.722430191415,0.141033071991,0.808550975716,0
0.2195,3.335,10,0.722402570281,0.141215045268,0.808540144341,0
0.22,3.335,10,0.722375759126,0.141398087129,0.808530608023,0
0.2205,3.335,10,0.722349762552,0.141582202253,0.808522379892,0
0.221,3.335,10,0.722324585165,0.141767395321,0.808515473077,0
0.2215,3.335,10,0.72230023157,0.14195367101,0.808509900709,0
0.222,3.335,10,0.722276706371,0.142141034001,0.808505675918,0
0.2225,3.335,10,0.722254014173,0.142329488972,0.808502811832,0
0.223,3.335,10,0.722232159581,0.142519040602,0.808501321583,0
0.2235,3.335,10,0.722211147199,0.142709693571,0.808501218301,0
0.224,3.335,10,0.722190981632,0.142901452557,0.808502515114,0
0.2245,3.335,10,0.722171667484,0.143094322241,0.808505225153,0
0.225,3.335,10,0.72215320936,0.1432883073,0.808509361548,0
0.2255,3.335,10,0.722135611865,0.143483412415,0.808514937429,0
0.226,3.335,10,0.722118879604,0.143679642264,0.808521965926,0
0.2265,3.335,10,0.72210301718,0.143877001526,0.808530460168,0
0.227,3.335,10,0.7220880292,0.144075494881,0.808540433285,0
0.2275,3.335,10,0.722073920267,0.144275127008,0.808551898408,0
0.228,3.335,10,0.722060694985,0.144475902586,0.808564868666,0
0.2285,3.335,10,0.722048357961,0.144677826294,0.80857935719,0
0.229,3.335,10,0.722036913798,0.144880902811,0.808595377108,0
0.2295,3.335,10,0.722026367101,0.145085136816,0.808612941552,0
0.23,3.335,10,0.722016722474,0.145290532989,0.80863206365,0
0.2305,3.335,10,0.722007984523,0.145497096009,0.808652756533,0
0.2015,3.34,10,0.723940585464,0.135099067323,0.809517316537,0
0.202,3.34,10,0.723887368538,0.135246582929,0.809469859332,0
0.2025,3.34,10,0.723834800892,0.13539500323,0.809423239304,0
0.203,3.34,10,0.723782887131,0.135544332906,0.809377469583,0
0.2035,3.34,10,0.723731631859,0.135694576635,0.8093325633,0
0.204,3.34,10,0.723681039682,0.135845739098,0.809288533584,0
0.2045,3.34,10,0.723631115203,0.135997824974,0.809245393566,0
0.205,3.34,10,0.723581863027,0.136150838941,0.809203156375,0
0.2055,3.34,10,0.72353328776,0.136304785678,0.809161835141,0
0.206,3.34,10,0.723485394005,0.136459669865,0.809121442994,0
0.2065,3.34,10,0.723438186368,0.136615496181,0.809081993063,0
0.207,3.34,10,0.723391669453,0.136772269306,0.80904349848,0
0.2075,3.34,10,0.723345847864,0.136929993917,0.809005972373,0
0.208,3.34,10,0.723300726207,0.137088674695,0.808969427872,0
0.2085,3.34,10,0.723256309085,0.137248316318,0.808933878109,0
0.209,3.34,10,0.723212601104,0.137408923466,0.808899336211,0
0.2095,3.34,10,0.723169606869,0.137570500818,0.80886581531,0
0.21,3.34,10,0.723127330983,0.137733053053,0.808833328535,0
0.2105,3.34,10,0.723085778052,0.13789658485,0.808801889016,0
0.211,3.34,10,0.72304495268,0.138061100888,0.808771509883,0
0.2115,3.34,10,0.723004859472,0.138226605847,0.808742204265,0
0.212,3.34,10,0.722965503033,0.138393104405,0.808713985294,0
0.2125,3.34,10,0.722926887966,0.138560601242,0.808686866098,0
0.213,3.34,10,0.722889018878,0.138729101037,0.808660859808,0
0.2135,3.34,10,0.722851900372,0.138898608468,0.808635979553,0
0.214,3.34,10,0.722815537053,0.139069128216,0.808612238464,0
0.2145,3.34,10,0.722779933525,0.13924066496,0.80858964967,0
0.215,3.34,10,0.722745094394,0.139413223377,0.808568226301,0
0.2155,3.34,10,0.722711024265,0.139586808149,0.808547981487,0
0.216,3.34,10,0.722677727741,0.139761423953,0.808528928358,0
0.2165,3.34,10,0.722645209427,0.139937075469,0.808511080044,0
0.217,3.34,10,0.722613473928,0.140113767376,0.808494449674,0
0.2175,3.34,10,0.722582525849,0.140291504354,0.80847905038,0
0.218,3.34,10,0.722552369794,0.14047029108,0.80846489529,0
0.2185,3.34,10,0.722523010369,0.140650132236,0.808451997534,0
0.219,3.34,10,0.722494452176,0.140831032499,0.808440370243,0
0.2195,3.34,10,0.722466699822,0.141012996548,0.808430026546,0
0.22,3.34,10,0.722439757911,0.141196029064,0.808420979573,0
0.2205,3.34,10,0.722413631048,0.141380134725,0.808413242454,0
0.221,3.34,10,0.722388323837,0.14156531821,0.808406828319,0
0.2215,3.34,10,0.722363840882,0.141751584199,0.808401750298,0
0.222,3.34,10,0.722340186789,0.14193893737,0.808398021521,0
0.2225,3.34,10,0.722317366163,0.142127382403,0.808395655117,0
0.223,3.34,10,0.722295383607,0.142316923976,0.808394664217,0
0.2235,3.34,10,0.722274243726,0.14250756677,0.808395061951,0
0.224,3.34,10,0.722253951126,0.142699315463,0.808396861448,0
0.2245,3.34,10,0.72223451041,0.142892174734,0.808400075838,0
0.225,3.34,10,0.722215926184,0.143086149263,0.808404718251,0
0.2255,3.34,10,0.722198203052,0.143281243728,0.808410801818,0
0.226,3.34,10,0.722181345619,0.14347746281,0.808418339667,0
0.2265,3.34,10,0.722165358488,0.143674811186,0.808427344929,0
0.227,3.34,10,0.722150246266,0.143873293536,0.808437830734,0
0.2275,3.34,10,0.722136013557,0.144072914539,0.808449810211,0
0.228,3.34,10,0.722122664965,0.144273678875,0.808463296492,0
0.2285,3.34,10,0.722110205095,0.144475591222,0.808478302704,0
0.229,3.34,10,0.722098638551,0.14467865626,0.808494841979,0
0.2295,3.34,10,0.722087969939,0.144882878667,0.808512927446,0
0.23,3.34,10,0.722078203862,0.145088263124,0.808532572236,0
0.2305,3.34,10,0.722069344927,0.145294814309,0.808553789477,0
0.201,3.345,10,0.724064605895,0.134751675818,0.809442025594,0
0.2015,3.345,10,0.724010595718,0.134898286389,0.809394168374,0
0.202,3.345,10,0.723957230682,0.135045796858,0.80934713687,0
0.2025,3.345,10,0.723904515391,0.135194211904,0.80930094421,0
0.203,3.345,10,0.72385245445,0.135343536206,0.809255603525,0
0.2035,3.345,10,0.723801052464,0.135493774444,0.809211127945,0
0.204,3.345,10,0.723750314037,0.135644931296,0.809167530599,0
0.2045,3.345,10,0.723700243774,0.135797011443,0.809124824619,0
0.205,3.345,10,0.72365084628,0.135950019562,0.809083023132,0
0.2055,3.345,10,0.723602126159,0.136103960333,0.80904213927,0
0.206,3.345,10,0.723554088017,0.136258838435,0.809002186162,0
0.2065,3.345,10,0.723506736456,0.136414658548,0.808963176938,0
0.207,3.345,10,0.723460076084,0.136571425351,0.808925124729,0
0.2075,3.345,10,0.723414111503,0.136729143522,0.808888042663,0
0.208,3.345,10,0.723368847318,0.13688781774,0.808851943871,0
0.2085,3.345,10,0.723324288135,0.137047452686,0.808816841483,0
0.209,3.345,10,0.723280438558,0.137208053038,0.808782748629,0
0.2095,3.345,10,0.723237303191,0.137369623475,0.808749678438,0
0.21,3.345,10,0.723194886639,0.137532168677,0.808717644041,0
0.2105,3.345,10,0.723153193507,0.137695693322,0.808686658567,0
0.211,3.345,10,0.7231122284,0.13786020209,0.808656735146,0
0.2115,3.345,10,0.723071995921,0.138025699659,0.808627886908,0
0.212,3.345,10,0.723032500677,0.13819219071,0.808600126984,0
0.2125,3.345,10,0.722993747271,0.138359679921,0.808573468502,0
0.213,3.345,10,0.722955740308,0.138528171971,0.808547924593,0
0.2135,3.345,10,0.722918484392,0.13869767154,0.808523508387,0
0.214,3.345,10,0.722881984129,0.138868183306,0.808500233014,0
0.2145,3.345,10,0.722846244124,0.139039711949,0.808478111603,0
0.215,3.345,10,0.722811268979,0.139212262148,0.808457157285,0
0.2155,3.345,10,0.722777063301,0.139385838582,0.808437383189,0
0.216,3.345,10,0.722743631694,0.13956044593,0.808418802445,0
0.2165,3.345,10,0.722710978763,0.139736088872,0.808401428184,0
0.217,3.345,10,0.722679109112,0.139912772086,0.808385273534,0
0.2175,3.345,10,0.722648027346,0.140090500252,0.808370351627,0
0.218,3.345,10,0.722617738069,0.140269278048,0.808356675591,0
0.2185,3.345,10,0.722588245886,0.140449110155,0.808344258557,0
0.219,3.345,10,0.722559555403,0.14063000125,0.808333113655,0
0.2195,3.345,10,0.722531671223,0.140811956014,0.808323254014,0
0.22,3.345,10,0.722504597951,0.140994979126,0.808314692765,0
0.2205,3.345,10,0.722478340192,0.141179075264,0.808307443037,0
0.221,3.345,10,0.72245290255,0.141364249107,0.808301517961,0
0.2215,3.345,10,0.722428289631,0.141550505336,0.808296930665,0
0.222,3.345,10,0.722404506038,0.141737848628,0.808293694281,0
0.2225,3.345,10,0.722381556377,0.141926283664,0.808291821937,0
0.223,3.345,10,0.722359445251,0.142115815122,0.808291326765,0
0.2235,3.345,10,0.722338177267,0.142306447682,0.808292221893,0
0.224,3.345,10,0.722317757028,0.142498186022,0.808294520452,0
0.2245,3.345,10,0.722298189139,0.142691034821,0.808298235571,0
0.225,3.345,10,0.722279478204,0.14288499876,0.808303380381,0
0.2255,3.345,10,0.722261628829,0.143080082517,0.808309968011,0
0.226,3.345,10,0.722244645618,0.143276290771,0.808318011592,0
0.2265,3.345,10,0.722228533175,0.143473628201,0.808327524252,0
0.227,3.345,10,0.722213296106,0.143672099487,0.808338519123,0
0.2275,3.345,10,0.722198939014,0.143871709308,0.808351009334,0
0.228,3.345,10,0.722185466505,0.144072462342,0.808365008014,0
0.2285,3.345,10,0.722172883184,0.14427436327,0.808380528295,0
0.229,3.345,10,0.722161193654,0.144477416769,0.808397583304,0
0.2295,3.345,10,0.722150402521,0.14468162752,0.808416186174,0
0.23,3.345,10,0.722140514389,0.144887000201,0.808436350033,0
0.2305,3.345,10,0.722131533862,0.145093539492,0.808458088011,0
0.2005,3.35,10,0.724190418307,0.134406195421,0.809370156298,0
0.201,3.35,10,0.724135617947,0.134551905815,0.809321905238,0
0.2015,3.35,10,0.724081458589,0.134698511309,0.80927446843,0
0.202,3.35,10,0.724027944837,0.134846016582,0.809227859005,0
0.2025,3.35,10,0.723975081295,0.134994426314,0.809182090092,0
0.203,3.35,10,0.723922872569,0.135143745184,0.809137174821,0
0.2035,3.35,10,0.723871323263,0.13529397787,0.809093126322,0
0.204,3.35,10,0.723820437981,0.135445129053,0.809049957725,0
0.2045,3.35,10,0.723770221329,0.135597203411,0.80900768216,0
0.205,3.35,10,0.72372067791,0.135750205623,0.808966312757,0
0.2055,3.35,10,0.72367181233,0.135904140369,0.808925862645,0
0.206,3.35,10,0.723623629194,0.136059012327,0.808886344955,0
0.2065,3.35,10,0.723576133105,0.136214826177,0.808847772817,0
0.207,3.35,10,0.723529328669,0.136371586599,0.808810159359,0
0.2075,3.35,10,0.723483220489,0.13652929827,0.808773517713,0
0.208,3.35,10,0.723437813172,0.136687965871,0.808737861008,0
0.2085,3.35,10,0.723393111321,0.136847594079,0.808703202375,0
0.209,3.35,10,0.723349119542,0.137008187576,0.808669554942,0
0.2095,3.35,10,0.723305842438,0.137169751039,0.80863693184,0
0.21,3.35,10,0.723263284614,0.137332289148,0.808605346199,0
0.2105,3.35,10,0.723221450676,0.137495806582,0.808574811148,0
0.211,3.35,10,0.723180345227,0.137660308021,0.808545339818,0
0.2115,3.35,10,0.723139972873,0.137825798142,0.808516945338,0
0.212,3.35,10,0.723100338218,0.137992281626,0.808489640839,0
0.2125,3.35,10,0.723061445866,0.138159763152,0.80846343945,0
0.213,3.35,10,0.723023300423,0.138328247398,0.808438354301,0
0.2135,3.35,10,0.722985906492,0.138497739045,0.808414398523,0
0.214,3.35,10,0.72294926868,0.13866824277,0.808391585244,0
0.2145,3.35,10,0.722913391589,0.138839763254,0.808369927595,0
0.215,3.35,10,0.722878279826,0.139012305175,0.808349438706,0
0.2155,3.35,10,0.722843937994,0.139185873212,0.808330131706,0
0.216,3.35,10,0.722810370698,0.139360472045,0.808312019726,0
0.2165,3.35,10,0.722777582543,0.139536106353,0.808295115896,0
0.217,3.35,10,0.722745578134,0.139712780815,0.808279433344,0
0.2175,3.35,10,0.722714362075,0.13989050011,0.808264985202,0
0.218,3.35,10,0.722683938971,0.140069268917,0.8082517846,0
0.2185,3.35,10,0.722654313426,0.140249091916,0.808239844666,0
0.219,3.35,10,0.722625490045,0.140429973785,0.808229178531,0
0.2195,3.35,10,0.722597473433,0.140611919204,0.808219799325,0
0.22,3.35,10,0.722570268194,0.140794932852,0.808211720178,0
0.2205,3.35,10,0.722543878934,0.140979019407,0.80820495422,0
0.221,3.35,10,0.722518310256,0.14116418355,0.80819951458,0
0.2215,3.35,10,0.722493566766,0.14135042996,0.808195414388,0
0.222,3.35,10,0.722469653068,0.141537763314,0.808192666775,0
0.2225,3.35,10,0.722446573766,0.141726188294,0.80819128487,0
0.223,3.35,10,0.722424333466,0.141915709577,0.808191281803,0
0.2235,3.35,10,0.722402936771,0.142106331843,0.808192670705,0
0.224,3.35,10,0.722382388288,0.142298059771,0.808195464704,0
0.2245,3.35,10,0.722362692619,0.14249089804,0.808199676931,0
0.225,3.35,10,0.722343854371,0.14268485133,0.808205320516,0
0.2255,3.35,10,0.722325878147,0.142879924319,0.808212408589,0
0.226,3.35,10,0.722308768552,0.143076121687,0.808220954279,0
0.2265,3.35,10,0.722292530191,0.143273448112,0.808230970716,0
0.227,3.35,10,0.722277167669,0.143471908275,0.808242471031,0
0.2275,3.35,10,0.722262685589,0.143671506853,0.808255468353,0
0.228,3.35,10,0.722249088558,0.143872248527,0.808269975813,0
0.2285,3.35,10,0.722236381179,0.144074137976,0.808286006539,0
0.229,3.35,10,0.722224568057,0.144277179878,0.808303573662,0
0.2295,3.35,10,0.722213653797,0.144481378912,0.808322690313,0
0.23,3.35,10,0.722203643004,0.144686739759,0.80834336962,0
0.2,3.355,10,0.724318010259,0.134062616814,0.809301683964,0
0.2005,3.355,10,0.724262422785,0.134207431887,0.809253045237,0
0.201,3.355,10,0.724207472173,0.134353137263,0.8092052093,0
0.2015,3.355,10,0.724153163028,0.134499737621,0.809158189283,0
0.202,3.355,10,0.724099499954,0.13464723764,0.809111998315,0
0.2025,3.355,10,0.724046487556,0.134795641998,0.809066649527,0
0.203,3.355,10,0.723994130439,0.134944955376,0.809022156049,0
0.2035,3.355,10,0.723942433206,0.135095182452,0.80897853101,0
0.204,3.355,10,0.723891400464,0.135246327906,0.80893578754,0
0.2045,3.355,10,0.723841036816,0.135398396416,0.808893938769,0
0.205,3.355,10,0.723791346868,0.135551392663,0.808852997828,0
0.2055,3.355,10,0.723742335223,0.135705321324,0.808812977845,0
0.206,3.355,10,0.723694006487,0.135860187079,0.808773891951,0
0.2065,3.355,10,0.723646365264,0.136015994607,0.808735753276,0
0.207,3.355,10,0.723599416158,0.136172748588,0.808698574949,0
0.2075,3.355,10,0.723553163775,0.136330453701,0.808662370101,0
0.208,3.355,10,0.723507612719,0.136489114624,0.808627151862,0
0.2085,3.355,10,0.723462767595,0.136648736037,0.808592933361,0
0.209,3.355,10,0.723418633007,0.136809322619,0.808559727728,0
0.2095,3.355,10,0.723375213561,0.136970879049,0.808527548093,0
0.21,3.355,10,0.72333251386,0.137133410007,0.808496407587,0
0.2105,3.355,10,0.723290538509,0.13729692017,0.808466319338,0
0.211,3.355,10,0.723249292113,0.13746141422,0.808437296477,0
0.2115,3.355,10,0.723208779277,0.137626896834,0.808409352134,0
0.212,3.355,10,0.723169004605,0.137793372692,0.808382499438,0
0.2125,3.355,10,0.723129972702,0.137960846474,0.808356751521,0
0.213,3.355,10,0.723091688173,0.138129322857,0.80833212151,0
0.2135,3.355,10,0.723054155622,0.138298806522,0.808308622537,0
0.214,3.355,10,0.723017379654,0.138469302147,0.808286267731,0
0.2145,3.355,10,0.722981364873,0.138640814412,0.808265070222,0
0.215,3.355,10,0.722946115885,0.138813347996,0.808245043141,0
0.2155,3.355,10,0.722911637293,0.138986907577,0.808226199616,0
0.216,3.355,10,0.722877933703,0.139161497836,0.808208552778,0
0.2165,3.355,10,0.722845009719,0.139337123451,0.808192115757,0
0.217,3.355,10,0.722812869946,0.139513789102,0.808176901683,0
0.2175,3.355,10,0.722781518988,0.139691499467,0.808162923685,0
0.218,3.355,10,0.72275096145,0.139870259225,0.808150194893,0
0.2185,3.355,10,0.722721201937,0.140050073057,0.808138728438,0
0.219,3.355,10,0.722692245053,0.14023094564,0.808128537449,0
0.2195,3.355,10,0.722664095404,0.140412881655,0.808119635057,0
0.22,3.355,10,0.722636757593,0.14059588578,0.80811203439,0
0.2205,3.355,10,0.722610236225,0.140779962695,0.808105748579,0
0.221,3.355,10,0.722584535906,0.140965117078,0.808100790755,0
0.2215,3.355,10,0.722559661239,0.141151353609,0.808097174045,0
0.222,3.355,10,0.722535616829,0.141338676966,0.808094911582,0
0.2225,3.355,10,0.722512407281,0.14152709183,0.808094016494,0
0.223,3.355,10,0.7224900372,0.141716602879,0.808094501912,0
0.2235,3.355,10,0.72246851119,0.141907214792,0.808096380965,0
0.224,3.355,10,0.722447833856,0.142098932249,0.808099666783,0
0.2245,3.355,10,0.722428009802,0.142291759929,0.808104372496,0
0.225,3.355,10,0.722409043634,0.14248570251,0.808110511234,0
0.2255,3.355,10,0.722390939955,0.142680764672,0.808118096128,0
0.226,3.355,10,0.722373703371,0.142876951094,0.808127140306,0
0.2265,3.355,10,0.722357338486,0.143074266456,0.808137656899,0
0.227,3.355,10,0.722341849905,0.143272715436,0.808149659036,0
0.2275,3.355,10,0.722327242233,0.143472302714,0.808163159849,0
0.228,3.355,10,0.722313520073,0.143673032968,0.808178172465,0
0.2285,3.355,10,0.722300688031,0.143874910878,0.808194710016,0
0.229,3.355,10,0.722288750712,0.144077941123,0.808212785631,0
0.2295,3.355,10,0.722277712719,0.144282128382,0.808232412441,0
0.23,3.355,10,0.722267578658,0.144487477335,0.808253603574,0
0.1995,3.36,10,0.72444736931,0.133720930677,0.809236583905,0
0.2,3.36,10,0.724390997791,0.133864855288,0.809187563686,0
0.2005,3.36,10,0.724335258994,0.134009665403,0.809139334794,0
0.201,3.36,10,0.724280157524,0.134155365702,0.809091910358,0
0.2015,3.36,10,0.724225697986,0.134301960864,0.80904530351,0
0.202,3.36,10,0.724171884984,0.134449455569,0.808999527379,0
0.2025,3.36,10,0.724118723124,0.134597854495,0.808954595095,0
0.203,3.36,10,0.72406621701,0.134747162322,0.808910519787,0
0.2035,3.36,10,0.724014371246,0.134897383729,0.808867314586,0
0.204,3.36,10,0.723963190437,0.135048523394,0.808824992622,0
0.2045,3.36,10,0.723912679188,0.135200585998,0.808783567024,0
0.205,3.36,10,0.723862842104,0.135353576219,0.808743050922,0
0.2055,3.36,10,0.723813683788,0.135507498736,0.808703457447,0
0.206,3.36,10,0.723765208847,0.135662358229,0.808664799728,0
0.2065,3.36,10,0.723717421883,0.135818159376,0.808627090894,0
0.207,3.36,10,0.723670327503,0.135974906858,0.808590344077,0
0.2075,3.36,10,0.72362393031,0.136132605352,0.808554572406,0
0.208,3.36,10,0.72357823491,0.136291259539,0.80851978901,0
0.2085,3.36,10,0.723533245907,0.136450874097,0.80848600702,0
0.209,3.36,10,0.723488967905,0.136611453705,0.808453239566,0
0.2095,3.36,10,0.72344540551,0.136773003043,0.808421499777,0
0.21,3.36,10,0.723402563326,0.136935526789,0.808390800783,0
0.2105,3.36,10,0.723360445957,0.137099029624,0.808361155715,0
0.211,3.36,10,0.723319058008,0.137263516225,0.808332577701,0
0.2115,3.36,10,0.723278404085,0.137428991273,0.808305079873,0
0.212,3.36,10,0.723238488791,0.137595459446,0.80827867536,0
0.2125,3.36,10,0.723199316731,0.137762925424,0.808253377292,0
0.213,3.36,10,0.72316089251,0.137931393885,0.808229198798,0
0.2135,3.36,10,0.723123220732,0.138100869509,0.808206153009,0
0.214,3.36,10,0.723086306003,0.138271356975,0.808184253054,0
0.2145,3.36,10,0.723050152926,0.138442860962,0.808163512064,0
0.215,3.36,10,0.723014766107,0.13861538615,0.808143943169,0
0.2155,3.36,10,0.722980150149,0.138788937216,0.808125559497,0
0.216,3.36,10,0.722946309659,0.138963518842,0.80810837418,0
0.2165,3.36,10,0.72291324924,0.139139135705,0.808092400347,0
0.217,3.36,10,0.722880973497,0.139315792484,0.808077651128,0
0.2175,3.36,10,0.722849487035,0.13949349386,0.808064139652,0
0.218,3.36,10,0.722818794458,0.139672244511,0.80805187905,0
0.2185,3.36,10,0.722788900371,0.139852049116,0.808040882452,0
0.219,3.36,10,0.722759809379,0.140032912355,0.808031162988,0
0.2195,3.36,10,0.722731526086,0.140214838906,0.808022733787,0
0.22,3.36,10,0.722704055096,0.140397833449,0.808015607979,0
0.2205,3.36,10,0.722677401016,0.140581900663,0.808009798695,0
0.221,3.36,10,0.722651568449,0.140767045227,0.808005319063,0
0.2215,3.36,10,0.722626561999,0.140953271821,0.808002182215,0
0.222,3.36,10,0.722602386272,0.141140585122,0.80800040128,0
0.2225,3.36,10,0.722579045873,0.141328989811,0.807999989387,0
0.223,3.36,10,0.722556545405,0.141518490567,0.808000959668,0
0.2235,3.36,10,0.722534889474,0.141709092068,0.808003325251,0
0.224,3.36,10,0.722514082684,0.141900798995,0.808007099266,0
0.2245,3.36,10,0.722494129639,0.142093616025,0.808012294844,0
0.225,3.36,10,0.722475034945,0.142287547839,0.808018925114,0
0.2255,3.36,10,0.722456803206,0.142482599115,0.808027003207,0
0.226,3.36,10,0.722439439027,0.142678774533,0.808036542251,0
0.2265,3.36,10,0.722422947012,0.142876078771,0.808047555378,0
0.227,3.36,10,0.722407331767,0.143074516509,0.808060055717,0
0.2275,3.36,10,0.722392597895,0.143274092427,0.808074056397,0
0.228,3.36,10,0.722378750001,0.143474811202,0.80808957055,0
0.2285,3.36,10,0.72236579269,0.143676677515,0.808106611304,0
0.229,3.36,10,0.722353730567,0.143879696044,0.808125191789,0
0.2295,3.36,10,0.722342568237,0.144083871469,0.808145325136,0
0.199,3.365,10,0.72457848302,0.133381127693,0.809174831439,0
0.1995,3.365,10,0.724521330523,0.133524166697,0.8091254359,0
0.2,3.365,10,0.724464806609,0.133668086408,0.809076820226,0
0.2005,3.365,10,0.724408915883,0.133812891506,0.809028997546,0
0.201,3.365,10,0.724353662949,0.133958586669,0.808981980991,0
0.2015,3.365,10,0.724299052413,0.134105176577,0.808935783691,0
0.202,3.365,10,0.724245088878,0.134252665908,0.808890418774,0
0.2025,3.365,10,0.72419177695,0.134401059343,0.808845899372,0
0.203,3.365,10,0.724139121233,0.134550361559,0.808802238614,0
0.2035,3.365,10,0.724087126332,0.134700577237,0.808759449629,0
0.204,3.365,10,0.724035796851,0.134851711055,0.808717545549,0
0.2045,3.365,10,0.723985137395,0.135003767693,0.808676539502,0
0.205,3.365,10,0.723935152569,0.13515675183,0.808636444619,0
0.2055,3.365,10,0.723885846977,0.135310668144,0.808597274029,0
0.206,3.365,10,0.723837225224,0.135465521315,0.808559040863,0
0.2065,3.365,10,0.723789291915,0.135621316023,0.80852175825,0
0.207,3.365,10,0.723742051654,0.135778056945,0.808485439321,0
0.2075,3.365,10,0.723695509046,0.135935748762,0.808450097204,0
0.208,3.365,10,0.723649668695,0.136094396153,0.808415745031,0
0.2085,3.365,10,0.723604535207,0.136254003797,0.808382395931,0
0.209,3.365,10,0.723560113186,0.136414576372,0.808350063033,0
0.2095,3.365,10,0.723516407236,0.136576118558,0.808318759468,0
0.21,3.365,10,0.723473421963,0.136738635035,0.808288498366,0
0.2105,3.365,10,0.72343116197,0.136902130481,0.808259292856,0
0.211,3.365,10,0.723389631863,0.137066609575,0.808231156069,0
0.2115,3.365,10,0.723348836246,0.137232076997,0.808204101134,0
0.212,3.365,10,0.723308779724,0.137398537426,0.808178141182,0
0.2125,3.365,10,0.723269466901,0.137565995541,0.808153289341,0
0.213,3.365,10,0.723230902383,0.137734456021,0.808129558743,0
0.2135,3.365,10,0.723193090773,0.137903923545,0.808106962516,0
0.214,3.365,10,0.723156036676,0.138074402793,0.808085513792,0
0.2145,3.365,10,0.723119744698,0.138245898443,0.808065225699,0
0.215,3.365,10,0.723084219442,0.138418415174,0.808046111367,0
0.2155,3.365,10,0.723049465514,0.138591957667,0.808028183928,0
0.216,3.365,10,0.723015487517,0.1387665306,0.808011456509,0
0.2165,3.365,10,0.722982290058,0.138942138651,0.807995942243,0
0.217,3.365,10,0.722949877739,0.139118786501,0.807981654257,0
0.2175,3.365,10,0.722918255167,0.139296478829,0.807968605682,0
0.218,3.365,10,0.722887426945,0.139475220313,0.807956809649,0
0.2185,3.365,10,0.722857397678,0.139655015632,0.807946279286,0
0.219,3.365,10,0.722828171971,0.139835869467,0.807937027725,0
0.2195,3.365,10,0.722799754429,0.140017786496,0.807929068094,0
0.22,3.365,10,0.722772149656,0.140200771398,0.807922413523,0
0.2205,3.365,10,0.722745362257,0.140384828852,0.807917077144,0
0.221,3.365,10,0.722719396836,0.140569963538,0.807913072084,0
0.2215,3.365,10,0.722694257999,0.140756180134,0.807910411475,0
0.222,3.365,10,0.722669950349,0.14094348332,0.807909108447,0
0.2225,3.365,10,0.722646478492,0.141131877775,0.807909176128,0
0.223,3.365,10,0.722623847031,0.141321368179,0.807910627649,0
0.2235,3.365,10,0.722602060573,0.141511959209,0.807913476141,0
0.224,3.365,10,0.722581123721,0.141703655546,0.807917734732,0
0.2245,3.365,10,0.72256104108,0.141896461868,0.807923416553,0
0.225,3.365,10,0.722541817255,0.142090382855,0.807930534734,0
0.2255,3.365,10,0.72252345685,0.142285423186,0.807939102404,0
0.226,3.365,10,0.72250596447,0.14248158754,0.807949132693,0
0.2265,3.365,10,0.722489344719,0.142678880596,0.807960638732,0
0.227,3.365,10,0.722473602203,0.142877307033,0.807973633651,0
0.2275,3.365,10,0.722458741526,0.143076871531,0.807988130578,0
0.228,3.365,10,0.722444767293,0.143277578768,0.808004142644,0
0.2285,3.365,10,0.722431684108,0.143479433424,0.80802168298,0
0.229,3.365,10,0.722419496575,0.143682440178,0.808040764714,0
0.1985,3.37,10,0.724711338947,0.133043198541,0.809116401878,0
0.199,3.37,10,0.72465340854,0.133185356796,0.809066637194,0
0.1995,3.37,10,0.724596102578,0.13332839096,0.809017640912,0
0.2,3.37,10,0.724539425664,0.133472305714,0.808969426162,0
0.2005,3.37,10,0.724483382403,0.133617105735,0.808922006074,0
0.201,3.37,10,0.7244279774,0.133762795702,0.808875393777,0
0.2015,3.37,10,0.72437321526,0.133909380296,0.808829602402,0
0.202,3.37,10,0.724319100586,0.134056864196,0.808784645079,0
0.2025,3.37,10,0.724265637984,0.134205252079,0.808740534937,0
0.203,3.37,10,0.724212832058,0.134354548627,0.808697285107,0
0.2035,3.37,10,0.724160687414,0.134504758516,0.808654908717,0
0.204,3.37,10,0.724109208655,0.134655886428,0.808613418899,0
0.2045,3.37,10,0.724058400386,0.134807937041,0.808572828782,0
0.205,3.37,10,0.724008267213,0.134960915033,0.808533151496,0
0.2055,3.37,10,0.723958813739,0.135114825086,0.80849440017,0
0.206,3.37,10,0.723910044569,0.135269671876,0.808456587936,0
0.2065,3.37,10,0.723861964308,0.135425460084,0.808419727922,0
0.207,3.37,10,0.723814577561,0.135582194389,0.808383833258,0
0.2075,3.37,10,0.723767888932,0.13573987947,0.808348917075,0
0.208,3.37,10,0.723721903025,0.135898520005,0.808314992503,0
0.2085,3.37,10,0.723676624447,0.136058120675,0.80828207267,0
0.209,3.37,10,0.7236320578,0.136218686159,0.808250170708,0
0.2095,3.37,10,0.72358820769,0.136380221134,0.808219299746,0
0.21,3.37,10,0.723545078722,0.136542730282,0.808189472913,0
0.2105,3.37,10,0.7235026755,0.13670621828,0.808160703341,0
0.211,3.37,10,0.723461002628,0.136870689808,0.808133004158,0
0.2115,3.37,10,0.723420064712,0.137036149545,0.808106388495,0
0.212,3.37,10,0.723379866356,0.137202602171,0.808080869482,0
0.2125,3.37,10,0.723340412165,0.137370052363,0.808056460248,0
0.213,3.37,10,0.723301706743,0.137538504803,0.808033173923,0
0.2135,3.37,10,0.723263754695,0.137707964168,0.808011023637,0
0.214,3.37,10,0.723226560626,0.137878435138,0.807990022521,0
0.2145,3.37,10,0.72319012914,0.138049922391,0.807970183704,0
0.215,3.37,10,0.723154464842,0.138222430608,0.807951520315,0
0.2155,3.37,10,0.723119572336,0.138395964468,0.807934045486,0
0.216,3.37,10,0.723085456228,0.138570528648,0.807917772345,0
0.2165,3.37,10,0.723052121122,0.13874612783,0.807902714023,0
0.217,3.37,10,0.723019571622,0.138922766691,0.807888883649,0
0.2175,3.37,10,0.722987812334,0.13910044991,0.807876294354,0
0.218,3.37,10,0.722956847861,0.139279182168,0.807864959267,0
0.2185,3.37,10,0.722926682809,0.139458968143,0.807854891518,0
0.219,3.37,10,0.722897321782,0.139639812515,0.807846104238,0
0.2195,3.37,10,0.722868769385,0.139821719962,0.807838610555,0
0.22,3.37,10,0.722841030222,0.140004695163,0.807832423601,0
0.2205,3.37,10,0.722814108898,0.140188742799,0.807827556504,0
0.221,3.37,10,0.722788010019,0.140373867547,0.807824022395,0
0.2215,3.37,10,0.722762738187,0.140560074087,0.807821834404,0
0.222,3.37,10,0.722738298009,0.140747367099,0.80782100566,0
0.2225,3.37,10,0.722714694088,0.140935751261,0.807821549294,0
0.223,3.37,10,0.72269193103,0.141125231252,0.807823478435,0
0.2235,3.37,10,0.722670013438,0.141315811753,0.807826806213,0
0.224,3.37,10,0.722648945919,0.141507497441,0.807831545759,0
0.2245,3.37,10,0.722628733075,0.141700292996,0.807837710201,0
0.225,3.37,10,0.722609379513,0.141894203097,0.807845312671,0
0.2255,3.37,10,0.722590889836,0.142089232423,0.807854366297,0
0.226,3.37,10,0.72257326865,0.142285385654,0.80786488421,0
0.2265,3.37,10,0.722556520558,0.142482667468,0.80787687954,0
0.227,3.37,10,0.722540650166,0.142681082546,0.807890365416,0
0.2275,3.37,10,0.722525662078,0.142880635565,0.807905354968,0
0.228,3.37,10,0.722511560899,0.143081331205,0.807921861327,0
0.2285,3.37,10,0.722498351233,0.143283174145,0.807939897622,0
0.229,3.37,10,0.722486037686,0.143486169065,0.807959476984,0
0.1985,3.375,10,0.724787219403,0.132848416266,0.809011142883,0
0.199,3.375,10,0.72472913446,0.13299056974,0.808961772167,0
0.1995,3.375,10,0.724671674427,0.133133599006,0.80891317152,0
0.2,3.375,10,0.724614843907,0.133277508742,0.808865354072,0
0.2005,3.375,10,0.724558647506,0.133422303627,0.808818332953,0
0.201,3.375,10,0.724503089828,0.133567988341,0.808772121294,0
0.2015,3.375,10,0.724448175477,0.133714567562,0.808726732223,0
0.202,3.375,10,0.724393909059,0.13386204597,0.808682178872,0
0.2025,3.375,10,0.724340295177,0.134010428243,0.808638474369,0
0.203,3.375,10,0.724287338437,0.134159719062,0.808595631844,0
0.2035,3.375,10,0.724235043444,0.134309923104,0.808553664428,0
0.204,3.375,10,0.724183414801,0.13446104505,0.808512585251,0
0.2045,3.375,10,0.724132457114,0.134613089579,0.808472407442,0
0.205,3.375,10,0.724082174987,0.134766061369,0.808433144131,0
0.2055,3.375,10,0.724032573025,0.134919965099,0.808394808448,0
0.206,3.375,10,0.723983655833,0.13507480545,0.808357413524,0
0.2065,3.375,10,0.723935428015,0.1352305871,0.808320972487,0
0.207,3.375,10,0.723887894175,0.135387314727,0.808285498468,0
0.2075,3.375,10,0.723841058919,0.135544993012,0.808251004597,0
0.208,3.375,10,0.723794926851,0.135703626634,0.808217504003,0
0.2085,3.375,10,0.723749502576,0.135863220271,0.808185009817,0
0.209,3.375,10,0.723704790698,0.136023778603,0.808153535169,0
0.2095,3.375,10,0.723660795823,0.136185306309,0.808123093188,0
0.21,3.375,10,0.723617522554,0.136347808068,0.808093697004,0
0.2105,3.375,10,0.723574975496,0.136511288559,0.808065359747,0
0.211,3.375,10,0.723533159254,0.136675752462,0.808038094547,0
0.2115,3.375,10,0.723492078433,0.136841204455,0.808011914534,0
0.212,3.375,10,0.723451737638,0.137007649218,0.807986832838,0
0.2125,3.375,10,0.723412141472,0.137175091429,0.807962862589,0
0.213,3.375,10,0.723373294541,0.137343535769,0.807940016916,0
0.2135,3.375,10,0.723335201449,0.137512986916,0.80791830895,0
0.214,3.375,10,0.723297866802,0.137683449548,0.807897751821,0
0.2145,3.375,10,0.723261295202,0.137854928347,0.807878358657,0
0.215,3.375,10,0.723225491256,0.13802742799,0.80786014259,0
0.2155,3.375,10,0.723190459568,0.138200953157,0.807843116749,0
0.216,3.375,10,0.723156204742,0.138375508526,0.807827294264,0
0.2165,3.375,10,0.723122731384,0.138551098778,0.807812688265,0
0.217,3.375,10,0.723090044097,0.138727728591,0.807799311882,0
0.2175,3.375,10,0.723058147487,0.138905402644,0.807787178245,0
0.218,3.375,10,0.723027046158,0.139084125616,0.807776300483,0
0.2185,3.375,10,0.722996744714,0.139263902188,0.807766691727,0
0.219,3.375,10,0.722967247761,0.139444737037,0.807758365106,0
0.2195,3.375,10,0.722938559904,0.139626634843,0.80775133375,0
0.22,3.375,10,0.722910685745,0.139809600285,0.80774561079,0
0.2205,3.375,10,0.722883629892,0.139993638042,0.807741209355,0
0.221,3.375,10,0.722857396947,0.140178752793,0.807738142575,0
0.2215,3.375,10,0.722831991516,0.140364949219,0.80773642358,0
0.222,3.375,10,0.722807418203,0.140552231996,0.807736065499,0
0.2225,3.375,10,0.722783681613,0.140740605806,0.807737081464,0
0.223,3.375,10,0.722760786351,0.140930075327,0.807739484603,0
0.2235,3.375,10,0.722738737021,0.141120645237,0.807743288047,0
0.224,3.375,10,0.722717538228,0.141312320218,0.807748504925,0
0.2245,3.375,10,0.722697194576,0.141505104946,0.807755148367,0
0.225,3.375,10,0.722677710671,0.141699004102,0.807763231504,0
0.2255,3.375,10,0.722659091116,0.141894022365,0.807772767464,0
0.226,3.375,10,0.722641340517,0.142090164413,0.807783769379,0
0.2265,3.375,10,0.722624463479,0.142287434927,0.807796250378,0
0.227,3.375,10,0.722608464605,0.142485838585,0.807810223591,0
0.2275,3.375,10,0.7225933485,0.142685380066,0.807825702147,0
0.228,3.375,10,0.72257911977,0.14288606405,0.807842699177,0
0.2285,3.375,10,0.722565783018,0.143087895215,0.80786122781,0
0.229,3.375,10,0.72255334285,0.143290878241,0.807881301177,0
0.198,3.38,10,0.724922750669,0.132513335787,0.808958928281,0
0.1985,3.38,10,0.724863889815,0.132654613429,0.808909189304,0
0.199,3.38,10,0.72480564973,0.132796762065,0.808860208934,0
0.1995,3.38,10,0.72474803502,0.132939786373,0.808812000301,0
0.2,3.38,10,0.724691050289,0.133083691032,0.808764576534,0
0.2005,3.38,10,0.724634700141,0.133228480722,0.808717950764,0
0.201,3.38,10,0.724578989182,0.133374160122,0.80867213612,0
0.2015,3.38,10,0.724523922015,0.133520733911,0.808627145732,0
0.202,3.38,10,0.724469503246,0.133668206768,0.80858299273,0
0.2025,3.38,10,0.72441573748,0.133816583373,0.808539690244,0
0.203,3.38,10,0.72436262932,0.133965868403,0.808497251405,0
0.2035,3.38,10,0.724310183372,0.13411606654,0.808455689341,0
0.204,3.38,10,0.724258404239,0.134267182461,0.808415017183,0
0.2045,3.38,10,0.724207296528,0.134419220846,0.80837524806,0
0.205,3.38,10,0.724156864842,0.134572186373,0.808336395103,0
0.2055,3.38,10,0.724107113787,0.134726083724,0.808298471441,0
0.206,3.38,10,0.724058047966,0.134880917575,0.808261490205,0
0.2065,3.38,10,0.724009671984,0.135036692607,0.808225464524,0
0.207,3.38,10,0.723961990447,0.135193413498,0.808190407528,0
0.2075,3.38,10,0.723915007958,0.135351084929,0.808156332347,0
0.208,3.38,10,0.723868729123,0.135509711577,0.808123252111,0
0.2085,3.38,10,0.723823158545,0.135669298122,0.80809117995,0
0.209,3.38,10,0.723778300831,0.135829849244,0.808060128994,0
0.2095,3.38,10,0.723734160584,0.13599136962,0.808030112372,0
0.21,3.38,10,0.723690742408,0.136153863932,0.808001143215,0
0.2105,3.38,10,0.723648050909,0.136317336857,0.807973234652,0
0.211,3.38,10,0.723606090692,0.136481793075,0.807946399814,0
0.2115,3.38,10,0.72356486636,0.136647237265,0.80792065183,0
0.212,3.38,10,0.723524382519,0.136813674105,0.807896003829,0
0.2125,3.38,10,0.723484643774,0.136981108277,0.807872468943,0
0.213,3.38,10,0.723445654728,0.137149544457,0.807850060301,0
0.2135,3.38,10,0.723407419987,0.137318987327,0.807828791033,0
0.214,3.38,10,0.723369944154,0.137489441563,0.807808674269,0
0.2145,3.38,10,0.723333231836,0.137660911847,0.807789723138,0
0.215,3.38,10,0.723297287636,0.137833402857,0.80777195077,0
0.2155,3.38,10,0.723262116159,0.138006919272,0.807755370296,0
0.216,3.38,10,0.72322772201,0.138181465771,0.807739994846,0
0.2165,3.38,10,0.723194109794,0.138357047034,0.807725837548,0
0.217,3.38,10,0.723161284114,0.13853366774,0.807712911534,0
0.2175,3.38,10,0.723129249577,0.138711332567,0.807701229933,0
0.218,3.38,10,0.723098010785,0.138890046195,0.807690805875,0
0.2185,3.38,10,0.723067572345,0.139069813303,0.807681652489,0
0.219,3.38,10,0.72303793886,0.139250638571,0.807673782906,0
0.2195,3.38,10,0.723009114936,0.139432526676,0.807667210256,0
0.22,3.38,10,0.722981105176,0.1396154823,0.807661947669,0
0.2205,3.38,10,0.722953914186,0.13979951012,0.807658008274,0
0.221,3.38,10,0.722927546571,0.139984614815,0.807655405201,0
0.2215,3.38,10,0.722902006934,0.140170801066,0.80765415158,0
0.222,3.38,10,0.722877299881,0.140358073551,0.807654260542,0
0.2225,3.38,10,0.722853430017,0.140546436949,0.807655745216,0
0.223,3.38,10,0.722830401945,0.14073589594,0.807658618731,0
0.2235,3.38,10,0.72280822027,0.140926455202,0.807662894219,0
0.224,3.38,10,0.722786889598,0.141118119415,0.807668584808,0
0.2245,3.38,10,0.722766414533,0.141310893257,0.807675703628,0
0.225,3.38,10,0.722746799679,0.141504781409,0.807684263811,0
0.2255,3.38,10,0.722728049641,0.141699788549,0.807694278484,0
0.226,3.38,10,0.722710169024,0.141895919356,0.807705760779,0
0.2265,3.38,10,0.722693162432,0.14209317851,0.807718723826,0
0.227,3.38,10,0.722677034471,0.142291570689,0.807733180753,0
0.2275,3.38,10,0.722661789744,0.142491100573,0.807749144692,0
0.228,3.38,10,0.722647432856,0.142691772841,0.807766628771,0
0.2285,3.38,10,0.722633968413,0.142893592173,0.807785646121,0
0.229,3.38,10,0.722621401018,0.143096563246,0.807806209872,0
0.1975,3.385,10,0.725059989898,0.132180106041,0.808909968704,0
0.198,3.385,10,0.7250003562,0.132320512708,0.80885986764,0
0.1985,3.385,10,0.724941339133,0.13246178557,0.808810513721,0
0.199,3.385,10,0.724882943301,0.132603929308,0.808761920076,0
0.1995,3.385,10,0.724825173308,0.132746948598,0.808714099834,0
0.2,3.385,10,0.724768033759,0.132890848122,0.808667066127,0
0.2005,3.385,10,0.724711529259,0.133035632558,0.808620832083,0
0.201,3.385,10,0.724655664413,0.133181306585,0.808575410833,0
0.2015,3.385,10,0.724600443825,0.133327874883,0.808530815506,0
0.202,3.385,10,0.7245458721,0.13347534213,0.808487059233,0
0.2025,3.385,10,0.724491953842,0.133623713006,0.808444155143,0
0.203,3.385,10,0.724438693657,0.13377299219,0.808402116366,0
0.2035,3.385,10,0.724386096148,0.13392318436,0.808360956032,0
0.204,3.385,10,0.724334165921,0.134074294197,0.808320687272,0
0.2045,3.385,10,0.724282907579,0.134226326379,0.808281323214,0
0.205,3.385,10,0.724232325729,0.134379285586,0.80824287699,0
0.2055,3.385,10,0.724182424974,0.134533176496,0.808205361727,0
0.206,3.385,10,0.724133209918,0.134688003789,0.808168790558,0
0.2065,3.385,10,0.724084685168,0.134843772144,0.808133176611,0
0.207,3.385,10,0.724036855327,0.13500048624,0.808098533017,0
0.2075,3.385,10,0.723989725,0.135158150757,0.808064872905,0
0.208,3.385,10,0.723943298791,0.135316770372,0.808032209405,0
0.2085,3.385,10,0.723897581306,0.135476349766,0.808000555647,0
0.209,3.385,10,0.723852577149,0.135636893618,0.807969924761,0
0.2095,3.385,10,0.723808290924,0.135798406607,0.807940329877,0
0.21,3.385,10,0.723764727236,0.135960893411,0.807911784125,0
0.2105,3.385,10,0.723721890691,0.136124358711,0.807884300635,0
0.211,3.385,10,0.723679785892,0.136288807185,0.807857892536,0
0.2115,3.385,10,0.723638417444,0.136454243513,0.807832572959,0
0.212,3.385,10,0.723597789952,0.136620672372,0.807808355034,0
0.2125,3.385,10,0.72355790802,0.136788098444,0.807785251889,0
0.213,3.385,10,0.723518776254,0.136956526407,0.807763276656,0
0.2135,3.385,10,0.723480399257,0.137125960939,0.807742442464,0
0.214,3.385,10,0.723442781635,0.137296406721,0.807722762443,0
0.2145,3.385,10,0.723405927991,0.137467868431,0.807704249723,0
0.215,3.385,10,0.723369842932,0.137640350748,0.807686917434,0
0.2155,3.385,10,0.723334531061,0.137813858352,0.807670778705,0
0.216,3.385,10,0.723299996983,0.137988395922,0.807655846668,0
0.2165,3.385,10,0.723266245302,0.138163968137,0.80764213445,0
0.217,3.385,10,0.723233280624,0.138340579676,0.807629655183,0
0.2175,3.385,10,0.723201107553,0.138518235218,0.807618421997,0
0.218,3.385,10,0.723169730694,0.138696939442,0.80760844802,0
0.2185,3.385,10,0.723139154651,0.138876697028,0.807599746384,0
0.219,3.385,10,0.723109384029,0.139057512655,0.807592330218,0
0.2195,3.385,10,0.723080423432,0.139239391001,0.807586212652,0
0.22,3.385,10,0.723052277466,0.139422336747,0.807581406815,0
0.2205,3.385,10,0.723024950734,0.13960635457,0.807577925839,0
0.221,3.385,10,0.722998447842,0.139791449151,0.807575782852,0
0.2215,3.385,10,0.722972773394,0.139977625168,0.807574990984,0
0.222,3.385,10,0.722947931995,0.140164887301,0.807575563366,0
0.2225,3.385,10,0.72292392825,0.140353240228,0.807577513127,0
0.223,3.385,10,0.722900766762,0.14054268863,0.807580853398,0
0.2235,3.385,10,0.722878452138,0.140733237184,0.807585597307,0
0.224,3.385,10,0.722856988981,0.14092489057,0.807591757986,0
0.2245,3.385,10,0.722836381895,0.141117653468,0.807599348564,0
0.225,3.385,10,0.722816635487,0.141311530556,0.80760838217,0
0.2255,3.385,10,0.72279775436,0.141506526514,0.807618871935,0
0.226,3.385,10,0.722779743119,0.141702646021,0.807630830989,0
0.2265,3.385,10,0.722762606369,0.141899893756,0.807644272461,0
0.227,3.385,10,0.722746348714,0.142098274397,0.807659209482,0
0.2275,3.385,10,0.722730974759,0.142297792625,0.807675655181,0
0.228,3.385,10,0.722716489109,0.142498453118,0.807693622688,0
0.2285,3.385,10,0.722702896368,0.142700260556,0.807713125133,0
0.197,3.39,10,0.725198924649,0.131848717709,0.808864239466,0
0.1975,3.39,10,0.725138521176,0.131988258258,0.808813782489,0
0.198,3.39,10,0.725078730194,0.132128660204,0.808764061194,0
0.1985,3.39,10,0.725019556308,0.132269928227,0.808715088711,0
0.199,3.39,10,0.724961004122,0.132412067006,0.808666878169,0
0.1995,3.39,10,0.724903078241,0.132555081221,0.808619442698,0
0.2,3.39,10,0.724845783269,0.13269897555,0.808572795428,0
0.2005,3.39,10,0.724789123812,0.132843754672,0.808526949489,0
0.201,3.39,10,0.724733104473,0.132989423268,0.808481918011,0
0.2015,3.39,10,0.724677729858,0.133135986015,0.808437714124,0
0.202,3.39,10,0.72462300457,0.133283447593,0.808394350957,0
0.2025,3.39,10,0.724568933216,0.133431812681,0.808351841642,0
0.203,3.39,10,0.724515520399,0.133581085958,0.808310199307,0
0.2035,3.39,10,0.724462770724,0.133731272104,0.808269437082,0
0.204,3.39,10,0.724410688795,0.133882375798,0.808229568097,0
0.2045,3.39,10,0.724359279218,0.134034401718,0.808190605483,0
0.205,3.39,10,0.724308546597,0.134187354545,0.808152562369,0
0.2055,3.39,10,0.724258495537,0.134341238956,0.808115451885,0
0.206,3.39,10,0.724209130642,0.134496059632,0.808079287161,0
0.2065,3.39,10,0.724160456516,0.13465182125,0.808044081326,0
0.207,3.39,10,0.724112477766,0.134808528492,0.808009847512,0
0.2075,3.39,10,0.724065198994,0.134966186035,0.807976598847,0
0.208,3.39,10,0.724018624807,0.135124798559,0.807944348461,0
0.2085,3.39,10,0.723972759808,0.135284370743,0.807913109485,0
0.209,3.39,10,0.723927608602,0.135444907266,0.807882895049,0
0.2095,3.39,10,0.723883175794,0.135606412807,0.807853718281,0
0.21,3.39,10,0.723839465989,0.135768892045,0.807825592313,0
0.2105,3.39,10,0.723796483791,0.13593234966,0.807798530273,0
0.211,3.39,10,0.723754233804,0.136096790331,0.807772545293,0
0.2115,3.39,10,0.723712720634,0.136262218737,0.807747650501,0
0.212,3.39,10,0.723671948885,0.136428639557,0.807723859029,0
0.2125,3.39,10,0.723631923162,0.13659605747,0.807701184004,0
0.213,3.39,10,0.723592648069,0.136764477155,0.807679638559,0
0.2135,3.39,10,0.723554128211,0.136933903292,0.807659235821,0
0.214,3.39,10,0.723516368193,0.137104340559,0.807639988922,0
0.2145,3.39,10,0.723479372619,0.137275793636,0.807621910992,0
0.215,3.39,10,0.723443146094,0.137448267202,0.807605015159,0
0.2155,3.39,10,0.723407693223,0.137621765936,0.807589314555,0
0.216,3.39,10,0.72337301861,0.137796294517,0.807574822308,0
0.2165,3.39,10,0.72333912686,0.137971857625,0.807561551549,0
0.217,3.39,10,0.723306022578,0.138148459938,0.807549515408,0
0.2175,3.39,10,0.723273710368,0.138326106135,0.807538727014,0
0.218,3.39,10,0.723242194835,0.138504800897,0.807529199499,0
0.2185,3.39,10,0.723211480583,0.138684548901,0.80752094599,0
0.219,3.39,10,0.723181572218,0.138865354828,0.807513979619,0
0.2195,3.39,10,0.723152474343,0.139047223356,0.807508313515,0
0.22,3.39,10,0.723124191564,0.139230159164,0.807503960808,0
0.2205,3.39,10,0.723096728485,0.139414166932,0.807500934628,0
0.221,3.39,10,0.72307008971,0.139599251338,0.807499248105,0
0.2215,3.39,10,0.723044279846,0.139785417063,0.807498914369,0
0.222,3.39,10,0.723019303495,0.139972668784,0.80749994655,0
0.2225,3.39,10,0.722995165263,0.140161011182,0.807502357777,0
0.223,3.39,10,0.722971869754,0.140350448935,0.807506161181,0
0.2235,3.39,10,0.722949421574,0.140540986722,0.807511369891,0
0.224,3.39,10,0.722927825326,0.140732629223,0.807517997038,0
0.2245,3.39,10,0.722907085615,0.140925381117,0.807526055751,0
0.225,3.39,10,0.722887207047,0.141119247082,0.807535559159,0
0.2255,3.39,10,0.722868194225,0.141314231799,0.807546520394,0
0.226,3.39,10,0.722850051754,0.141510339946,0.807558952585,0
0.2265,3.39,10,0.72283278424,0.141707576202,0.807572868862,0
0.227,3.39,10,0.722816396286,0.141905945247,0.807588282354,0
0.2275,3.39,10,0.722800892497,0.142105451759,0.807605206192,0
0.228,3.39,10,0.722786277478,0.142306100418,0.807623653506,0
0.2285,3.39,10,0.722772555833,0.142507895903,0.807643637425,0
0.1965,3.395,10,0.72533954248,0.131519161472,0.808821715882,0
0.197,3.395,10,0.725278372301,0.131657840759,0.808770909166,0
0.1975,3.395,10,0.725217810473,0.131797376646,0.808720826669,0
0.198,3.395,10,0.725157861601,0.131937773813,0.808671481521,0
0.1985,3.395,10,0.725098530291,0.132079036938,0.808622886852,0
0.199,3.395,10,0.725039821145,0.1322211707,0.808575055791,0
0.1995,3.395,10,0.72498173877,0.132364179779,0.808528001469,0
0.2,3.395,10,0.724924287769,0.132508068854,0.808481737015,0
0.2005,3.395,10,0.724867472748,0.132652842604,0.80843627556,0
0.201,3.395,10,0.724811298311,0.132798505708,0.808391630233,0
0.2015,3.395,10,0.724755769063,0.132945062845,0.808347814164,0
0.202,3.395,10,0.724700889608,0.133092518695,0.808304840483,0
0.2025,3.395,10,0.724646664551,0.133240877936,0.80826272232,0
0.203,3.395,10,0.724593098496,0.133390145249,0.808221472804,0
0.2035,3.395,10,0.724540196049,0.133540325311,0.808181105067,0
0.204,3.395,10,0.724487961814,0.133691422802,0.808141632237,0
0.2045,3.395,10,0.724436400395,0.133843442401,0.808103067444,0
0.205,3.395,10,0.724385516398,0.133996388788,0.808065423819,0
0.2055,3.395,10,0.724335314427,0.134150266641,0.808028714492,0
0.206,3.395,10,0.724285799086,0.13430508064,0.807992952591,0
0.2065,3.395,10,0.72423697498,0.134460835463,0.807958151248,0
0.207,3.395,10,0.724188846714,0.134617535791,0.807924323592,0
0.2075,3.395,10,0.724141418893,0.134775186301,0.807891482752,0
0.208,3.395,10,0.724094696121,0.134933791674,0.80785964186,0
0.2085,3.395,10,0.724048683002,0.135093356589,0.807828814044,0
0.209,3.395,10,0.724003384142,0.135253885724,0.807799012435,0
0.2095,3.395,10,0.723958804145,0.135415383758,0.807770250162,0
0.21,3.395,10,0.723914947616,0.135577855372,0.807742540356,0
0.2105,3.395,10,0.723871819159,0.135741305243,0.807715896146,0
0.211,3.395,10,0.72382942338,0.135905738052,0.807690330662,0
0.2115,3.395,10,0.723787764882,0.136071158476,0.807665857034,0
0.212,3.395,10,0.72374684827,0.136237571197,0.807642488393,0
0.2125,3.395,10,0.72370667815,0.136404980892,0.807620237867,0
0.213,3.395,10,0.723667259125,0.13657339224,0.807599118587,0
0.2135,3.395,10,0.7236285958,0.136742809922,0.807579143683,0
0.214,3.395,10,0.72359069278,0.136913238616,0.807560326285,0
0.2145,3.395,10,0.72355355467,0.137084683,0.807542679522,0
0.215,3.395,10,0.723517186074,0.137257147756,0.807526216524,0
0.2155,3.395,10,0.723481591597,0.13743063756,0.807510950422,0
0.216,3.395,10,0.723446775844,0.137605157094,0.807496894345,0
0.2165,3.395,10,0.723412743418,0.137780711035,0.807484061423,0
0.217,3.395,10,0.723379498926,0.137957304063,0.807472464786,0
0.2175,3.395,10,0.723347046971,0.138134940857,0.807462117564,0
0.218,3.395,10,0.723315392158,0.138313626097,0.807453032887,0
0.2185,3.395,10,0.723284539092,0.13849336446,0.807445223885,0
0.219,3.395,10,0.723254492378,0.138674160628,0.807438703687,0
0.2195,3.395,10,0.723225256619,0.138856019278,0.807433485424,0
0.22,3.395,10,0.723196836422,0.13903894509,0.807429582225,0
0.2205,3.395,10,0.723169236389,0.139222942743,0.80742700722,0
0.221,3.395,10,0.723142461127,0.139408016916,0.80742577354,0
0.2215,3.395,10,0.723116515239,0.139594172288,0.807425894314,0
0.222,3.395,10,0.723091403331,0.139781413539,0.807427382672,0
0.2225,3.395,10,0.723067130007,0.139969745348,0.807430251743,0
0.223,3.395,10,0.723043699871,0.140159172393,0.807434514659,0
0.2235,3.395,10,0.723021117529,0.140349699354,0.807440184548,0
0.224,3.395,10,0.722999387585,0.14054133091,0.807447274541,0
0.2245,3.395,10,0.722978514643,0.140734071741,0.807455797768,0
0.225,3.395,10,0.722958503309,0.140927926524,0.807465767357,0
0.2255,3.395,10,0.722939358186,0.141122899941,0.807477196441,0
0.226,3.395,10,0.72292108388,0.141318996669,0.807490098147,0
0.2265,3.395,10,0.722903684995,0.141516221387,0.807504485607,0
0.227,3.395,10,0.722887166136,0.141714578776,0.807520371949,0
0.2275,3.395,10,0.722871531908,0.141914073514,0.807537770305,0
0.228,3.395,10,0.722856786914,0.14211471028,0.807556693803,0
0.1965,3.4,10,0.725419897134,0.131329250894,0.808731222985,0
0.197,3.4,10,0.725358567528,0.131467925579,0.80868078546,0
0.1975,3.4,10,0.72529784674,0.131607456746,0.808631073822,0
0.198,3.4,10,0.725237739372,0.131747849073,0.808582101199,0
0.1985,3.4,10,0.725178250031,0.13188910724,0.808533880722,0
0.199,3.4,10,0.725119383321,0.132031235926,0.808486425522,0
0.1995,3.4,10,0.725061143845,0.132174239811,0.808439748727,0
0.2,3.4,10,0.72500353621,0.132318123572,0.808393863468,0
0.2005,3.4,10,0.72494656502,0.13246289189,0.808348782874,0
0.201,3.4,10,0.724890234879,0.132608549444,0.808304520076,0
0.2015,3.4,10,0.724834550391,0.132755100913,0.808261088204,0
0.202,3.4,10,0.724779516163,0.132902550975,0.808218500386,0
0.2025,3.4,10,0.724725136797,0.13305090431,0.808176769754,0
0.203,3.4,10,0.7246714169,0.133200165598,0.808135909437,0
0.2035,3.4,10,0.724618361075,0.133350339517,0.808095932566,0
0.204,3.4,10,0.724565973927,0.133501430746,0.808056852269,0
0.2045,3.4,10,0.724514260061,0.133653443965,0.808018681676,0
0.205,3.4,10,0.724463224082,0.133806383853,0.807981433919,0
0.2055,3.4,10,0.724412870594,0.133960255089,0.807945122126,0
0.206,3.4,10,0.724363204201,0.134115062352,0.807909759428,0
0.2065,3.4,10,0.724314229509,0.134270810321,0.807875358954,0
0.207,3.4,10,0.724265951122,0.134427503675,0.807841933834,0
0.2075,3.4,10,0.724218373645,0.134585147095,0.807809497199,0
0.208,3.4,10,0.724171501683,0.134743745257,0.807778062178,0
0.2085,3.4,10,0.724125339839,0.134903302843,0.807747641901,0
0.209,3.4,10,0.724079892719,0.135063824531,0.807718249497,0
0.2095,3.4,10,0.724035164927,0.135225314999,0.807689898098,0
0.21,3.4,10,0.723991161069,0.135387778928,0.807662600832,0
0.2105,3.4,10,0.723947885748,0.135551220997,0.80763637083,0
0.211,3.4,10,0.723905343569,0.135715645884,0.807611221221,0
0.2115,3.4,10,0.723863539138,0.135881058269,0.807587165136,0
0.212,3.4,10,0.723822477058,0.136047462831,0.807564215704,0
0.2125,3.4,10,0.723782161934,0.136214864248,0.807542386055,0
0.213,3.4,10,0.723742598371,0.136383267201,0.80752168932,0
0.2135,3.4,10,0.723703790974,0.136552676369,0.807502138627,0
0.214,3.4,10,0.723665744346,0.13672309643,0.807483747108,0
0.2145,3.4,10,0.723628463094,0.136894532063,0.807466527891,0
0.215,3.4,10,0.723591951821,0.137066987948,0.807450494107,0
0.2155,3.4,10,0.723556215133,0.137240468764,0.807435658885,0
0.216,3.4,10,0.723521257633,0.137414979191,0.807422035356,0
0.2165,3.4,10,0.723487083927,0.137590523906,0.80740963665,0
0.217,3.4,10,0.723453698618,0.13776710759,0.807398475896,0
0.2175,3.4,10,0.723421106313,0.137944734922,0.807388566224,0
0.218,3.4,10,0.723389311615,0.13812341058,0.807379920764,0
0.2185,3.4,10,0.723358319129,0.138303139244,0.807372552646,0
0.219,3.4,10,0.723328133459,0.138483925593,0.807366475,0
0.2195,3.4,10,0.723298759211,0.138665774306,0.807361700956,0
0.22,3.4,10,0.723270200989,0.138848690063,0.807358243644,0
0.2205,3.4,10,0.723242463398,0.139032677542,0.807356116193,0
0.221,3.4,10,0.723215551042,0.139217741422,0.807355331734,0
0.2215,3.4,10,0.723189468526,0.139403886383,0.807355903396,0
0.222,3.4,10,0.723164220454,0.139591117105,0.807357844309,0
0.2225,3.4,10,0.723139811432,0.139779438265,0.807361167604,0
0.223,3.4,10,0.723116246064,0.139968854543,0.80736588641,0
0.2235,3.4,10,0.723093528954,0.140159370619,0.807372013857,0
0.224,3.4,10,0.723071664708,0.140350991171,0.807379563074,0
0.2245,3.4,10,0.723050657929,0.140543720879,0.807388547193,0
0.225,3.4,10,0.723030513223,0.140737564422,0.807398979342,0
0.2255,3.4,10,0.723011235194,0.140932526478,0.807410872652,0
0.226,3.4,10,0.722992828447,0.141128611728,0.807424240252,0
0.2265,3.4,10,0.722975297586,0.14132582485,0.807439095273,0
0.227,3.4,10,0.722958647216,0.141524170523,0.807455450844,0
0.2275,3.4,10,0.722942881942,0.141723653427,0.807473320096,0
0.196,3.405,10,0.725563083234,0.131002479342,0.808694699262,0
0.1965,3.405,10,0.725500988919,0.131140297682,0.808643912883,0
0.197,3.405,10,0.725439499282,0.131278967706,0.808593840927,0
0.1975,3.405,10,0.725378618926,0.131418494093,0.808544496525,0
0.198,3.405,10,0.725318352458,0.131558881522,0.808495892806,0
0.1985,3.405,10,0.72525870448,0.131700134673,0.8084480429,0
0.199,3.405,10,0.725199679599,0.131842258224,0.808400959938,0
0.1995,3.405,10,0.725141282418,0.131985256854,0.808354657049,0
0.2,3.405,10,0.725083517543,0.132129135244,0.808309147363,0
0.2005,3.405,10,0.725026389577,0.132273898071,0.80826444401,0
0.201,3.405,10,0.724969903126,0.132419550015,0.808220560119,0
0.2015,3.405,10,0.724914062794,0.132566095755,0.808177508822,0
0.202,3.405,10,0.724858873186,0.132713539971,0.808135303247,0
0.2025,3.405,10,0.724804338907,0.132861887341,0.808093956524,0
0.203,3.405,10,0.72475046456,0.133011142545,0.808053481784,0
0.2035,3.405,10,0.724697254752,0.133161310261,0.808013892156,0
0.204,3.405,10,0.724644714086,0.13331239517,0.807975200771,0
0.2045,3.405,10,0.724592847167,0.13346440195,0.807937420757,0
0.205,3.405,10,0.7245416586,0.133617335279,0.807900565246,0
0.2055,3.405,10,0.724491152989,0.133771199839,0.807864647366,0
0.206,3.405,10,0.724441334939,0.133926000306,0.807829680249,0
0.2065,3.405,10,0.724392209055,0.134081741362,0.807795677023,0
0.207,3.405,10,0.724343779941,0.134238427684,0.807762650818,0
0.2075,3.405,10,0.724296052203,0.134396063953,0.807730614765,0
0.208,3.405,10,0.724249030444,0.134554654846,0.807699581994,0
0.2085,3.405,10,0.724202719269,0.134714205044,0.807669565634,0
0.209,3.405,10,0.724157123284,0.134874719225,0.807640578815,0
0.2095,3.405,10,0.724112247092,0.135036202069,0.807612634667,0
0.21,3.405,10,0.724068095298,0.135198658254,0.80758574632,0
0.2105,3.405,10,0.724024672507,0.135362092461,0.807559926904,0
0.211,3.405,10,0.723981983324,0.135526509367,0.807535189549,0
0.2115,3.405,10,0.723940032352,0.135691913653,0.807511547385,0
0.212,3.405,10,0.723898824198,0.135858309997,0.807489013541,0
0.2125,3.405,10,0.723858363465,0.136025703078,0.807467601148,0
0.213,3.405,10,0.723818654759,0.136194097576,0.807447323335,0
0.2135,3.405,10,0.723779702683,0.13636349817,0.807428193232,0
0.214,3.405,10,0.723741511843,0.136533909539,0.80741022397,0
0.2145,3.405,10,0.723704086843,0.136705336362,0.807393428678,0
0.215,3.405,10,0.723667432287,0.136877783318,0.807377820486,0
0.2155,3.405,10,0.723631552781,0.137051255086,0.807363412524,0
0.216,3.405,10,0.723596452929,0.137225756346,0.807350217921,0
0.2165,3.405,10,0.723562137336,0.137401291777,0.807338249808,0
0.217,3.405,10,0.723528610606,0.137577866058,0.807327521315,0
0.2175,3.405,10,0.723495877344,0.137755483867,0.807318045572,0
0.218,3.405,10,0.723463942155,0.137934149885,0.807309835708,0
0.2185,3.405,10,0.723432809643,0.13811386879,0.807302904853,0
0.219,3.405,10,0.723402484413,0.138294645262,0.807297266137,0
0.2195,3.405,10,0.72337297107,0.138476483979,0.80729293269,0
0.22,3.405,10,0.723344274218,0.13865938962,0.807289917643,0
0.2205,3.405,10,0.723316398462,0.138843366866,0.807288234124,0
0.221,3.405,10,0.723289348406,0.139028420395,0.807287895265,0
0.2215,3.405,10,0.723263128656,0.139214554886,0.807288914193,0
0.222,3.405,10,0.723237743815,0.139401775018,0.807291304041,0
0.2225,3.405,10,0.723213198489,0.139590085471,0.807295077937,0
0.223,3.405,10,0.723189497283,0.139779490923,0.807300249012,0
0.2235,3.405,10,0.7231666448,0.139969996054,0.807306830394,0
0.224,3.405,10,0.723144645645,0.140161605543,0.807314835215,0
0.2245,3.405,10,0.723123504424,0.14035432407,0.807324276604,0
0.225,3.405,10,0.72310322574,0.140548156312,0.807335167692,0
0.2255,3.405,10,0.723083814199,0.14074310695,0.807347521607,0
0.226,3.405,10,0.723065274405,0.140939180662,0.807361351479,0
0.2265,3.405,10,0.723047610962,0.141136382128,0.80737667044,0
0.227,3.405,10,0.723030828476,0.141334716027,0.807393491618,0
0.1955,3.41,10,0.72570791816,0.130677516785,0.808661313311,0
0.196,3.41,10,0.725645062205,0.130814483638,0.808610184251,0
0.1965,3.41,10,0.725582806787,0.130952297376,0.808559758152,0
0.197,3.41,10,0.725521156512,0.13109096268,0.808510048144,0
0.1975,3.41,10,0.725460115984,0.131230484228,0.808461067357,0
0.198,3.41,10,0.725399689808,0.1313708667,0.80841282892,0
0.1985,3.41,10,0.725339882589,0.131512114774,0.808365345964,0
0.199,3.41,10,0.725280698931,0.131654233131,0.808318631619,0
0.1995,3.41,10,0.725222143438,0.131797226448,0.808272699014,0
0.2,3.41,10,0.725164220717,0.131941099406,0.808227561279,0
0.2005,3.41,10,0.72510693537,0.132085856683,0.808183231545,0
0.201,3.41,10,0.725050292004,0.132231502958,0.808139722941,0
0.2015,3.41,10,0.724994295221,0.132378042911,0.808097048596,0
0.202,3.41,10,0.724938949628,0.132525481221,0.808055221642,0
0.2025,3.41,10,0.724884259829,0.132673822567,0.808014255207,0
0.203,3.41,10,0.724830230428,0.132823071628,0.807974162423,0
0.2035,3.41,10,0.72477686603,0.132973233083,0.807934956417,0
0.204,3.41,10,0.72472417124,0.133124311611,0.807896650322,0
0.2045,3.41,10,0.724672150662,0.133276311892,0.807859257265,0
0.205,3.41,10,0.724620808901,0.133429238605,0.807822790378,0
0.2055,3.41,10,0.724570150562,0.133583096428,0.80778726279,0
0.206,3.41,10,0.72452018025,0.133737890042,0.807752687632,0
0.2065,3.41,10,0.724470902568,0.133893624124,0.807719078032,0
0.207,3.41,10,0.724422322122,0.134050303355,0.807686447121,0
0.2075,3.41,10,0.724374443516,0.134207932414,0.807654808029,0
0.208,3.41,10,0.724327271355,0.134366515979,0.807624173886,0
0.2085,3.41,10,0.724280810243,0.134526058729,0.807594557821,0
0.209,3.41,10,0.724235064786,0.134686565345,0.807565972965,0
0.2095,3.41,10,0.724190039588,0.134848040504,0.807538432447,0
0.21,3.41,10,0.724145739253,0.135010488887,0.807511949398,0
0.2105,3.41,10,0.724102168387,0.135173915172,0.807486536947,0
0.211,3.41,10,0.724059331593,0.135338324039,0.807462208224,0
0.2115,3.41,10,0.724017233476,0.135503720166,0.807438976359,0
0.212,3.41,10,0.723975878642,0.135670108233,0.807416854481,0
0.2125,3.41,10,0.723935271695,0.135837492919,0.807395855722,0
0.213,3.41,10,0.723895417239,0.136005878903,0.80737599321,0
0.2135,3.41,10,0.723856319879,0.136175270864,0.807357280076,0
0.214,3.41,10,0.72381798422,0.136345673482,0.80733972945,0
0.2145,3.41,10,0.723780414866,0.136517091435,0.807323354461,0
0.215,3.41,10,0.723743616422,0.136689529403,0.807308168239,0
0.2155,3.41,10,0.723707593493,0.136862992064,0.807294183914,0
0.216,3.41,10,0.723672350683,0.137037484099,0.807281414617,0
0.2165,3.41,10,0.723637892597,0.137213010186,0.807269873476,0
0.217,3.41,10,0.72360422384,0.137389575004,0.807259573623,0
0.2175,3.41,10,0.723571349016,0.137567183232,0.807250528186,0
0.218,3.41,10,0.72353927273,0.13774583955,0.807242750296,0
0.2185,3.41,10,0.723507999586,0.137925548637,0.807236253083,0
0.219,3.41,10,0.72347753419,0.138106315172,0.807231049676,0
0.2195,3.41,10,0.723447881146,0.138288143834,0.807227153205,0
0.22,3.41,10,0.723419045058,0.138471039302,0.807224576801,0
0.2205,3.41,10,0.723391030531,0.138655006255,0.807223333593,0
0.221,3.41,10,0.72336384217,0.138840049373,0.807223436711,0
0.2215,3.41,10,0.72333748458,0.139026173334,0.807224899285,0
0.222,3.41,10,0.723311962365,0.139213382818,0.807227734445,0
0.2225,3.41,10,0.723287280129,0.139401682504,0.807231955321,0
0.223,3.41,10,0.723263442478,0.139591077071,0.807237575043,0
0.2235,3.41,10,0.723240454016,0.139781571199,0.80724460674,0
0.224,3.41,10,0.723218319348,0.139973169565,0.807253063542,0
0.2245,3.41,10,0.723197043078,0.140165876851,0.807262958581,0
0.225,3.41,10,0.723176629811,0.140359697734,0.807274304984,0
0.2255,3.41,10,0.723157084152,0.140554636894,0.807287115883,0
0.226,3.41,10,0.723138410705,0.140750699009,0.807301404406,0
0.2265,3.41,10,0.723120614075,0.14094788876,0.807317183685,0
0.227,3.41,10,0.723103698866,0.141146210825,0.807334466849,0
0.195,3.415,10,0.725854389472,0.130354353904,0.808631040447,0
0.1955,3.415,10,0.725790774944,0.130490474126,0.80857957488,0
0.196,3.415,10,0.725727756814,0.130627436436,0.808528800812,0
0.1965,3.415,10,0.725665339688,0.130765245513,0.808478731372,0
0.197,3.415,10,0.725603528169,0.130903906038,0.80842937969,0
0.1975,3.415,10,0.725542326863,0.131043422688,0.808380758896,0
0.198,3.415,10,0.725481740374,0.131183800143,0.80833288212,0
0.1985,3.415,10,0.725421773307,0.131325043082,0.808285762492,0
0.199,3.415,10,0.725362430267,0.131467156185,0.808239413142,0
0.1995,3.415,10,0.725303715857,0.13161014413,0.8081938472,0
0.2,3.415,10,0.725245634684,0.131754011597,0.808149077795,0
0.2005,3.415,10,0.72518819135,0.131898763265,0.808105118058,0
0.201,3.415,10,0.725131390462,0.132044403812,0.808061981118,0
0.2015,3.415,10,0.725075236624,0.132190937919,0.808019680106,0
0.202,3.415,10,0.72501973444,0.132338370263,0.80797822815,0
0.2025,3.415,10,0.724964888515,0.132486705526,0.807937638382,0
0.203,3.415,10,0.724910703454,0.132635948384,0.807897923931,0
0.2035,3.415,10,0.724857183861,0.132786103519,0.807859097927,0
0.204,3.415,10,0.724804334341,0.132937175608,0.807821173499,0
0.2045,3.415,10,0.724752159498,0.133089169331,0.807784163778,0
0.205,3.415,10,0.724700663938,0.133242089367,0.807748081894,0
0.2055,3.415,10,0.724649852265,0.133395940396,0.807712940976,0
0.206,3.415,10,0.724599729084,0.133550727096,0.807678754155,0
0.2065,3.415,10,0.724550298998,0.133706454147,0.80764553456,0
0.207,3.415,10,0.724501566614,0.133863126227,0.807613295322,0
0.2075,3.415,10,0.724453536535,0.134020748016,0.807582049569,0
0.208,3.415,10,0.724406213366,0.134179324193,0.807551810432,0
0.2085,3.415,10,0.724359601712,0.134338859438,0.807522591042,0
0.209,3.415,10,0.724313706178,0.134499358428,0.807494404527,0
0.2095,3.415,10,0.724268531367,0.134660825845,0.807467264017,0
0.21,3.415,10,0.724224081886,0.134823266365,0.807441182644,0
0.2105,3.415,10,0.724180362338,0.13498668467,0.807416173536,0
0.211,3.415,10,0.724137377328,0.135151085437,0.807392249823,0
0.2115,3.415,10,0.72409513146,0.135316473347,0.807369424636,0
0.212,3.415,10,0.72405362934,0.135482853078,0.807347711104,0
0.2125,3.415,10,0.724012875573,0.135650229309,0.807327122356,0
0.213,3.415,10,0.723972874761,0.13581860672,0.807307671524,0
0.2135,3.415,10,0.723933631512,0.135987989989,0.807289371737,0
0.214,3.415,10,0.723895150428,0.136158383796,0.807272236125,0
0.2145,3.415,10,0.723857436114,0.136329792821,0.807256277817,0
0.215,3.415,10,0.723820493176,0.136502221741,0.807241509944,0
0.2155,3.415,10,0.723784326218,0.136675675237,0.807227945636,0
0.216,3.415,10,0.723748939845,0.136850157987,0.807215598022,0
0.2165,3.415,10,0.723714338661,0.13702567467,0.807204480232,0
0.217,3.415,10,0.72368052727,0.137202229967,0.807194605396,0
0.2175,3.415,10,0.723647510278,0.137379828555,0.807185986645,0
0.218,3.415,10,0.72361529229,0.137558475114,0.807178637107,0
0.2185,3.415,10,0.723583877909,0.137738174323,0.807172569914,0
0.219,3.415,10,0.72355327174,0.137918930862,0.807167798194,0
0.2195,3.415,10,0.723523478389,0.138100749409,0.807164335078,0
0.22,3.415,10,0.72349450246,0.138283634644,0.807162193695,0
0.2205,3.415,10,0.723466348557,0.138467591246,0.807161387177,0
0.221,3.415,10,0.723439021285,0.138652623893,0.807161928651,0
0.2215,3.415,10,0.723412525249,0.138838737266,0.807163831249,0
0.222,3.415,10,0.723386865053,0.139025936043,0.8071671081,0
0.2225,3.415,10,0.723362045302,0.139214224903,0.807171772334,0
0.223,3.415,10,0.723338070601,0.139403608526,0.807177837081,0
0.2235,3.415,10,0.723314945554,0.13959409159,0.807185315471,0
0.224,3.415,10,0.723292674766,0.139785678776,0.807194220634,0
0.2245,3.415,10,0.723271262842,0.139978374761,0.807204565699,0
0.225,3.415,10,0.723250714386,0.140172184225,0.807216363797,0
0.2255,3.415,10,0.723231034003,0.140367111848,0.807229628058,0
0.226,3.415,10,0.723212226298,0.140563162308,0.807244371611,0
0.2265,3.415,10,0.723194295874,0.140760340284,0.807260607586,0
0.195,3.42,10,0.725938114695,0.130168259828,0.808552060085,0
0.1955,3.42,10,0.725874336922,0.130304375567,0.808500944221,0
0.196,3.42,10,0.725811156013,0.130441333275,0.808450521522,0
0.1965,3.42,10,0.725748576572,0.130579137633,0.808400805119,0
0.197,3.42,10,0.725686603204,0.130717793318,0.808351808142,0
0.1975,3.42,10,0.725625240514,0.130857305011,0.80830354372,0
0.198,3.42,10,0.725564493106,0.130997677391,0.808256024984,0
0.1985,3.42,10,0.725504365586,0.131138915136,0.808209265062,0
0.199,3.42,10,0.725444862557,0.131281022925,0.808163277086,0
0.1995,3.42,10,0.725385988625,0.131424005439,0.808118074185,0
0.2,3.42,10,0.725327748394,0.131567867356,0.808073669488,0
0.2005,3.42,10,0.725270146468,0.131712613355,0.808030076127,0
0.201,3.42,10,0.725213187453,0.131858248115,0.80798730723,0
0.2015,3.42,10,0.725156875952,0.132004776316,0.807945375927,0
0.202,3.42,10,0.725101216572,0.132152202637,0.80790429535,0
0.2025,3.42,10,0.725046213915,0.132300531756,0.807864078626,0
0.203,3.42,10,0.724991872588,0.132449768353,0.807824738887,0
0.2035,3.42,10,0.724938197194,0.132599917108,0.807786289262,0
0.204,3.42,10,0.724885192338,0.132750982699,0.807748742881,0
0.2045,3.42,10,0.724832862626,0.132902969805,0.807712112875,0
0.205,3.42,10,0.724781212661,0.133055883106,0.807676412372,0
0.2055,3.42,10,0.724730247048,0.13320972728,0.807641654503,0
0.206,3.42,10,0.724679970391,0.133364507007,0.807607852397,0
0.2065,3.42,10,0.724630387297,0.133520226967,0.807575019186,0
0.207,3.42,10,0.724581502368,0.133676891837,0.807543167997,0
0.2075,3.42,10,0.724533320211,0.133834506298,0.807512311963,0
0.208,3.42,10,0.724485845428,0.133993075028,0.807482464211,0
0.2085,3.42,10,0.724439082626,0.134152602707,0.807453637873,0
0.209,3.42,10,0.724393036409,0.134313094014,0.807425846077,0
0.2095,3.42,10,0.72434771138,0.134474553628,0.807399101955,0
0.21,3.42,10,0.724303112146,0.134636986227,0.807373418636,0
0.2105,3.42,10,0.724259243311,0.134800396492,0.807348809249,0
0.211,3.42,10,0.724216109479,0.134964789101,0.807325286925,0
0.2115,3.42,10,0.724173715255,0.135130168734,0.807302864794,0
0.212,3.42,10,0.724132065244,0.13529654007,0.807281555986,0
0.2125,3.42,10,0.724091164049,0.135463907787,0.807261373629,0
0.213,3.42,10,0.724051016277,0.135632276565,0.807242330855,0
0.2135,3.42,10,0.724011626532,0.135801651084,0.807224440793,0
0.214,3.42,10,0.723972999417,0.135972036021,0.807207716574,0
0.2145,3.42,10,0.723935139539,0.136143436057,0.807192171326,0
0.215,3.42,10,0.723898051501,0.136315855871,0.80717781818,0
0.2155,3.42,10,0.723861739908,0.136489300141,0.807164670266,0
0.216,3.42,10,0.723826209365,0.136663773548,0.807152740714,0
0.2165,3.42,10,0.723791464477,0.136839280769,0.807142042653,0
0.217,3.42,10,0.723757509848,0.137015826484,0.807132589214,0
0.2175,3.42,10,0.723724350082,0.137193415373,0.807124393526,0
0.218,3.42,10,0.723691989785,0.137372052114,0.80711746872,0
0.2185,3.42,10,0.723660433561,0.137551741387,0.807111827925,0
0.219,3.42,10,0.723629686015,0.137732487871,0.80710748427,0
0.2195,3.42,10,0.723599751751,0.137914296244,0.807104450887,0
0.22,3.42,10,0.723570635374,0.138097171187,0.807102740905,0
0.2205,3.42,10,0.723542341489,0.138281117377,0.807102367454,0
0.221,3.42,10,0.7235148747,0.138466139496,0.807103343663,0
0.2215,3.42,10,0.723488239612,0.13865224222,0.807105682663,0
0.222,3.42,10,0.72346244083,0.138839430231,0.807109397583,0
0.2225,3.42,10,0.723437482958,0.139027708206,0.807114501554,0
0.223,3.42,10,0.723413370601,0.139217080825,0.807121007705,0
0.2235,3.42,10,0.723390108364,0.139407552767,0.807128929166,0
0.224,3.42,10,0.723367700851,0.139599128712,0.807138279067,0
0.2245,3.42,10,0.723346152667,0.139791813338,0.807149070539,0
0.225,3.42,10,0.723325468416,0.139985611324,0.80716131671,0
0.2255,3.42,10,0.723305652704,0.140180527351,0.807175030711,0
0.226,3.42,10,0.723286710134,0.140376566096,0.807190225672,0
0.2265,3.42,10,0.723268645312,0.140573732239,0.807206914722,0
0.1945,3.425,10,0.726087069018,0.129847831425,0.80852761518,0
0.195,3.425,10,0.72602253467,0.12998310545,0.808476163694,0
0.1955,3.425,10,0.725958593046,0.130119216646,0.808425393911,0
0.196,3.425,10,0.725895248751,0.130256169694,0.808375318961,0
0.1965,3.425,10,0.72583250639,0.130393969272,0.808325951974,0
0.197,3.425,10,0.725770370567,0.13053262006,0.808277306079,0
0.1975,3.425,10,0.725708845887,0.130672126736,0.808229394408,0
0.198,3.425,10,0.725647936955,0.13081249398,0.808182230089,0
0.1985,3.425,10,0.725587648376,0.130953726472,0.808135826252,0
0.199,3.425,10,0.725527984753,0.13109582889,0.808090196028,0
0.1995,3.425,10,0.725468950692,0.131238805913,0.808045352546,0
0.2,3.425,10,0.725410550797,0.13138266222,0.808001308937,0
0.2005,3.425,10,0.725352789673,0.131527402492,0.807958078329,0
0.201,3.425,10,0.725295671925,0.131673031406,0.807915673854,0
0.2015,3.425,10,0.725239202157,0.131819553642,0.80787410864,0
0.202,3.425,10,0.725183384974,0.131966973879,0.807833395818,0
0.2025,3.425,10,0.725128224981,0.132115296796,0.807793548518,0
0.203,3.425,10,0.725073726781,0.132264527073,0.807754579869,0
0.2035,3.425,10,0.725019894981,0.132414669388,0.807716503002,0
0.204,3.425,10,0.724966734184,0.132565728422,0.807679331047,0
0.2045,3.425,10,0.724914248995,0.132717708852,0.807643077133,0
0.205,3.425,10,0.724862444019,0.132870615358,0.807607754389,0
0.2055,3.425,10,0.72481132386,0.133024452619,0.807573375947,0
0.206,3.425,10,0.724760893124,0.133179225314,0.807539954936,0
0.2065,3.425,10,0.724711156414,0.133334938123,0.807507504486,0
0.207,3.425,10,0.724662118336,0.133491595725,0.807476037727,0
0.2075,3.425,10,0.724613783493,0.133649202798,0.807445567788,0
0.208,3.425,10,0.724566156492,0.133807764022,0.8074161078,0
0.2085,3.425,10,0.724519241936,0.133967284076,0.807387670893,0
0.209,3.425,10,0.724473044429,0.13412776764,0.807360270196,0
0.2095,3.425,10,0.724427568578,0.134289219392,0.807333918839,0
0.21,3.425,10,0.724382818985,0.134451644011,0.807308629952,0
0.2105,3.425,10,0.724338800257,0.134615046177,0.807284416666,0
0.211,3.425,10,0.724295516997,0.134779430569,0.807261292109,0
0.2115,3.425,10,0.724252973811,0.134944801866,0.807239269412,0
0.212,3.425,10,0.724211175302,0.135111164747,0.807218361706,0
0.2125,3.425,10,0.724170126076,0.135278523891,0.807198582118,0
0.213,3.425,10,0.724129830737,0.135446883977,0.807179943781,0
0.2135,3.425,10,0.72409029389,0.135616249686,0.807162459823,0
0.214,3.425,10,0.724051520139,0.135786625694,0.807146143374,0
0.2145,3.425,10,0.72401351409,0.135958016683,0.807131007565,0
0.215,3.425,10,0.723976280346,0.136130427331,0.807117065525,0
0.2155,3.425,10,0.723939823513,0.136303862317,0.807104330384,0
0.216,3.425,10,0.723904148195,0.13647832632,0.807092815272,0
0.2165,3.425,10,0.723869258997,0.13665382402,0.807082533319,0
0.217,3.425,10,0.723835160523,0.136830360095,0.807073497654,0
0.2175,3.425,10,0.723801857378,0.137007939225,0.807065721409,0
0.218,3.425,10,0.723769354167,0.137186566089,0.807059217712,0
0.2185,3.425,10,0.723737655494,0.137366245366,0.807053999693,0
0.219,3.425,10,0.723706765964,0.137546981735,0.807050080483,0
0.2195,3.425,10,0.723676690182,0.137728779876,0.807047473211,0
0.22,3.425,10,0.723647432752,0.137911644467,0.807046191007,0
0.2205,3.425,10,0.723618998279,0.138095580188,0.807046247002,0
0.221,3.425,10,0.723591391367,0.138280591718,0.807047654324,0
0.2215,3.425,10,0.723564616622,0.138466683735,0.807050426105,0
0.222,3.425,10,0.723538678648,0.13865386092,0.807054575473,0
0.2225,3.425,10,0.723513582049,0.138842127951,0.807060115559,0
0.223,3.425,10,0.723489331431,0.139031489507,0.807067059492,0
0.2235,3.425,10,0.723465931397,0.139221950268,0.807075420403,0
0.224,3.425,10,0.723443386553,0.139413514913,0.807085211422,0
0.2245,3.425,10,0.723421701503,0.13960618812,0.807096445677,0
0.225,3.425,10,0.723400880852,0.13979997457,0.8071091363,0
0.2255,3.425,10,0.723380929204,0.13999487894,0.80712329642,0
0.226,3.425,10,0.723361851164,0.140190905911,0.807138939167,0
0.2265,3.425,10,0.723343651337,0.140388060162,0.807156077671,0
0.194,3.43,10,0.726237625472,0.129529179599,0.808506215481,0
0.1945,3.43,10,0.726172337617,0.129663616766,0.808454434546,0
0.195,3.43,10,0.726107638347,0.129798886307,0.808403323852,0
0.1955,3.43,10,0.726043532266,0.129934992902,0.808352896529,0
0.196,3.43,10,0.72598002398,0.13007194123,0.808303165706,0
0.1965,3.43,10,0.725917118093,0.130209735969,0.808254144513,0
0.197,3.43,10,0.725854819209,0.1303483818,0.80820584608,0
0.1975,3.43,10,0.725793131934,0.130487883401,0.808158283537,0
0.198,3.43,10,0.725732060872,0.130628245451,0.808111470014,0
0.1985,3.43,10,0.725671610627,0.13076947263,0.808065418641,0
0.199,3.43,10,0.725611785805,0.130911569616,0.808020142547,0
0.1995,3.43,10,0.725552591009,0.13105454109,0.807975654863,0
0.2,3.43,10,0.725494030845,0.131198391729,0.807931968719,0
0.2005,3.43,10,0.725436109918,0.131343126213,0.807889097244,0
0.201,3.43,10,0.725378832831,0.131488749222,0.807847053568,0
0.2015,3.43,10,0.725322204189,0.131635265434,0.807805850822,0
0.202,3.43,10,0.725266228598,0.131782679528,0.807765502134,0
0.2025,3.43,10,0.725210910662,0.131930996184,0.807726020636,0
0.203,3.43,10,0.725156254985,0.132080220082,0.807687419456,0
0.2035,3.43,10,0.725102266172,0.132230355899,0.807649711725,0
0.204,3.43,10,0.725048948828,0.132381408315,0.807612910573,0
0.2045,3.43,10,0.724996307557,0.13253338201,0.80757702913,0
0.205,3.43,10,0.724944346964,0.132686281662,0.807542080525,0
0.2055,3.43,10,0.724893071654,0.13284011195,0.807508077888,0
0.206,3.43,10,0.724842486232,0.132994877555,0.80747503435,0
0.2065,3.43,10,0.724792595301,0.133150583154,0.80744296304,0
0.207,3.43,10,0.724743403467,0.133307233427,0.807411877088,0
0.2075,3.43,10,0.724694915334,0.133464833054,0.807381789624,0
0.208,3.43,10,0.724647135508,0.133623386713,0.807352713778,0
0.2085,3.43,10,0.724600068592,0.133782899083,0.80732466268,0
0.209,3.43,10,0.724553719191,0.133943374844,0.807297649459,0
0.2095,3.43,10,0.72450809191,0.134104818675,0.807271687246,0
0.21,3.43,10,0.724463191353,0.134267235255,0.807246789171,0
0.2105,3.43,10,0.724419022126,0.134430629263,0.807222968363,0
0.211,3.43,10,0.724375588833,0.134595005378,0.807200237952,0
0.2115,3.43,10,0.724332896078,0.13476036828,0.807178611068,0
0.212,3.43,10,0.724290948466,0.134926722647,0.807158100842,0
0.2125,3.43,10,0.724249750602,0.135094073159,0.807138720402,0
0.213,3.43,10,0.724209307091,0.135262424495,0.80712048288,0
0.2135,3.43,10,0.724169622537,0.135431781333,0.807103401404,0
0.214,3.43,10,0.724130701544,0.135602148354,0.807087489105,0
0.2145,3.43,10,0.724092548718,0.135773530236,0.807072759112,0
0.215,3.43,10,0.724055168663,0.135945931659,0.807059224556,0
0.2155,3.43,10,0.724018565984,0.136119357301,0.807046898567,0
0.216,3.43,10,0.723982745284,0.136293811842,0.807035794273,0
0.2165,3.43,10,0.72394771117,0.136469299961,0.807025924806,0
0.217,3.43,10,0.723913468246,0.136645826337,0.807017303295,0
0.2175,3.43,10,0.723880021116,0.13682339565,0.80700994287,0
0.218,3.43,10,0.723847374385,0.137002012577,0.807003856661,0
0.2185,3.43,10,0.723815532657,0.137181681799,0.806999057797,0
0.219,3.43,10,0.723784500538,0.137362407995,0.80699555941,0
0.2195,3.43,10,0.723754282632,0.137544195844,0.806993374628,0
0.22,3.43,10,0.723724883543,0.137727050024,0.806992516581,0
0.2205,3.43,10,0.723696307876,0.137910975216,0.8069929984,0
0.221,3.43,10,0.723668560236,0.138095976097,0.806994833214,0
0.2215,3.43,10,0.723641645228,0.138282057349,0.806998034153,0
0.222,3.43,10,0.723615567456,0.138469223649,0.807002614348,0
0.2225,3.43,10,0.723590331525,0.138657479676,0.807008586927,0
0.223,3.43,10,0.723565942039,0.13884683011,0.807015965022,0
0.2235,3.43,10,0.723542403603,0.139037279631,0.807024761761,0
0.224,3.43,10,0.723519720822,0.139228832916,0.807034990275,0
0.2245,3.43,10,0.723497898301,0.139421494646,0.807046663693,0
0.225,3.43,10,0.723476940643,0.1396152695,0.807059795146,0
0.2255,3.43,10,0.723456852454,0.139810162156,0.807074397763,0
0.226,3.43,10,0.723437638339,0.140006177293,0.807090484675,0
0.2265,3.43,10,0.723419302901,0.140203319592,0.80710806901,0
0.1935,3.435,10,0.726389771616,0.129212295029,0.808487836301,0
0.194,3.435,10,0.726323733322,0.129345900196,0.808435732093,0
0.1945,3.435,10,0.726258279474,0.129480332939,0.808384286662,0
0.195,3.435,10,0.726193414676,0.129615597938,0.808333513138,0
0.1955,3.435,10,0.726129143533,0.129751699873,0.808283424653,0
0.196,3.435,10,0.72606547065,0.129888643421,0.808234034335,0
0.1965,3.435,10,0.726002400631,0.130026433263,0.808185355314,0
0.197,3.435,10,0.725939938081,0.130165074078,0.808137400721,0
0.1975,3.435,10,0.725878087605,0.130304570544,0.808090183686,0
0.198,3.435,10,0.725816853806,0.130444927341,0.808043717337,0
0.1985,3.435,10,0.725756241291,0.130586149148,0.807998014806,0
0.199,3.435,10,0.725696254663,0.130728240644,0.807953089221,0
0.1995,3.435,10,0.725636898527,0.130871206508,0.807908953714,0
0.2,3.435,10,0.725578177488,0.13101505142,0.807865621413,0
0.2005,3.435,10,0.725520096151,0.131159780058,0.807823105449,0
0.201,3.435,10,0.725462659119,0.131305397102,0.807781418951,0
0.2015,3.435,10,0.725405870999,0.13145190723,0.80774057505,0
0.202,3.435,10,0.725349736394,0.131599315123,0.807700586876,0
0.2025,3.435,10,0.725294259909,0.131747625459,0.807661467557,0
0.203,3.435,10,0.725239446148,0.131896842917,0.807623230225,0
0.2035,3.435,10,0.725185299717,0.132046972177,0.807585888009,0
0.204,3.435,10,0.72513182522,0.132198017917,0.807549454039,0
0.2045,3.435,10,0.725079027262,0.132349984817,0.807513941445,0
0.205,3.435,10,0.725026910447,0.132502877556,0.807479363357,0
0.2055,3.435,10,0.724975479379,0.132656700813,0.807445732904,0
0.206,3.435,10,0.724924738665,0.132811459267,0.807413063217,0
0.2065,3.435,10,0.724874692908,0.132967157597,0.807381367426,0
0.207,3.435,10,0.724825346712,0.133123800483,0.807350658659,0
0.2075,3.435,10,0.724776704684,0.133281392604,0.807320950049,0
0.208,3.435,10,0.724728771426,0.133439938639,0.807292254723,0
0.2085,3.435,10,0.724681551544,0.133599443266,0.807264585812,0
0.209,3.435,10,0.724635049643,0.133759911165,0.807237956447,0
0.2095,3.435,10,0.724589270327,0.133921347016,0.807212379756,0
0.21,3.435,10,0.724544218201,0.134083755497,0.80718786887,0
0.2105,3.435,10,0.724499897869,0.134247141288,0.807164436919,0
0.211,3.435,10,0.724456313937,0.134411509067,0.807142097032,0
0.2115,3.435,10,0.724413471008,0.134576863515,0.80712086234,0
0.212,3.435,10,0.724371373687,0.134743209309,0.807100745972,0
0.2125,3.435,10,0.72433002658,0.134910551129,0.807081761059,0
0.213,3.435,10,0.72428943429,0.135078893655,0.80706392073,0
0.2135,3.435,10,0.724249601423,0.135248241565,0.807047238114,0
0.214,3.435,10,0.724210532583,0.135418599539,0.807031726343,0
0.2145,3.435,10,0.724172232374,0.135589972255,0.807017398546,0
0.215,3.435,10,0.724134705402,0.135762364394,0.807004267852,0
0.2155,3.435,10,0.72409795627,0.135935780633,0.806992347393,0
0.216,3.435,10,0.724061989584,0.136110225653,0.806981650296,0
0.2165,3.435,10,0.724026809949,0.136285704132,0.806972189694,0
0.217,3.435,10,0.723992421968,0.136462220749,0.806963978714,0
0.2175,3.435,10,0.723958830247,0.136639780185,0.806957030488,0
0.218,3.435,10,0.723926039391,0.136818387117,0.806951358146,0
0.2185,3.435,10,0.723894054003,0.136998046224,0.806946974816,0
0.219,3.435,10,0.723862878688,0.137178762187,0.806943893629,0
0.2195,3.435,10,0.723832518052,0.137360539685,0.806942127715,0
0.22,3.435,10,0.723802976698,0.137543383395,0.806941690204,0
0.2205,3.435,10,0.723774259232,0.137727297999,0.806942594226,0
0.221,3.435,10,0.723746370259,0.137912288174,0.80694485291,0
0.2215,3.435,10,0.723719314381,0.138098358599,0.806948479387,0
0.222,3.435,10,0.723693096206,0.138285513955,0.806953486786,0
0.2225,3.435,10,0.723667720336,0.13847375892,0.806959888237,0
0.223,3.435,10,0.723643191377,0.138663098173,0.806967696871,0
0.2235,3.435,10,0.723619513933,0.138853536394,0.806976925817,0
0.224,3.435,10,0.72359669261,0.139045078261,0.806987588204,0
0.2245,3.435,10,0.723574732011,0.139237728454,0.806999697164,0
0.225,3.435,10,0.723553636741,0.139431491652,0.807013265825,0
0.2255,3.435,10,0.723533411406,0.139626372534,0.807028307318,0
0.226,3.435,10,0.723514060609,0.139822375779,0.807044834773,0
0.1935,3.44,10,0.726476709344,0.129029946421,0.808420031647,0
0.194,3.44,10,0.726410503987,0.129163547223,0.808368257653,0
0.1945,3.44,10,0.72634488354,0.129297975484,0.808317144104,0
0.195,3.44,10,0.726279852609,0.129433235882,0.80826670413,0
0.1955,3.44,10,0.726215415798,0.129569333097,0.808216950861,0
0.196,3.44,10,0.726151577712,0.129706271807,0.808167897427,0
0.1965,3.44,10,0.726088342955,0.129844056692,0.808119556957,0
0.197,3.44,10,0.726025716133,0.129982692431,0.808071942582,0
0.1975,3.44,10,0.725963701849,0.130122183703,0.808025067432,0
0.198,3.44,10,0.725902304709,0.130262535188,0.807978944637,0
0.1985,3.44,10,0.725841529317,0.130403751564,0.807933587325,0
0.199,3.44,10,0.725781380278,0.13054583751,0.807889008628,0
0.1995,3.44,10,0.725721862197,0.130688797706,0.807845221676,0
0.2,3.44,10,0.725662979677,0.130832636831,0.807802239597,0
0.2005,3.44,10,0.725604737324,0.130977359564,0.807760075522,0
0.201,3.44,10,0.725547139742,0.131122970584,0.807718742581,0
0.2015,3.44,10,0.725490191537,0.13126947457,0.807678253904,0
0.202,3.44,10,0.725433897312,0.131416876202,0.807638622621,0
0.2025,3.44,10,0.725378261672,0.131565180158,0.807599861861,0
0.203,3.44,10,0.725323289223,0.131714391118,0.807561984755,0
0.2035,3.44,10,0.725268984568,0.131864513761,0.807525004432,0
0.204,3.44,10,0.725215352312,0.132015552766,0.807488934023,0
0.2045,3.44,10,0.72516239706,0.132167512812,0.807453786656,0
0.205,3.44,10,0.725110123417,0.132320398579,0.807419575463,0
0.2055,3.44,10,0.725058535987,0.132474214745,0.807386313573,0
0.206,3.44,10,0.725007639375,0.13262896599,0.807354014115,0
0.2065,3.44,10,0.724957438185,0.132784656992,0.807322690221,0
0.207,3.44,10,0.724907937023,0.132941292431,0.807292355019,0
0.2075,3.44,10,0.724859140492,0.133098876987,0.807263021639,0
0.208,3.44,10,0.724811053198,0.133257415338,0.807234703213,0
0.2085,3.44,10,0.724763679745,0.133416912163,0.807207412868,0
0.209,3.44,10,0.724717024738,0.133577372142,0.807181163736,0
0.2095,3.44,10,0.724671092781,0.133738799953,0.807155968946,0
0.21,3.44,10,0.724625888479,0.133901200276,0.807131841628,0
0.2105,3.44,10,0.724581416437,0.13406457779,0.807108794912,0
0.211,3.44,10,0.724537681259,0.134228937175,0.807086841928,0
0.2115,3.44,10,0.72449468755,0.134394283109,0.807065995806,0
0.212,3.44,10,0.724452439915,0.134560620271,0.807046269675,0
0.2125,3.44,10,0.724410942959,0.13472795334,0.807027676666,0
0.213,3.44,10,0.724370201285,0.134896286997,0.807010229909,0
0.2135,3.44,10,0.724330219499,0.135065625919,0.806993942533,0
0.214,3.44,10,0.724291002205,0.135235974787,0.806978827668,0
0.2145,3.44,10,0.724252554008,0.135407338278,0.806964898444,0
0.215,3.44,10,0.724214879513,0.135579721073,0.806952167992,0
0.2155,3.44,10,0.724177983324,0.135753127851,0.80694064944,0
0.216,3.44,10,0.724141870046,0.13592756329,0.80693035592,0
0.2165,3.44,10,0.724106544283,0.13610303207,0.80692130056,0
0.217,3.44,10,0.72407201064,0.136279538869,0.806913496491,0
0.2175,3.44,10,0.724038273723,0.136457088368,0.806906956842,0
0.218,3.44,10,0.724005338134,0.136635685245,0.806901694744,0
0.2185,3.44,10,0.72397320848,0.13681533418,0.806897723326,0
0.219,3.44,10,0.723941889365,0.136996039851,0.806895055719,0
0.2195,3.44,10,0.723911385393,0.137177806938,0.806893705052,0
0.22,3.44,10,0.723881701169,0.13736064012,0.806893684455,0
0.2205,3.44,10,0.723852841298,0.137544544075,0.806895007057,0
0.221,3.44,10,0.723824810384,0.137729523484,0.80689768599,0
0.2215,3.44,10,0.723797613032,0.137915583025,0.806901734383,0
0.222,3.44,10,0.723771253847,0.138102727378,0.806907165365,0
0.2225,3.44,10,0.723745737433,0.138290961221,0.806913992067,0
0.223,3.44,10,0.723721068395,0.138480289234,0.806922227618,0
0.2235,3.44,10,0.723697251338,0.138670716095,0.806931885149,0
0.224,3.44,10,0.723674290866,0.138862246485,0.806942977789,0
0.2245,3.44,10,0.723652191584,0.139054885082,0.806955518668,0
0.225,3.44,10,0.723630958097,0.139248636565,0.806969520916,0
0.2255,3.44,10,0.723610595009,0.139443505614,0.806984997664,0
0.193,3.445,10,0.726631253243,0.128715746122,0.808407308526,0
0.1935,3.445,10,0.726564299444,0.128848519841,0.808355212142,0
0.194,3.445,10,0.726497926417,0.12898211622,0.808303764741,0
0.1945,3.445,10,0.726432138766,0.129116539939,0.808252979452,0
0.195,3.445,10,0.726366941095,0.129251795677,0.808202869405,0
0.1955,3.445,10,0.726302338011,0.129387888112,0.808153447731,0
0.196,3.445,10,0.726238334116,0.129524821925,0.808104727559,0
0.1965,3.445,10,0.726174934016,0.129662601794,0.808056722019,0
0.197,3.445,10,0.726112142316,0.129801232399,0.808009444241,0
0.1975,3.445,10,0.726049963619,0.129940718418,0.807962907355,0
0.198,3.445,10,0.725988402532,0.13008106453,0.807917124491,0
0.1985,3.445,10,0.725927463658,0.130222275416,0.807872108778,0
0.199,3.445,10,0.725867151601,0.130364355753,0.807827873347,0
0.1995,3.445,10,0.725807470968,0.130507310222,0.807784431327,0
0.2,3.445,10,0.725748426362,0.130651143501,0.807741795849,0
0.2005,3.445,10,0.725690022387,0.130795860269,0.807699980042,0
0.201,3.445,10,0.72563226365,0.130941465206,0.807658997037,0
0.2015,3.445,10,0.725575154753,0.131087962991,0.807618859962,0
0.202,3.445,10,0.725518700303,0.131235358302,0.807579581948,0
0.2025,3.445,10,0.725462904903,0.13138365582,0.807541176126,0
0.203,3.445,10,0.725407773159,0.131532860222,0.807503655624,0
0.2035,3.445,10,0.725353309674,0.13168297619,0.807467033572,0
0.204,3.445,10,0.725299519054,0.1318340084,0.807431323102,0
0.2045,3.445,10,0.725246405903,0.131985961533,0.807396537342,0
0.205,3.445,10,0.725193974826,0.132138840268,0.807362689422,0
0.2055,3.445,10,0.725142230427,0.132292649284,0.807329792472,0
0.206,3.445,10,0.725091177311,0.13244739326,0.807297859623,0
0.2065,3.445,10,0.725040820084,0.132603076876,0.807266904004,0
0.207,3.445,10,0.724991163348,0.132759704809,0.807236938744,0
0.2075,3.445,10,0.72494221171,0.132917281741,0.807207976975,0
0.208,3.445,10,0.724893969774,0.133075812349,0.807180031825,0
0.2085,3.445,10,0.724846442143,0.133235301312,0.807153116425,0
0.209,3.445,10,0.724799633424,0.133395753311,0.807127243905,0
0.2095,3.445,10,0.724753548221,0.133557173024,0.807102427394,0
0.21,3.445,10,0.724708191138,0.13371956513,0.807078680023,0
0.2105,3.445,10,0.724663566779,0.133882934309,0.807056014921,0
0.211,3.445,10,0.724619679751,0.134047285239,0.807034445218,0
0.2115,3.445,10,0.724576534657,0.1342126226,0.807013984044,0
0.212,3.445,10,0.724534136101,0.134378951071,0.806994644529,0
0.2125,3.445,10,0.72449248869,0.13454627533,0.806976439803,0
0.213,3.445,10,0.724451597026,0.134714600058,0.806959382996,0
0.2135,3.445,10,0.724411465716,0.134883929934,0.806943487237,0
0.214,3.445,10,0.724372099362,0.135054269636,0.806928765657,0
0.2145,3.445,10,0.724333502571,0.135225623843,0.806915231386,0
0.215,3.445,10,0.724295679947,0.135397997236,0.806902897552,0
0.2155,3.445,10,0.724258636095,0.135571394492,0.806891777288,0
0.216,3.445,10,0.724222375618,0.135745820291,0.806881883721,0
0.2165,3.445,10,0.724186903123,0.135921279313,0.806873229982,0
0.217,3.445,10,0.724152223212,0.136097776236,0.806865829202,0
0.2175,3.445,10,0.724118340492,0.136275315739,0.806859694509,0
0.218,3.445,10,0.724085259567,0.136453902502,0.806854839034,0
0.2185,3.445,10,0.72405298504,0.136633541204,0.806851275907,0
0.219,3.445,10,0.724021521518,0.136814236524,0.806849018258,0
0.2195,3.445,10,0.723990873605,0.136995993141,0.806848079215,0
0.22,3.445,10,0.723961045905,0.137178815735,0.806848471911,0
0.2205,3.445,10,0.723932043023,0.137362708984,0.806850209473,0
0.221,3.445,10,0.723903869563,0.137547677567,0.806853305033,0
0.2215,3.445,10,0.723876530131,0.137733726164,0.80685777172,0
0.222,3.445,10,0.723850029331,0.137920859454,0.806863622664,0
0.2225,3.445,10,0.723824371767,0.138109082117,0.806870870994,0
0.223,3.445,10,0.723799562045,0.13829839883,0.806879529842,0
0.2235,3.445,10,0.723775604768,0.138488814273,0.806889612336,0
0.224,3.445,10,0.723752504542,0.138680333127,0.806901131607,0
0.2245,3.445,10,0.723730265971,0.138872960068,0.806914100784,0
0.225,3.445,10,0.72370889366,0.139066699778,0.806928532997,0
0.1925,3.45,10,0.726787352576,0.12840328998,0.808397538043,0
0.193,3.45,10,0.726719653404,0.128535241472,0.808345125443,0
0.1935,3.45,10,0.726652530865,0.128668010827,0.808293350363,0
0.194,3.45,10,0.726585989562,0.128801602724,0.808242225933,0
0.1945,3.45,10,0.726520034101,0.128936021842,0.808191765283,0
0.195,3.45,10,0.726454669086,0.12907127286,0.808141981542,0
0.1955,3.45,10,0.726389899122,0.129207360458,0.808092887841,0
0.196,3.45,10,0.726325728813,0.129344289314,0.80804449731,0
0.1965,3.45,10,0.726262162764,0.129482064107,0.807996823078,0
0.197,3.45,10,0.72619920558,0.129620689518,0.807949878275,0
0.1975,3.45,10,0.726136861865,0.129760170225,0.807903676031,0
0.198,3.45,10,0.726075136224,0.129900510906,0.807858229477,0
0.1985,3.45,10,0.726014033262,0.130041716242,0.807813551741,0
0.199,3.45,10,0.725953557583,0.130183790912,0.807769655955,0
0.1995,3.45,10,0.725893713792,0.130326739594,0.807726555247,0
0.2,3.45,10,0.725834506493,0.130470566967,0.807684262748,0
0.2005,3.45,10,0.725775940292,0.130615277712,0.807642791587,0
0.201,3.45,10,0.725718019793,0.130760876507,0.807602154895,0
0.2015,3.45,10,0.7256607496,0.130907368031,0.807562365801,0
0.202,3.45,10,0.725604134318,0.131054756963,0.807523437436,0
0.2025,3.45,10,0.725548178552,0.131203047982,0.807485382928,0
0.203,3.45,10,0.725492886907,0.131352245769,0.807448215409,0
0.2035,3.45,10,0.725438263987,0.131502355001,0.807411948008,0
0.204,3.45,10,0.725384314396,0.131653380358,0.807376593854,0
0.2045,3.45,10,0.72533104274,0.131805326519,0.807342166079,0
0.205,3.45,10,0.725278453624,0.131958198163,0.807308677811,0
0.2055,3.45,10,0.725226551651,0.13211199997,0.807276142181,0
0.206,3.45,10,0.725175341426,0.132266736618,0.807244572318,0
0.2065,3.45,10,0.725124827554,0.132422412787,0.807213981352,0
0.207,3.45,10,0.72507501464,0.132579033156,0.807184382414,0
0.2075,3.45,10,0.725025907288,0.132736602403,0.807155788633,0
0.208,3.45,10,0.724977510104,0.132895125209,0.807128213139,0
0.2085,3.45,10,0.724929827691,0.133054606252,0.807101669063,0
0.209,3.45,10,0.724882864654,0.133215050212,0.807076169532,0
0.2095,3.45,10,0.724836625598,0.133376461767,0.807051727679,0
0.21,3.45,10,0.724791115128,0.133538845597,0.807028356633,0
0.2105,3.45,10,0.724746337848,0.133702206381,0.807006069523,0
0.211,3.45,10,0.724702298363,0.133866548798,0.806984879479,0
0.2115,3.45,10,0.724659001277,0.134031877527,0.806964799632,0
0.212,3.45,10,0.724616451196,0.134198197247,0.806945843111,0
0.2125,3.45,10,0.724574652723,0.134365512638,0.806928023047,0
0.213,3.45,10,0.724533610464,0.134533828378,0.806911352568,0
0.2135,3.45,10,0.724493329023,0.134703149147,0.806895844805,0
0.214,3.45,10,0.724453813005,0.134873479624,0.806881512889,0
0.2145,3.45,10,0.724415067014,0.135044824489,0.806868369948,0
0.215,3.45,10,0.724377095656,0.135217188419,0.806856429112,0
0.2155,3.45,10,0.724339903534,0.135390576095,0.806845703513,0
0.216,3.45,10,0.724303495253,0.135564992195,0.806836206279,0
0.2165,3.45,10,0.724267875419,0.135740441399,0.80682795054,0
0.217,3.45,10,0.724233048635,0.135916928386,0.806820949426,0
0.2175,3.45,10,0.724199019507,0.136094457835,0.806815216068,0
0.218,3.45,10,0.724165792638,0.136273034425,0.806810763595,0
0.2185,3.45,10,0.724133372634,0.136452662835,0.806807605136,0
0.219,3.45,10,0.7241017641,0.136633347745,0.806805753823,0
0.2195,3.45,10,0.724070971639,0.136815093833,0.806805222784,0
0.22,3.45,10,0.724040999857,0.136997905779,0.80680602515,0
0.2205,3.45,10,0.724011853358,0.137181788262,0.806808174051,0
0.221,3.45,10,0.723983536747,0.137366745961,0.806811682616,0
0.2215,3.45,10,0.723956054629,0.137552783555,0.806816563976,0
0.222,3.45,10,0.723929411608,0.137739905724,0.80682283126,0
0.2225,3.45,10,0.723903612289,0.137928117146,0.806830497598,0
0.223,3.45,10,0.723878661276,0.1381174225,0.80683957612,0
0.2235,3.45,10,0.723854563174,0.138307826467,0.806850079956,0
0.224,3.45,10,0.723831322588,0.138499333724,0.806862022236,0
0.2245,3.45,10,0.723808944123,0.138691948951,0.806875416089,0
0.1925,3.455,10,0.726876553428,0.128223702799,0.808337972871,0
0.193,3.455,10,0.726808684444,0.128355649986,0.808285876286,0
0.1935,3.455,10,0.726741392559,0.128488414918,0.808234418889,0
0.194,3.455,10,0.726674682375,0.128622002273,0.808183613809,0
0.1945,3.455,10,0.726608558498,0.128756416731,0.808133474176,0
0.195,3.455,10,0.726543025532,0.12889166297,0.80808401312,0
0.1955,3.455,10,0.726478088082,0.129027745671,0.80803524377,0
0.196,3.455,10,0.726413750753,0.129164669511,0.807987179258,0
0.1965,3.455,10,0.72635001815,0.12930243917,0.807939832712,0
0.197,3.455,10,0.726286894876,0.129441059328,0.807893217263,0
0.1975,3.455,10,0.726224385536,0.129580534663,0.80784734604,0
0.198,3.455,10,0.726162494736,0.129720869854,0.807802232174,0
0.1985,3.455,10,0.72610122708,0.129862069582,0.807757888794,0
0.199,3.455,10,0.726040587173,0.130004138524,0.80771432903,0
0.1995,3.455,10,0.725980579618,0.13014708136,0.807671566012,0
0.2,3.455,10,0.725921209022,0.13029090277,0.80762961287,0
0.2005,3.455,10,0.725862479988,0.130435607431,0.807588482735,0
0.201,3.455,10,0.725804397121,0.130581200024,0.807548188734,0
0.2015,3.455,10,0.725746965026,0.130727685228,0.807508744,0
0.202,3.455,10,0.725690188307,0.130875067722,0.807470161661,0
0.2025,3.455,10,0.72563407157,0.131023352184,0.807432454848,0
0.203,3.455,10,0.725578619418,0.131172543295,0.80739563669,0
0.2035,3.455,10,0.725523836457,0.131322645733,0.807359720317,0
0.204,3.455,10,0.72546972729,0.131473664177,0.807324718859,0
0.2045,3.455,10,0.725416296524,0.131625603307,0.807290645447,0
0.205,3.455,10,0.725363548761,0.131778467801,0.807257513209,0
0.2055,3.455,10,0.725311488608,0.131932262339,0.807225335277,0
0.206,3.455,10,0.725260120668,0.132086991601,0.807194124779,0
0.2065,3.455,10,0.725209449547,0.132242660264,0.807163894845,0
0.207,3.455,10,0.725159479848,0.132399273009,0.807134658607,0
0.2075,3.455,10,0.725110216178,0.132556834514,0.807106429193,0
0.208,3.455,10,0.725061663139,0.132715349458,0.807079219733,0
0.2085,3.455,10,0.725013825337,0.132874822522,0.807053043357,0
0.209,3.455,10,0.724966707377,0.133035258383,0.807027913196,0
0.2095,3.455,10,0.724920313863,0.133196661721,0.807003842379,0
0.21,3.455,10,0.7248746494,0.133359037215,0.806980844036,0
0.2105,3.455,10,0.724829718592,0.133522389545,0.806958931296,0
0.211,3.455,10,0.724785526045,0.133686723389,0.806938117291,0
0.2115,3.455,10,0.724742076362,0.133852043427,0.806918415149,0
0.212,3.455,10,0.724699374149,0.134018354338,0.806899838001,0
0.2125,3.455,10,0.72465742401,0.1341856608,0.806882398976,0
0.213,3.455,10,0.724616230549,0.134353967494,0.806866111204,0
0.2135,3.455,10,0.724575798372,0.134523279098,0.806850987816,0
0.214,3.455,10,0.724536132083,0.134693600291,0.806837041941,0
0.2145,3.455,10,0.724497236287,0.134864935753,0.806824286709,0
0.215,3.455,10,0.724459115588,0.135037290162,0.80681273525,0
0.2155,3.455,10,0.724421774591,0.135210668198,0.806802400694,0
0.216,3.455,10,0.724385217901,0.135385074541,0.806793296171,0
0.2165,3.455,10,0.724349450122,0.135560513868,0.80678543481,0
0.217,3.455,10,0.724314475859,0.13573699086,0.806778829742,0
0.2175,3.455,10,0.724280299717,0.135914510195,0.806773494096,0
0.218,3.455,10,0.724246926299,0.136093076552,0.806769441003,0
0.2185,3.455,10,0.724214360212,0.136272694612,0.806766683592,0
0.219,3.455,10,0.724182606059,0.136453369052,0.806765234994,0
0.2195,3.455,10,0.724151668446,0.136635104552,0.806765108337,0
0.22,3.455,10,0.724121551976,0.136817905791,0.806766316752,0
0.2205,3.455,10,0.724092261255,0.137001777449,0.806768873369,0
0.221,3.455,10,0.724063800887,0.137186724204,0.806772791318,0
0.2215,3.455,10,0.724036175476,0.137372750736,0.806778083729,0
0.222,3.455,10,0.724009389629,0.137559861724,0.806784763731,0
0.2225,3.455,10,0.723983447948,0.137748061846,0.806792844455,0
0.223,3.455,10,0.723958355039,0.137937355783,0.80680233903,0
0.2235,3.455,10,0.723934115506,0.138127748213,0.806813260586,0
0.224,3.455,10,0.723910733955,0.138319243815,0.806825622254,0
0.2245,3.455,10,0.723888214989,0.138511847269,0.806839437163,0
0.192,3.46,10,0.727034987072,0.127913894502,0.80833372974,0
0.1925,3.46,10,0.726966374714,0.128045024379,0.808281317825,0
0.193,3.46,10,0.726898335313,0.128176967203,0.808229533634,0
0.1935,3.46,10,0.726830873475,0.128309727652,0.808178390298,0
0.194,3.46,10,0.726763993804,0.128443310407,0.808127900946,0
0.1945,3.46,10,0.726697700906,0.128577720145,0.808078078708,0
0.195,3.46,10,0.726631999384,0.128712961546,0.808028936715,0
0.1955,3.46,10,0.726566893843,0.12884903929,0.807980488096,0
0.196,3.46,10,0.726502388888,0.128985958055,0.807932745981,0
0.1965,3.46,10,0.726438489123,0.129123722521,0.8078857235,0
0.197,3.46,10,0.726375199154,0.129262337366,0.807839433783,0
0.1975,3.46,10,0.726312523585,0.12940180727,0.80779388996,0
0.198,3.46,10,0.72625046702,0.129542136913,0.80774910516,0
0.1985,3.46,10,0.726189034064,0.129683330972,0.807705092514,0
0.199,3.46,10,0.726128229322,0.129825394128,0.807661865151,0
0.1995,3.46,10,0.726068057399,0.129968331059,0.807619436202,0
0.2,3.46,10,0.726008522899,0.130112146445,0.807577818796,0
0.2005,3.46,10,0.725949630426,0.130256844965,0.807537026063,0
0.201,3.46,10,0.725891384586,0.130402431297,0.807497071133,0
0.2015,3.46,10,0.725833789983,0.130548910122,0.807457967137,0
0.202,3.46,10,0.725776851221,0.130696286118,0.807419727203,0
0.2025,3.46,10,0.725720572906,0.130844563964,0.807382364462,0
0.203,3.46,10,0.725664959642,0.13099374834,0.807345892043,0
0.2035,3.46,10,0.725610016034,0.131143843924,0.807310323077,0
0.204,3.46,10,0.725555746686,0.131294855396,0.807275670694,0
0.2045,3.46,10,0.725502156203,0.131446787435,0.807241948023,0
0.205,3.46,10,0.725449249189,0.131599644721,0.807209168194,0
0.2055,3.46,10,0.72539703025,0.131753431931,0.807177344338,0
0.206,3.46,10,0.72534550399,0.131908153746,0.807146489583,0
0.2065,3.46,10,0.725294675013,0.132063814845,0.807116617061,0
0.207,3.46,10,0.725244547924,0.132220419906,0.8070877399,0
0.2075,3.46,10,0.725195127328,0.132377973609,0.807059871231,0
0.208,3.46,10,0.72514641783,0.132536480634,0.807033024184,0
0.2085,3.46,10,0.725098424034,0.132695945658,0.807007211888,0
0.209,3.46,10,0.725051150545,0.132856373362,0.806982447474,0
0.2095,3.46,10,0.725004601967,0.133017768424,0.806958744072,0
0.21,3.46,10,0.724958782905,0.133180135523,0.80693611481,0
0.2105,3.46,10,0.724913697964,0.13334347934,0.80691457282,0
0.211,3.46,10,0.724869351748,0.133507804552,0.806894131231,0
0.2115,3.46,10,0.724825748863,0.13367311584,0.806874803172,0
0.212,3.46,10,0.724782893912,0.133839417882,0.806856601775,0
0.2125,3.46,10,0.7247407915,0.134006715357,0.806839540168,0
0.213,3.46,10,0.724699446233,0.134175012944,0.806823631482,0
0.2135,3.46,10,0.724658862714,0.134344315324,0.806808888847,0
0.214,3.46,10,0.724619045548,0.134514627174,0.806795325392,0
0.2145,3.46,10,0.724579999341,0.134685953174,0.806782954248,0
0.215,3.46,10,0.724541728696,0.134858298003,0.806771788543,0
0.2155,3.46,10,0.724504238218,0.13503166634,0.806761841409,0
0.216,3.46,10,0.724467532512,0.135206062865,0.806753125975,0
0.2165,3.46,10,0.724431616183,0.135381492257,0.806745655371,0
0.217,3.46,10,0.724396493835,0.135557959194,0.806739442727,0
0.2175,3.46,10,0.724362170073,0.135735468356,0.806734501173,0
0.218,3.46,10,0.724328649501,0.135914024422,0.806730843838,0
0.2185,3.46,10,0.724295936724,0.136093632071,0.806728483853,0
0.219,3.46,10,0.724264036348,0.136274295983,0.806727434347,0
0.2195,3.46,10,0.724232952975,0.136456020836,0.806727708451,0
0.22,3.46,10,0.724202691212,0.136638811309,0.806729319294,0
0.2205,3.46,10,0.724173255663,0.136822672083,0.806732280006,0
0.221,3.46,10,0.724144650932,0.137007607835,0.806736603717,0
0.2215,3.46,10,0.724116881624,0.137193623245,0.806742303558,0
0.222,3.46,10,0.724089952343,0.137380722993,0.806749392657,0
0.2225,3.46,10,0.724063867695,0.137568911757,0.806757884145,0
0.223,3.46,10,0.724038632284,0.137758194217,0.806767791151,0
0.2235,3.46,10,0.724014250715,0.137948575051,0.806779126806,0
0.224,3.46,10,0.723990727592,0.138140058939,0.80679190424,0
0.192,3.465,10,0.727125589232,0.127736124686,0.808279650294,0
0.1925,3.465,10,0.727056805385,0.127867250259,0.808227545483,0
0.193,3.465,10,0.726988594961,0.127999188659,0.808176070064,0
0.1935,3.465,10,0.726920962565,0.128131944568,0.808125237167,0
0.194,3.465,10,0.726853912802,0.128265522662,0.808075059922,0
0.1945,3.465,10,0.726787450276,0.128399927621,0.808025551459,0
0.195,3.465,10,0.726721579591,0.128535164126,0.807976724907,0
0.1955,3.465,10,0.726656305354,0.128671236854,0.807928593396,0
0.196,3.465,10,0.726591632167,0.128808150485,0.807881170057,0
0.1965,3.465,10,0.726527564636,0.128945909697,0.80783446802,0
0.197,3.465,10,0.726464107366,0.129084519171,0.807788500413,0
0.1975,3.465,10,0.726401264961,0.129223983586,0.807743280367,0
0.198,3.465,10,0.726339042025,0.12936430762,0.807698821013,0
0.1985,3.465,10,0.726277443164,0.129505495952,0.807655135479,0
0.199,3.465,10,0.726216472982,0.129647553262,0.807612236896,0
0.1995,3.465,10,0.726156136084,0.129790484229,0.807570138394,0
0.2,3.465,10,0.726096437074,0.129934293532,0.807528853102,0
0.2005,3.465,10,0.726037380557,0.130078985851,0.807488394151,0
0.201,3.465,10,0.725978971138,0.130224565863,0.80744877467,0
0.2015,3.465,10,0.725921213421,0.13037103825,0.807410007789,0
0.202,3.465,10,0.725864112011,0.130518407689,0.807372106639,0
0.2025,3.465,10,0.725807671513,0.130666678859,0.807335084349,0
0.203,3.465,10,0.725751896531,0.130815856441,0.807298954048,0
0.2035,3.465,10,0.72569679167,0.130965945113,0.807263728868,0
0.204,3.465,10,0.725642361534,0.131116949554,0.807229421937,0
0.2045,3.465,10,0.725588610729,0.131268874443,0.807196046386,0
0.205,3.465,10,0.725535543858,0.13142172446,0.807163615344,0
0.2055,3.465,10,0.725483165527,0.131575504284,0.807132141942,0
0.206,3.465,10,0.72543148034,0.131730218593,0.80710163931,0
0.2065,3.465,10,0.725380492902,0.131885872068,0.807072120576,0
0.207,3.465,10,0.725330207817,0.132042469387,0.807043598872,0
0.2075,3.465,10,0.725280629691,0.132200015229,0.807016087327,0
0.208,3.465,10,0.725231763127,0.132358514273,0.806989599071,0
0.2085,3.465,10,0.725183612731,0.1325179712,0.806964147234,0
0.209,3.465,10,0.725136183107,0.132678390687,0.806939744945,0
0.2095,3.465,10,0.725089478859,0.132839777413,0.806916405335,0
0.21,3.465,10,0.725043504593,0.133002136059,0.806894141534,0
0.2105,3.465,10,0.724998264913,0.133165471303,0.806872966671,0
0.211,3.465,10,0.724953764423,0.133329787825,0.806852893877,0
0.2115,3.465,10,0.724910007729,0.133495090303,0.80683393628,0
0.212,3.465,10,0.724866999435,0.133661383417,0.806816107012,0
0.2125,3.465,10,0.724824744145,0.133828671845,0.806799419203,0
0.213,3.465,10,0.724783246465,0.133996960267,0.806783885981,0
0.2135,3.465,10,0.724742510999,0.134166253363,0.806769520476,0
0.214,3.465,10,0.724702542351,0.134336555811,0.80675633582,0
0.2145,3.465,10,0.724663345126,0.13450787229,0.806744345141,0
0.215,3.465,10,0.724624923929,0.13468020748,0.80673356157,0
0.2155,3.465,10,0.724587283365,0.134853566059,0.806723998237,0
0.216,3.465,10,0.724550428038,0.135027952708,0.806715668271,0
0.2165,3.465,10,0.724514362552,0.135203372104,0.806708584802,0
0.217,3.465,10,0.724479091513,0.135379828927,0.80670276096,0
0.2175,3.465,10,0.724444619526,0.135557327857,0.806698209875,0
0.218,3.465,10,0.724410951194,0.135735873573,0.806694944677,0
0.2185,3.465,10,0.724378091122,0.135915470752,0.806692978496,0
0.219,3.465,10,0.724346043916,0.136096124076,0.806692324462,0
0.2195,3.465,10,0.724314814179,0.136277838223,0.806692995705,0
0.22,3.465,10,0.724284406516,0.136460617871,0.806695005354,0
0.2205,3.465,10,0.724254825533,0.136644467701,0.80669836654,0
0.221,3.465,10,0.724226075833,0.136829392391,0.806703092392,0
0.2215,3.465,10,0.724198162022,0.137015396621,0.80670919604,0
0.222,3.465,10,0.724171088703,0.13720248507,0.806716690614,0
0.2225,3.465,10,0.724144860482,0.137390662416,0.806725589245,0
0.223,3.465,10,0.724119481964,0.137579933339,0.806735905061,0
0.2235,3.465,10,0.724094957752,0.137770302518,0.806747651194,0
0.1915,3.47,10,0.727286315558,0.127428941588,0.808280849008,0
0.192,3.47,10,0.727216790333,0.127559254767,0.808228429751,0
0.1925,3.47,10,0.727147834391,0.127690375976,0.808176628424,0
0.193,3.47,10,0.727079452339,0.127822309895,0.808125458155,0
0.1935,3.47,10,0.727011648779,0.127955061202,0.808074932076,0
0.194,3.47,10,0.726944428317,0.128088634577,0.808025063316,0
0.1945,3.47,10,0.726877795558,0.128223034699,0.807975865005,0
0.195,3.47,10,0.726811755106,0.128358266247,0.807927350273,0
0.1955,3.47,10,0.726746311565,0.1284943339,0.80787953225,0
0.196,3.47,10,0.726681469541,0.128631242338,0.807832424065,0
0.1965,3.47,10,0.726617233638,0.128768996238,0.807786038849,0
0.197,3.47,10,0.726553608461,0.128907600282,0.807740389731,0
0.1975,3.47,10,0.726490598614,0.129047059147,0.807695489842,0
0.198,3.47,10,0.726428208703,0.129187377513,0.807651352311,0
0.1985,3.47,10,0.726366443331,0.129328560059,0.807607990268,0
0.199,3.47,10,0.726305307103,0.129470611465,0.807565416843,0
0.1995,3.47,10,0.726244804624,0.129613536408,0.807523645166,0
0.2,3.47,10,0.726184940499,0.12975733957,0.807482688367,0
0.2005,3.47,10,0.726125719332,0.129902025627,0.807442559576,0
0.201,3.47,10,0.726067145728,0.130047599261,0.807403271922,0
0.2015,3.47,10,0.726009224291,0.13019406515,0.807364838536,0
0.202,3.47,10,0.725951959627,0.130341427972,0.807327272548,0
0.2025,3.47,10,0.725895356339,0.130489692408,0.807290587087,0
0.203,3.47,10,0.725839419034,0.130638863137,0.807254795283,0
0.2035,3.47,10,0.725784152314,0.130788944837,0.807219910266,0
0.204,3.47,10,0.725729560785,0.130939942188,0.807185945166,0
0.2045,3.47,10,0.725675649052,0.131091859868,0.807152913114,0
0.205,3.47,10,0.725622421718,0.131244702558,0.807120827238,0
0.2055,3.47,10,0.72556988339,0.131398474935,0.807089700669,0
0.206,3.47,10,0.725518038671,0.13155318168,0.807059546536,0
0.2065,3.47,10,0.725466892166,0.131708827472,0.807030377971,0
0.207,3.47,10,0.725416448479,0.131865416989,0.807002208101,0
0.2075,3.47,10,0.725366712216,0.132022954911,0.806975050058,0
0.208,3.47,10,0.725317687981,0.132181445916,0.806948916972,0
0.2085,3.47,10,0.725269380379,0.132340894685,0.806923821971,0
0.209,3.47,10,0.725221794014,0.132501305896,0.806899778187,0
0.2095,3.47,10,0.725174933491,0.132662684228,0.806876798748,0
0.21,3.47,10,0.725128803415,0.132825034361,0.806854896785,0
0.2105,3.47,10,0.72508340839,0.132988360974,0.806834085428,0
0.211,3.47,10,0.725038753021,0.133152668745,0.806814377807,0
0.2115,3.47,10,0.724994841912,0.133317962354,0.806795787052,0
0.212,3.47,10,0.724951679669,0.133484246481,0.806778326291,0
0.2125,3.47,10,0.724909270895,0.133651525803,0.806762008657,0
0.213,3.47,10,0.724867620196,0.133819805001,0.806746847277,0
0.2135,3.47,10,0.724826732176,0.133989088754,0.806732855283,0
0.214,3.47,10,0.72478661144,0.13415938174,0.806720045803,0
0.2145,3.47,10,0.724747262593,0.134330688639,0.806708431969,0
0.215,3.47,10,0.724708690239,0.134503014131,0.80669802691,0
0.2155,3.47,10,0.724670898982,0.134676362893,0.806688843755,0
0.216,3.47,10,0.724633893428,0.134850739606,0.806680895635,0
0.2165,3.47,10,0.724597678181,0.135026148948,0.806674195679,0
0.217,3.47,10,0.724562257845,0.135202595598,0.806668757018,0
0.2175,3.47,10,0.724527637026,0.135380084237,0.806664592782,0
0.218,3.47,10,0.724493820328,0.135558619542,0.806661716099,0
0.2185,3.47,10,0.724460812356,0.135738206194,0.806660140101,0
0.219,3.47,10,0.724428617714,0.13591884887,0.806659877917,0
0.2195,3.47,10,0.724397241006,0.136100552251,0.806660942677,0
0.22,3.47,10,0.724366686839,0.136283321016,0.80666334751,0
0.2205,3.47,10,0.724336959816,0.136467159843,0.806667105548,0
0.221,3.47,10,0.724308064542,0.136652073412,0.806672229919,0
0.2215,3.47,10,0.724280005621,0.136838066402,0.806678733754,0
0.222,3.47,10,0.724252787658,0.137025143492,0.806686630182,0
0.2225,3.47,10,0.724226415259,0.137213309361,0.806695932333,0
0.223,3.47,10,0.724200893027,0.137402568689,0.806706653338,0
0.191,3.475,10,0.727448541251,0.127123465766,0.808284889282,0
0.1915,3.475,10,0.727378277716,0.127252971408,0.808232161753,0
0.192,3.475,10,0.727308579326,0.127383280283,0.80818004069,0
0.1925,3.475,10,0.727239450684,0.12751439707,0.808128539225,0
0.193,3.475,10,0.727170896397,0.127646326447,0.808077670485,0
0.1935,3.475,10,0.727102921068,0.127779073095,0.808027447603,0
0.194,3.475,10,0.727035529302,0.127912641691,0.807977883706,0
0.1945,3.475,10,0.726968725704,0.128047036916,0.807928991926,0
0.195,3.475,10,0.726902514878,0.128182263449,0.807880785392,0
0.1955,3.475,10,0.726836901429,0.128318325968,0.807833277234,0
0.196,3.475,10,0.726771889962,0.128455229152,0.807786480582,0
0.1965,3.475,10,0.726707485081,0.128592977682,0.807740408566,0
0.197,3.475,10,0.726643691391,0.128731576236,0.807695074316,0
0.1975,3.475,10,0.726580513497,0.128871029492,0.807650490961,0
0.198,3.475,10,0.726517956003,0.129011342132,0.807606671632,0
0.1985,3.475,10,0.726456023514,0.129152518832,0.807563629458,0
0.199,3.475,10,0.726394720634,0.129294564274,0.80752137757,0
0.1995,3.475,10,0.726334051969,0.129437483135,0.807479929097,0
0.2,3.475,10,0.726274022123,0.129581280095,0.807439297169,0
0.2005,3.475,10,0.7262146357,0.129725959833,0.807399494916,0
0.201,3.475,10,0.726155897305,0.129871527029,0.807360535469,0
0.2015,3.475,10,0.726097811544,0.130017986361,0.807322431956,0
0.202,3.475,10,0.726040383019,0.130165342508,0.807285197507,0
0.2025,3.475,10,0.725983616337,0.13031360015,0.807248845254,0
0.203,3.475,10,0.725927516102,0.130462763966,0.807213388325,0
0.2035,3.475,10,0.725872086918,0.130612838635,0.80717883985,0
0.204,3.475,10,0.72581733339,0.130763828836,0.80714521296,0
0.2045,3.475,10,0.725763260123,0.130915739248,0.807112520784,0
0.205,3.475,10,0.725709871721,0.131068574551,0.807080776453,0
0.2055,3.475,10,0.725657172789,0.131222339424,0.807049993095,0
0.206,3.475,10,0.725605167932,0.131377038545,0.807020183841,0
0.2065,3.475,10,0.725553861754,0.131532676594,0.806991361822,0
0.207,3.475,10,0.72550325886,0.13168925825,0.806963540165,0
0.2075,3.475,10,0.725453363855,0.131846788193,0.806936732003,0
0.208,3.475,10,0.725404181343,0.1320052711,0.806910950464,0
0.2085,3.475,10,0.725355715929,0.132164711653,0.806886208679,0
0.209,3.475,10,0.725307972218,0.132325114528,0.806862519777,0
0.2095,3.475,10,0.725260954814,0.132486484407,0.806839896888,0
0.21,3.475,10,0.725214668321,0.132648825968,0.806818353143,0
0.2105,3.475,10,0.725169117346,0.132812143889,0.80679790167,0
0.211,3.475,10,0.725124306491,0.132976442851,0.8067785556,0
0.2115,3.475,10,0.725080240362,0.133141727533,0.806760328064,0
0.212,3.475,10,0.725036923564,0.133308002613,0.80674323219,0
0.2125,3.475,10,0.724994360701,0.13347527277,0.806727281109,0
0.213,3.475,10,0.724952556377,0.133643542685,0.80671248795,0
0.2135,3.475,10,0.724911515199,0.133812817035,0.806698865844,0
0.214,3.475,10,0.724871241769,0.133983100501,0.80668642792,0
0.2145,3.475,10,0.724831740692,0.134154397761,0.806675187308,0
0.215,3.475,10,0.724793016575,0.134326713494,0.806665157139,0
0.2155,3.475,10,0.72475507402,0.13450005238,0.806656350541,0
0.216,3.475,10,0.724717917633,0.134674419098,0.806648780646,0
0.2165,3.475,10,0.724681552018,0.134849818326,0.806642460582,0
0.217,3.475,10,0.72464598178,0.135026254745,0.806637403481,0
0.2175,3.475,10,0.724611211524,0.135203733033,0.806633622471,0
0.218,3.475,10,0.724577245854,0.135382257869,0.806631130682,0
0.2185,3.475,10,0.724544089376,0.135561833933,0.806629941245,0
0.219,3.475,10,0.724511746692,0.135742465903,0.806630067289,0
0.2195,3.475,10,0.724480222409,0.135924158459,0.806631521945,0
0.22,3.475,10,0.724449521131,0.13610691628,0.806634318341,0
0.2205,3.475,10,0.724419647462,0.136290744046,0.806638469609,0
0.221,3.475,10,0.724390606008,0.136475646434,0.806643988878,0
0.2215,3.475,10,0.724362401372,0.136661628125,0.806650889277,0
0.222,3.475,10,0.72433503816,0.136848693797,0.806659183938,0
0.2225,3.475,10,0.724308520975,0.137036848131,0.806668885989,0
0.191,3.48,10,0.727541255094,0.126948390864,0.808238716803,0
0.1915,3.48,10,0.727470817322,0.127077892262,0.80818628218,0
0.192,3.48,10,0.727400945161,0.127208196773,0.80813445569,0
0.1925,3.48,10,0.727331643214,0.127339309078,0.808083250464,0
0.193,3.48,10,0.727262916086,0.127471233855,0.808032679633,0
0.1935,3.48,10,0.727194768382,0.127603975783,0.807982756324,0
0.194,3.48,10,0.727127204706,0.127737539542,0.80793349367,0
0.1945,3.48,10,0.727060229663,0.127871929811,0.807884904799,0
0.195,3.48,10,0.726993847858,0.128007151268,0.807837002842,0
0.1955,3.48,10,0.726928063895,0.128143208594,0.807789800928,0
0.196,3.48,10,0.726862882379,0.128280106467,0.807743312187,0
0.1965,3.48,10,0.726798307914,0.128417849566,0.80769754975,0
0.197,3.48,10,0.726734345106,0.128556442571,0.807652526745,0
0.1975,3.48,10,0.726670998558,0.12869589016,0.807608256303,0
0.198,3.48,10,0.726608272877,0.128836197013,0.807564751555,0
0.1985,3.48,10,0.726546172665,0.128977367809,0.807522025629,0
0.199,3.48,10,0.726484702528,0.129119407228,0.807480091655,0
0.1995,3.48,10,0.726423867071,0.129262319947,0.807438962765,0
0.2,3.48,10,0.726363670898,0.129406110647,0.807398652086,0
0.2005,3.48,10,0.726304118613,0.129550784006,0.807359172751,0
0.201,3.48,10,0.726245214822,0.129696344704,0.807320537887,0
0.2015,3.48,10,0.726186964129,0.12984279742,0.807282760625,0
0.202,3.48,10,0.726129371139,0.129990146833,0.807245854096,0
0.2025,3.48,10,0.726072440456,0.130138397622,0.807209831429,0
0.203,3.48,10,0.726016176686,0.130287554466,0.807174705753,0
0.2035,3.48,10,0.725960584431,0.130437622045,0.807140490199,0
0.204,3.48,10,0.725905668299,0.130588605038,0.807107197897,0
0.2045,3.48,10,0.725851432892,0.130740508123,0.807074841976,0
0.205,3.48,10,0.725797882816,0.13089333598,0.807043435567,0
0.2055,3.48,10,0.725745022675,0.131047093288,0.807012991799,0
0.206,3.48,10,0.725692857074,0.131201784726,0.806983523803,0
0.2065,3.48,10,0.725641390618,0.131357414973,0.806955044707,0
0.207,3.48,10,0.725590627911,0.13151398871,0.806927567643,0
0.2075,3.48,10,0.725540573558,0.131671510613,0.80690110574,0
0.208,3.48,10,0.725491232163,0.131829985364,0.806875672127,0
0.2085,3.48,10,0.725442608332,0.13198941764,0.806851279935,0
0.209,3.48,10,0.725394706668,0.132149812122,0.806827942294,0
0.2095,3.48,10,0.725347531777,0.132311173488,0.806805672334,0
0.21,3.48,10,0.725301088263,0.132473506417,0.806784483184,0
0.2105,3.48,10,0.725255380731,0.132636815588,0.806764387974,0
0.211,3.48,10,0.725210413785,0.132801105682,0.806745399835,0
0.2115,3.48,10,0.72516619203,0.132966381376,0.806727531895,0
0.212,3.48,10,0.725122720071,0.13313264735,0.806710797286,0
0.2125,3.48,10,0.725080002513,0.133299908284,0.806695209137,0
0.213,3.48,10,0.725038043959,0.133468168856,0.806680780577,0
0.2135,3.48,10,0.724996849015,0.133637433745,0.806667524738,0
0.214,3.48,10,0.724956422286,0.13380770763,0.806655454748,0
0.2145,3.48,10,0.724916768375,0.133978995192,0.806644583737,0
0.215,3.48,10,0.724877891888,0.134151301108,0.806634924836,0
0.2155,3.48,10,0.72483979743,0.134324630059,0.806626491175,0
0.216,3.48,10,0.724802489604,0.134498986722,0.806619295882,0
0.2165,3.48,10,0.724765973016,0.134674375778,0.806613352089,0
0.217,3.48,10,0.72473025227,0.134850801906,0.806608672925,0
0.2175,3.48,10,0.724695331971,0.135028269784,0.80660527152,0
0.218,3.48,10,0.724661216724,0.135206784092,0.806603161004,0
0.2185,3.48,10,0.724627911132,0.135386349508,0.806602354506,0
0.219,3.48,10,0.724595419802,0.135566970713,0.806602865157,0
0.2195,3.48,10,0.724563747337,0.135748652386,0.806604706087,0
0.22,3.48,10,0.724532898342,0.135931399204,0.806607890425,0
0.2205,3.48,10,0.724502877422,0.136115215848,0.806612431301,0
0.221,3.48,10,0.724473689182,0.136300106997,0.806618341846,0
0.2215,3.48,10,0.724445338225,0.13648607733,0.806625635189,0
0.222,3.48,10,0.724417829158,0.136673131525,0.80663432446,0
0.1905,3.485,10,0.727705710025,0.126645503815,0.808248070217,0
0.191,3.485,10,0.727634535941,0.126774202592,0.808195328206,0
0.1915,3.485,10,0.727563923328,0.126903699686,0.808143182866,0
0.192,3.485,10,0.72749387679,0.127033999775,0.808091647328,0
0.1925,3.485,10,0.727424400931,0.127165107538,0.808040734721,0
0.193,3.485,10,0.727355500357,0.127297027656,0.807990458175,0
0.1935,3.485,10,0.727287179672,0.127429764806,0.80794083082,0
0.194,3.485,10,0.72721944348,0.127563323668,0.807891865786,0
0.1945,3.485,10,0.727152296387,0.127697708921,0.807843576203,0
0.195,3.485,10,0.727085742996,0.127832925245,0.807795975201,0
0.1955,3.485,10,0.727019787913,0.127968977318,0.807749075909,0
0.196,3.485,10,0.726954435742,0.12810586982,0.807702891458,0
0.1965,3.485,10,0.726889691089,0.12824360743,0.807657434977,0
0.197,3.485,10,0.726825558556,0.128382194826,0.807612719597,0
0.1975,3.485,10,0.72676204275,0.128521636689,0.807568758447,0
0.198,3.485,10,0.726699148274,0.128661937697,0.807525564657,0
0.1985,3.485,10,0.726636879734,0.128803102529,0.807483151357,0
0.199,3.485,10,0.726575241734,0.128945135865,0.807441531677,0
0.1995,3.485,10,0.726514238879,0.129088042383,0.807400718747,0
0.2,3.485,10,0.726453875773,0.129231826763,0.807360725697,0
0.2005,3.485,10,0.726394157021,0.129376493685,0.807321565656,0
0.201,3.485,10,0.726335087228,0.129522047826,0.807283251755,0
0.2015,3.485,10,0.726276670998,0.129668493867,0.807245797124,0
0.202,3.485,10,0.726218912937,0.129815836486,0.807209214892,0
0.2025,3.485,10,0.726161817648,0.129964080363,0.807173518189,0
0.203,3.485,10,0.726105389736,0.130113230176,0.807138720145,0
0.2035,3.485,10,0.726049633806,0.130263290606,0.80710483389,0
0.204,3.485,10,0.725994554463,0.13041426633,0.807071872554,0
0.2045,3.485,10,0.72594015631,0.130566162029,0.807039849267,0
0.205,3.485,10,0.725886443954,0.130718982381,0.807008777159,0
0.2055,3.485,10,0.725833421999,0.130872732065,0.80697866936,0
0.206,3.485,10,0.725781095048,0.131027415761,0.806949538999,0
0.2065,3.485,10,0.725729467708,0.131183038148,0.806921399206,0
0.207,3.485,10,0.725678544582,0.131339603905,0.806894263112,0
0.2075,3.485,10,0.725628330275,0.131497117711,0.806868143846,0
0.208,3.485,10,0.725578829392,0.131655584245,0.806843054538,0
0.2085,3.485,10,0.725530046537,0.131815008186,0.806819008319,0
0.209,3.485,10,0.725481986315,0.131975394214,0.806796018317,0
0.2095,3.485,10,0.725434653331,0.132136747008,0.806774097663,0
0.21,3.485,10,0.72538805219,0.132299071247,0.806753259487,0
0.2105,3.485,10,0.725342187495,0.132462371609,0.806733516918,0
0.211,3.485,10,0.725297063853,0.132626652775,0.806714883088,0
0.2115,3.485,10,0.725252685866,0.132791919423,0.806697371124,0
0.212,3.485,10,0.725209058141,0.132958176232,0.806680994158,0
0.2125,3.485,10,0.725166185281,0.133125427882,0.806665765319,0
0.213,3.485,10,0.725124071892,0.133293679052,0.806651697737,0
0.2135,3.485,10,0.725082722577,0.133462934421,0.806638804543,0
0.214,3.485,10,0.725042141942,0.133633198667,0.806627098865,0
0.2145,3.485,10,0.725002334592,0.133804476471,0.806616593834,0
0.215,3.485,10,0.72496330513,0.133976772511,0.80660730258,0
0.2155,3.485,10,0.724925058162,0.134150091467,0.806599238233,0
0.216,3.485,10,0.724887598292,0.134324438017,0.806592413922,0
0.2165,3.485,10,0.724850930124,0.134499816841,0.806586842778,0
0.217,3.485,10,0.724815058265,0.134676232619,0.80658253793,0
0.2175,3.485,10,0.724779987317,0.134853690028,0.806579512508,0
0.218,3.485,10,0.724745721886,0.135032193748,0.806577779642,0
0.2185,3.485,10,0.724712266577,0.135211748459,0.806577352463,0
0.219,3.485,10,0.724679625994,0.135392358839,0.806578244099,0
0.2195,3.485,10,0.724647804741,0.135574029568,0.806580467681,0
0.22,3.485,10,0.724616807424,0.135756765325,0.806584036339,0
0.2205,3.485,10,0.724586638647,0.135940570789,0.806588963203,0
0.221,3.485,10,0.724557303015,0.136125450639,0.806595261402,0
0.2215,3.485,10,0.724528805132,0.136311409554,0.806602944067,0
0.222,3.485,10,0.724501149603,0.136498452213,0.806612024327,0
0.19,3.49,10,0.727871630068,0.126344300943,0.808260197309,0
0.1905,3.49,10,0.72779972274,0.126472201957,0.808207154084,0
0.191,3.49,10,0.727728372744,0.126600896489,0.808154696068,0
0.1915,3.49,10,0.727657584683,0.126730389219,0.808102836391,0
0.192,3.49,10,0.727587363162,0.126860684827,0.808051588182,0
0.1925,3.49,10,0.727517712787,0.12699178799,0.808000964572,0
0.193,3.49,10,0.72744863816,0.127123703388,0.80795097869,0
0.1935,3.49,10,0.727380143888,0.127256435701,0.807901643667,0
0.194,3.49,10,0.727312234575,0.127389989607,0.807852972632,0
0.1945,3.49,10,0.727244914826,0.127524369786,0.807804978715,0
0.195,3.49,10,0.727178189244,0.127659580916,0.807757675046,0
0.1955,3.49,10,0.727112062435,0.127795627678,0.807711074756,0
0.196,3.49,10,0.727046539004,0.127932514749,0.807665190973,0
0.1965,3.49,10,0.726981623555,0.12807024681,0.807620036827,0
0.197,3.49,10,0.726917320692,0.128208828539,0.80757562545,0
0.1975,3.49,10,0.726853635021,0.128348264616,0.80753196997,0
0.198,3.49,10,0.726790571147,0.12848855972,0.807489083517,0
0.1985,3.49,10,0.726728133672,0.128629718529,0.807446979222,0
0.199,3.49,10,0.726666327203,0.128771745723,0.807405670214,0
0.1995,3.49,10,0.726605156344,0.128914645981,0.807365169623,0
0.2,3.49,10,0.7265446257,0.129058423983,0.807325490579,0
0.2005,3.49,10,0.726484739875,0.129203084407,0.807286646212,0
0.201,3.49,10,0.726425503474,0.129348631933,0.807248649652,0
0.2015,3.49,10,0.726366921102,0.129495071239,0.807211514029,0
0.202,3.49,10,0.726308997363,0.129642407005,0.807175252472,0
0.2025,3.49,10,0.726251736862,0.129790643911,0.807139878112,0
0.203,3.49,10,0.726195144203,0.129939786634,0.807105404079,0
0.2035,3.49,10,0.726139223991,0.130089839855,0.807071843502,0
0.204,3.49,10,0.726083980832,0.130240808252,0.807039209511,0
0.2045,3.49,10,0.726029419329,0.130392696505,0.807007515236,0
0.205,3.49,10,0.725975544087,0.130545509293,0.806976773807,0
0.2055,3.49,10,0.72592235971,0.130699251294,0.806946998354,0
0.206,3.49,10,0.725869870805,0.130853927189,0.806918202007,0
0.2065,3.49,10,0.725818081974,0.131009541656,0.806890397896,0
0.207,3.49,10,0.725766997823,0.131166099374,0.806863599151,0
0.2075,3.49,10,0.725716622957,0.131323605023,0.806837818901,0
0.208,3.49,10,0.725666961979,0.131482063282,0.806813070276,0
0.2085,3.49,10,0.725618019496,0.131641478829,0.806789366407,0
0.209,3.49,10,0.72556980011,0.131801856345,0.806766720423,0
0.2095,3.49,10,0.725522308428,0.131963200507,0.806745145454,0
0.21,3.49,10,0.725475549053,0.132125515996,0.80672465463,0
0.2105,3.49,10,0.725429526591,0.13228880749,0.806705261082,0
0.211,3.49,10,0.725384245645,0.132453079669,0.806686977938,0
0.2115,3.49,10,0.725339710822,0.132618337211,0.806669818328,0
0.212,3.49,10,0.725295926724,0.132784584797,0.806653795384,0
0.2125,3.49,10,0.725252897957,0.132951827104,0.806638922234,0
0.213,3.49,10,0.725210629126,0.133120068813,0.806625212008,0
0.2135,3.49,10,0.725169124835,0.133289314601,0.806612677837,0
0.214,3.49,10,0.725128389689,0.13345956915,0.80660133285,0
0.2145,3.49,10,0.725088428292,0.133630837137,0.806591190178,0
0.215,3.49,10,0.72504924525,0.133803123242,0.806582262949,0
0.2155,3.49,10,0.725010845166,0.133976432143,0.806574564294,0
0.216,3.49,10,0.724973232646,0.134150768521,0.806568107343,0
0.2165,3.49,10,0.724936412294,0.134326137054,0.806562905226,0
0.217,3.49,10,0.724900388715,0.134502542422,0.806558971073,0
0.2175,3.49,10,0.724865166513,0.134679989303,0.806556318013,0
0.218,3.49,10,0.724830750293,0.134858482376,0.806554959176,0
0.2185,3.49,10,0.72479714466,0.135038026322,0.806554907693,0
0.219,3.49,10,0.724764354218,0.135218625818,0.806556176693,0
0.2195,3.49,10,0.724732383572,0.135400285545,0.806558779306,0
0.22,3.49,10,0.724701237327,0.135583010181,0.806562728663,0
0.2205,3.49,10,0.724670920087,0.135766804405,0.806568037892,0
0.221,3.49,10,0.724641436457,0.135951672897,0.806574720124,0
0.2215,3.49,10,0.724612791042,0.136137620336,0.806582788489,0
0.222,3.49,10,0.724584988446,0.1363246514,0.806592256116,0
0.1895,3.495,10,0.728039002783,0.126044772927,0.808275073394,0
0.19,3.495,10,0.72796636528,0.126171881035,0.808221735129,0
0.1905,3.495,10,0.727894280968,0.126299777864,0.808168970611,0
0.191,3.495,10,0.727822754453,0.126428468093,0.808116792968,0
0.1915,3.495,10,0.727751790338,0.1265579564,0.808065215332,0
0.192,3.495,10,0.727681393229,0.126688247467,0.808014250831,0
0.1925,3.495,10,0.727611567731,0.12681934597,0.807963912597,0
0.193,3.495,10,0.727542318447,0.12695125659,0.807914213758,0
0.1935,3.495,10,0.727473649982,0.127083984007,0.807865167444,0
0.194,3.495,10,0.727405566942,0.127217532897,0.807816786787,0
0.1945,3.495,10,0.72733807393,0.127351907943,0.807769084914,0
0.195,3.495,10,0.727271175552,0.127487113821,0.807722074958,0
0.1955,3.495,10,0.727204876411,0.127623155211,0.807675770046,0
0.196,3.495,10,0.727139181114,0.127760036794,0.807630183309,0
0.1965,3.495,10,0.727074094264,0.127897763246,0.807585327878,0
0.197,3.495,10,0.727009620466,0.128036339249,0.807541216881,0
0.1975,3.495,10,0.726945764324,0.128175769481,0.80749786345,0
0.198,3.495,10,0.726882530444,0.128316058621,0.807455280713,0
0.1985,3.495,10,0.72681992343,0.128457211348,0.807413481801,0
0.199,3.495,10,0.726757947886,0.128599232341,0.807372479843,0
0.1995,3.495,10,0.726696608418,0.12874212628,0.80733228797,0
0.2,3.495,10,0.72663590963,0.128885897844,0.807292919311,0
0.2005,3.495,10,0.726575856126,0.129030551711,0.807254386996,0
0.201,3.495,10,0.726516452511,0.129176092562,0.807216704156,0
0.2015,3.495,10,0.72645770339,0.129322525075,0.807179883919,0
0.202,3.495,10,0.726399613368,0.129469853929,0.807143939417,0
0.2025,3.495,10,0.726342187049,0.129618083804,0.807108883778,0
0.203,3.495,10,0.726285429038,0.129767219378,0.807074730133,0
0.2035,3.495,10,0.726229343939,0.129917265331,0.807041491612,0
0.204,3.495,10,0.726173936357,0.130068226342,0.807009181344,0
0.2045,3.495,10,0.726119210897,0.13022010709,0.80697781246,0
0.205,3.495,10,0.726065172163,0.130372912254,0.806947398089,0
0.2055,3.495,10,0.726011824761,0.130526646514,0.806917951361,0
0.206,3.495,10,0.725959173294,0.130681314548,0.806889485407,0
0.2065,3.495,10,0.725907222368,0.130836921036,0.806862013355,0
0.207,3.495,10,0.725855976586,0.130993470657,0.806835548337,0
0.2075,3.495,10,0.725805440555,0.131150968089,0.806810103481,0
0.208,3.495,10,0.725755618877,0.131309418013,0.806785691918,0
0.2085,3.495,10,0.725706516159,0.131468825107,0.806762326778,0
0.209,3.495,10,0.725658137004,0.13162919405,0.80674002119,0
0.2095,3.495,10,0.725610486017,0.131790529522,0.806718788285,0
0.21,3.495,10,0.725563567803,0.131952836202,0.806698641192,0
0.2105,3.495,10,0.725517386967,0.132116118769,0.806679593041,0
0.211,3.495,10,0.725471948113,0.132280381901,0.806661656963,0
0.2115,3.495,10,0.725427255846,0.132445630279,0.806644846086,0
0.212,3.495,10,0.725383314771,0.132611868581,0.806629173542,0
0.2125,3.495,10,0.725340129491,0.132779101487,0.806614652459,0
0.213,3.495,10,0.725297704613,0.132947333675,0.806601295968,0
0.2135,3.495,10,0.725256044739,0.133116569825,0.806589117199,0
0.214,3.495,10,0.725215154476,0.133286814616,0.806578129281,0
0.2145,3.495,10,0.725175038428,0.133458072727,0.806568345345,0
0.215,3.495,10,0.725135701199,0.133630348838,0.80655977852,0
0.2155,3.495,10,0.725097147395,0.133803647626,0.806552441936,0
0.216,3.495,10,0.725059381618,0.133977973772,0.806546348724,0
0.2165,3.495,10,0.725022408476,0.134153331955,0.806541512012,0
0.217,3.495,10,0.724986232571,0.134329726854,0.806537944932,0
0.2175,3.495,10,0.724950858509,0.134507163147,0.806535660612,0
0.218,3.495,10,0.724916290894,0.134685645515,0.806534672183,0
0.2185,3.495,10,0.724882534331,0.134865178636,0.806534992775,0
0.219,3.495,10,0.724849593425,0.13504576719,0.806536635517,0
0.2195,3.495,10,0.72481747278,0.135227415855,0.80653961354,0
0.22,3.495,10,0.724786177001,0.13541012931,0.806543939973,0
0.2205,3.495,10,0.724755710693,0.135593912236,0.806549627946,0
0.221,3.495,10,0.72472607846,0.135778769311,0.80655669059,0
0.2215,3.495,10,0.724697284906,0.135964705213,0.806565141033,0
0.189,3.5,10,0.728207815728,0.125746910451,0.808292673787,0
0.1895,3.5,10,0.728134451118,0.125873230509,0.808239046656,0
0.19,3.5,10,0.728061635559,0.126000334491,0.808185981808,0
0.1905,3.5,10,0.727989373658,0.126128227075,0.808133492374,0
0.191,3.5,10,0.727917670018,0.126256912941,0.808081591484,0
0.1915,3.5,10,0.727846529244,0.126386396767,0.808030292267,0
0.192,3.5,10,0.727775955941,0.126516683233,0.807979607853,0
0.1925,3.5,10,0.727705954714,0.126647777018,0.807929551372,0
0.193,3.5,10,0.727636530166,0.126779682801,0.807880135954,0
0.1935,3.5,10,0.727567686903,0.126912405261,0.80783137473,0
0.194,3.5,10,0.72749942953,0.127045949078,0.807783280828,0
0.1945,3.5,10,0.72743176265,0.12718031893,0.807735867379,0
0.195,3.5,10,0.72736469087,0.127315519497,0.807689147512,0
0.1955,3.5,10,0.727298218792,0.127451555457,0.807643134358,0
0.196,3.5,10,0.727232351023,0.127588431491,0.807597841047,0
0.1965,3.5,10,0.727167092166,0.127726152276,0.807553280707,0
0.197,3.5,10,0.727102446826,0.127864722493,0.80750946647,0
0.1975,3.5,10,0.727038419609,0.128004146821,0.807466411466,0
0.198,3.5,10,0.726975015117,0.128144429938,0.807424128823,0
0.1985,3.5,10,0.726912237957,0.128285576523,0.807382631672,0
0.199,3.5,10,0.726850092733,0.128427591257,0.807341933143,0
0.1995,3.5,10,0.72678858405,0.128570478817,0.807302046366,0
0.2,3.5,10,0.726727716512,0.128714243884,0.80726298447,0
0.2005,3.5,10,0.726667494723,0.128858891136,0.807224760586,0
0.201,3.5,10,0.726607923289,0.129004425253,0.807187387844,0
0.2015,3.5,10,0.726549006814,0.129150850913,0.807150879372,0
0.202,3.5,10,0.726490749903,0.129298172796,0.807115248302,0
0.2025,3.5,10,0.72643315716,0.12944639558,0.807080507764,0
0.203,3.5,10,0.72637623319,0.129595523946,0.807046670886,0
0.2035,3.5,10,0.726319982598,0.129745562572,0.807013750799,0
0.204,3.5,10,0.726264409989,0.129896516138,0.806981760633,0
0.2045,3.5,10,0.726209519966,0.130048389322,0.806950713518,0
0.205,3.5,10,0.726155317135,0.130201186803,0.806920622583,0
0.2055,3.5,10,0.726101806101,0.130354913262,0.806891500959,0
0.206,3.5,10,0.726048991467,0.130509573376,0.806863361775,0
0.2065,3.5,10,0.725996877839,0.130665171826,0.806836218162,0
0.207,3.5,10,0.725945469821,0.130821713289,0.806810083249,0
0.2075,3.5,10,0.725894772019,0.130979202447,0.806784970166,0
0.208,3.5,10,0.725844789035,0.131137643976,0.806760892043,0
0.2085,3.5,10,0.725795525476,0.131297042558,0.80673786201,0
0.209,3.5,10,0.725746985946,0.13145740287,0.806715893197,0
0.2095,3.5,10,0.725699175049,0.131618729593,0.806694998734,0
0.21,3.5,10,0.725652097391,0.131781027404,0.80667519175,0
0.2105,3.5,10,0.725605757575,0.131944300984,0.806656485376,0
0.211,3.5,10,0.725560160207,0.132108555011,0.806638892742,0
0.2115,3.5,10,0.725515309891,0.132273794165,0.806622426976,0
0.212,3.5,10,0.725471211232,0.132440023125,0.80660710121,0
0.2125,3.5,10,0.725427868834,0.13260724657,0.806592928573,0
0.213,3.5,10,0.725385287302,0.132775469179,0.806579922195,0
0.2135,3.5,10,0.725343471241,0.13294469563,0.806568095207,0
0.214,3.5,10,0.725302425255,0.133114930605,0.806557460736,0
0.2145,3.5,10,0.725262153949,0.133286178781,0.806548031915,0
0.215,3.5,10,0.725222661928,0.133458444837,0.806539821872,0
0.2155,3.5,10,0.725183953797,0.133631733453,0.806532843738,0
0.216,3.5,10,0.725146034159,0.133806049309,0.806527110642,0
0.2165,3.5,10,0.72510890762,0.133981397082,0.806522635715,0
0.217,3.5,10,0.725072578784,0.134157781453,0.806519432086,0
0.2175,3.5,10,0.725037052256,0.1343352071,0.806517512885,0
0.218,3.5,10,0.725002332641,0.134513678702,0.806516891242,0
0.2185,3.5,10,0.724968424542,0.13469320094,0.806517580287,0
0.219,3.5,10,0.724935332566,0.134873778491,0.80651959315,0
0.2195,3.5,10,0.724903061316,0.135055416035,0.806522942961,0
0.22,3.5,10,0.724871615398,0.135238118252,0.806527642849,0
0.2205,3.5,10,0.724840999415,0.13542188982,0.806533705945,0
0.221,3.5,10,0.724811217973,0.135606735418,0.806541145378,0
0.189,3.505,10,0.728303967813,0.12557624106,0.808259063979,0
0.1895,3.505,10,0.728230424077,0.125702557052,0.808205704976,0
0.19,3.505,10,0.728157429858,0.125829656849,0.808152909925,0
0.1905,3.505,10,0.728084989761,0.125957545129,0.808100691954,0
0.191,3.505,10,0.728013108391,0.126086226572,0.808049064194,0
0.1915,3.505,10,0.727941790352,0.126215705858,0.807998039774,0
0.192,3.505,10,0.727871040249,0.126345987664,0.807947631826,0
0.1925,3.505,10,0.727800862687,0.126477076671,0.807897853477,0
0.193,3.505,10,0.72773126227,0.126608977558,0.807848717859,0
0.1935,3.505,10,0.727662243603,0.126741695003,0.807800238101,0
0.194,3.505,10,0.727593811291,0.126875233686,0.807752427334,0
0.1945,3.505,10,0.727525969938,0.127009598286,0.807705298686,0
0.195,3.505,10,0.727458724149,0.127144793482,0.807658865288,0
0.1955,3.505,10,0.727392078528,0.127280823953,0.80761314027,0
0.196,3.505,10,0.727326037681,0.127417694379,0.807568136762,0
0.1965,3.505,10,0.727260606212,0.127555409439,0.807523867894,0
0.197,3.505,10,0.727195788725,0.127693973811,0.807480346795,0
0.1975,3.505,10,0.727131589825,0.127833392174,0.807437586595,0
0.198,3.505,10,0.727068014117,0.127973669209,0.807395600425,0
0.1985,3.505,10,0.727005066206,0.128114809594,0.807354401414,0
0.199,3.505,10,0.726942750696,0.128256818009,0.807314002692,0
0.1995,3.505,10,0.726881072191,0.128399699132,0.80727441739,0
0.2,3.505,10,0.726820035297,0.128543457642,0.807235658636,0
0.2005,3.505,10,0.726759644618,0.128688098219,0.807197739561,0
0.201,3.505,10,0.726699904759,0.128833625542,0.807160673295,0
0.2015,3.505,10,0.726640820324,0.12898004429,0.807124472967,0
0.202,3.505,10,0.726582395918,0.129127359143,0.807089151708,0
0.2025,3.505,10,0.726524636146,0.129275574779,0.807054722647,0
0.203,3.505,10,0.726467545612,0.129424695877,0.807021198915,0
0.2035,3.505,10,0.726411128921,0.129574727117,0.806988593641,0
0.204,3.505,10,0.726355390678,0.129725673178,0.806956919955,0
0.2045,3.505,10,0.726300335487,0.129877538738,0.806926190987,0
0.205,3.505,10,0.726245967953,0.130030328478,0.806896419868,0
0.2055,3.505,10,0.726192292681,0.130184047076,0.806867619725,0
0.206,3.505,10,0.726139314274,0.130338699212,0.806839803691,0
0.2065,3.505,10,0.726087037339,0.130494289564,0.806812984894,0
0.207,3.505,10,0.726035466479,0.130650822811,0.806787176465,0
0.2075,3.505,10,0.7259846063,0.130808303634,0.806762391534,0
0.208,3.505,10,0.725934461405,0.130966736711,0.806738643229,0
0.2085,3.505,10,0.725885036399,0.13112612672,0.806715944682,0
0.209,3.505,10,0.725836335888,0.131286478342,0.806694309022,0
0.2095,3.505,10,0.725788364476,0.131447796256,0.806673749379,0
0.21,3.505,10,0.725741126767,0.13161008514,0.806654278883,0
0.2105,3.505,10,0.725694627366,0.131773349674,0.806635910664,0
0.211,3.505,10,0.725648870878,0.131937594537,0.806618657852,0
0.2115,3.505,10,0.725603861907,0.132102824408,0.806602533576,0
0.212,3.505,10,0.725559605058,0.132269043966,0.806587550967,0
0.2125,3.505,10,0.725516104936,0.132436257891,0.806573723154,0
0.213,3.505,10,0.725473366145,0.132604470861,0.806561063268,0
0.2135,3.505,10,0.72543139329,0.132773687555,0.806549584438,0
0.214,3.505,10,0.725390190976,0.132943912654,0.806539299794,0
0.2145,3.505,10,0.725349763807,0.133115150835,0.806530222466,0
0.215,3.505,10,0.725310116388,0.133287406779,0.806522365584,0
0.2155,3.505,10,0.725271253324,0.133460685163,0.806515742277,0
0.216,3.505,10,0.725233179218,0.133634990669,0.806510365677,0
0.2165,3.505,10,0.725195898677,0.133810327973,0.806506248912,0
0.217,3.505,10,0.725159416304,0.133986701757,0.806503405113,0
0.2175,3.505,10,0.725123736705,0.134164116698,0.806501847409,0
0.218,3.505,10,0.725088864483,0.134342577477,0.80650158893,0
0.2185,3.505,10,0.725054804243,0.134522088771,0.806502642807,0
0.219,3.505,10,0.725021560591,0.134702655261,0.806505022169,0
0.2195,3.505,10,0.724989138131,0.134884281625,0.806508740146,0
0.22,3.505,10,0.724957541467,0.135066972543,0.806513809868,0
0.2205,3.505,10,0.724926775204,0.135250732694,0.806520244465,0
0.1885,3.51,10,0.728474902926,0.125280903368,0.808281762413,0
0.189,3.51,10,0.72840063408,0.125406436227,0.808228115429,0
0.1895,3.51,10,0.728326910611,0.125532748093,0.808175020934,0
0.19,3.51,10,0.728253737126,0.125659843646,0.808122492056,0
0.1905,3.51,10,0.728181118227,0.125787727563,0.808070541927,0
0.191,3.51,10,0.728109058521,0.125916404525,0.808019183676,0
0.1915,3.51,10,0.728037562611,0.126045879211,0.807968430433,0
0.192,3.51,10,0.727966635103,0.126176156299,0.807918295327,0
0.1925,3.51,10,0.7278962806,0.126307240469,0.80786879149,0
0.193,3.51,10,0.727826503708,0.1264391364,0.80781993205,0
0.1935,3.51,10,0.727757309031,0.126571848771,0.807771730137,0
0.194,3.51,10,0.727688701175,0.126705382261,0.807724198882,0
0.1945,3.51,10,0.727620684742,0.126839741549,0.807677351414,0
0.195,3.51,10,0.727553264339,0.126974931316,0.807631200864,0
0.1955,3.51,10,0.72748644457,0.127110956238,0.807585760361,0
0.196,3.51,10,0.727420230039,0.127247820997,0.807541043034,0
0.1965,3.51,10,0.727354625352,0.127385530271,0.807497062015,0
0.197,3.51,10,0.727289635112,0.127524088739,0.807453830432,0
0.1975,3.51,10,0.727225263924,0.12766350108,0.807411361417,0
0.198,3.51,10,0.727161516394,0.127803771974,0.807369668097,0
0.1985,3.51,10,0.727098397125,0.127944906099,0.807328763605,0
0.199,3.51,10,0.727035910723,0.128086908135,0.807288661069,0
0.1995,3.51,10,0.726974061792,0.128229782761,0.807249373619,0
0.2,3.51,10,0.726912854936,0.128373534656,0.807210914385,0
0.2005,3.51,10,0.726852294761,0.128518168499,0.807173296498,0
0.201,3.51,10,0.726792385871,0.12866368897,0.807136533086,0
0.2015,3.51,10,0.72673313287,0.128810100747,0.807100637281,0
0.202,3.51,10,0.726674540364,0.128957408509,0.807065622211,0
0.2025,3.51,10,0.726616612957,0.129105616937,0.807031501007,0
0.203,3.51,10,0.726559355253,0.129254730708,0.806998286799,0
0.2035,3.51,10,0.726502771858,0.129404754503,0.806965992716,0
0.204,3.51,10,0.726446867375,0.129555693,0.806934631889,0
0.2045,3.51,10,0.72639164641,0.129707550878,0.806904217447,0
0.205,3.51,10,0.726337113567,0.129860332817,0.80687476252,0
0.2055,3.51,10,0.726283273451,0.130014043495,0.806846280239,0
0.206,3.51,10,0.726230130666,0.130168687593,0.806818783732,0
0.2065,3.51,10,0.726177689818,0.130324269788,0.806792286131,0
0.207,3.51,10,0.72612595551,0.130480794761,0.806766800564,0
0.2075,3.51,10,0.726074932348,0.130638267189,0.806742340162,0
0.208,3.51,10,0.726024624936,0.130796691754,0.806718918054,0
0.2085,3.51,10,0.725975037878,0.130956073133,0.806696547372,0
0.209,3.51,10,0.72592617578,0.131116416005,0.806675241243,0
0.2095,3.51,10,0.725878043246,0.131277725051,0.806655012799,0
0.21,3.51,10,0.725830644881,0.131440004948,0.806635875169,0
0.2105,3.51,10,0.725783985289,0.131603260377,0.806617841484,0
0.211,3.51,10,0.725738069075,0.131767496016,0.806600924872,0
0.2115,3.51,10,0.725692900844,0.131932716545,0.806585138464,0
0.212,3.51,10,0.7256484852,0.132098926642,0.80657049539,0
0.2125,3.51,10,0.725604826747,0.132266130987,0.80655700878,0
0.213,3.51,10,0.725561930092,0.132434334259,0.806544691764,0
0.2135,3.51,10,0.725519799837,0.132603541138,0.806533557471,0
0.214,3.51,10,0.725478440589,0.132773756301,0.806523619031,0
0.2145,3.51,10,0.725437856951,0.132944984429,0.806514889575,0
0.215,3.51,10,0.725398053528,0.1331172302,0.806507382232,0
0.2155,3.51,10,0.725359034926,0.133290498294,0.806501110132,0
0.216,3.51,10,0.725320805747,0.13346479339,0.806496086405,0
0.2165,3.51,10,0.725283370598,0.133640120167,0.806492324182,0
0.217,3.51,10,0.725246734082,0.133816483305,0.806489836591,0
0.2175,3.51,10,0.725210900805,0.133993887481,0.806488636762,0
0.218,3.51,10,0.725175875371,0.134172337376,0.806488737827,0
0.2185,3.51,10,0.725141662385,0.134351837668,0.806490152914,0
0.219,3.51,10,0.725108266451,0.134532393038,0.806492895153,0
0.2195,3.51,10,0.725075692174,0.134714008163,0.806496977675,0
0.22,3.51,10,0.725043944159,0.134896687723,0.806502413609,0
0.188,3.515,10,0.728647244015,0.124987208114,0.808307117274,0
0.1885,3.515,10,0.728572253127,0.125111962698,0.808253188482,0
0.189,3.515,10,0.728497803477,0.125237491491,0.808199800716,0
0.1895,3.515,10,0.728423899671,0.125363799172,0.808146967106,0
0.19,3.515,10,0.728350546313,0.125490890421,0.808094700782,0
0.1905,3.515,10,0.728277748008,0.125618769916,0.808043014872,0
0.191,3.515,10,0.728205509359,0.125747442338,0.807991922508,0
0.1915,3.515,10,0.728133834973,0.125876912364,0.80794143682,0
0.192,3.515,10,0.728062729453,0.126007184674,0.807891570936,0
0.1925,3.515,10,0.727992197405,0.126138263948,0.807842337988,0
0.193,3.515,10,0.727922243432,0.126270154864,0.807793751104,0
0.1935,3.515,10,0.72785287214,0.126402862102,0.807745823416,0
0.194,3.515,10,0.727784088132,0.12653639034,0.807698568052,0
0.1945,3.515,10,0.727715896015,0.126670744258,0.807651998142,0
0.195,3.515,10,0.727648300392,0.126805928535,0.807606126818,0
0.1955,3.515,10,0.727581305868,0.12694194785,0.807560967207,0
0.196,3.515,10,0.727514917048,0.127078806883,0.807516532441,0
0.1965,3.515,10,0.727449138537,0.127216510312,0.807472835649,0
0.197,3.515,10,0.727383974938,0.127355062816,0.807429889962,0
0.1975,3.515,10,0.727319430857,0.127494469076,0.807387708508,0
0.198,3.515,10,0.727255510898,0.127634733769,0.807346304418,0
0.1985,3.515,10,0.727192219667,0.127775861575,0.807305690822,0
0.199,3.515,10,0.727129561767,0.127917857174,0.80726588085,0
0.1995,3.515,10,0.727067541803,0.128060725244,0.807226887632,0
0.2,3.515,10,0.72700616438,0.128204470464,0.807188724297,0
0.2005,3.515,10,0.726945434103,0.128349097514,0.807151403975,0
0.201,3.515,10,0.726885355576,0.128494611073,0.807114939797,0
0.2015,3.515,10,0.726825933404,0.12864101582,0.807079344892,0
0.202,3.515,10,0.726767172192,0.128788316433,0.80704463239,0
0.2025,3.515,10,0.726709076544,0.128936517594,0.807010815422,0
0.203,3.515,10,0.726651651064,0.129085623979,0.806977907116,0
0.2035,3.515,10,0.726594900358,0.129235640269,0.806945920603,0
0.204,3.515,10,0.72653882903,0.129386571143,0.806914869013,0
0.2045,3.515,10,0.726483441685,0.129538421279,0.806884765475,0
0.205,3.515,10,0.726428742928,0.129691195358,0.80685562312,0
0.2055,3.515,10,0.726374737362,0.129844898058,0.806827455077,0
0.206,3.515,10,0.726321429594,0.129999534058,0.806800274477,0
0.2065,3.515,10,0.726268824226,0.130155108037,0.806774094449,0
0.207,3.515,10,0.726216925865,0.130311624675,0.806748928123,0
0.2075,3.515,10,0.726165739114,0.130469088651,0.806724788629,0
0.208,3.515,10,0.726115268579,0.130627504644,0.806701689097,0
0.2085,3.515,10,0.726065518864,0.130786877333,0.806679642657,0
0.209,3.515,10,0.726016494573,0.130947211397,0.806658662438,0
0.2095,3.515,10,0.725968200312,0.131108511515,0.806638761571,0
0.21,3.515,10,0.725920640684,0.131270782367,0.806619953186,0
0.2105,3.515,10,0.725873820296,0.131434028631,0.806602250412,0
0.211,3.515,10,0.72582774375,0.131598254988,0.80658566638,0
0.2115,3.515,10,0.725782415652,0.131763466115,0.806570214218,0
0.212,3.515,10,0.725737840607,0.131929666692,0.806555907058,0
0.2125,3.515,10,0.725694023219,0.132096861399,0.806542758029,0
0.213,3.515,10,0.725650968093,0.132265054914,0.806530780261,0
0.2135,3.515,10,0.725608679834,0.132434251916,0.806519986884,0
0.214,3.515,10,0.725567163045,0.132604457085,0.806510391027,0
0.2145,3.515,10,0.725526422333,0.1327756751,0.806502005821,0
0.215,3.515,10,0.7254864623,0.132947910641,0.806494844396,0
0.2155,3.515,10,0.725447287553,0.133121168385,0.806488919881,0
0.216,3.515,10,0.725408902696,0.133295453012,0.806484245406,0
0.2165,3.515,10,0.725371312333,0.133470769202,0.806480834102,0
0.217,3.515,10,0.725334521069,0.133647121634,0.806478699097,0
0.2175,3.515,10,0.725298533509,0.133824514986,0.806477853523,0
0.218,3.515,10,0.725263354257,0.134002953938,0.806478310509,0
0.2185,3.515,10,0.725228987918,0.13418244317,0.806480083184,0
0.219,3.515,10,0.725195439097,0.134362987359,0.80648318468,0
0.2195,3.515,10,0.725162712398,0.134544591186,0.806487628125,0
0.1875,3.52,10,0.728820978638,0.12469514598,0.808335103875,0
0.188,3.52,10,0.728745268777,0.124819127145,0.80828089945,0
0.1885,3.52,10,0.728670096015,0.124943877722,0.808227224587,0
0.189,3.52,10,0.728595464957,0.125069402389,0.808174092418,0
0.1895,3.52,10,0.728521380208,0.125195705826,0.808121516072,0
0.19,3.52,10,0.728447846371,0.125322792712,0.808069508678,0
0.1905,3.52,10,0.728374868053,0.125450667727,0.808018083368,0
0.191,3.52,10,0.728302449857,0.125579335548,0.80796725327,0
0.1915,3.52,10,0.728230596388,0.125708800856,0.807917031514,0
0.192,3.52,10,0.728159312251,0.12583906833,0.807867431231,0
0.1925,3.52,10,0.728088602051,0.125970142648,0.80781846555,0
0.193,3.52,10,0.728018470391,0.12610202849,0.807770147601,0
0.1935,3.52,10,0.727948921878,0.126234730535,0.807722490515,0
0.194,3.52,10,0.727879961114,0.126368253462,0.80767550742,0
0.1945,3.52,10,0.727811592706,0.12650260195,0.807629211448,0
0.195,3.52,10,0.727743821258,0.126637780679,0.807583615727,0
0.1955,3.52,10,0.727676651374,0.126773794327,0.807538733388,0
0.196,3.52,10,0.727610087659,0.126910647575,0.807494577561,0
0.1965,3.52,10,0.727544134717,0.1270483451,0.807451161375,0
0.197,3.52,10,0.727478797154,0.127186891582,0.807408497961,0
0.1975,3.52,10,0.727414079574,0.1273262917,0.807366600448,0
0.198,3.52,10,0.727349986581,0.127466550134,0.807325481966,0
0.1985,3.52,10,0.727286522781,0.127607671562,0.807285155645,0
0.199,3.52,10,0.727223692777,0.127749660664,0.807245634616,0
0.1995,3.52,10,0.727161501175,0.127892522118,0.807206932007,0
0.2,3.52,10,0.727099952579,0.128036260605,0.807169060949,0
0.2005,3.52,10,0.727039051595,0.128180880802,0.807132034572,0
0.201,3.52,10,0.726978802825,0.12832638739,0.807095866005,0
0.2015,3.52,10,0.726919210876,0.128472785047,0.807060568379,0
0.202,3.52,10,0.726860280351,0.128620078453,0.807026154824,0
0.2025,3.52,10,0.726802015856,0.128768272287,0.806992638469,0
0.203,3.52,10,0.726744421996,0.128917371227,0.806960032444,0
0.2035,3.52,10,0.726687503373,0.129067379953,0.806928349879,0
0.204,3.52,10,0.726631264595,0.129218303145,0.806897603904,0
0.2045,3.52,10,0.726575710264,0.12937014548,0.806867807649,0
0.205,3.52,10,0.726520844986,0.12952291164,0.806838974244,0
0.2055,3.52,10,0.726466673365,0.129676606301,0.806811116819,0
0.206,3.52,10,0.726413200007,0.129831234145,0.806784248503,0
0.2065,3.52,10,0.726360429515,0.129986799849,0.806758382427,0
0.207,3.52,10,0.726308366494,0.130143308094,0.80673353172,0
0.2075,3.52,10,0.726257015549,0.130300763558,0.806709709513,0
0.208,3.52,10,0.726206381285,0.13045917092,0.806686928934,0
0.2085,3.52,10,0.726156468306,0.130618534859,0.806665203115,0
0.209,3.52,10,0.726107281218,0.130778860055,0.806644545185,0
0.2095,3.52,10,0.726058824623,0.130940151187,0.806624968274,0
0.21,3.52,10,0.726011103128,0.131102412934,0.806606485512,0
0.2105,3.52,10,0.725964121337,0.131265649975,0.806589110028,0
0.211,3.52,10,0.725917883854,0.131429866989,0.806572854954,0
0.2115,3.52,10,0.725872395284,0.131595068656,0.806557733417,0
0.212,3.52,10,0.725827660232,0.131761259654,0.806543758549,0
0.2125,3.52,10,0.725783683303,0.131928444663,0.80653094348,0
0.213,3.52,10,0.7257404691,0.132096628361,0.806519301338,0
0.2135,3.52,10,0.72569802223,0.132265815429,0.806508845255,0
0.214,3.52,10,0.725656347295,0.132436010545,0.80649958836,0
0.2145,3.52,10,0.725615448902,0.132607218388,0.806491543783,0
0.215,3.52,10,0.725575331655,0.132779443638,0.806484724653,0
0.2155,3.52,10,0.725536000158,0.132952690973,0.806479144101,0
0.216,3.52,10,0.725497459016,0.133126965073,0.806474815257,0
0.2165,3.52,10,0.725459712833,0.133302270616,0.806471751251,0
0.217,3.52,10,0.725422766215,0.133478612283,0.806469965212,0
0.2175,3.52,10,0.725386623766,0.133655994752,0.80646947027,0
0.218,3.52,10,0.72535129009,0.133834422702,0.806470279555,0
0.2185,3.52,10,0.725316769793,0.134013900813,0.806472406198,0
0.219,3.52,10,0.725283067478,0.134194433764,0.806475863327,0
0.187,3.525,10,0.728996094355,0.124404707646,0.808365697532,0
0.1875,3.525,10,0.728919668589,0.12452792025,0.808311223647,0
0.188,3.525,10,0.728843775783,0.124651897467,0.808257267862,0
0.1885,3.525,10,0.728768420542,0.124776643978,0.808203843307,0
0.189,3.525,10,0.728693607469,0.12490216446,0.808150963113,0
0.1895,3.525,10,0.728619341171,0.125028463594,0.808098640409,0
0.19,3.525,10,0.72854562625,0.125155546059,0.808046888325,0
0.1905,3.525,10,0.728472467313,0.125283416532,0.807995719991,0
0.191,3.525,10,0.728399868964,0.125412079695,0.807945148537,0
0.1915,3.525,10,0.728327835807,0.125541540225,0.807895187093,0
0.192,3.525,10,0.728256372447,0.125671802802,0.807845848789,0
0.1925,3.525,10,0.728185483489,0.125802872106,0.807797146754,0
0.193,3.525,10,0.728115173537,0.125934752815,0.807749094119,0
0.1935,3.525,10,0.728045447197,0.126067449608,0.807701704013,0
0.194,3.525,10,0.727976309072,0.126200967165,0.807654989566,0
0.1945,3.525,10,0.727907763767,0.126335310164,0.807608963909,0
0.195,3.525,10,0.727839815887,0.126470483285,0.807563640171,0
0.1955,3.525,10,0.727772470037,0.126606491208,0.807519031482,0
0.196,3.525,10,0.727705730821,0.12674333861,0.807475150972,0
0.1965,3.525,10,0.727639602844,0.126881030172,0.80743201177,0
0.197,3.525,10,0.72757409071,0.127019570573,0.807389627008,0
0.1975,3.525,10,0.727509199025,0.127158964491,0.807348009814,0
0.198,3.525,10,0.727444932392,0.127299216606,0.807307173318,0
0.1985,3.525,10,0.727381295417,0.127440331597,0.807267130651,0
0.199,3.525,10,0.727318292705,0.127582314142,0.807227894942,0
0.1995,3.525,10,0.727255928859,0.127725168922,0.807189479322,0
0.2,3.525,10,0.727194208484,0.127868900616,0.80715189692,0
0.2005,3.525,10,0.727133136186,0.128013513902,0.807115160865,0
0.201,3.525,10,0.727072716568,0.12815901346,0.807079284289,0
0.2015,3.525,10,0.727012954236,0.128305403968,0.80704428032,0
0.202,3.525,10,0.726953853794,0.128452690107,0.807010162089,0
0.2025,3.525,10,0.726895419846,0.128600876554,0.806976942726,0
0.203,3.525,10,0.726837656998,0.12874996799,0.806944635361,0
0.2035,3.525,10,0.726780569854,0.128899969094,0.806913253122,0
0.204,3.525,10,0.726724163019,0.129050884544,0.806882809141,0
0.2045,3.525,10,0.726668441097,0.12920271902,0.806853316548,0
0.205,3.525,10,0.726613408693,0.1293554772,0.806824788471,0
0.2055,3.525,10,0.726559070411,0.129509163765,0.806797238041,0
0.206,3.525,10,0.726505430857,0.129663783393,0.806770678389,0
0.2065,3.525,10,0.726452494634,0.129819340763,0.806745122643,0
0.207,3.525,10,0.726400266348,0.129975840554,0.806720583934,0
0.2075,3.525,10,0.726348750604,0.130133287447,0.806697075392,0
0.208,3.525,10,0.726297952005,0.130291686119,0.806674610146,0
0.2085,3.525,10,0.726247875157,0.13045104125,0.806653201326,0
0.209,3.525,10,0.726198524664,0.130611357519,0.806632862063,0
0.2095,3.525,10,0.726149905131,0.130772639605,0.806613605486,0
0.21,3.525,10,0.726102021162,0.130934892188,0.806595444725,0
0.2105,3.525,10,0.726054877362,0.131098119946,0.80657839291,0
0.211,3.525,10,0.726008478336,0.131262327559,0.806562463172,0
0.2115,3.525,10,0.725962828689,0.131427519706,0.806547668638,0
0.212,3.525,10,0.725917933024,0.131593701066,0.806534022441,0
0.2125,3.525,10,0.725873795947,0.131760876318,0.80652153771,0
0.213,3.525,10,0.725830422063,0.131929050141,0.806510227573,0
0.2135,3.525,10,0.725787815975,0.132098227214,0.806500105163,0
0.214,3.525,10,0.72574598229,0.132268412218,0.806491183607,0
0.2145,3.525,10,0.72570492561,0.13243960983,0.806483476037,0
0.215,3.525,10,0.725664650542,0.132611824729,0.806476995582,0
0.2155,3.525,10,0.725625161689,0.132785061596,0.806471755372,0
0.216,3.525,10,0.725586463656,0.132959325109,0.806467768537,0
0.2165,3.525,10,0.725548561049,0.133134619948,0.806465048207,0
0.217,3.525,10,0.72551145847,0.133310950791,0.806463607511,0
0.2175,3.525,10,0.725475160527,0.133488322317,0.80646345958,0
0.218,3.525,10,0.725439671821,0.133666739206,0.806464617544,0
0.2185,3.525,10,0.72540499696,0.133846206138,0.806467094532,0
0.1865,3.53,10,0.729172578726,0.124115883793,0.80839887356,0
0.187,3.53,10,0.729095440123,0.124238332693,0.808344136388,0
0.1875,3.53,10,0.729018830341,0.124361541408,0.808289905854,0
0.188,3.53,10,0.728942753984,0.124485514619,0.808236195088,0
0.1885,3.53,10,0.728867215657,0.124610257004,0.80818301722,0
0.189,3.53,10,0.728792219965,0.124735773243,0.808130385379,0
0.1895,3.53,10,0.728717771511,0.124862068014,0.808078312695,0
0.19,3.53,10,0.728643874901,0.124989145997,0.8080268123,0
0.1905,3.53,10,0.72857053474,0.125117011872,0.807975897321,0
0.191,3.53,10,0.728497755631,0.125245670316,0.80792558089,0
0.1915,3.53,10,0.72842554218,0.125375126009,0.807875876135,0
0.192,3.53,10,0.728353898992,0.125505383631,0.807826796188,0
0.1925,3.53,10,0.72828283067,0.125636447861,0.807778354178,0
0.193,3.53,10,0.72821234182,0.125768323377,0.807730563235,0
0.1935,3.53,10,0.728142437047,0.12590101486,0.807683436488,0
0.194,3.53,10,0.728073120954,0.126034526987,0.807636987068,0
0.1945,3.53,10,0.728004398147,0.126168864438,0.807591228104,0
0.195,3.53,10,0.72793627323,0.126304031893,0.807546172727,0
0.1955,3.53,10,0.727868750808,0.12644003403,0.807501834066,0
0.196,3.53,10,0.727801835485,0.126576875529,0.807458225252,0
0.1965,3.53,10,0.727735531867,0.126714561069,0.807415359413,0
0.197,3.53,10,0.727669844557,0.126853095328,0.807373249681,0
0.1975,3.53,10,0.727604778161,0.126992482987,0.807331909184,0
0.198,3.53,10,0.727540337283,0.127132728724,0.807291351053,0
0.1985,3.53,10,0.727476526528,0.127273837218,0.807251588419,0
0.199,3.53,10,0.7274133505,0.127415813149,0.807212634409,0
0.1995,3.53,10,0.727350813804,0.127558661195,0.807174502155,0
0.2,3.53,10,0.727288921045,0.127702386036,0.807137204787,0
0.2005,3.53,10,0.727227676828,0.127846992352,0.807100755434,0
0.201,3.53,10,0.727167085756,0.12799248482,0.807065167226,0
0.2015,3.53,10,0.727107152435,0.128138868121,0.807030453293,0
0.202,3.53,10,0.72704788147,0.128286146933,0.806996626766,0
0.2025,3.53,10,0.726989277464,0.128434325935,0.806963700773,0
0.203,3.53,10,0.726931345023,0.128583409808,0.806931688445,0
0.2035,3.53,10,0.726874088751,0.128733403229,0.806900602912,0
0.204,3.53,10,0.726817513253,0.128884310878,0.806870457303,0
0.2045,3.53,10,0.726761623134,0.129036137435,0.806841264749,0
0.205,3.53,10,0.726706422998,0.129188887578,0.806813038379,0
0.2055,3.53,10,0.726651917449,0.129342565986,0.806785791324,0
0.206,3.53,10,0.726598111094,0.129497177339,0.806759536713,0
0.2065,3.53,10,0.726545008535,0.129652726316,0.806734287676,0
0.207,3.53,10,0.726492614378,0.129809217595,0.806710057343,0
0.2075,3.53,10,0.726440933228,0.129966655857,0.806686858844,0
0.208,3.53,10,0.726389969689,0.13012504578,0.806664705308,0
0.2085,3.53,10,0.726339728366,0.130284392043,0.806643609867,0
0.209,3.53,10,0.726290213863,0.130444699326,0.806623585649,0
0.2095,3.53,10,0.726241430785,0.130605972308,0.806604645785,0
0.21,3.53,10,0.726193383737,0.130768215667,0.806586803404,0
0.2105,3.53,10,0.726146077323,0.130931434083,0.806570071636,0
0.211,3.53,10,0.726099516148,0.131095632236,0.806554463612,0
0.2115,3.53,10,0.726053704817,0.131260814804,0.806539992461,0
0.212,3.53,10,0.726008647934,0.131426986466,0.806526671312,0
0.2125,3.53,10,0.725964350104,0.131594151902,0.806514513297,0
0.213,3.53,10,0.725920815932,0.13176231579,0.806503531544,0
0.2135,3.53,10,0.725878050022,0.131931482811,0.806493739185,0
0.214,3.53,10,0.725836056979,0.132101657642,0.806485149348,0
0.2145,3.53,10,0.725794841407,0.132272844964,0.806477775163,0
0.215,3.53,10,0.725754407912,0.132445049455,0.806471629761,0
0.2155,3.53,10,0.725714761098,0.132618275794,0.806466726271,0
0.216,3.53,10,0.725675905569,0.132792528661,0.806463077823,0
0.2165,3.53,10,0.72563784593,0.132967812735,0.806460697548,0
0.217,3.53,10,0.725600586786,0.133144132695,0.806459598574,0
0.2175,3.53,10,0.725564132742,0.133321493219,0.806459794033,0
0.218,3.53,10,0.725528488402,0.133499898988,0.806461297053,0
0.1865,3.535,10,0.729272570937,0.123950355156,0.808379612989,0
0.187,3.535,10,0.729195247248,0.124072800226,0.808325113879,0
0.1875,3.535,10,0.729118452844,0.124196004994,0.808271123075,0
0.188,3.535,10,0.729042192331,0.124319974139,0.808217653707,0
0.1885,3.535,10,0.728966470313,0.124444712339,0.808164718903,0
0.189,3.535,10,0.728891291394,0.124570224275,0.808112331794,0
0.1895,3.535,10,0.72881666018,0.124696514624,0.80806050551,0
0.19,3.535,10,0.728742581274,0.124823588067,0.80800925318,0
0.1905,3.535,10,0.728669059283,0.124951449283,0.807958587935,0
0.191,3.535,10,0.728596098809,0.12508010295,0.807908522905,0
0.1915,3.535,10,0.728523704459,0.125209553747,0.807859071219,0
0.192,3.535,10,0.728451880836,0.125339806355,0.807810246008,0
0.1925,3.535,10,0.728380632545,0.125470865451,0.8077620604,0
0.193,3.535,10,0.728309964191,0.125602735716,0.807714527527,0
0.1935,3.535,10,0.728239880379,0.125735421828,0.807667660518,0
0.194,3.535,10,0.728170385713,0.125868928466,0.807621472503,0
0.1945,3.535,10,0.728101484798,0.12600326031,0.807575976611,0
0.195,3.535,10,0.728033182238,0.126138422039,0.807531185974,0
0.1955,3.535,10,0.727965482638,0.126274418332,0.80748711372,0
0.196,3.535,10,0.727898390603,0.126411253868,0.807443772979,0
0.1965,3.535,10,0.727831910738,0.126548933326,0.807401176882,0
0.197,3.535,10,0.727766047646,0.126687461386,0.807359338558,0
0.1975,3.535,10,0.727700805933,0.126826842726,0.807318271137,0
0.198,3.535,10,0.727636190204,0.126967082025,0.80727798775,0
0.1985,3.535,10,0.727572205063,0.127108183964,0.807238501525,0
0.199,3.535,10,0.727508855114,0.12725015322,0.807199825594,0
0.1995,3.535,10,0.727446144963,0.127392994474,0.807161973085,0
0.2,3.535,10,0.727384079214,0.127536712404,0.807124957129,0
0.2005,3.535,10,0.727322662471,0.127681311689,0.807088790856,0
0.201,3.535,10,0.727261899339,0.127826797009,0.807053487395,0
0.2015,3.535,10,0.727201794424,0.127973173043,0.807019059876,0
0.202,3.535,10,0.727142352329,0.128120444469,0.80698552143,0
0.2025,3.535,10,0.727083577659,0.128268615967,0.806952885186,0
0.203,3.535,10,0.72702547502,0.128417692217,0.806921164274,0
0.2035,3.535,10,0.726968049014,0.128567677897,0.806890371825,0
0.204,3.535,10,0.726911304248,0.128718577687,0.806860520967,0
0.2045,3.535,10,0.726855245326,0.128870396265,0.806831624831,0
0.205,3.535,10,0.726799876852,0.129023138311,0.806803696546,0
0.2055,3.535,10,0.726745203431,0.129176808503,0.806776749244,0
0.206,3.535,10,0.726691229668,0.129331411522,0.806750796053,0
0.2065,3.535,10,0.726637960168,0.129486952046,0.806725850103,0
0.207,3.535,10,0.726585399535,0.129643434755,0.806701924524,0
0.2075,3.535,10,0.726533552373,0.129800864327,0.806679032447,0
0.208,3.535,10,0.726482423288,0.129959245441,0.806657187001,0
0.2085,3.535,10,0.726432016883,0.130118582778,0.806636401316,0
0.209,3.535,10,0.726382337765,0.130278881015,0.806616688522,0
0.2095,3.535,10,0.726333390536,0.130440144833,0.806598061749,0
0.21,3.535,10,0.726285179803,0.13060237891,0.806580534126,0
0.2105,3.535,10,0.726237710169,0.130765587925,0.806564118784,0
0.211,3.535,10,0.72619098624,0.130929776558,0.806548828852,0
0.2115,3.535,10,0.72614501262,0.131094949487,0.806534677461,0
0.212,3.535,10,0.726099793913,0.131261111393,0.806521677741,0
0.2125,3.535,10,0.726055334724,0.131428266953,0.80650984282,0
0.213,3.535,10,0.726011639658,0.131596420848,0.80649918583,0
0.2135,3.535,10,0.72596871332,0.131765577756,0.806489719899,0
0.214,3.535,10,0.725926560314,0.131935742356,0.806481458159,0
0.2145,3.535,10,0.725885185244,0.132106919328,0.806474413738,0
0.215,3.535,10,0.725844592717,0.132279113351,0.806468599767,0
0.2155,3.535,10,0.725804787335,0.132452329104,0.806464029376,0
0.216,3.535,10,0.725765773704,0.132626571266,0.806460715694,0
0.2165,3.535,10,0.725727556429,0.132801844516,0.806458671852,0
0.217,3.535,10,0.725690140113,0.132978153533,0.806457910979,0
0.2175,3.535,10,0.725653529362,0.133155502997,0.806458446205,0
0.186,3.54,10,0.729451048591,0.123663978319,0.808417628763,0
0.1865,3.54,10,0.729373014062,0.123785664601,0.808362867252,0
0.187,3.54,10,0.72929550468,0.123908105784,0.808308602584,0
0.1875,3.54,10,0.729218525049,0.124031306545,0.808254847889,0
0.188,3.54,10,0.729142079773,0.124155271565,0.808201616296,0
0.1885,3.54,10,0.729066173458,0.124280005521,0.808148920935,0
0.189,3.54,10,0.728990810708,0.124405513094,0.808096774936,0
0.1895,3.54,10,0.728915996127,0.124531798963,0.80804519143,0
0.19,3.54,10,0.72884173432,0.124658867807,0.807994183545,0
0.1905,3.54,10,0.728768029893,0.124786724304,0.807943764412,0
0.191,3.54,10,0.728694887448,0.124915373134,0.807893947162,0
0.1915,3.54,10,0.728622311593,0.125044818977,0.807844744923,0
0.192,3.54,10,0.728550306929,0.12517506651,0.807796170825,0
0.1925,3.54,10,0.728478878064,0.125306120415,0.807748237999,0
0.193,3.54,10,0.7284080296,0.125437985369,0.807700959575,0
0.1935,3.54,10,0.728337766144,0.125570666051,0.807654348681,0
0.194,3.54,10,0.728268092298,0.125704167142,0.807608418449,0
0.1945,3.54,10,0.728199012669,0.125838493319,0.807563182009,0
0.195,3.54,10,0.728130531861,0.125973649263,0.807518652489,0
0.1955,3.54,10,0.728062654478,0.126109639652,0.80747484302,0
0.196,3.54,10,0.727995385124,0.126246469166,0.807431766732,0
0.1965,3.54,10,0.727928728406,0.126384142484,0.807389436754,0
0.197,3.54,10,0.727862688927,0.126522664284,0.807347866218,0
0.1975,3.54,10,0.727797271292,0.126662039246,0.807307068251,0
0.198,3.54,10,0.727732480106,0.126802272049,0.807267055985,0
0.1985,3.54,10,0.727668319972,0.126943367373,0.80722784255,0
0.199,3.54,10,0.727604795497,0.127085329896,0.807189441075,0
0.1995,3.54,10,0.727541911285,0.127228164297,0.807151864689,0
0.2,3.54,10,0.727479671939,0.127371875257,0.807115126524,0
0.2005,3.54,10,0.727418082066,0.127516467453,0.807079239709,0
0.201,3.54,10,0.727357146269,0.127661945565,0.807044217373,0
0.2015,3.54,10,0.727296869153,0.127808314272,0.807010072648,0
0.202,3.54,10,0.727237255323,0.127955578254,0.806976818662,0
0.2025,3.54,10,0.727178309384,0.128103742189,0.806944468545,0
0.203,3.54,10,0.727120035939,0.128252810757,0.806913035428,0
0.2035,3.54,10,0.727062439595,0.128402788636,0.80688253244,0
0.204,3.54,10,0.727005524955,0.128553680507,0.806852972711,0
0.2045,3.54,10,0.726949296624,0.128705491047,0.806824369372,0
0.205,3.54,10,0.726893759206,0.128858224937,0.806796735551,0
0.2055,3.54,10,0.726838917307,0.129011886855,0.80677008438,0
0.206,3.54,10,0.726784775532,0.129166481481,0.806744428987,0
0.2065,3.54,10,0.726731338483,0.129322013493,0.806719782503,0
0.207,3.54,10,0.726678610768,0.129478487571,0.806696158057,0
0.2075,3.54,10,0.726626596989,0.129635908394,0.80667356878,0
0.208,3.54,10,0.726575301751,0.129794280641,0.806652027802,0
0.2085,3.54,10,0.72652472966,0.129953608991,0.806631548252,0
0.209,3.54,10,0.72647488532,0.130113898124,0.80661214326,0
0.2095,3.54,10,0.726425773336,0.130275152719,0.806593825956,0
0.21,3.54,10,0.726377398312,0.130437377454,0.80657660947,0
0.2105,3.54,10,0.726329764853,0.130600577009,0.806560506932,0
0.211,3.54,10,0.726282877563,0.130764756063,0.806545531472,0
0.2115,3.54,10,0.726236741047,0.130929919295,0.806531696219,0
0.212,3.54,10,0.72619135991,0.131096071384,0.806519014305,0
0.2125,3.54,10,0.726146738757,0.13126321701,0.806507498857,0
0.213,3.54,10,0.726102882192,0.131431360852,0.806497163007,0
0.2135,3.54,10,0.72605979482,0.131600507588,0.806488019885,0
0.214,3.54,10,0.726017481245,0.131770661899,0.80648008262,0
0.2145,3.54,10,0.725975946072,0.131941828462,0.806473364341,0
0.215,3.54,10,0.725935193906,0.132114011957,0.80646787818,0
0.2155,3.54,10,0.725895229351,0.132287217064,0.806463637266,0
0.216,3.54,10,0.725856057012,0.132461448462,0.806460654728,0
0.2165,3.54,10,0.725817681494,0.132636710829,0.806458943698,0
0.217,3.54,10,0.725780107402,0.132813008845,0.806458517304,0
0.1855,3.545,10,0.729630860643,0.123379192864,0.808458159027,0
0.186,3.545,10,0.729552118343,0.123500125215,0.808403141288,0
0.1865,3.545,10,0.729473897051,0.123621807669,0.80834860893,0
0.187,3.545,10,0.72939620137,0.123744244904,0.808294575081,0
0.1875,3.545,10,0.729319035906,0.1238674416,0.808241052872,0
0.188,3.545,10,0.729242405262,0.123991402435,0.808188055433,0
0.1885,3.545,10,0.729166314044,0.124116132088,0.808135595894,0
0.189,3.545,10,0.729090766856,0.12424163524,0.808083687384,0
0.1895,3.545,10,0.729015768303,0.124367916569,0.808032343033,0
0.19,3.545,10,0.72894132299,0.124494980753,0.807981575972,0
0.1905,3.545,10,0.72886743552,0.124622832473,0.80793139933,0
0.191,3.545,10,0.7287941105,0.124751476408,0.807881826237,0
0.1915,3.545,10,0.728721352533,0.124880917236,0.807832869824,0
0.192,3.545,10,0.728649166223,0.125011159637,0.807784543219,0
0.1925,3.545,10,0.728577556177,0.12514220829,0.807736859553,0
0.193,3.545,10,0.728506526998,0.125274067874,0.807689831955,0
0.1935,3.545,10,0.728436083291,0.125406743068,0.807643473556,0
0.194,3.545,10,0.728366229661,0.125540238551,0.807597797486,0
0.1945,3.545,10,0.728296970712,0.125674559003,0.807552816874,0
0.195,3.545,10,0.728228311049,0.125809709103,0.807508544851,0
0.1955,3.545,10,0.728160255277,0.125945693529,0.807464994545,0
0.196,3.545,10,0.728092808,0.126082516962,0.807422179088,0
0.1965,3.545,10,0.728025973823,0.126220184079,0.807380111609,0
0.197,3.545,10,0.727959757351,0.126358699561,0.807338805238,0
0.1975,3.545,10,0.727894163188,0.126498068086,0.807298273104,0
0.198,3.545,10,0.727829195938,0.126638294334,0.807258528338,0
0.1985,3.545,10,0.727764860208,0.126779382983,0.80721958407,0
0.199,3.545,10,0.7277011606,0.126921338714,0.80718145343,0
0.1995,3.545,10,0.72763810172,0.127064166204,0.807144149546,0
0.2,3.545,10,0.727575688173,0.127207870133,0.80710768555,0
0.2005,3.545,10,0.727513924563,0.127352455181,0.807072074572,0
0.201,3.545,10,0.727452815495,0.127497926026,0.80703732974,0
0.2015,3.545,10,0.727392365573,0.127644287348,0.807003464185,0
0.202,3.545,10,0.727332579402,0.127791543826,0.806970491038,0
0.2025,3.545,10,0.727273461587,0.127939700138,0.806938423427,0
0.203,3.545,10,0.727215016733,0.128088760965,0.806907274483,0
0.2035,3.545,10,0.727157249443,0.128238730985,0.806877057335,0
0.204,3.545,10,0.727100164323,0.128389614877,0.806847785114,0
0.2045,3.545,10,0.727043765978,0.128541417321,0.80681947095,0
0.205,3.545,10,0.726988059011,0.128694142995,0.806792127971,0
0.2055,3.545,10,0.726933048028,0.128847796579,0.806765769309,0
0.206,3.545,10,0.726878737634,0.129002382752,0.806740408093,0
0.2065,3.545,10,0.726825132432,0.129157906194,0.806716057453,0
0.207,3.545,10,0.726772237028,0.129314371582,0.806692730519,0
0.2075,3.545,10,0.726720056026,0.129471783597,0.806670440421,0
0.208,3.545,10,0.726668594031,0.129630146917,0.806649200289,0
0.2085,3.545,10,0.726617855648,0.129789466223,0.806629023252,0
0.209,3.545,10,0.726567845481,0.129949746192,0.80660992244,0
0.2095,3.545,10,0.726518568134,0.130110991504,0.806591910984,0
0.21,3.545,10,0.726470028213,0.130273206838,0.806575002014,0
0.2105,3.545,10,0.726422230323,0.130436396873,0.806559208658,0
0.211,3.545,10,0.726375179067,0.130600566289,0.806544544048,0
0.2115,3.545,10,0.72632887905,0.130765719765,0.806531021312,0
0.212,3.545,10,0.726283334878,0.130931861979,0.806518653582,0
0.2125,3.545,10,0.726238551154,0.131098997612,0.806507453986,0
0.213,3.545,10,0.726194532484,0.131267131341,0.806497435656,0
0.2135,3.545,10,0.726151283472,0.131436267846,0.806488611719,0
0.214,3.545,10,0.726108808722,0.131606411807,0.806480995308,0
0.2145,3.545,10,0.72606711284,0.131777567903,0.80647459955,0
0.215,3.545,10,0.72602620043,0.131949740812,0.806469437577,0
0.2155,3.545,10,0.725986076096,0.132122935214,0.806465522518,0
0.216,3.545,10,0.725946744444,0.132297155787,0.806462867504,0
0.185,3.55,10,0.729811994652,0.123095989471,0.808501179093,0
0.1855,3.55,10,0.72973254765,0.123216172749,0.808445911301,0
0.186,3.55,10,0.729653617516,0.123337101331,0.808391117426,0
0.1865,3.55,10,0.729575208854,0.123458779897,0.808336810598,0
0.187,3.55,10,0.729497326269,0.123581213125,0.808283003948,0
0.1875,3.55,10,0.729419974366,0.123704405696,0.808229710604,0
0.188,3.55,10,0.729343157748,0.123828362287,0.808176943698,0
0.1885,3.55,10,0.729266881022,0.123953087579,0.808124716358,0
0.189,3.55,10,0.72919114879,0.12407858625,0.808073041715,0
0.1895,3.55,10,0.729115965659,0.124204862979,0.808021932899,0
0.19,3.55,10,0.729041336233,0.124331922446,0.80797140304,0
0.1905,3.55,10,0.728967265116,0.12445976933,0.807921465267,0
0.191,3.55,10,0.728893756913,0.124588408309,0.807872132711,0
0.1915,3.55,10,0.728820816229,0.124717844064,0.8078234185,0
0.192,3.55,10,0.728748447668,0.124848081273,0.807775335767,0
0.1925,3.55,10,0.728676655836,0.124979124615,0.807727897639,0
0.193,3.55,10,0.728605445336,0.125110978769,0.807681117247,0
0.1935,3.55,10,0.728534820773,0.125243648416,0.807635007721,0
0.194,3.55,10,0.728464786752,0.125377138233,0.807589582191,0
0.1945,3.55,10,0.728395347878,0.1255114529,0.807544853786,0
0.195,3.55,10,0.728326508754,0.125646597096,0.807500835638,0
0.1955,3.55,10,0.728258273987,0.125782575501,0.807457540874,0
0.196,3.55,10,0.728190648181,0.125919392793,0.807414982626,0
0.1965,3.55,10,0.728123635939,0.126057053651,0.807373174024,0
0.197,3.55,10,0.728057241868,0.126195562755,0.807332128196,0
0.1975,3.55,10,0.727991470571,0.126334924784,0.807291858274,0
0.198,3.55,10,0.727926326653,0.126475144417,0.807252377387,0
0.1985,3.55,10,0.727861814719,0.126616226333,0.807213698664,0
0.199,3.55,10,0.727797939373,0.126758175212,0.807175835237,0
0.1995,3.55,10,0.727734705221,0.126900995732,0.807138800234,0
0.2,3.55,10,0.727672116866,0.127044692572,0.807102606786,0
0.2005,3.55,10,0.727610178913,0.127189270412,0.807067268022,0
0.201,3.55,10,0.727548895968,0.127334733931,0.807032797073,0
0.2015,3.55,10,0.727488272634,0.127481087809,0.806999207068,0
0.202,3.55,10,0.727428313517,0.127628336723,0.806966511137,0
0.2025,3.55,10,0.727369023221,0.127776485354,0.80693472241,0
0.203,3.55,10,0.72731040635,0.12792553838,0.806903854018,0
0.2035,3.55,10,0.72725246751,0.128075500481,0.806873919089,0
0.204,3.55,10,0.727195211304,0.128226376336,0.806844930754,0
0.2045,3.55,10,0.727138642339,0.128378170624,0.806816902143,0
0.205,3.55,10,0.727082765217,0.128530888023,0.806789846385,0
0.2055,3.55,10,0.727027584545,0.128684533214,0.806763776611,0
0.206,3.55,10,0.726973104925,0.128839110876,0.80673870595,0
0.2065,3.55,10,0.726919330965,0.128994625687,0.806714647533,0
0.207,3.55,10,0.726866267266,0.129151082327,0.806691614489,0
0.2075,3.55,10,0.726813918436,0.129308485474,0.806669619948,0
0.208,3.55,10,0.726762289078,0.129466839809,0.80664867704,0
0.2085,3.55,10,0.726711383796,0.129626150009,0.806628798894,0
0.209,3.55,10,0.726661207196,0.129786420755,0.806609998642,0
0.2095,3.55,10,0.726611763882,0.129947656726,0.806592289412,0
0.21,3.55,10,0.726563058458,0.1301098626,0.806575684335,0
0.2105,3.55,10,0.726515095531,0.130273043057,0.806560196541,0
0.211,3.55,10,0.726467879703,0.130437202776,0.806545839159,0
0.2115,3.55,10,0.72642141558,0.130602346435,0.806532625319,0
0.212,3.55,10,0.726375707766,0.130768478715,0.806520568151,0
0.2125,3.55,10,0.726330760866,0.130935604295,0.806509680786,0
0.213,3.55,10,0.726286579485,0.131103727853,0.806499976352,0
0.2135,3.55,10,0.726243168227,0.131272854068,0.806491467981,0
0.214,3.55,10,0.726200531697,0.131442987621,0.806484168801,0
0.2145,3.55,10,0.7261586745,0.131614133189,0.806478091943,0
0.215,3.55,10,0.72611760124,0.131786295452,0.806473250537,0
0.1845,3.555,10,0.729994438177,0.122814358822,0.808546664279,0
0.185,3.555,10,0.729914289542,0.122933797883,0.808491152606,0
0.1855,3.555,10,0.729834653634,0.123053977451,0.808436103388,0
0.186,3.555,10,0.72975553506,0.123174902204,0.808381529755,0
0.1865,3.555,10,0.729676938422,0.123296576823,0.808327444836,0
0.187,3.555,10,0.729598868327,0.123419005986,0.808273861762,0
0.1875,3.555,10,0.729521329379,0.123542194372,0.808220793663,0
0.188,3.555,10,0.729444326182,0.123666146661,0.808168253667,0
0.1885,3.555,10,0.729367863341,0.123790867531,0.808116254906,0
0.189,3.555,10,0.729291945461,0.123916361662,0.808064810509,0
0.1895,3.555,10,0.729216577146,0.124042633733,0.808013933606,0
0.19,3.555,10,0.729141763001,0.124169688422,0.807963637327,0
0.1905,3.555,10,0.729067507631,0.12429753041,0.807913934801,0
0.191,3.555,10,0.72899381564,0.124426164376,0.807864839159,0
0.1915,3.555,10,0.728920691633,0.124555594998,0.807816363531,0
0.192,3.555,10,0.728848140215,0.124685826955,0.807768521047,0
0.1925,3.555,10,0.72877616599,0.124816864928,0.807721324836,0
0.193,3.555,10,0.728704773563,0.124948713594,0.807674788028,0
0.1935,3.555,10,0.728633967538,0.125081377633,0.807628923753,0
0.194,3.555,10,0.728563752521,0.125214861725,0.807583745142,0
0.1945,3.555,10,0.728494133116,0.125349170548,0.807539265323,0
0.195,3.555,10,0.728425113927,0.125484308782,0.807495497427,0
0.1955,3.555,10,0.728356699559,0.125620281105,0.807452454585,0
0.196,3.555,10,0.728288894617,0.125757092197,0.807410149924,0
0.1965,3.555,10,0.728221703705,0.125894746737,0.807368596577,0
0.197,3.555,10,0.728155131429,0.126033249405,0.807327807672,0
0.1975,3.555,10,0.728089182392,0.126172604878,0.807287796339,0
0.198,3.555,10,0.7280238612,0.126312817837,0.807248575709,0
0.1985,3.555,10,0.727959172457,0.126453892961,0.807210158911,0
0.199,3.555,10,0.727895120767,0.126595834928,0.807172559075,0
0.1995,3.555,10,0.727831710736,0.126738648419,0.807135789331,0
0.2,3.555,10,0.727768946968,0.126882338111,0.807099862809,0
0.2005,3.555,10,0.727706834067,0.127026908684,0.807064792639,0
0.201,3.555,10,0.727645376639,0.127172364818,0.80703059195,0
0.2015,3.555,10,0.727584579288,0.127318711192,0.806997273873,0
0.202,3.555,10,0.727524446618,0.127465952484,0.806964851538,0
0.2025,3.555,10,0.727464983235,0.127614093374,0.806933338074,0
0.203,3.555,10,0.727406193742,0.12776313854,0.806902746611,0
0.2035,3.555,10,0.727348082746,0.127913092663,0.806873090279,0
0.204,3.555,10,0.727290654849,0.128063960421,0.806844382209,0
0.2045,3.555,10,0.727233914657,0.128215746494,0.806816635529,0
0.205,3.555,10,0.727177866775,0.12836845556,0.806789863371,0
0.2055,3.555,10,0.727122515807,0.128522092299,0.806764078863,0
0.206,3.555,10,0.727067866357,0.128676661389,0.806739295136,0
0.2065,3.555,10,0.727013923031,0.128832167511,0.80671552532,0
0.207,3.555,10,0.726960690434,0.128988615343,0.806692782544,0
0.2075,3.555,10,0.726908173169,0.129146009564,0.806671079938,0
0.208,3.555,10,0.726856375841,0.129304354853,0.806650430633,0
0.2085,3.555,10,0.726805303055,0.12946365589,0.806630847758,0
0.209,3.555,10,0.726754959417,0.129623917354,0.806612344443,0
0.2095,3.555,10,0.726705349529,0.129785143924,0.806594933818,0
0.21,3.555,10,0.726656477998,0.129947340279,0.806578629013,0
0.2105,3.555,10,0.726608349427,0.130110511098,0.806563443158,0
0.211,3.555,10,0.726560968421,0.13027466106,0.806549389383,0
0.2115,3.555,10,0.726514339586,0.130439794845,0.806536480817,0
0.212,3.555,10,0.726468467525,0.130605917131,0.806524730591,0
0.2125,3.555,10,0.726423356843,0.130773032599,0.806514151834,0
0.213,3.555,10,0.726379012145,0.130941145926,0.806504757676,0
0.2135,3.555,10,0.726335438036,0.131110261792,0.806496561248,0
0.214,3.555,10,0.72629263912,0.131280384877,0.806489575678,0
0.2145,3.555,10,0.726250620002,0.131451519859,0.806483814098,0
0.1845,3.56,10,0.730097331577,0.122652991299,0.808538840518,0
0.185,3.56,10,0.730016992965,0.122772426709,0.808483542131,0
0.1855,3.56,10,0.729937167546,0.122892602508,0.808428707866,0
0.186,3.56,10,0.729857859925,0.123013523374,0.808374350853,0
0.1865,3.56,10,0.729779074706,0.123135193986,0.808320484222,0
0.187,3.56,10,0.729700816495,0.123257619024,0.808267121103,0
0.1875,3.56,10,0.729623089896,0.123380803167,0.808214274626,0
0.188,3.56,10,0.729545899514,0.123504751093,0.80816195792,0
0.1885,3.56,10,0.729469249953,0.123629467483,0.808110184115,0
0.189,3.56,10,0.729393145818,0.123754957015,0.808058966342,0
0.1895,3.56,10,0.729317591714,0.123881224368,0.80800831773,0
0.19,3.56,10,0.729242592245,0.124008274221,0.80795825141,0
0.1905,3.56,10,0.729168152016,0.124136111255,0.80790878051,0
0.191,3.56,10,0.729094275631,0.124264740147,0.807859918162,0
0.1915,3.56,10,0.729020967696,0.124394165577,0.807811677494,0
0.192,3.56,10,0.728948232814,0.124524392224,0.807764071638,0
0.1925,3.56,10,0.728876075591,0.124655424767,0.807717113722,0
0.193,3.56,10,0.728804500631,0.124787267886,0.807670816876,0
0.1935,3.56,10,0.728733512539,0.124919926259,0.807625194231,0
0.194,3.56,10,0.72866311592,0.125053404566,0.807580258917,0
0.1945,3.56,10,0.728593315377,0.125187707486,0.807536024063,0
0.195,3.56,10,0.728524115516,0.125322839698,0.807492502798,0
0.1955,3.56,10,0.728455520942,0.125458805881,0.807449708255,0
0.196,3.56,10,0.728387536259,0.125595610714,0.807407653561,0
0.1965,3.56,10,0.728320166071,0.125733258877,0.807366351847,0
0.197,3.56,10,0.728253414984,0.125871755048,0.807325816242,0
0.1975,3.56,10,0.728187287602,0.126011103907,0.807286059878,0
0.198,3.56,10,0.72812178853,0.126151310133,0.807247095883,0
0.1985,3.56,10,0.728056922372,0.126292378405,0.807208937388,0
0.199,3.56,10,0.727992693733,0.126434313402,0.807171597522,0
0.1995,3.56,10,0.727929107217,0.126577119803,0.807135089415,0
0.2,3.56,10,0.72786616743,0.126720802288,0.807099426197,0
0.2005,3.56,10,0.727803878975,0.126865365536,0.807064620999,0
0.201,3.56,10,0.727742246459,0.127010814225,0.80703068695,0
0.2015,3.56,10,0.727681274484,0.127157153036,0.806997637179,0
0.202,3.56,10,0.727620967656,0.127304386646,0.806965484817,0
0.2025,3.56,10,0.72756133058,0.127452519736,0.806934242994,0
0.203,3.56,10,0.72750236786,0.127601556984,0.80690392484,0
0.2035,3.56,10,0.727444084101,0.127751503069,0.806874543484,0
0.204,3.56,10,0.727386483907,0.127902362672,0.806846112057,0
0.2045,3.56,10,0.727329571884,0.12805414047,0.806818643687,0
0.205,3.56,10,0.727273352635,0.128206841143,0.806792151506,0
0.2055,3.56,10,0.727217830765,0.12836046937,0.806766648644,0
0.206,3.56,10,0.72716301088,0.128515029831,0.806742148229,0
0.2065,3.56,10,0.727108897583,0.128670527204,0.806718663392,0
0.207,3.56,10,0.72705549548,0.128826966168,0.806696207262,0
0.2075,3.56,10,0.727002809175,0.128984351404,0.806674792971,0
0.208,3.56,10,0.726950843272,0.129142687589,0.806654433647,0
0.2085,3.56,10,0.726899602377,0.129301979403,0.806635142421,0
0.209,3.56,10,0.726849091093,0.129462231526,0.806616932422,0
0.2095,3.56,10,0.726799314027,0.129623448636,0.80659981678,0
0.21,3.56,10,0.726750275781,0.129785635412,0.806583808626,0
0.2105,3.56,10,0.726701980962,0.129948796534,0.806568921088,0
0.211,3.56,10,0.726654434173,0.130112936681,0.806555167298,0
0.2115,3.56,10,0.726607640019,0.130278060531,0.806542560384,0
0.212,3.56,10,0.726561603105,0.130444172765,0.806531113478,0
0.2125,3.56,10,0.726516328036,0.130611278061,0.806520839708,0
0.213,3.56,10,0.726471819416,0.130779381098,0.806511752204,0
0.2135,3.56,10,0.726428081849,0.130948486556,0.806503864098,0
0.184,3.565,10,0.730281661315,0.122373743677,0.808588950352,0
0.1845,3.565,10,0.730200623066,0.122492439787,0.80853340897,0
0.185,3.565,10,0.730120093871,0.122611871488,0.808478320247,0
0.1855,3.565,10,0.730040078335,0.122732043458,0.808423697314,0
0.186,3.565,10,0.729960581062,0.122852960377,0.808369553299,0
0.1865,3.565,10,0.729881606656,0.122974626924,0.808315901334,0
0.187,3.565,10,0.729803159724,0.123097047778,0.808262754548,0
0.1875,3.565,10,0.729725244869,0.123220227618,0.808210126071,0
0.188,3.565,10,0.729647866695,0.123344171123,0.808158029033,0
0.1885,3.565,10,0.729571029808,0.123468882973,0.808106476564,0
0.189,3.565,10,0.729494738813,0.123594367846,0.808055481793,0
0.1895,3.565,10,0.729418998313,0.123720630423,0.808005057852,0
0.19,3.565,10,0.729343812914,0.123847675381,0.807955217868,0
0.1905,3.565,10,0.72926918722,0.1239755074,0.807905974973,0
0.191,3.565,10,0.729195125836,0.12410413116,0.807857342296,0
0.1915,3.565,10,0.729121633366,0.124233551338,0.807809332968,0
0.192,3.565,10,0.729048714416,0.124363772616,0.807761960117,0
0.1925,3.565,10,0.728976373589,0.124494799671,0.807715236875,0
0.193,3.565,10,0.728904615491,0.124626637183,0.80766917637,0
0.1935,3.565,10,0.728833444725,0.124759289831,0.807623791733,0
0.194,3.565,10,0.728762865898,0.124892762294,0.807579096094,0
0.1945,3.565,10,0.728692883613,0.125027059251,0.807535102583,0
0.195,3.565,10,0.728623502474,0.125162185382,0.807491824329,0
0.1955,3.565,10,0.728554727088,0.125298145366,0.807449274462,0
0.196,3.565,10,0.728486562058,0.125434943881,0.807407466113,0
0.1965,3.565,10,0.728419011989,0.125572585607,0.807366412411,0
0.197,3.565,10,0.728352081485,0.125711075223,0.807326126486,0
0.1975,3.565,10,0.728285775152,0.125850417408,0.807286621468,0
0.198,3.565,10,0.728220097593,0.125990616842,0.807247910487,0
0.1985,3.565,10,0.728155053415,0.126131678203,0.807210006673,0
0.199,3.565,10,0.72809064722,0.12627360617,0.807172923155,0
0.1995,3.565,10,0.728026883614,0.126416405424,0.807136673064,0
0.2,3.565,10,0.727963767202,0.126560080642,0.80710126953,0
0.2005,3.565,10,0.727901302588,0.126704636505,0.807066725682,0
0.201,3.565,10,0.727839494377,0.12685007769,0.80703305465,0
0.2015,3.565,10,0.727778347173,0.126996408879,0.807000269564,0
0.202,3.565,10,0.727717865582,0.127143634748,0.806968383555,0
0.2025,3.565,10,0.727658054207,0.127291759979,0.806937409751,0
0.203,3.565,10,0.727598917654,0.127440789249,0.806907361284,0
0.2035,3.565,10,0.727540460526,0.127590727238,0.806878251282,0
0.204,3.565,10,0.72748268743,0.127741578625,0.806850092876,0
0.2045,3.565,10,0.727425602969,0.12789334809,0.806822899195,0
0.205,3.565,10,0.727369211748,0.128046040311,0.80679668337,0
0.2055,3.565,10,0.727313518371,0.128199659967,0.80677145853,0
0.206,3.565,10,0.727258527444,0.128354211739,0.806747237806,0
0.2065,3.565,10,0.727204243571,0.128509700304,0.806724034327,0
0.207,3.565,10,0.727150671356,0.128666130342,0.806701861223,0
0.2075,3.565,10,0.727097815405,0.128823506533,0.806680731624,0
0.208,3.565,10,0.727045680321,0.128981833554,0.80666065866,0
0.2085,3.565,10,0.726994270711,0.129141116087,0.806641655461,0
0.209,3.565,10,0.726943591177,0.129301358809,0.806623735156,0
0.2095,3.565,10,0.726893646325,0.129462566399,0.806606910876,0
0.21,3.565,10,0.72684444076,0.129624743538,0.80659119575,0
0.2105,3.565,10,0.726795979086,0.129787894904,0.806576602909,0
0.211,3.565,10,0.726748265908,0.129952025176,0.806563145482,0
0.2115,3.565,10,0.72670130583,0.130117139033,0.8065508366,0
0.212,3.565,10,0.726655103458,0.130283241155,0.806539689391,0
0.2125,3.565,10,0.726609663395,0.13045033622,0.806529716987,0
0.1835,3.57,10,0.730467266316,0.122096045699,0.808641457423,0
0.184,3.57,10,0.730385531498,0.122214007366,0.808585679219,0
0.1845,3.57,10,0.730304301595,0.122332699826,0.808530342212,0
0.185,3.57,10,0.730223581212,0.122452127757,0.808475459532,0
0.1855,3.57,10,0.730143374952,0.12257229584,0.808421044308,0
0.186,3.57,10,0.730063687421,0.122693208752,0.808367109671,0
0.1865,3.57,10,0.729984523223,0.122814871175,0.80831366875,0
0.187,3.57,10,0.729905886963,0.122937287785,0.808260734676,0
0.1875,3.57,10,0.729827783246,0.123060463263,0.808208320578,0
0.188,3.57,10,0.729750216676,0.123184402288,0.808156439586,0
0.1885,3.57,10,0.729673191857,0.123309109539,0.808105104831,0
0.189,3.57,10,0.729596713396,0.123434589695,0.808054329441,0
0.1895,3.57,10,0.729520785895,0.123560847435,0.808004126547,0
0.19,3.57,10,0.72944541396,0.123687887439,0.80795450928,0
0.1905,3.57,10,0.729370602195,0.123815714385,0.807905490767,0
0.191,3.57,10,0.729296355206,0.123944332953,0.807857084141,0
0.1915,3.57,10,0.729222677596,0.124073747821,0.807809302529,0
0.192,3.57,10,0.729149573971,0.12420396367,0.807762159064,0
0.1925,3.57,10,0.729077048935,0.124334985178,0.807715666873,0
0.193,3.57,10,0.729005107092,0.124466817024,0.807669839088,0
0.1935,3.57,10,0.728933753048,0.124599463887,0.807624688838,0
0.194,3.57,10,0.728862991406,0.124732930447,0.807580229253,0
0.1945,3.57,10,0.728792826773,0.124867221383,0.807536473462,0
0.195,3.57,10,0.728723263751,0.125002341374,0.807493434597,0
0.1955,3.57,10,0.728654306947,0.125138295098,0.807451125786,0
0.196,3.57,10,0.728585960964,0.125275087236,0.80740956016,0
0.1965,3.57,10,0.728518230407,0.125412722466,0.807368750848,0
0.197,3.57,10,0.728451119882,0.125551205468,0.807328710981,0
0.1975,3.57,10,0.728384633991,0.12569054092,0.807289453688,0
0.198,3.57,10,0.728318777341,0.125830733502,0.807250992099,0
0.1985,3.57,10,0.728253554536,0.125971787893,0.807213339344,0
0.199,3.57,10,0.72818897018,0.126113708772,0.807176508554,0
0.1995,3.57,10,0.728125028879,0.126256500819,0.807140512857,0
0.2,3.57,10,0.728061735236,0.126400168711,0.807105365384,0
0.2005,3.57,10,0.727999093857,0.126544717129,0.807071079264,0
0.201,3.57,10,0.727937109345,0.126690150752,0.807037667629,0
0.2015,3.57,10,0.727875786307,0.126836474259,0.807005143606,0
0.202,3.57,10,0.727815129345,0.126983692329,0.806973520328,0
0.2025,3.57,10,0.727755143066,0.12713180964,0.806942810922,0
0.203,3.57,10,0.727695832074,0.127280830874,0.80691302852,0
0.2035,3.57,10,0.727637200973,0.127430760707,0.80688418625,0
0.204,3.57,10,0.727579254368,0.12758160382,0.806856297244,0
0.2045,3.57,10,0.727521996863,0.127733364892,0.806829374631,0
0.205,3.57,10,0.727465433064,0.127886048602,0.80680343154,0
0.2055,3.57,10,0.727409567575,0.128039659628,0.806778481102,0
0.206,3.57,10,0.727354405,0.128194202651,0.806754536447,0
0.2065,3.57,10,0.727299949944,0.12834968235,0.806731610704,0
0.207,3.57,10,0.727246207013,0.128506103402,0.806709717004,0
0.2075,3.57,10,0.72719318081,0.128663470489,0.806688868475,0
0.208,3.57,10,0.72714087594,0.128821788288,0.80666907825,0
0.2085,3.57,10,0.727089297008,0.128981061479,0.806650359456,0
0.209,3.57,10,0.727038448618,0.129141294741,0.806632725224,0
0.2095,3.57,10,0.726988335376,0.129302492753,0.806616188684,0
0.21,3.57,10,0.726938961885,0.129464660195,0.806600762966,0
0.2105,3.57,10,0.726890332751,0.129627801745,0.806586461199,0
0.211,3.57,10,0.726842452578,0.129791922083,0.806573296514,0
0.2115,3.57,10,0.72679532597,0.129957025888,0.806561282041,0
0.212,3.57,10,0.726748957533,0.130123117839,0.806550430909,0
0.183,3.575,10,0.730654134136,0.121819888046,0.808696337045,0
0.1835,3.575,10,0.730571705819,0.121937120126,0.808640328194,0
0.184,3.575,10,0.730489778277,0.122055078202,0.808584749076,0
0.1845,3.575,10,0.730408356115,0.122173766952,0.808529612822,0
0.185,3.575,10,0.730327443937,0.122293191055,0.808474932563,0
0.1855,3.575,10,0.730247046348,0.122413355191,0.808420721428,0
0.186,3.575,10,0.730167167954,0.122534264039,0.808366992546,0
0.1865,3.575,10,0.730087813358,0.122655922277,0.808313759048,0
0.187,3.575,10,0.730008987165,0.122778334585,0.808261034064,0
0.1875,3.575,10,0.729930693979,0.122901505642,0.808208830724,0
0.188,3.575,10,0.729852938407,0.123025440127,0.808157162157,0
0.1885,3.575,10,0.729775725051,0.12315014272,0.808106041494,0
0.189,3.575,10,0.729699058517,0.123275618099,0.808055481863,0
0.1895,3.575,10,0.729622943409,0.123401870944,0.808005496396,0
0.19,3.575,10,0.729547384333,0.123528905934,0.807956098222,0
0.1905,3.575,10,0.729472385892,0.123656727748,0.807907300471,0
0.191,3.575,10,0.729397952691,0.123785341065,0.807859116273,0
0.1915,3.575,10,0.729324089336,0.123914750564,0.807811558758,0
0.192,3.575,10,0.72925080043,0.124044960925,0.807764641055,0
0.1925,3.575,10,0.729178090578,0.124175976826,0.807718376295,0
0.193,3.575,10,0.729105964386,0.124307802947,0.807672777608,0
0.1935,3.575,10,0.729034426457,0.124440443966,0.807627858123,0
0.194,3.575,10,0.728963481396,0.124573904564,0.80758363097,0
0.1945,3.575,10,0.728893133808,0.124708189419,0.807540109279,0
0.195,3.575,10,0.728823388297,0.12484330321,0.807497306181,0
0.1955,3.575,10,0.728754249469,0.124979250617,0.807455234804,0
0.196,3.575,10,0.728685721928,0.125116036318,0.807413908279,0
0.1965,3.575,10,0.728617810278,0.125253664993,0.807373339736,0
0.197,3.575,10,0.728550519124,0.125392141321,0.807333542305,0
0.1975,3.575,10,0.728483853071,0.125531469982,0.807294529116,0
0.198,3.575,10,0.728417816724,0.125671655653,0.807256313297,0
0.1985,3.575,10,0.728352414686,0.125812703015,0.807218907981,0
0.199,3.575,10,0.728287651564,0.125954616746,0.807182326295,0
0.1995,3.575,10,0.728223531961,0.126097401526,0.807146581371,0
0.2,3.575,10,0.728160060481,0.126241062033,0.807111686338,0
0.2005,3.575,10,0.728097241731,0.126385602948,0.807077654326,0
0.201,3.575,10,0.728035080314,0.126531028949,0.807044498464,0
0.2015,3.575,10,0.727973580834,0.126677344715,0.807012231884,0
0.202,3.575,10,0.727912747898,0.126824554926,0.806980867714,0
0.2025,3.575,10,0.727852586109,0.12697266426,0.806950419085,0
0.203,3.575,10,0.727793100071,0.127121677396,0.806920899126,0
0.2035,3.575,10,0.72773429439,0.127271599015,0.806892320968,0
0.204,3.575,10,0.727676173671,0.127422433795,0.80686469774,0
0.2045,3.575,10,0.727618742517,0.127574186415,0.806838042572,0
0.205,3.575,10,0.727562005534,0.127726861554,0.806812368594,0
0.2055,3.575,10,0.727505967326,0.127880463892,0.806787688937,0
0.206,3.575,10,0.727450632498,0.128034998107,0.806764016729,0
0.2065,3.575,10,0.727396005655,0.128190468879,0.806741365101,0
0.207,3.575,10,0.7273420914,0.128346880887,0.806719747182,0
0.2075,3.575,10,0.72728889434,0.12850423881,0.806699176104,0
0.208,3.575,10,0.727236419078,0.128662547327,0.806679664994,0
0.2085,3.575,10,0.727184670219,0.128821811118,0.806661226984,0
0.209,3.575,10,0.727133652367,0.128982034861,0.806643875204,0
0.2095,3.575,10,0.727083370128,0.129143223236,0.806627622782,0
0.21,3.575,10,0.727033828106,0.129305380922,0.80661248285,0
0.2105,3.575,10,0.726985030906,0.129468512597,0.806598468537,0
0.211,3.575,10,0.726936983132,0.129632622942,0.806585592972,0
0.1825,3.58,10,0.730842252337,0.121545261398,0.808753564534,0
0.183,3.58,10,0.730759133588,0.12166176875,0.808697331208,0
0.1835,3.58,10,0.730676511475,0.121778997299,0.808641516154,0
0.184,3.58,10,0.730594390603,0.121896951724,0.808586132501,0
0.1845,3.58,10,0.730512775575,0.122015636705,0.808531193379,0
0.185,3.58,10,0.730431670998,0.122135056921,0.80847671192,0
0.1855,3.58,10,0.730351081474,0.122255217051,0.808422701251,0
0.186,3.58,10,0.73027101161,0.122376121774,0.808369174503,0
0.1865,3.58,10,0.73019146601,0.122497775769,0.808316144807,0
0.187,3.58,10,0.730112449278,0.122620183715,0.808263625292,0
0.1875,3.58,10,0.730033966019,0.122743350292,0.808211629087,0
0.188,3.58,10,0.729956020838,0.122867280179,0.808160169323,0
0.1885,3.58,10,0.729878618339,0.122991978054,0.80810925913,0
0.189,3.58,10,0.729801763127,0.123117448597,0.808058911638,0
0.1895,3.58,10,0.729725459807,0.123243696488,0.808009139976,0
0.19,3.58,10,0.729649712983,0.123370726405,0.807959957274,0
0.1905,3.58,10,0.72957452726,0.123498543027,0.807911376663,0
0.191,3.58,10,0.729499907243,0.123627151034,0.807863411272,0
0.1915,3.58,10,0.729425857536,0.123756555104,0.807816074231,0
0.192,3.58,10,0.729352382744,0.123886759917,0.80776937867,0
0.1925,3.58,10,0.729279487471,0.124017770153,0.807723337719,0
0.193,3.58,10,0.729207176323,0.124149590489,0.807677964507,0
0.1935,3.58,10,0.729135453903,0.124282225606,0.807633272166,0
0.194,3.58,10,0.729064324817,0.124415680183,0.807589273824,0
0.1945,3.58,10,0.728993793669,0.124549958897,0.807545982611,0
0.195,3.58,10,0.728923865064,0.12468506643,0.807503411658,0
0.1955,3.58,10,0.728854543606,0.12482100746,0.807461574094,0
0.196,3.58,10,0.7287858339,0.124957786665,0.807420483049,0
0.1965,3.58,10,0.728717740552,0.125095408726,0.807380151654,0
0.197,3.58,10,0.728650268164,0.125233878322,0.807340593037,0
0.1975,3.58,10,0.728583421343,0.12537320013,0.807301820329,0
0.198,3.58,10,0.728517204692,0.125513378832,0.80726384666,0
0.1985,3.58,10,0.728451622817,0.125654419105,0.80722668516,0
0.199,3.58,10,0.728386680321,0.125796325629,0.807190348958,0
0.1995,3.58,10,0.728322381811,0.125939103084,0.807154851185,0
0.2,3.58,10,0.728258731889,0.126082756147,0.80712020497,0
0.2005,3.58,10,0.728195735162,0.126227289499,0.807086423444,0
0.201,3.58,10,0.728133396233,0.126372707819,0.807053519735,0
0.2015,3.58,10,0.728071719707,0.126519015785,0.807021506975,0
0.202,3.58,10,0.728010710189,0.126666218077,0.806990398293,0
0.2025,3.58,10,0.727950372284,0.126814319374,0.806960206818,0
0.203,3.58,10,0.727890710596,0.126963324356,0.806930945682,0
0.2035,3.58,10,0.72783172973,0.1271132377,0.806902628013,0
0.204,3.58,10,0.727773434291,0.127264064087,0.806875266942,0
0.2045,3.58,10,0.727715828882,0.127415808196,0.806848875598,0
0.205,3.58,10,0.727658918109,0.127568474706,0.806823467111,0
0.2055,3.58,10,0.727602706577,0.127722068295,0.806799054612,0
0.206,3.58,10,0.72754719889,0.127876593644,0.80677565123,0
0.2065,3.58,10,0.727492399653,0.12803205543,0.806753270095,0
0.207,3.58,10,0.72743831347,0.128188458334,0.806731924337,0
0.2075,3.58,10,0.727384944946,0.128345807035,0.806711627086,0
0.208,3.58,10,0.727332298686,0.128504106211,0.806692391472,0
0.2085,3.58,10,0.727280379294,0.128663360542,0.806674230624,0
0.209,3.58,10,0.727229191375,0.128823574707,0.806657157674,0
0.2095,3.58,10,0.727178739534,0.128984753386,0.806641185749,0
0.21,3.58,10,0.727129028375,0.129146901256,0.806626327981,0
0.182,3.585,10,0.731031608477,0.121272156437,0.808813115204,0
0.1825,3.585,10,0.730947802365,0.121387943916,0.808756663577,0
0.183,3.585,10,0.730864488749,0.121504447796,0.80870061876,0
0.1835,3.585,10,0.730781672235,0.121621672754,0.808644993882,0
0.184,3.585,10,0.730699357426,0.12173962347,0.808589802072,0
0.1845,3.585,10,0.730617548928,0.121858304623,0.808535056461,0
0.185,3.585,10,0.730536251344,0.121977720892,0.808480770179,0
0.1855,3.585,10,0.730455469281,0.122097876957,0.808426956356,0
0.186,3.585,10,0.730375207341,0.122218777496,0.808373628121,0
0.1865,3.585,10,0.730295470131,0.122340427188,0.808320798604,0
0.187,3.585,10,0.730216262254,0.122462830714,0.808268480936,0
0.1875,3.585,10,0.730137588316,0.122585992752,0.808216688246,0
0.188,3.585,10,0.730059452921,0.12270991798,0.808165433664,0
0.1885,3.585,10,0.729981860673,0.122834611079,0.808114730319,0
0.189,3.585,10,0.729904816178,0.122960076727,0.808064591343,0
0.1895,3.585,10,0.729828324039,0.123086319604,0.808015029865,0
0.19,3.585,10,0.729752388862,0.123213344389,0.807966059014,0
0.1905,3.585,10,0.729677015251,0.12334115576,0.807917691921,0
0.191,3.585,10,0.729602207811,0.123469758398,0.807869941715,0
0.1915,3.585,10,0.729527971147,0.12359915698,0.807822821527,0
0.192,3.585,10,0.729454309863,0.123729356187,0.807776344486,0
0.1925,3.585,10,0.729381228563,0.123860360698,0.807730523722,0
0.193,3.585,10,0.729308731853,0.123992175191,0.807685372365,0
0.1935,3.585,10,0.729236824337,0.124124804345,0.807640903546,0
0.194,3.585,10,0.72916551062,0.124258252841,0.807597130393,0
0.1945,3.585,10,0.729094795306,0.124392525357,0.807554066037,0
0.195,3.585,10,0.729024683001,0.124527626572,0.807511723607,0
0.1955,3.585,10,0.728955178308,0.124663561165,0.807470116234,0
0.196,3.585,10,0.728886285832,0.124800333816,0.807429257048,0
0.1965,3.585,10,0.728818010178,0.124937949203,0.807389159178,0
0.197,3.585,10,0.728750355951,0.125076412006,0.807349835755,0
0.1975,3.585,10,0.728683327756,0.125215726905,0.807311299907,0
0.198,3.585,10,0.728616930196,0.125355898577,0.807273564766,0
0.1985,3.585,10,0.728551167877,0.125496931703,0.80723664346,0
0.199,3.585,10,0.728486045403,0.125638830961,0.807200549121,0
0.1995,3.585,10,0.728421567379,0.12578160103,0.807165294877,0
0.2,3.585,10,0.72835773841,0.12592524659,0.807130893859,0
0.2005,3.585,10,0.7282945631,0.126069772321,0.807097359196,0
0.201,3.585,10,0.728232046053,0.1262151829,0.807064704019,0
0.2015,3.585,10,0.728170191876,0.126361483007,0.807032941458,0
0.202,3.585,10,0.728109005171,0.126508677322,0.807002084641,0
0.2025,3.585,10,0.728048490544,0.126656770523,0.8069721467,0
0.203,3.585,10,0.7279886526,0.126805767289,0.806943140764,0
0.2035,3.585,10,0.727929495942,0.126955672301,0.806915079963,0
0.204,3.585,10,0.727871025177,0.127106490236,0.806887977427,0
0.2045,3.585,10,0.727813244908,0.127258225775,0.806861846286,0
0.205,3.585,10,0.72775615974,0.127410883595,0.806836699669,0
0.2055,3.585,10,0.727699774277,0.127564468377,0.806812550707,0
0.206,3.585,10,0.727644093126,0.1277189848,0.806789412529,0
0.2065,3.585,10,0.727589120889,0.127874437542,0.806767298266,0
0.207,3.585,10,0.727534862171,0.128030831283,0.806746221047,0
0.2075,3.585,10,0.727481321578,0.128188170702,0.806726194002,0
0.208,3.585,10,0.727428503714,0.128346460478,0.806707230261,0
0.2085,3.585,10,0.727376413184,0.12850570529,0.806689342954,0
0.209,3.585,10,0.727325054592,0.128665909818,0.806672545212,0
0.2095,3.585,10,0.727274432542,0.12882707874,0.806656850163,0
0.182,3.59,10,0.731137699708,0.121115636308,0.808818300617,0
0.1825,3.59,10,0.731053697658,0.121231420375,0.80876203221,0
0.183,3.59,10,0.73097018857,0.121347920722,0.80870617228,0
0.1835,3.59,10,0.730887177048,0.12146514203,0.808650733956,0
0.184,3.59,10,0.730804667697,0.121583088978,0.808595730368,0
0.1845,3.59,10,0.730722665122,0.121701766243,0.808541174646,0
0.185,3.59,10,0.730641173927,0.121821178507,0.80848707992,0
0.1855,3.59,10,0.730560198717,0.121941330447,0.80843345932,0
0.186,3.59,10,0.730479744097,0.122062226743,0.808380325976,0
0.1865,3.59,10,0.730399814671,0.122183872074,0.808327693018,0
0.187,3.59,10,0.730320415044,0.12230627112,0.808275573575,0
0.1875,3.59,10,0.730241549821,0.122429428559,0.808223980778,0
0.188,3.59,10,0.730163223606,0.12255334907,0.808172927756,0
0.1885,3.59,10,0.730085441003,0.122678037333,0.808122427639,0
0.189,3.59,10,0.730008206618,0.122803498027,0.808072493557,0
0.1895,3.59,10,0.729931525056,0.122929735832,0.808023138641,0
0.19,3.59,10,0.72985540092,0.123056755425,0.80797437602,0
0.1905,3.59,10,0.729779838815,0.123184561486,0.807926218823,0
0.191,3.59,10,0.729704843347,0.123313158695,0.807878680181,0
0.1915,3.59,10,0.729630419119,0.123442551731,0.807831773224,0
0.192,3.59,10,0.729556570737,0.123572745272,0.807785511081,0
0.1925,3.59,10,0.729483302805,0.123703743998,0.807739906883,0
0.193,3.59,10,0.729410619928,0.123835552589,0.80769497376,0
0.1935,3.59,10,0.72933852671,0.123968175722,0.80765072484,0
0.194,3.59,10,0.729267027756,0.124101618078,0.807607173255,0
0.1945,3.59,10,0.729196127671,0.124235884335,0.807564332134,0
0.195,3.59,10,0.729125831059,0.124370979173,0.807522214607,0
0.1955,3.59,10,0.729056142525,0.124506907271,0.807480833804,0
0.196,3.59,10,0.728987066673,0.124643673308,0.807440202854,0
0.1965,3.59,10,0.728918608109,0.124781281962,0.807400334888,0
0.197,3.59,10,0.728850771437,0.124919737915,0.807361243036,0
0.1975,3.59,10,0.728783561261,0.125059045843,0.807322940427,0
0.198,3.59,10,0.728716982187,0.125199210427,0.807285440192,0
0.1985,3.59,10,0.728651038818,0.125340236346,0.80724875546,0
0.199,3.59,10,0.72858573576,0.125482128278,0.807212899361,0
0.1995,3.59,10,0.728521077617,0.125624890904,0.807177885025,0
0.2,3.59,10,0.728457068994,0.125768528902,0.807143725582,0
0.2005,3.59,10,0.728393714495,0.125913046951,0.807110434162,0
0.201,3.59,10,0.728331018726,0.12605844973,0.807078023895,0
0.2015,3.59,10,0.72826898629,0.12620474192,0.80704650791,0
0.202,3.59,10,0.728207621793,0.126351928197,0.807015899338,0
0.2025,3.59,10,0.728146929839,0.126500013243,0.806986211309,0
0.203,3.59,10,0.728086915032,0.126649001736,0.806957456952,0
0.2035,3.59,10,0.728027581978,0.126798898355,0.806929649397,0
0.204,3.59,10,0.727968935281,0.12694970778,0.806902801774,0
0.2045,3.59,10,0.727910979545,0.127101434688,0.806876927214,0
0.205,3.59,10,0.727853719376,0.127254083761,0.806852038845,0
0.2055,3.59,10,0.727797159378,0.127407659676,0.806828149799,0
0.206,3.59,10,0.727741304155,0.127562167114,0.806805273204,0
0.2065,3.59,10,0.727686158313,0.127717610752,0.80678342219,0
0.207,3.59,10,0.727631726456,0.127873995271,0.806762609889,0
0.2075,3.59,10,0.727578013188,0.128031325349,0.806742849429,0
0.208,3.59,10,0.727525023114,0.128189605665,0.80672415394,0
0.2085,3.59,10,0.727472760839,0.1283488409,0.806706536552,0
0.182,3.595,10,0.73124412576,0.120959905716,0.808825731818,0
0.1825,3.595,10,0.731159927167,0.121075686311,0.80876964301,0
0.183,3.595,10,0.731076222,0.121192183068,0.808713964345,0
0.1835,3.595,10,0.730993014866,0.121309400666,0.808658708954,0
0.184,3.595,10,0.730910310367,0.121427343786,0.808603889966,0
0.1845,3.595,10,0.730828113109,0.121546017105,0.808549520512,0
0.185,3.595,10,0.730746427697,0.121665425303,0.808495613721,0
0.1855,3.595,10,0.730665258736,0.12178557306,0.808442182723,0
0.186,3.595,10,0.730584610829,0.121906465054,0.808389240648,0
0.1865,3.595,10,0.730504488581,0.122028105965,0.808336800627,0
0.187,3.595,10,0.730424896598,0.122150500471,0.808284875788,0
0.1875,3.595,10,0.730345839484,0.122273653252,0.808233479261,0
0.188,3.595,10,0.730267321843,0.122397568987,0.808182624178,0
0.1885,3.595,10,0.73018934828,0.122522252355,0.808132323667,0
0.189,3.595,10,0.7301119234,0.122647708036,0.808082590859,0
0.1895,3.595,10,0.730035051807,0.122773940708,0.808033438883,0
0.19,3.595,10,0.729958738107,0.122900955051,0.807984880869,0
0.1905,3.595,10,0.729882986903,0.123028755743,0.807936929947,0
0.191,3.595,10,0.729807802801,0.123157347464,0.807889599248,0
0.1915,3.595,10,0.729733190404,0.123286734894,0.8078429019,0
0.192,3.595,10,0.729659154318,0.12341692271,0.807796851035,0
0.1925,3.595,10,0.729585699148,0.123547915593,0.807751459781,0
0.193,3.595,10,0.729512829498,0.123679718221,0.807706741269,0
0.1935,3.595,10,0.729440549972,0.123812335274,0.807662708628,0
0.194,3.595,10,0.729368865175,0.123945771431,0.807619374989,0
0.1945,3.595,10,0.729297779713,0.124080031371,0.807576753481,0
0.195,3.595,10,0.729227298188,0.124215119773,0.807534857235,0
0.1955,3.595,10,0.729157425208,0.124351041316,0.807493699379,0
0.196,3.595,10,0.729088165375,0.124487800679,0.807453293045,0
0.1965,3.595,10,0.729019523294,0.124625402542,0.807413651362,0
0.197,3.595,10,0.728951503571,0.124763851584,0.807374787459,0
0.1975,3.595,10,0.72888411081,0.124903152484,0.807336714468,0
0.198,3.595,10,0.728817349615,0.12504330992,0.807299445517,0
0.1985,3.595,10,0.728751224591,0.125184328573,0.807262993736,0
0.199,3.595,10,0.728685740343,0.125326213121,0.807227372257,0
0.1995,3.595,10,0.728620901475,0.125468968243,0.807192594207,0
0.2,3.595,10,0.728556712593,0.125612598619,0.807158672718,0
0.2005,3.595,10,0.7284931783,0.125757108928,0.807125620919,0
0.201,3.595,10,0.728430303201,0.125902503849,0.80709345194,0
0.2015,3.595,10,0.728368091902,0.126048788061,0.807062178911,0
0.202,3.595,10,0.728306549006,0.126195966243,0.807031814962,0
0.2025,3.595,10,0.728245679119,0.126344043074,0.807002373222,0
0.203,3.595,10,0.728185486844,0.126493023234,0.806973866823,0
0.2035,3.595,10,0.728125976787,0.126642911401,0.806946308893,0
0.204,3.595,10,0.728067153553,0.126793712255,0.806919712562,0
0.2045,3.595,10,0.728009021745,0.126945430476,0.806894090961,0
0.205,3.595,10,0.727951585969,0.127098070741,0.806869457219,0
0.2055,3.595,10,0.727894850829,0.12725163773,0.806845824466,0
0.206,3.595,10,0.72783882093,0.127406136123,0.806823205832,0
0.2065,3.595,10,0.727783500877,0.127561570599,0.806801614447,0
0.207,3.595,10,0.727728895273,0.127717945836,0.806781063442,0
0.2075,3.595,10,0.727675008725,0.127875266514,0.806761565945,0
0.182,3.6,10,0.731350875585,0.1208049602,0.808835381387,0
0.1825,3.6,10,0.731266479842,0.120920737263,0.808779468555,0
0.183,3.6,10,0.731182577992,0.12103723037,0.808723967534,0
0.1835,3.6,10,0.731099174638,0.1211544442,0.808668891455,0
0.184,3.6,10,0.731016274386,0.121272383432,0.808614253445,0
0.1845,3.6,10,0.73093388184,0.121391052746,0.808560066637,0
0.185,3.6,10,0.730852001605,0.12151045682,0.808506344159,0
0.1855,3.6,10,0.730770638286,0.121630600334,0.808453099142,0
0.186,3.6,10,0.730689796486,0.121751487967,0.808400344715,0
0.1865,3.6,10,0.730609480812,0.121873124398,0.808348094008,0
0.187,3.6,10,0.730529695867,0.121995514305,0.808296360152,0
0.1875,3.6,10,0.730450446256,0.12211866237,0.808245156275,0
0.188,3.6,10,0.730371736583,0.122242573269,0.808194495509,0
0.1885,3.6,10,0.730293571454,0.122367251683,0.808144390982,0
0.189,3.6,10,0.730215955473,0.122492702291,0.808094855825,0
0.1895,3.6,10,0.730138893245,0.122618929772,0.808045903168,0
0.19,3.6,10,0.730062389374,0.122745938805,0.80799754614,0
0.1905,3.6,10,0.729986448465,0.122873734069,0.807949797872,0
0.191,3.6,10,0.729911075123,0.123002320243,0.807902671493,0
0.1915,3.6,10,0.729836273952,0.123131702007,0.807856180134,0
0.192,3.6,10,0.729762049557,0.12326188404,0.807810336924,0
0.1925,3.6,10,0.729688406542,0.12339287102,0.807765154992,0
0.193,3.6,10,0.729615349513,0.123524667627,0.80772064747,0
0.1935,3.6,10,0.729542883073,0.123657278541,0.807676827487,0
0.194,3.6,10,0.729471011828,0.123790708439,0.807633708172,0
0.1945,3.6,10,0.729399740383,0.123924962002,0.807591302656,0
0.195,3.6,10,0.729329073341,0.124060043909,0.807549624069,0
0.1955,3.6,10,0.729259015307,0.124195958838,0.80750868554,0
0.196,3.6,10,0.729189570887,0.124332711469,0.807468500199,0
0.1965,3.6,10,0.729120744685,0.124470306481,0.807429081177,0
0.197,3.6,10,0.729052541305,0.124608748553,0.807390441603,0
0.1975,3.6,10,0.728984965352,0.124748042365,0.807352594607,0
0.198,3.6,10,0.72891802143,0.124888192594,0.807315553319,0
0.1985,3.6,10,0.728851714146,0.125029203922,0.807279330869,0
0.199,3.6,10,0.728786048102,0.125171081026,0.807243940386,0
0.1995,3.6,10,0.728721027904,0.125313828586,0.807209395001,0
0.2,3.6,10,0.728656658156,0.125457451281,0.807175707844,0
0.2005,3.6,10,0.728592943463,0.125601953791,0.807142892045,0
0.201,3.6,10,0.72852988843,0.125747340794,0.807110960732,0
0.2015,3.6,10,0.728467497661,0.125893616969,0.807079927037,0
0.202,3.6,10,0.728405775761,0.126040786996,0.807049804089,0
0.2025,3.6,10,0.728344727334,0.126188855553,0.807020605019,0
0.203,3.6,10,0.728284356986,0.126337827321,0.806992342955,0
0.2035,3.6,10,0.728224669321,0.126487706977,0.806965031028,0
0.204,3.6,10,0.728165668943,0.126638499202,0.806938682368,0
0.2045,3.6,10,0.728107360458,0.126790208675,0.806913310104,0
0.205,3.6,10,0.728049748469,0.126942840073,0.806888927367,0
0.2055,3.6,10,0.727992837582,0.127096398078,0.806865547287,0
0.206,3.6,10,0.727936632401,0.127250887367,0.806843182993,0
0.2065,3.6,10,0.72788113753,0.127406312621,0.806821847615,0
0.207,3.6,10,0.727826357575,0.127562678517,0.806801554283,0
0.1815,3.605,10,0.731543021383,0.120535733071,0.808903362726,0
0.182,3.605,10,0.731457938133,0.120650795298,0.808847221901,0
0.1825,3.605,10,0.731373344635,0.12076656877,0.808791481424,0
0.183,3.605,10,0.731289245495,0.120883058168,0.808736154426,0
0.1835,3.605,10,0.731205645317,0.12100026817,0.808681254036,0
0.184,3.605,10,0.731122548705,0.121118203456,0.808626793384,0
0.1845,3.605,10,0.731039960265,0.121236868705,0.808572785599,0
0.185,3.605,10,0.730957884602,0.121356268596,0.808519243813,0
0.1855,3.605,10,0.730876326319,0.121476407807,0.808466181155,0
0.186,3.605,10,0.730795290021,0.12159729102,0.808413610754,0
0.1865,3.605,10,0.730714780313,0.121718922911,0.808361545741,0
0.187,3.605,10,0.7306348018,0.121841308162,0.808309999245,0
0.1875,3.605,10,0.730555359087,0.12196445145,0.808258984397,0
0.188,3.605,10,0.730476456777,0.122088357454,0.808208514326,0
0.1885,3.605,10,0.730398099476,0.122213030855,0.808158602162,0
0.189,3.605,10,0.730320291789,0.122338476331,0.808109261035,0
0.1895,3.605,10,0.730243038319,0.122464698562,0.808060504075,0
0.19,3.605,10,0.730166343672,0.122591702226,0.808012344412,0
0.1905,3.605,10,0.730090212452,0.122719492002,0.807964795176,0
0.191,3.605,10,0.730014649264,0.12284807257,0.807917869496,0
0.1915,3.605,10,0.729939658713,0.12297744861,0.807871580503,0
0.192,3.605,10,0.729865245402,0.123107624799,0.807825941326,0
0.1925,3.605,10,0.729791413938,0.123238605818,0.807780965096,0
0.193,3.605,10,0.729718168924,0.123370396345,0.807736664942,0
0.1935,3.605,10,0.729645514965,0.123503001059,0.807693053995,0
0.194,3.605,10,0.729573456666,0.12363642464,0.807650145383,0
0.1945,3.605,10,0.729501998632,0.123770671767,0.807607952237,0
0.195,3.605,10,0.729431145466,0.123905747119,0.807566487687,0
0.1955,3.605,10,0.729360901774,0.124041655375,0.807525764863,0
0.196,3.605,10,0.729291272161,0.124178401215,0.807485796895,0
0.1965,3.605,10,0.729222261231,0.124315989317,0.807446596912,0
0.197,3.605,10,0.729153873588,0.12445442436,0.807408178045,0
0.1975,3.605,10,0.729086113838,0.124593711024,0.807370553423,0
0.198,3.605,10,0.729018986585,0.124733853988,0.807333736176,0
0.1985,3.605,10,0.728952496433,0.124874857931,0.807297739434,0
0.199,3.605,10,0.728886647988,0.125016727533,0.807262576328,0
0.1995,3.605,10,0.728821445853,0.125159467471,0.807228259986,0
0.2,3.605,10,0.728756894634,0.125303082426,0.80719480354,0
0.2005,3.605,10,0.728692998936,0.125447577077,0.807162220118,0
0.201,3.605,10,0.728629763362,0.125592956102,0.807130522851,0
0.2015,3.605,10,0.728567192518,0.125739224182,0.807099724868,0
0.202,3.605,10,0.728505291008,0.125886385994,0.8070698393,0
0.2025,3.605,10,0.728444063437,0.126034446219,0.807040879276,0
0.203,3.605,10,0.728383514409,0.126183409535,0.807012857927,0
0.2035,3.605,10,0.72832364853,0.126333280622,0.806985788381,0
0.204,3.605,10,0.728264470403,0.126484064158,0.80695968377,0
0.2045,3.605,10,0.728205984634,0.126635764823,0.806934557223,0
0.205,3.605,10,0.728148195827,0.126788387297,0.806910421869,0
0.2055,3.605,10,0.728091108586,0.126941936257,0.806887290839,0
0.206,3.605,10,0.728034727517,0.127096416384,0.806865177263,0
0.181,3.61,10,0.731736352121,0.120267995605,0.808973562341,0
0.1815,3.61,10,0.731650584431,0.120382347852,0.808917199696,0
0.182,3.61,10,0.731565302354,0.120497406547,0.808861225938,0
0.1825,3.61,10,0.731480510495,0.120613176369,0.808805654195,0
0.183,3.61,10,0.73139621346,0.120729661999,0.808750497597,0
0.1835,3.61,10,0.731312415851,0.120846868114,0.808695769275,0
0.184,3.61,10,0.731229122275,0.120964799395,0.808641482359,0
0.1845,3.61,10,0.731146337335,0.121083460519,0.808587649977,0
0.185,3.61,10,0.731064065637,0.121202856168,0.808534285261,0
0.1855,3.61,10,0.730982311785,0.121322991018,0.80848140134,0
0.186,3.61,10,0.730901080383,0.121443869751,0.808429011344,0
0.1865,3.61,10,0.730820376037,0.121565497044,0.808377128403,0
0.187,3.61,10,0.73074020335,0.121687877578,0.808325765646,0
0.1875,3.61,10,0.730660566928,0.12181101603,0.808274936204,0
0.188,3.61,10,0.730581471376,0.121934917081,0.808224653207,0
0.1885,3.61,10,0.730502921297,0.12205958541,0.808174929784,0
0.189,3.61,10,0.730424921297,0.122185025695,0.808125779066,0
0.1895,3.61,10,0.73034747598,0.122311242615,0.808077214182,0
0.19,3.61,10,0.730270589951,0.122438240851,0.808029248262,0
0.1905,3.61,10,0.730194267814,0.122566025081,0.807981894436,0
0.191,3.61,10,0.730118514175,0.122694599984,0.807935165834,0
0.1915,3.61,10,0.730043333637,0.122823970239,0.807889075586,0
0.192,3.61,10,0.729968730806,0.122954140526,0.807843636821,0
0.1925,3.61,10,0.729894710286,0.123085115524,0.807798862671,0
0.193,3.61,10,0.729821276682,0.123216899912,0.807754766264,0
0.1935,3.61,10,0.729748434598,0.123349498368,0.80771136073,0
0.194,3.61,10,0.729676188639,0.123482915573,0.8076686592,0
0.1945,3.61,10,0.72960454341,0.123617156204,0.807626674803,0
0.195,3.61,10,0.729533503515,0.123752224943,0.807585420669,0
0.1955,3.61,10,0.729463073559,0.123888126466,0.807544909928,0
0.196,3.61,10,0.729393258147,0.124024865455,0.80750515571,0
0.1965,3.61,10,0.729324061883,0.124162446588,0.807466171145,0
0.197,3.61,10,0.729255489372,0.124300874543,0.807427969363,0
0.1975,3.61,10,0.729187545219,0.124440154001,0.807390563494,0
0.198,3.61,10,0.729120234028,0.12458028964,0.807353966667,0
0.1985,3.61,10,0.729053560404,0.124721286139,0.807318192012,0
0.199,3.61,10,0.728987528951,0.124863148178,0.80728325266,0
0.1995,3.61,10,0.728922144274,0.125005880436,0.80724916174,0
0.2,3.61,10,0.728857410979,0.125149487592,0.807215932382,0
0.2005,3.61,10,0.728793333669,0.125293974325,0.807183577717,0
0.201,3.61,10,0.728729916949,0.125439345314,0.807152110873,0
0.2015,3.61,10,0.728667165424,0.125585605238,0.807121544981,0
0.202,3.61,10,0.728605083698,0.125732758777,0.807091893171,0
0.2025,3.61,10,0.728543676376,0.12588081061,0.807063168573,0
0.203,3.61,10,0.728482948063,0.126029765416,0.807035384316,0
0.2035,3.61,10,0.728422903364,0.126179627873,0.807008553531,0
0.204,3.61,10,0.728363546883,0.126330402662,0.806982689347,0
0.2045,3.61,10,0.728304883224,0.126482094461,0.806957804894,0
0.205,3.61,10,0.728246916992,0.126634707949,0.806933913302,0
0.2055,3.61,10,0.728189652793,0.126788247806,0.806911027702,0
0.1805,3.615,10,0.731930855356,0.120001738483,0.809045955547,0
0.181,3.615,10,0.731844406295,0.120115385607,0.808989377257,0
0.1815,3.615,10,0.731758438708,0.120229734382,0.80893317639,0
0.182,3.615,10,0.731672957199,0.120344789486,0.808877366076,0
0.1825,3.615,10,0.731587966374,0.1204605556,0.808821959445,0
0.183,3.615,10,0.731503470837,0.120577037401,0.808766969627,0
0.1835,3.615,10,0.731419475193,0.120694239571,0.808712409752,0
0.184,3.615,10,0.731335984045,0.120812166787,0.808658292949,0
0.1845,3.615,10,0.731253002,0.120930823728,0.808604632349,0
0.185,3.615,10,0.731170533662,0.121050215075,0.808551441081,0
0.1855,3.615,10,0.731088583634,0.121170345505,0.808498732276,0
0.186,3.615,10,0.731007156523,0.121291219699,0.808446519063,0
0.1865,3.615,10,0.730926256932,0.121412842335,0.808394814572,0
0.187,3.615,10,0.730845889466,0.121535218092,0.808343631933,0
0.1875,3.615,10,0.73076605873,0.12165835165,0.808292984277,0
0.188,3.615,10,0.730686769329,0.121782247688,0.808242884732,0
0.1885,3.615,10,0.730608025867,0.121906910885,0.808193346428,0
0.189,3.615,10,0.730529832949,0.122032345919,0.808144382497,0
0.1895,3.615,10,0.730452195179,0.122158557471,0.808096006067,0
0.19,3.615,10,0.730375117162,0.12228555022,0.808048230268,0
0.1905,3.615,10,0.730298603503,0.122413328844,0.808001068231,0
0.191,3.615,10,0.730222658806,0.122541898022,0.807954533085,0
0.1915,3.615,10,0.730147287677,0.122671262435,0.80790863796,0
0.192,3.615,10,0.730072494719,0.12280142676,0.807863395987,0
0.1925,3.615,10,0.729998284538,0.122932395678,0.807818820294,0
0.193,3.615,10,0.729924661737,0.123064173866,0.807774924012,0
0.1935,3.615,10,0.729851630922,0.123196766006,0.807731720271,0
0.194,3.615,10,0.729779196698,0.123330176774,0.8076892222,0
0.1945,3.615,10,0.729707363668,0.123464410852,0.807647442931,0
0.195,3.615,10,0.729636136438,0.123599472917,0.807606395591,0
0.1955,3.615,10,0.729565519612,0.12373536765,0.807566093312,0
0.196,3.615,10,0.729495517796,0.123872099728,0.807526549223,0
0.1965,3.615,10,0.729426135592,0.124009673832,0.807487776455,0
0.197,3.615,10,0.729357377607,0.12414809464,0.807449788136,0
0.1975,3.615,10,0.729289248445,0.124287366832,0.807412597397,0
0.198,3.615,10,0.729221752711,0.124427495087,0.807376217369,0
0.1985,3.615,10,0.729154895008,0.124568484084,0.80734066118,0
0.199,3.615,10,0.729088679942,0.124710338502,0.80730594196,0
0.1995,3.615,10,0.729023112118,0.124853063019,0.80727207284,0
0.2,3.615,10,0.72895819614,0.124996662317,0.80723906695,0
0.2005,3.615,10,0.728893936613,0.125141141073,0.807206937419,0
0.201,3.615,10,0.728830338141,0.125286503966,0.807175697378,0
0.2015,3.615,10,0.728767405329,0.125432755677,0.807145359955,0
0.202,3.615,10,0.728705142781,0.125579900883,0.807115938282,0
0.2025,3.615,10,0.728643555104,0.125727944264,0.807087445487,0
0.203,3.615,10,0.7285826469,0.1258768905,0.807059894701,0
0.2035,3.615,10,0.728522422774,0.126026744269,0.807033299054,0
0.204,3.615,10,0.728462887333,0.126177510251,0.807007671676,0
0.2045,3.615,10,0.728404045179,0.126329193124,0.806983025697,0
0.205,3.615,10,0.728345900917,0.126481797569,0.806959374245,0
0.18,3.62,10,0.732126518649,0.119736952386,0.80912051766,0
0.1805,3.62,10,0.732039391285,0.119849899244,0.809063729898,0
0.181,3.62,10,0.731952741255,0.119963542955,0.809007308097,0
0.1815,3.62,10,0.731866573165,0.120077888199,0.808951265385,0
0.182,3.62,10,0.731780891619,0.120192939654,0.808895614895,0
0.1825,3.62,10,0.731695701222,0.120308701999,0.808840369754,0
0.183,3.62,10,0.731611006578,0.120425179914,0.808785543094,0
0.1835,3.62,10,0.731526812291,0.120542378078,0.808731148043,0
0.184,3.62,10,0.731443122968,0.12066030117,0.808677197733,0
0.1845,3.62,10,0.731359943211,0.120778953869,0.808623705293,0
0.185,3.62,10,0.731277277626,0.120898340855,0.808570683852,0
0.1855,3.62,10,0.731195130818,0.121018466806,0.808518146541,0
0.186,3.62,10,0.731113507391,0.121139336401,0.808466106489,0
0.1865,3.62,10,0.73103241195,0.12126095432,0.808414576827,0
0.187,3.62,10,0.7309518491,0.121383325243,0.808363570685,0
0.1875,3.62,10,0.730871823444,0.121506453847,0.808313101191,0
0.188,3.62,10,0.730792339588,0.121630344813,0.808263181477,0
0.1885,3.62,10,0.730713402137,0.121755002818,0.808213824672,0
0.189,3.62,10,0.730635015694,0.121880432544,0.808165043905,0
0.1895,3.62,10,0.730557184866,0.122006638668,0.808116852308,0
0.19,3.62,10,0.730479914256,0.12213362587,0.808069263009,0
0.1905,3.62,10,0.730403208468,0.122261398829,0.808022289139,0
0.191,3.62,10,0.730327072109,0.122389962223,0.807975943828,0
0.1915,3.62,10,0.730251509781,0.122519320734,0.807930240205,0
0.192,3.62,10,0.730176526091,0.122649479038,0.8078851914,0
0.1925,3.62,10,0.730102125643,0.122780441816,0.807840810544,0
0.193,3.62,10,0.73002831304,0.122912213747,0.807797110766,0
0.1935,3.62,10,0.729955092889,0.12304479951,0.807754105195,0
0.194,3.62,10,0.729882469793,0.123178203784,0.807711806963,0
0.1945,3.62,10,0.729810448357,0.123312431248,0.807670229199,0
0.195,3.62,10,0.729739033186,0.123447486581,0.807629385032,0
0.1955,3.62,10,0.729668228885,0.123583374463,0.807589287593,0
0.196,3.62,10,0.729598040058,0.123720099572,0.807549950012,0
0.1965,3.62,10,0.729528471309,0.123857666588,0.807511385418,0
0.197,3.62,10,0.729459527244,0.12399608019,0.807473606942,0
0.1975,3.62,10,0.729391212468,0.124135345057,0.807436627712,0
0.198,3.62,10,0.729323531584,0.124275465869,0.80740046086,0
0.1985,3.62,10,0.729256489197,0.124416447303,0.807365119515,0
0.199,3.62,10,0.729190089912,0.124558294041,0.807330616807,0
0.1995,3.62,10,0.729124338335,0.12470101076,0.807296965866,0
0.2,3.62,10,0.729059239068,0.124844602139,0.807264179821,0
0.2005,3.62,10,0.728994796718,0.124989072859,0.807232271803,0
0.201,3.62,10,0.728931015888,0.125134427598,0.807201254942,0
0.2015,3.62,10,0.728867901183,0.125280671035,0.807171142367,0
0.202,3.62,10,0.728805457209,0.125427807849,0.807141947209,0
0.2025,3.62,10,0.728743688569,0.12557584272,0.807113682597,0
0.203,3.62,10,0.728682599868,0.125724780327,0.807086361661,0
0.2035,3.62,10,0.728622195712,0.125874625348,0.807059997531,0
0.204,3.62,10,0.728562480704,0.126025382464,0.807034603337,0
0.2045,3.62,10,0.728503459449,0.126177056353,0.807010192209,0
0.18,3.625,10,0.732235526959,0.119585879445,0.809140232934,0
0.1805,3.625,10,0.732148197556,0.119698822949,0.809083596371,0
0.181,3.625,10,0.732061345953,0.119812463189,0.809027327437,0
0.1815,3.625,10,0.731974976754,0.119926804842,0.80897143926,0
0.182,3.625,10,0.731889094565,0.120041852588,0.808915944971,0
0.1825,3.625,10,0.731803703989,0.120157611106,0.808860857699,0
0.183,3.625,10,0.731718809632,0.120274085075,0.808806190575,0
0.1835,3.625,10,0.731634416098,0.120391279175,0.808751956728,0
0.184,3.625,10,0.731550527992,0.120509198084,0.808698169288,0
0.1845,3.625,10,0.731467149918,0.120627846481,0.808644841386,0
0.185,3.625,10,0.731384286482,0.120747229046,0.808591986151,0
0.1855,3.625,10,0.731301942287,0.120867350459,0.808539616712,0
0.186,3.625,10,0.731220121939,0.120988215397,0.808487746201,0
0.1865,3.625,10,0.731138830042,0.12110982854,0.808436387746,0
0.187,3.625,10,0.7310580712,0.121232194568,0.808385554478,0
0.1875,3.625,10,0.730977850019,0.121355318159,0.808335259526,0
0.188,3.625,10,0.730898171103,0.121479203994,0.808285516021,0
0.1885,3.625,10,0.730819039057,0.121603856749,0.808236337092,0
0.189,3.625,10,0.730740458485,0.121729281106,0.80818773587,0
0.1895,3.625,10,0.730662433992,0.121855481743,0.808139725483,0
0.19,3.625,10,0.730584970182,0.121982463339,0.808092319063,0
0.1905,3.625,10,0.730508071661,0.122110230574,0.808045529739,0
0.191,3.625,10,0.730431743033,0.122238788126,0.80799937064,0
0.1915,3.625,10,0.730355988902,0.122368140675,0.807953854897,0
0.192,3.625,10,0.730280813873,0.122498292899,0.80790899564,0
0.1925,3.625,10,0.730206222552,0.122629249479,0.807864805999,0
0.193,3.625,10,0.730132219542,0.122761015093,0.807821299103,0
0.1935,3.625,10,0.730058809448,0.12289359442,0.807778488082,0
0.194,3.625,10,0.729985996875,0.12302699214,0.807736386066,0
0.1945,3.625,10,0.729913786427,0.123161212931,0.807695006186,0
0.195,3.625,10,0.729842182709,0.123296261473,0.807654361571,0
0.1955,3.625,10,0.729771190327,0.123432142445,0.80761446535,0
0.196,3.625,10,0.729700813883,0.123568860526,0.807575330655,0
0.1965,3.625,10,0.729631057984,0.123706420395,0.807536970614,0
0.197,3.625,10,0.729561927234,0.123844826731,0.807499398358,0
0.1975,3.625,10,0.729493426237,0.123984084214,0.807462627017,0
0.198,3.625,10,0.729425559597,0.124124197523,0.80742666972,0
0.1985,3.625,10,0.729358331921,0.124265171336,0.807391539597,0
0.199,3.625,10,0.729291747812,0.124407010334,0.807357249779,0
0.1995,3.625,10,0.729225811875,0.124549719194,0.807323813394,0
0.2,3.625,10,0.729160528714,0.124693302597,0.807291243574,0
0.2005,3.625,10,0.729095902935,0.124837765222,0.807259553448,0
0.201,3.625,10,0.729031939142,0.124983111746,0.807228756145,0
0.2015,3.625,10,0.728968641939,0.125129346851,0.807198864797,0
0.202,3.625,10,0.728906015931,0.125276475214,0.807169892532,0
0.2025,3.625,10,0.728844065724,0.125424501516,0.80714185248,0
0.203,3.625,10,0.72878279592,0.125573430434,0.807114757772,0
0.2035,3.625,10,0.728722211126,0.125723266649,0.807088621538,0
0.204,3.625,10,0.728662315946,0.125874014839,0.807063456906,0
0.1795,3.63,10,0.732432800877,0.119323316889,0.809218861679,0
0.18,3.63,10,0.732344795169,0.119435565044,0.80916201653,0
0.1805,3.63,10,0.732257263121,0.119548505137,0.809105527545,0
0.181,3.63,10,0.732170209338,0.119662141845,0.809049407856,0
0.1815,3.63,10,0.732083638425,0.119776479849,0.808993670592,0
0.182,3.63,10,0.731997554986,0.119891523827,0.808938328883,0
0.1825,3.63,10,0.731911963626,0.120007278459,0.808883395858,0
0.183,3.63,10,0.731826868951,0.120123748423,0.808828884649,0
0.1835,3.63,10,0.731742275564,0.120240938398,0.808774808384,0
0.184,3.63,10,0.731658188069,0.120358853065,0.808721180194,0
0.1845,3.63,10,0.731574611073,0.120477497102,0.808668013208,0
0.185,3.63,10,0.731491549179,0.120596875188,0.808615320556,0
0.1855,3.63,10,0.731409006992,0.120716992002,0.808563115369,0
0.186,3.63,10,0.731326989117,0.120837852224,0.808511410776,0
0.1865,3.63,10,0.731245500158,0.120959460532,0.808460219907,0
0.187,3.63,10,0.73116454472,0.121081821607,0.808409555891,0
0.1875,3.63,10,0.731084127407,0.121204940126,0.80835943186,0
0.188,3.63,10,0.731004252825,0.121328820769,0.808309860942,0
0.1885,3.63,10,0.730924925578,0.121453468216,0.808260856269,0
0.189,3.63,10,0.73084615027,0.121578887145,0.808212430968,0
0.1895,3.63,10,0.730767931507,0.121705082235,0.808164598171,0
0.19,3.63,10,0.730690273892,0.121832058166,0.808117371008,0
0.1905,3.63,10,0.730613182031,0.121959819617,0.808070762607,0
0.191,3.63,10,0.730536660529,0.122088371267,0.8080247861,0
0.1915,3.63,10,0.730460713989,0.122217717796,0.807979454616,0
0.192,3.63,10,0.730385347016,0.122347863881,0.807934781285,0
0.1925,3.63,10,0.730310564216,0.122478814203,0.807890779237,0
0.193,3.63,10,0.730236370192,0.122610573441,0.807847461601,0
0.1935,3.63,10,0.73016276955,0.122743146273,0.807804841508,0
0.194,3.63,10,0.730089766894,0.122876537379,0.807762932088,0
0.1945,3.63,10,0.730017366829,0.123010751439,0.80772174647,0
0.195,3.63,10,0.729945573959,0.12314579313,0.807681297785,0
0.1955,3.63,10,0.729874392889,0.123281667133,0.807641599161,0
0.196,3.63,10,0.729803828224,0.123418378126,0.80760266373,0
0.1965,3.63,10,0.729733884568,0.123555930789,0.807564504621,0
0.197,3.63,10,0.729664566526,0.123694329801,0.807527134964,0
0.1975,3.63,10,0.729595878703,0.123833579841,0.807490567889,0
0.198,3.63,10,0.729527825703,0.123973685588,0.807454816525,0
0.1985,3.63,10,0.729460412131,0.124114651721,0.807419894003,0
0.199,3.63,10,0.729393642591,0.12425648292,0.807385813453,0
0.1995,3.63,10,0.729327521689,0.124399183863,0.807352588004,0
0.2,3.63,10,0.729262054028,0.124542759229,0.807320230786,0
0.2005,3.63,10,0.729197244215,0.124687213699,0.80728875493,0
0.201,3.63,10,0.729133096852,0.124832551951,0.807258173565,0
0.2015,3.63,10,0.729069616545,0.124978778663,0.807228499821,0
0.202,3.63,10,0.729006807899,0.125125898517,0.807199746828,0
0.2025,3.63,10,0.728944675518,0.125273916189,0.807171927715,0
0.203,3.63,10,0.728883224006,0.12542283636,0.807145055614,0
0.2035,3.63,10,0.728822457969,0.125572663709,0.807119143653,0
0.1795,3.635,10,0.732542521652,0.119173759921,0.809242543886,0
0.18,3.635,10,0.732454312228,0.119286004724,0.809185841026,0
0.1805,3.635,10,0.732366576929,0.119398941345,0.809129495998,0
0.181,3.635,10,0.732279320361,0.119512574464,0.809073521932,0
0.1815,3.635,10,0.732192547127,0.119626908759,0.80901793196,0
0.182,3.635,10,0.732106261834,0.119741948909,0.808962739209,0
0.1825,3.635,10,0.732020469085,0.119857699595,0.80890795681,0
0.183,3.635,10,0.731935173485,0.119974165495,0.808853597894,0
0.1835,3.635,10,0.731850379638,0.120091351288,0.808799675589,0
0.184,3.635,10,0.73176609215,0.120209261653,0.808746203026,0
0.1845,3.635,10,0.731682315625,0.12032790127,0.808693193336,0
0.185,3.635,10,0.731599054668,0.120447274817,0.808640659646,0
0.1855,3.635,10,0.731516313883,0.120567386974,0.808588615088,0
0.186,3.635,10,0.731434097874,0.12068824242,0.808537072792,0
0.1865,3.635,10,0.731352411248,0.120809845835,0.808486045887,0
0.187,3.635,10,0.731271258608,0.120932201896,0.808435547503,0
0.1875,3.635,10,0.731190644558,0.121055315284,0.808385590771,0
0.188,3.635,10,0.731110573704,0.121179190677,0.808336188819,0
0.1885,3.635,10,0.73103105065,0.121303832756,0.808287354779,0
0.189,3.635,10,0.730952080002,0.121429246198,0.808239101779,0
0.1895,3.635,10,0.730873666362,0.121555435682,0.80819144295,0
0.19,3.635,10,0.730795814337,0.12168240589,0.808144391422,0
0.1905,3.635,10,0.73071852853,0.121810161498,0.808097960324,0
0.191,3.635,10,0.730641813547,0.121938707187,0.808052162786,0
0.1915,3.635,10,0.730565673992,0.122068047635,0.808007011939,0
0.192,3.635,10,0.73049011447,0.122198187523,0.807962520913,0
0.1925,3.635,10,0.730415139585,0.122329131528,0.807918702836,0
0.193,3.635,10,0.730340753943,0.12246088433,0.80787557084,0
0.1935,3.635,10,0.730266962146,0.122593450608,0.807833138053,0
0.194,3.635,10,0.730193768802,0.122726835042,0.807791417606,0
0.1945,3.635,10,0.730121178513,0.12286104231,0.807750422629,0
0.195,3.635,10,0.730049195885,0.122996077092,0.807710166252,0
0.1955,3.635,10,0.729977825522,0.123131944066,0.807670661604,0
0.196,3.635,10,0.729907072029,0.123268647913,0.807631921816,0
0.1965,3.635,10,0.729836940011,0.123406193311,0.807593960016,0
0.197,3.635,10,0.729767434072,0.123544584939,0.807556789337,0
0.1975,3.635,10,0.729698558817,0.123683827476,0.807520422906,0
0.198,3.635,10,0.72963031885,0.123823925602,0.807484873854,0
0.1985,3.635,10,0.729562718776,0.123964883995,0.807450155312,0
0.199,3.635,10,0.729495763201,0.124106707336,0.807416280408,0
0.1995,3.635,10,0.729429456728,0.124249400302,0.807383262273,0
0.2,3.635,10,0.729363803962,0.124392967574,0.807351114037,0
0.2005,3.635,10,0.729298809508,0.12453741383,0.807319848829,0
0.201,3.635,10,0.72923447797,0.124682743749,0.807289479779,0
0.2015,3.635,10,0.729170813953,0.124828962011,0.807260020018,0
0.202,3.635,10,0.729107822062,0.124976073294,0.807231482675,0
0.2025,3.635,10,0.729045506902,0.125124082279,0.807203880881,0
0.203,3.635,10,0.728983873076,0.125272993643,0.807177227764,0
0.2035,3.635,10,0.72892292519,0.125422812067,0.807151536455,0
0.1795,3.64,10,0.732652480833,0.119024952631,0.809268243193,0
0.18,3.64,10,0.732564067087,0.119137194022,0.809211679,0
0.1805,3.64,10,0.732476127932,0.119250127112,0.809155474307,0
0.181,3.64,10,0.732388667972,0.119363756581,0.809099642244,0
0.1815,3.64,10,0.732301691813,0.119478087109,0.809044195941,0
0.182,3.64,10,0.732215204059,0.119593123373,0.808989148527,0
0.1825,3.64,10,0.732129209314,0.119708870054,0.808934513133,0
0.183,3.64,10,0.732043712184,0.11982533183,0.808880302888,0
0.1835,3.64,10,0.731958717273,0.119942513381,0.808826530922,0
0.184,3.64,10,0.731874229185,0.120060419385,0.808773210365,0
0.1845,3.64,10,0.731790252526,0.120179054523,0.808720354348,0
0.185,3.64,10,0.731706791899,0.120298423473,0.808667975999,0
0.1855,3.64,10,0.73162385191,0.120418530913,0.808616088449,0
0.186,3.64,10,0.731541437163,0.120539381525,0.808564704828,0
0.1865,3.64,10,0.731459552263,0.120660979986,0.808513838266,0
0.187,3.64,10,0.731378201815,0.120783330975,0.808463501892,0
0.1875,3.64,10,0.731297390423,0.120906439172,0.808413708837,0
0.188,3.64,10,0.731217122691,0.121030309257,0.80836447223,0
0.1885,3.64,10,0.731137403225,0.121154945907,0.808315805201,0
0.189,3.64,10,0.731058236629,0.121280353803,0.80826772088,0
0.1895,3.64,10,0.730979627508,0.121406537623,0.808220232397,0
0.19,3.64,10,0.730901580466,0.121533502047,0.808173352883,0
0.1905,3.64,10,0.730824100108,0.121661251754,0.808127095466,0
0.191,3.64,10,0.730747191039,0.121789791422,0.808081473277,0
0.1915,3.64,10,0.730670857864,0.121919125732,0.808036499445,0
0.192,3.64,10,0.730595105186,0.122049259361,0.807992187101,0
0.1925,3.64,10,0.730519937611,0.12218019699,0.807948549375,0
0.193,3.64,10,0.730445359743,0.122311943298,0.807905599396,0
0.1935,3.64,10,0.730371376187,0.122444502963,0.807863350294,0
0.194,3.64,10,0.730297991548,0.122577880665,0.807821815199,0
0.1945,3.64,10,0.73022521043,0.122712081083,0.807781007241,0
0.195,3.64,10,0.730153037438,0.122847108896,0.807740939551,0
0.1955,3.64,10,0.730081477177,0.122982968783,0.807701625257,0
0.196,3.64,10,0.73001053425,0.123119665424,0.807663077489,0
0.1965,3.64,10,0.729940213264,0.123257203497,0.807625309379,0
0.197,3.64,10,0.729870518822,0.123395587682,0.807588334055,0
0.1975,3.64,10,0.729801455529,0.123534822657,0.807552164647,0
0.198,3.64,10,0.72973302799,0.123674913103,0.807516814286,0
0.1985,3.64,10,0.729665240809,0.123815863698,0.807482296101,0
0.199,3.64,10,0.729598098592,0.123957679121,0.807448623222,0
0.1995,3.64,10,0.729531605942,0.124100364051,0.80741580878,0
0.2,3.64,10,0.729465767465,0.124243923168,0.807383865903,0
0.2005,3.64,10,0.729400587764,0.124388361151,0.807352807722,0
0.201,3.64,10,0.729336071446,0.124533682679,0.807322647367,0
0.2015,3.64,10,0.729272223113,0.124679892431,0.807293397967,0
0.202,3.64,10,0.729209047372,0.124826995086,0.807265072653,0
0.2025,3.64,10,0.729146548827,0.124974995323,0.807237684554,0
0.203,3.64,10,0.729084732081,0.125123897822,0.807211246801,0
0.1795,3.645,10,0.73276266737,0.118876890557,0.809295932178,0
0.18,3.645,10,0.732674048697,0.118989128476,0.809239503031,0
0.1805,3.645,10,0.732585905079,0.119102057976,0.809183435052,0
0.181,3.645,10,0.732498241123,0.119215683737,0.80912774137,0
0.1815,3.645,10,0.732411061432,0.119330010437,0.809072435114,0
0.182,3.645,10,0.732324370611,0.119445042756,0.809017529416,0
0.1825,3.645,10,0.732238173266,0.119560785373,0.808963037404,0
0.183,3.645,10,0.732152474,0.119677242966,0.808908972209,0
0.1835,3.645,10,0.732067277418,0.119794420216,0.808855346961,0
0.184,3.645,10,0.731982588125,0.119912321801,0.808802174788,0
0.1845,3.645,10,0.731898410725,0.1200309524,0.808749468823,0
0.185,3.645,10,0.731814749824,0.120150316693,0.808697242193,0
0.1855,3.645,10,0.731731610025,0.120270419358,0.80864550803,0
0.186,3.645,10,0.731648995934,0.120391265075,0.808594279462,0
0.1865,3.645,10,0.731566912155,0.120512858523,0.808543569621,0
0.187,3.645,10,0.731485363293,0.120635204382,0.808493391635,0
0.1875,3.645,10,0.731404353952,0.120758307329,0.808443758636,0
0.188,3.645,10,0.731323888737,0.120882172046,0.808394683751,0
0.1885,3.645,10,0.731243972253,0.121006803209,0.808346180113,0
0.189,3.645,10,0.731164609104,0.1211322055,0.80829826085,0
0.1895,3.645,10,0.731085803895,0.121258383596,0.808250939092,0
0.19,3.645,10,0.731007561231,0.121385342177,0.808204227969,0
0.1905,3.645,10,0.730929885716,0.121513085923,0.808158140612,0
0.191,3.645,10,0.730852781955,0.121641619512,0.808112690149,0
0.1915,3.645,10,0.730776254553,0.121770947623,0.808067889712,0
0.192,3.645,10,0.730700308114,0.121901074936,0.808023752429,0
0.1925,3.645,10,0.730624947243,0.12203200613,0.807980291431,0
0.193,3.645,10,0.730550176545,0.122163745883,0.807937519848,0
0.1935,3.645,10,0.730476000623,0.122296298876,0.807895450809,0
0.194,3.645,10,0.730402424084,0.122429669787,0.807854097445,0
0.1945,3.645,10,0.730329451531,0.122563863295,0.807813472885,0
0.195,3.645,10,0.730257087569,0.12269888408,0.807773590259,0
0.1955,3.645,10,0.730185336803,0.122834736821,0.807734462698,0
0.196,3.645,10,0.730114203838,0.122971426196,0.80769610333,0
0.1965,3.645,10,0.730043693277,0.123108956886,0.807658525286,0
0.197,3.645,10,0.729973809726,0.123247333568,0.807621741697,0
0.1975,3.645,10,0.72990455779,0.123386560923,0.807585765691,0
0.198,3.645,10,0.729835942073,0.123526643629,0.807550610398,0
0.1985,3.645,10,0.729767967179,0.123667586366,0.807516288949,0
0.199,3.645,10,0.729700637714,0.123809393813,0.807482814474,0
0.1995,3.645,10,0.729633958282,0.123952070648,0.807450200102,0
0.2,3.645,10,0.729567933488,0.124095621552,0.807418458963,0
0.2005,3.645,10,0.729502567935,0.124240051203,0.807387604187,0
0.201,3.645,10,0.72943786623,0.12438536428,0.807357648905,0
0.2015,3.645,10,0.729373832977,0.124531565462,0.807328606245,0
0.202,3.645,10,0.729310472779,0.124678659429,0.807300489338,0
0.2025,3.645,10,0.729247790243,0.12482665086,0.807273311314,0
0.1795,3.65,10,0.732873070215,0.118729569236,0.809325583419,0
0.18,3.65,10,0.732784246008,0.118841803625,0.809269285697,0
0.1805,3.65,10,0.732695897323,0.118954729476,0.80921335081,0
0.181,3.65,10,0.732608028763,0.119068351469,0.809157791887,0
0.1815,3.65,10,0.732520644935,0.119182674283,0.809102622058,0
0.182,3.65,10,0.732433750442,0.119297702597,0.809047854453,0
0.1825,3.65,10,0.73234734989,0.11941344109,0.808993502203,0
0.183,3.65,10,0.732261447882,0.119529894442,0.808939578436,0
0.1835,3.65,10,0.732176049024,0.119647067331,0.808886096283,0
0.184,3.65,10,0.732091157919,0.119764964437,0.808833068874,0
0.1845,3.65,10,0.732006779174,0.119883590439,0.808780509338,0
0.185,3.65,10,0.731922917392,0.120002950015,0.808728430806,0
0.1855,3.65,10,0.731839577178,0.120123047846,0.808676846408,0
0.186,3.65,10,0.731756763137,0.12024388861,0.808625769273,0
0.1865,3.65,10,0.731674479873,0.120365476986,0.808575212531,0
0.187,3.65,10,0.731592731991,0.120487817654,0.808525189312,0
0.1875,3.65,10,0.731511524095,0.120610915293,0.808475712746,0
0.188,3.65,10,0.731430860792,0.120734774582,0.808426795963,0
0.1885,3.65,10,0.731350746684,0.1208594002,0.808378452093,0
0.189,3.65,10,0.731271186376,0.120984796825,0.808330694266,0
0.1895,3.65,10,0.731192184474,0.121110969139,0.808283535611,0
0.19,3.65,10,0.731113745582,0.121237921818,0.808236989259,0
0.1905,3.65,10,0.731035874304,0.121365659543,0.808191068339,0
0.191,3.65,10,0.730958575246,0.121494186993,0.808145785982,0
0.1915,3.65,10,0.730881853011,0.121623508847,0.808101155317,0
0.192,3.65,10,0.730805712205,0.121753629785,0.808057189474,0
0.1925,3.65,10,0.730730157433,0.121884554484,0.808013901583,0
0.193,3.65,10,0.730655193298,0.122016287624,0.807971304774,0
0.1935,3.65,10,0.730580824405,0.122148833886,0.807929412177,0
0.194,3.65,10,0.73050705536,0.122282197947,0.807888236922,0
0.1945,3.65,10,0.730433890766,0.122416384486,0.807847792138,0
0.195,3.65,10,0.730361335229,0.122551398184,0.807808090956,0
0.1955,3.65,10,0.730289393352,0.122687243719,0.807769146505,0
0.196,3.65,10,0.730218069742,0.12282392577,0.807730971915,0
0.1965,3.65,10,0.730147369002,0.122961449016,0.807693580317,0
0.197,3.65,10,0.730077295737,0.123099818137,0.80765698484,0
0.1975,3.65,10,0.730007854551,0.123239037812,0.807621198614,0
0.198,3.65,10,0.72993905005,0.12337911272,0.807586234769,0
0.1985,3.65,10,0.729870886838,0.12352004754,0.807552106434,0
0.199,3.65,10,0.729803369519,0.12366184695,0.807518826741,0
0.1995,3.65,10,0.729736502699,0.123804515632,0.807486408818,0
0.2,3.65,10,0.729670290981,0.123948058262,0.807454865796,0
0.2005,3.65,10,0.729604738972,0.124092479522,0.807424210804,0
0.201,3.65,10,0.729539851274,0.124237784089,0.807394456972,0
0.2015,3.65,10,0.729475632493,0.124383976643,0.807365617431,0
0.202,3.65,10,0.729412087234,0.124531061863,0.807337705309,0
0.18,3.655,10,0.732894647971,0.118695215007,0.809300999576,0
0.1805,3.655,10,0.732806093612,0.11880813715,0.809245194159,0
0.181,3.655,10,0.732718019845,0.118921755316,0.809189766374,0
0.1815,3.655,10,0.732630431273,0.119036074184,0.80913472935,0
0.182,3.655,10,0.732543332502,0.119151098434,0.809080096217,0
0.1825,3.655,10,0.732456728137,0.119266832745,0.809025880106,0
0.183,3.655,10,0.732370622782,0.119383281796,0.808972094146,0
0.1835,3.655,10,0.732285021041,0.119500450265,0.808918751467,0
0.184,3.655,10,0.73219992752,0.119618342833,0.8088658652,0
0.1845,3.655,10,0.732115346823,0.119736964178,0.808813448473,0
0.185,3.655,10,0.732031283554,0.119856318979,0.808761514417,0
0.1855,3.655,10,0.731947742319,0.119976411916,0.808710076162,0
0.186,3.655,10,0.731864727722,0.120097247667,0.808659146837,0
0.1865,3.655,10,0.731782244367,0.120218830913,0.808608739573,0
0.187,3.655,10,0.73170029686,0.120341166331,0.808558867499,0
0.1875,3.655,10,0.731618889805,0.120464258602,0.808509543746,0
0.188,3.655,10,0.731538027806,0.120588112404,0.808460781443,0
0.1885,3.655,10,0.731457715468,0.120712732416,0.80841259372,0
0.189,3.655,10,0.731377957397,0.120838123318,0.808364993707,0
0.1895,3.655,10,0.731298758196,0.120964289789,0.808317994534,0
0.19,3.655,10,0.73122012247,0.121091236508,0.808271609331,0
0.1905,3.655,10,0.731142054823,0.121218968154,0.808225851227,0
0.191,3.655,10,0.731064559862,0.121347489406,0.808180733354,0
0.1915,3.655,10,0.730987642189,0.121476804943,0.808136268839,0
0.192,3.655,10,0.73091130641,0.121606919445,0.808092470815,0
0.1925,3.655,10,0.73083555713,0.121737837591,0.808049352409,0
0.193,3.655,10,0.730760398953,0.121869564059,0.808006926753,0
0.1935,3.655,10,0.730685836483,0.12200210353,0.807965206976,0
0.194,3.655,10,0.730611874326,0.122135460681,0.807924206208,0
0.1945,3.655,10,0.730538517086,0.122269640193,0.807883937578,0
0.195,3.655,10,0.730465769367,0.122404646744,0.807844414218,0
0.1955,3.655,10,0.730393635775,0.122540485014,0.807805649257,0
0.196,3.655,10,0.730322120914,0.122677159682,0.807767655824,0
0.1965,3.655,10,0.730251229388,0.122814675426,0.807730447049,0
0.197,3.655,10,0.730180965803,0.122953036927,0.807694036063,0
0.1975,3.655,10,0.730111334762,0.123092248862,0.807658435995,0
0.198,3.655,10,0.730042340871,0.123232315912,0.807623659976,0
0.1985,3.655,10,0.729973988735,0.123373242755,0.807589721135,0
0.199,3.655,10,0.729906282957,0.123515034071,0.807556632601,0
0.1995,3.655,10,0.729839228143,0.123657694539,0.807524407506,0
0.2,3.655,10,0.729772828897,0.123801228838,0.807493058979,0
0.2005,3.655,10,0.729707089823,0.123945641647,0.807462600149,0
0.201,3.655,10,0.729642015528,0.124090937645,0.807433044147,0
0.2015,3.655,10,0.729577610614,0.124237121511,0.807404404102,0
0.18,3.66,10,0.733005243537,0.118549358159,0.809334617246,0
0.1805,3.66,10,0.732916482899,0.118662276535,0.809278937678,0
0.181,3.66,10,0.732828203317,0.118775890815,0.809223637408,0
0.1815,3.66,10,0.732740409396,0.118890205679,0.809168729568,0
0.182,3.66,10,0.732653105742,0.119005225806,0.809114227286,0
0.1825,3.66,10,0.732566296958,0.119120955875,0.809060143693,0
0.183,3.66,10,0.732479987649,0.119237400565,0.809006491918,0
0.1835,3.66,10,0.732394182421,0.119354564556,0.808953285092,0
0.184,3.66,10,0.732308885877,0.119472452526,0.808900536344,0
0.1845,3.66,10,0.732224102623,0.119591069155,0.808848258804,0
0.185,3.66,10,0.732139837262,0.119710419122,0.808796465603,0
0.1855,3.66,10,0.7320560944,0.119830507106,0.808745169869,0
0.186,3.66,10,0.731972878641,0.119951337786,0.808694384734,0
0.1865,3.66,10,0.73189019459,0.120072915841,0.808644123326,0
0.187,3.66,10,0.731808046852,0.120195245951,0.808594398776,0
0.1875,3.66,10,0.73172644003,0.120318332794,0.808545224213,0
0.188,3.66,10,0.731645378731,0.12044218105,0.808496612769,0
0.1885,3.66,10,0.731564867558,0.120566795398,0.808448577571,0
0.189,3.66,10,0.731484911116,0.120692180517,0.808401131751,0
0.1895,3.66,10,0.73140551401,0.120818341087,0.808354288438,0
0.19,3.66,10,0.731326680844,0.120945281785,0.808308060762,0
0.1905,3.66,10,0.731248416224,0.121073007293,0.808262461854,0
0.191,3.66,10,0.731170724753,0.121201522287,0.808217504842,0
0.1915,3.66,10,0.731093611037,0.121330831449,0.808173202857,0
0.192,3.66,10,0.731017079679,0.121460939457,0.808129569029,0
0.1925,3.66,10,0.730941135286,0.12159185099,0.808086616487,0
0.193,3.66,10,0.73086578246,0.121723570727,0.808044358362,0
0.1935,3.66,10,0.730791025808,0.121856103347,0.808002807783,0
0.194,3.66,10,0.730716869933,0.12198945353,0.807961977881,0
0.1945,3.66,10,0.730643319441,0.122123625955,0.807921881785,0
0.195,3.66,10,0.730570378935,0.1222586253,0.807882532625,0
0.1955,3.66,10,0.730498053021,0.122394456246,0.807843943531,0
0.196,3.66,10,0.730426346303,0.122531123471,0.807806127633,0
0.1965,3.66,10,0.730355263386,0.122668631654,0.807769098061,0
0.197,3.66,10,0.730284808875,0.122806985475,0.807732867944,0
0.1975,3.66,10,0.730214987374,0.122946189612,0.807697450413,0
0.198,3.66,10,0.730145803488,0.123086248745,0.807662858598,0
0.1985,3.66,10,0.730077261821,0.123227167552,0.807629105628,0
0.199,3.66,10,0.730009366978,0.123368950714,0.807596204634,0
0.1995,3.66,10,0.729942123564,0.12351160291,0.807564168744,0
0.2,3.66,10,0.729875536184,0.123655128817,0.80753301109,0
0.2005,3.66,10,0.729809609441,0.123799533116,0.807502744801,0
0.201,3.66,10,0.729744347941,0.123944820486,0.807473383007,0
0.18,3.665,10,0.733116021656,0.118404228622,0.809370111285,0
0.1805,3.665,10,0.733027054132,0.11851714317,0.809314553944,0
0.181,3.665,10,0.732938568131,0.118630753505,0.809259377569,0
0.1815,3.665,10,0.732850568255,0.118745064305,0.809204595291,0
0.182,3.665,10,0.732763059111,0.11886008025,0.809150220238,0
0.1825,3.665,10,0.732676045303,0.118975806018,0.809096265541,0
0.183,3.665,10,0.732589531436,0.119092246289,0.80904274433,0
0.1835,3.665,10,0.732503522114,0.119209405741,0.808989669735,0
0.184,3.665,10,0.732418021941,0.119327289055,0.808937054885,0
0.1845,3.665,10,0.732333035523,0.119445900909,0.808884912911,0
0.185,3.665,10,0.732248567465,0.119565245982,0.808833256942,0
0.1855,3.665,10,0.73216462237,0.119685328954,0.808782100109,0
0.186,3.665,10,0.732081204844,0.119806154503,0.808731455541,0
0.1865,3.665,10,0.731998319491,0.119927727309,0.808681336368,0
0.187,3.665,10,0.731915970915,0.120050052051,0.80863175572,0
0.1875,3.665,10,0.731834163722,0.120173133407,0.808582726727,0
0.188,3.665,10,0.731752902517,0.120296976059,0.808534262518,0
0.1885,3.665,10,0.731672191903,0.120421584683,0.808486376225,0
0.189,3.665,10,0.731592036485,0.12054696396,0.808439080976,0
0.1895,3.665,10,0.731512440868,0.120673118569,0.808392389902,0
0.19,3.665,10,0.731433409657,0.120800053188,0.808346316132,0
0.1905,3.665,10,0.731354947457,0.120927772498,0.808300872796,0
0.191,3.665,10,0.731277058871,0.121056281176,0.808256073025,0
0.1915,3.665,10,0.731199748505,0.121185583903,0.808211929948,0
0.192,3.665,10,0.731123020963,0.121315685357,0.808168456694,0
0.1925,3.665,10,0.73104688085,0.121446590218,0.808125666395,0
0.193,3.665,10,0.730971332771,0.121578303164,0.80808357218,0
0.1935,3.665,10,0.73089638133,0.121710828876,0.808042187178,0
0.194,3.665,10,0.730822031132,0.121844172031,0.80800152452,0
0.1945,3.665,10,0.730748286782,0.121978337309,0.807961597335,0
0.195,3.665,10,0.730675152883,0.12211332939,0.807922418754,0
0.1955,3.665,10,0.730602634042,0.122249152952,0.807884001906,0
0.196,3.665,10,0.730530734862,0.122385812675,0.807846359921,0
0.1965,3.665,10,0.730459459948,0.122523313238,0.80780950593,0
0.197,3.665,10,0.730388813905,0.122661659319,0.807773453061,0
0.1975,3.665,10,0.730318801337,0.122800855599,0.807738214446,0
0.198,3.665,10,0.73024942685,0.122940906756,0.807703803213,0
0.1985,3.665,10,0.730180695047,0.123081817469,0.807670232493,0
0.199,3.665,10,0.730112610533,0.123223592417,0.807637515416,0
0.1995,3.665,10,0.730045177914,0.123366236281,0.807605665111,0
0.2,3.665,10,0.729978401793,0.123509753738,0.807574694709,0
0.2005,3.665,10,0.729912286776,0.123654149468,0.807544617338,0
0.201,3.665,10,0.729846837467,0.12379942815,0.807515446131,0
0.181,3.67,10,0.733049103237,0.118486338925,0.809296959434,0
0.1815,3.67,10,0.732960896801,0.118600645602,0.809242299096,0
0.182,3.67,10,0.732873181562,0.118715657305,0.809188047651,0
0.1825,3.67,10,0.732785962124,0.118831378713,0.809134218229,0
0.183,3.67,10,0.732699243091,0.118947814505,0.80908082396,0
0.1835,3.67,10,0.73261302907,0.11906496936,0.809027877974,0
0.184,3.67,10,0.732527324663,0.119182847958,0.808975393401,0
0.1845,3.67,10,0.732442134476,0.119301454978,0.808923383371,0
0.185,3.67,10,0.732357463114,0.119420795098,0.808871861014,0
0.1855,3.67,10,0.732273315181,0.119540872998,0.808820839459,0
0.186,3.67,10,0.732189695281,0.119661693357,0.808770331837,0
0.1865,3.67,10,0.73210660802,0.119783260855,0.808720351277,0
0.187,3.67,10,0.732024058002,0.119905580169,0.808670910909,0
0.1875,3.67,10,0.731942049832,0.120028655981,0.808622023864,0
0.188,3.67,10,0.731860588114,0.120152492968,0.808573703271,0
0.1885,3.67,10,0.731779677453,0.120277095809,0.80852596226,0
0.189,3.67,10,0.731699322454,0.120402469185,0.808478813961,0
0.1895,3.67,10,0.73161952772,0.120528617774,0.808432271503,0
0.19,3.67,10,0.731540297858,0.120655546255,0.808386348017,0
0.1905,3.67,10,0.731461637472,0.120783259307,0.808341056633,0
0.191,3.67,10,0.731383551166,0.12091176161,0.808296410481,0
0.1915,3.67,10,0.731306043544,0.121041057843,0.80825242269,0
0.192,3.67,10,0.731229119212,0.121171152684,0.80820910639,0
0.1925,3.67,10,0.731152782775,0.121302050814,0.808166474711,0
0.193,3.67,10,0.731077038836,0.12143375691,0.808124540784,0
0.1935,3.67,10,0.731001892001,0.121566275653,0.808083317738,0
0.194,3.67,10,0.730927346874,0.121699611722,0.808042818702,0
0.1945,3.67,10,0.730853408059,0.121833769795,0.808003056807,0
0.195,3.67,10,0.730780080162,0.121968754552,0.807964045184,0
0.1955,3.67,10,0.730707367788,0.122104570671,0.80792579696,0
0.196,3.67,10,0.73063527554,0.122241222833,0.807888325267,0
0.1965,3.67,10,0.730563808023,0.122378715716,0.807851643235,0
0.197,3.67,10,0.730492969842,0.122517053999,0.807815763993,0
0.1975,3.67,10,0.730422765602,0.122656242362,0.807780700671,0
0.198,3.67,10,0.730353199908,0.122796285483,0.807746466399,0
0.1985,3.67,10,0.730284277363,0.122937188043,0.807713074308,0
0.199,3.67,10,0.730216002573,0.123078954719,0.807680537526,0
0.1995,3.67,10,0.730148380143,0.123221590191,0.807648869184,0
0.2,3.67,10,0.730081414676,0.123365099139,0.807618082412,0
0.1815,3.675,10,0.733071383983,0.118456945107,0.809281813562,0
0.182,3.675,10,0.732983462043,0.118571952509,0.809227682103,0
0.1825,3.675,10,0.732896036369,0.118687669498,0.809173974334,0
0.183,3.675,10,0.732809111567,0.118804100752,0.809120703386,0
0.1835,3.675,10,0.73272269224,0.118921250951,0.809067882388,0
0.184,3.675,10,0.732636782993,0.119039124774,0.80901552447,0
0.1845,3.675,10,0.732551388432,0.1191577269,0.808963642762,0
0.185,3.675,10,0.73246651316,0.119277062008,0.808912250395,0
0.1855,3.675,10,0.732382161782,0.119397134777,0.808861360497,0
0.186,3.675,10,0.732298338904,0.119517949887,0.808810986199,0
0.1865,3.675,10,0.732215049129,0.119639512017,0.808761140631,0
0.187,3.675,10,0.732132297063,0.119761825846,0.808711836922,0
0.1875,3.675,10,0.732050087309,0.119884896052,0.808663088203,0
0.188,3.675,10,0.731968424473,0.120008727315,0.808614907604,0
0.1885,3.675,10,0.73188731316,0.120133324315,0.808567308253,0
0.189,3.675,10,0.731806757973,0.12025869173,0.808520303282,0
0.1895,3.675,10,0.731726763518,0.12038483424,0.80847390582,0
0.19,3.675,10,0.731647334399,0.120511756523,0.808428128997,0
0.1905,3.675,10,0.731568475221,0.12063946326,0.808382985943,0
0.191,3.675,10,0.731490190588,0.120767959128,0.808338489788,0
0.1915,3.675,10,0.731412485105,0.120897248807,0.808294653662,0
0.192,3.675,10,0.731335363378,0.121027336977,0.808251490694,0
0.1925,3.675,10,0.731258830009,0.121158228316,0.808209014014,0
0.193,3.675,10,0.731182889605,0.121289927503,0.808167236753,0
0.1935,3.675,10,0.73110754677,0.121422439219,0.808126172041,0
0.194,3.675,10,0.731032806108,0.121555768141,0.808085833006,0
0.1945,3.675,10,0.730958672224,0.12168991895,0.80804623278,0
0.195,3.675,10,0.730885149723,0.121824896323,0.808007384492,0
0.1955,3.675,10,0.730812243209,0.121960704941,0.807969301271,0
0.196,3.675,10,0.730739957287,0.122097349483,0.807931996249,0
0.1965,3.675,10,0.730668296562,0.122234834627,0.807895482554,0
0.197,3.675,10,0.730597265638,0.122373165052,0.807859773317,0
0.1975,3.675,10,0.73052686912,0.122512345439,0.807824881667,0
0.198,3.675,10,0.730457111613,0.122652380466,0.807790820735,0
0.1985,3.675,10,0.730387997721,0.122793274812,0.80775760365,0
0.199,3.675,10,0.730319532049,0.122935033157,0.807725243542,0
0.182,3.68,10,0.733093889507,0.1184289614,0.809269096173,0
0.1825,3.68,10,0.733006256991,0.118544673911,0.809215506436,0
0.183,3.68,10,0.732919125812,0.118661100568,0.809162355186,0
0.1835,3.68,10,0.732832500574,0.118778246051,0.809109655555,0
0.184,3.68,10,0.732746385882,0.11889611504,0.80905742067,0
0.1845,3.68,10,0.73266078634,0.119014712213,0.809005663664,0
0.185,3.68,10,0.732575706553,0.11913404225,0.808954397664,0
0.1855,3.68,10,0.732491151126,0.11925410983,0.808903635802,0
0.186,3.68,10,0.732407124662,0.119374919631,0.808853391207,0
0.1865,3.68,10,0.732323631768,0.119496476334,0.808803677009,0
0.187,3.68,10,0.732240677048,0.119618784617,0.808754506337,0
0.1875,3.68,10,0.732158265105,0.119741849159,0.808705892323,0
0.188,3.68,10,0.732076400545,0.11986567464,0.808657848095,0
0.1885,3.68,10,0.731995087973,0.119990265739,0.808610386784,0
0.189,3.68,10,0.731914331993,0.120115627134,0.80856352152,0
0.1895,3.68,10,0.73183413721,0.120241763506,0.808517265432,0
0.19,3.68,10,0.731754508229,0.120368679532,0.80847163165,0
0.1905,3.68,10,0.731675449653,0.120496379893,0.808426633304,0
0.191,3.68,10,0.731596966088,0.120624869267,0.808382283525,0
0.1915,3.68,10,0.731519062139,0.120754152334,0.808338595441,0
0.192,3.68,10,0.73144174241,0.120884233773,0.808295582184,0
0.1925,3.68,10,0.731365011505,0.121015118262,0.808253256882,0
0.193,3.68,10,0.73128887403,0.121146810482,0.808211632666,0
0.1935,3.68,10,0.731213334589,0.12127931511,0.808170722665,0
0.194,3.68,10,0.731138397786,0.121412636827,0.808130540011,0
0.1945,3.68,10,0.731064068227,0.121546780312,0.808091097831,0
0.195,3.68,10,0.730990350515,0.121681750243,0.808052409257,0
0.1955,3.68,10,0.730917249257,0.1218175513,0.808014487418,0
0.196,3.68,10,0.730844769055,0.121954188162,0.807977345444,0
0.1965,3.68,10,0.730772914516,0.122091665508,0.807940996465,0
0.197,3.68,10,0.730701690243,0.122229988017,0.807905453611,0
0.1975,3.68,10,0.730631100841,0.122369160369,0.807870730012,0
0.198,3.68,10,0.730561150915,0.122509187242,0.807836838798,0
0.1985,3.68,10,0.73049184507,0.122650073316,0.807803793098,0
0.1825,3.685,10,0.73311661294,0.11840238749,0.809258787111,0
0.183,3.685,10,0.733029274779,0.118518809491,0.809205751939,0
0.1835,3.685,10,0.732942443024,0.1186359502,0.809153170052,0
0.184,3.685,10,0.732856122281,0.118753814295,0.80910105458,0
0.1845,3.685,10,0.732770317152,0.118872406456,0.809049418652,0
0.185,3.685,10,0.732685032244,0.118991731363,0.8089982754,0
0.1855,3.685,10,0.732600272161,0.119111793693,0.808947637951,0
0.186,3.685,10,0.732516041507,0.119232598127,0.808897519437,0
0.1865,3.685,10,0.732432344888,0.119354149344,0.808847932988,0
0.187,3.685,10,0.732349186907,0.119476452022,0.808798891732,0
0.1875,3.685,10,0.73226657217,0.119599510841,0.808750408801,0
0.188,3.685,10,0.732184505281,0.119723330481,0.808702497324,0
0.1885,3.685,10,0.732102990845,0.119847915619,0.80865517043,0
0.189,3.685,10,0.732022033466,0.119973270935,0.808608441251,0
0.1895,3.685,10,0.731941637749,0.120099401109,0.808562322915,0
0.19,3.685,10,0.731861808299,0.12022631082,0.808516828553,0
0.1905,3.685,10,0.73178254972,0.120354004746,0.808471971294,0
0.191,3.685,10,0.731703866617,0.120482487567,0.808427764269,0
0.1915,3.685,10,0.731625763595,0.120611763962,0.808384220607,0
0.192,3.685,10,0.731548245259,0.120741838611,0.808341353438,0
0.1925,3.685,10,0.731471316212,0.120872716191,0.808299175892,0
0.193,3.685,10,0.73139498106,0.121004401383,0.808257701099,0
0.1935,3.685,10,0.731319244407,0.121136898866,0.80821694219,0
0.194,3.685,10,0.731244110858,0.121270213319,0.808176912293,0
0.1945,3.685,10,0.731169585018,0.12140434942,0.808137624538,0
0.195,3.685,10,0.731095671491,0.12153931185,0.808099092057,0
0.1955,3.685,10,0.731022374881,0.121675105287,0.808061327978,0
0.196,3.685,10,0.730949699795,0.12181173441,0.808024345431,0
0.1965,3.685,10,0.730877650835,0.121949203899,0.807988157547,0
0.197,3.685,10,0.730806232607,0.122087518432,0.807952777454,0
0.1975,3.685,10,0.730735449716,0.122226682689,0.807918218284,0
0.1835,3.69,10,0.73305250854,0.118494358934,0.809198398459,0
0.184,3.69,10,0.732965981139,0.118612218077,0.809146398777,0
0.1845,3.69,10,0.732879969819,0.118730805167,0.809094880307,0
0.185,3.69,10,0.732794479184,0.118850124884,0.809043856179,0
0.1855,3.69,10,0.732709513839,0.118970181907,0.808993339523,0
0.186,3.69,10,0.732625078389,0.119090980914,0.808943343469,0
0.1865,3.69,10,0.732541177439,0.119212526585,0.808893881147,0
0.187,3.69,10,0.732457815592,0.1193348236,0.808844965685,0
0.1875,3.69,10,0.732374997455,0.119457876636,0.808796610216,0
0.188,3.69,10,0.73229272763,0.119581690374,0.808748827867,0
0.1885,3.69,10,0.732211010724,0.119706269493,0.80870163177,0
0.189,3.69,10,0.73212985134,0.119831618671,0.808655035054,0
0.1895,3.69,10,0.732049254084,0.119957742589,0.808609050849,0
0.19,3.69,10,0.73196922356,0.120084645924,0.808563692284,0
0.1905,3.69,10,0.731889764372,0.120212333356,0.808518972491,0
0.191,3.69,10,0.731810881126,0.120340809565,0.808474904598,0
0.1915,3.69,10,0.731732578425,0.120470079229,0.808431501736,0
0.192,3.69,10,0.731654860876,0.120600147028,0.808388777035,0
0.1925,3.69,10,0.731577733081,0.120731017641,0.808346743623,0
0.193,3.69,10,0.731501199646,0.120862695747,0.808305414632,0
0.1935,3.69,10,0.731425265176,0.120995186024,0.808264803192,0
0.194,3.69,10,0.731349934275,0.121128493153,0.808224922431,0
0.1945,3.69,10,0.731275211548,0.121262621813,0.808185785481,0
0.195,3.69,10,0.731201101599,0.121397576681,0.80814740547,0
0.1955,3.69,10,0.731127609033,0.121533362439,0.808109795529,0
0.196,3.69,10,0.731054738455,0.121669983764,0.808072968788,0
0.1965,3.69,10,0.73098249447,0.121807445336,0.808036938376,0
0.184,3.695,10,0.733075951408,0.118471321924,0.80919342584,0
0.1845,3.695,10,0.73298973329,0.118589903884,0.809142021206,0
0.185,3.695,10,0.732904036323,0.118709218352,0.809091112582,0
0.1855,3.695,10,0.732818865111,0.118829270007,0.809040713097,0
0.186,3.695,10,0.732734224259,0.118950063529,0.80899083588,0
0.1865,3.695,10,0.732650118371,0.119071603596,0.808941494063,0
0.187,3.695,10,0.732566552054,0.119193894887,0.808892700775,0
0.1875,3.695,10,0.73248352991,0.119316942082,0.808844469145,0
0.188,3.695,10,0.732401056544,0.11944074986,0.808796812304,0
0.1885,3.695,10,0.732319136562,0.1195653229,0.808749743381,0
0.189,3.695,10,0.732237774568,0.119690665881,0.808703275507,0
0.1895,3.695,10,0.732156975167,0.119816783482,0.808657421811,0
0.19,3.695,10,0.732076742962,0.119943680383,0.808612195423,0
0.1905,3.695,10,0.73199708256,0.120071361263,0.808567609473,0
0.191,3.695,10,0.731917998564,0.1201998308,0.808523677092,0
0.1915,3.695,10,0.73183949558,0.120329093674,0.808480411408,0
0.192,3.695,10,0.731761578211,0.120459154564,0.808437825552,0
0.1925,3.695,10,0.731684251063,0.12059001815,0.808395932654,0
0.193,3.695,10,0.731607518739,0.12072168911,0.808354745843,0
0.1935,3.695,10,0.731531385846,0.120854172123,0.80831427825,0
0.194,3.695,10,0.731455856987,0.120987471869,0.808274543004,0
0.1945,3.695,10,0.731380936767,0.121121593027,0.808235553236,0
0.195,3.695,10,0.731306629791,0.121256540276,0.808197322074,0
0.1955,3.695,10,0.731232940663,0.121392318295,0.80815986265,0
0.196,3.695,10,0.731159873989,0.121528931763,0.808123188093,0
0.1845,3.7,10,0.733099596517,0.118449698146,0.809190813927,0
0.185,3.7,10,0.733013692611,0.118569007306,0.809140017185,0
0.1855,3.7,10,0.732928314926,0.118689053534,0.809089731249,0
0.186,3.7,10,0.732843468066,0.118809841511,0.809039969249,0
0.1865,3.7,10,0.732759156637,0.118931375914,0.808990744316,0
0.187,3.7,10,0.732675385241,0.119053661423,0.808942069578,0
0.1875,3.7,10,0.732592158485,0.119176702717,0.808893958167,0
0.188,3.7,10,0.732509480973,0.119300504475,0.808846423211,0
0.1885,3.7,10,0.73242735731,0.119425071377,0.808799477842,0
0.189,3.7,10,0.7323457921,0.119550408102,0.808753135188,0
0.1895,3.7,10,0.732264789947,0.119676519328,0.808707408379,0
0.19,3.7,10,0.732184355457,0.119803409736,0.808662310547,0
0.1905,3.7,10,0.732104493234,0.119931084003,0.808617854819,0
0.191,3.7,10,0.732025207883,0.12005954681,0.808574054327,0
0.1915,3.7,10,0.731946504009,0.120188802835,0.8085309222,0
0.192,3.7,10,0.731868386215,0.120318856757,0.808488471568,0
0.1925,3.7,10,0.731790859107,0.120449713256,0.808446715561,0
0.193,3.7,10,0.73171392729,0.120581377011,0.808405667309,0
0.1935,3.7,10,0.731637595368,0.120713852701,0.808365339942,0
0.194,3.7,10,0.731561867945,0.120847145005,0.808325746589,0
0.1945,3.7,10,0.731486749627,0.120981258602,0.808286900382,0
0.195,3.7,10,0.731412245018,0.121116198172,0.808248814448,0
0.185,3.705,10,0.733123437,0.118429487283,0.809190542567,0
0.1855,3.705,10,0.733037852236,0.118549528026,0.809140366558,0
0.186,3.705,10,0.732952798763,0.118670310397,0.809090716154,0
0.1865,3.705,10,0.732868281185,0.118791839078,0.809041604482,0
0.187,3.705,10,0.732784304107,0.118914118745,0.808993044675,0
0.1875,3.705,10,0.732700872133,0.119037154079,0.80894504986,0
0.188,3.705,10,0.732617989868,0.119160949759,0.808897633169,0
0.1885,3.705,10,0.732535661917,0.119285510464,0.80885080773,0
0.189,3.705,10,0.732453892885,0.119410840873,0.808804586675,0
0.1895,3.705,10,0.732372687376,0.119536945665,0.808758983133,0
0.19,3.705,10,0.732292049994,0.11966382952,0.808714010233,0
0.1905,3.705,10,0.732211985345,0.119791497116,0.808669681106,0
0.191,3.705,10,0.732132498033,0.119919953133,0.808626008882,0
0.1915,3.705,10,0.732053592663,0.120049202249,0.80858300669,0
0.192,3.705,10,0.731975273839,0.120179249144,0.808540687661,0
0.1925,3.705,10,0.731897546166,0.120310098498,0.808499064924,0
0.193,3.705,10,0.731820414249,0.120441754989,0.808458151609,0
0.1935,3.705,10,0.731743882692,0.120574223296,0.808417960846,0
0.194,3.705,10,0.7316679561,0.120707508099,0.808378505766,0
0.186,3.71,10,0.733062205299,0.118531465728,0.809143049172,0
0.1865,3.71,10,0.732977480967,0.118652988626,0.809094047141,0
0.187,3.71,10,0.732893297599,0.118775262393,0.809045598642,0
0.1875,3.71,10,0.732809659802,0.118898291708,0.808997716802,0
0.188,3.71,10,0.732726572179,0.11902208125,0.808950414754,0
0.1885,3.71,10,0.732644039336,0.119146635698,0.808903705625,0
0.189,3.71,10,0.732562065875,0.119271959733,0.808857602547,0
0.1895,3.71,10,0.732480656404,0.119398058031,0.808812118649,0
0.19,3.71,10,0.732399815525,0.119524935274,0.808767267061,0
0.1905,3.71,10,0.732319547844,0.119652596139,0.808723060914,0
0.191,3.71,10,0.732239857965,0.119781045307,0.808679513336,0
0.1915,3.71,10,0.732160750493,0.119910287456,0.808636637458,0
0.192,3.71,10,0.732082230033,0.120040327265,0.808594446409,0
0.1925,3.71,10,0.732004301189,0.120171169414,0.80855295332,0
0.193,3.71,10,0.731926968566,0.120302818581,0.808512171321,0
0.1865,3.715,10,0.733086744933,0.118514820096,0.809148044871,0
0.187,3.715,10,0.733002354671,0.118637087903,0.809099704057,0
0.1875,3.715,10,0.732918510444,0.11876011114,0.809051931572,0
0.188,3.715,10,0.732835216857,0.118883894485,0.809004740544,0
0.1885,3.715,10,0.732752478515,0.119008442618,0.808958144104,0
0.189,3.715,10,0.732670300021,0.119133760218,0.808912155382,0
0.1895,3.715,10,0.732588685981,0.119259851964,0.808866787507,0
0.19,3.715,10,0.732507640999,0.119386722536,0.808822053609,0
0.1905,3.715,10,0.732427169681,0.119514376612,0.808777966819,0
0.191,3.715,10,0.732347276629,0.119642818871,0.808734540266,0
0.1915,3.715,10,0.73226796645,0.119772053993,0.80869178708,0
0.192,3.715,10,0.732189243748,0.119902086657,0.808649720391,0
0.1925,3.715,10,0.732111113128,0.120032921541,0.808608353328,0
0.187,3.72,10,0.733111464271,0.118499590815,0.8091553335,0
0.1875,3.72,10,0.73302741301,0.118622607914,0.809107666747,0
0.188,3.72,10,0.732943912853,0.118746385004,0.809060583119,0
0.1885,3.72,10,0.732860968406,0.118870926762,0.809014095745,0
0.189,3.72,10,0.732778584273,0.118996237869,0.808968217757,0
0.1895,3.72,10,0.732696765059,0.119122323003,0.808922962283,0
0.19,3.72,10,0.732615515368,0.119249186844,0.808878342454,0
0.1905,3.72,10,0.732534839806,0.119376834071,0.8088343714,0
0.191,3.72,10,0.732454742977,0.119505269363,0.80879106225,0
0.1915,3.72,10,0.732375229484,0.119634497399,0.808748428135,0
0.188,3.725,10,0.733052649117,0.118609548343,0.809117915055,0
0.1885,3.725,10,0.732969497959,0.118734083668,0.809071533127,0
0.189,3.725,10,0.732886907581,0.118859388222,0.809025762251,0
0.1895,3.725,10,0.732804882587,0.118985466685,0.808980615557,0
0.19,3.725,10,0.732723427582,0.119112323737,0.808936106175,0
0.1905,3.725,10,0.732642547171,0.119239964056,0.808892247235,0
0.1885,3.73,10,0.733078056126,0.118597908874,0.809130428827,0
0.189,3.73,10,0.732995258897,0.118723206817,0.809084761442,0
0.1895,3.73,10,0.732913027517,0.11884927855,0.809039719907,0
