candidate,vertex,w_R,w_P,w_U,acceptability
15,0,0.12154228478,0.87845771522,-1.11022302463e-16,0.00203937992596
15,1,0.0986995731568,0.901300426843,1.11022302463e-16,0.00203937992596
15,2,0.0706022376132,0.842495405189,0.0869023571974,0.00203937992596
15,3,0.0808779019642,0.849282000433,0.0698400976027,0.00203937992596
15,4,0.0904767956445,0.855789261014,0.0537339433417,0.00203937992596
15,5,0.0989855819547,0.861717321477,0.0392970965683,0.00203937992596
15,6,0.106556359945,0.867144618604,0.0262990214509,0.00203937992596
15,7,0.113314411991,0.872135659543,0.0145499284659,0.00203937992596
15,8,0.119363878466,0.876743966012,0.00389215552219,0.00203937992596
16,0,0.0986995731568,0.901300426843,1.11022302463e-16,0.0109226656896
16,1,0.0722257773218,0.927774222678,0,0.0109226656896
16,2,0,0.835040312198,0.164959687802,0.0109226656896
16,3,0,0.798727872709,0.201272127291,0.0109226656896
16,4,0.00822575530451,0.803608675866,0.188165568829,0.0109226656896
16,5,0.0271800152703,0.815079023324,0.157740961405,0.0109226656896
16,6,0.0434945319643,0.82516130771,0.131344160326,0.0109226656896
16,7,0.0576461455779,0.834103807882,0.10825004654,0.0109226656896
16,8,0.0700036221768,0.842098423021,0.087897954802,0.0109226656896
16,9,0.0706022376132,0.842495405189,0.0869023571974,0.0109226656896
17,0,0.0722257773218,0.927774222678,0,0.00780857961613
17,1,0.047309489862,0.952690510138,0,0.00780857961613
17,2,0,0.913214831229,0.0867851687714,0.00780857961613
17,3,0,0.835040312198,0.164959687802,0.00780857961613
18,0,0.047309489862,0.952690510138,-1.11022302463e-16,0.00322790601112
18,1,0.0238111816138,0.976188818386,-1.11022302463e-16,0.00322790601112
18,2,0,0.96313261285,0.0368673871495,0.00322790601112
18,3,0,0.913214831229,0.0867851687714,0.00322790601112
19,0,0.0238111816138,0.976188818386,1.11022302463e-16,0.000874366244812
19,1,0.00160765276182,0.998392347238,0,0.000874366244812
19,2,0,0.997829253733,0.00217074626668,0.000874366244812
19,3,0,0.96313261285,0.0368673871495,0.000874366244812
20,0,0.00160765276182,0.998392347238,0,3.48980623084e-06
20,1,0,1,0,3.48980623084e-06
20,2,0,0.997829253733,0.00217074626668,3.48980623084e-06
28,0,0.130604218694,0.869395781306,0,3.52704561232e-05
28,1,0.12154228478,0.87845771522,0,3.52704561232e-05
28,2,0.119363878466,0.876743966012,0.00389215552219,3.52704561232e-05
29,0,0.155247318411,0.844752681589,0,0.000454806867664
29,1,0.130604218694,0.869395781306,0,0.000454806867664
29,2,0.119363878466,0.876743966012,0.00389215552219,0.000454806867664
29,3,0.113314411991,0.872135659543,0.0145499284659,0.000454806867664
30,0,0.182173054953,0.817826945047,0,0.00110246496573
30,1,0.155247318411,0.844752681589,0,0.00110246496573
30,2,0.113314411991,0.872135659543,0.0145499284659,0.00110246496573
30,3,0.106556359945,0.867144618604,0.0262990214509,0.00110246496573
31,0,0.211675758347,0.788324241653,0,0.00194313801335
31,1,0.182173054953,0.817826945047,0,0.00194313801335
31,2,0.106556359945,0.867144618604,0.0262990214509,0.00194313801335
31,3,0.0989855819547,0.861717321477,0.0392970965683,0.00194313801335
32,0,0.218765021517,0.781234978483,1.11022302463e-16,0.00281629819893
32,1,0.211675758347,0.788324241653,0,0.00281629819893
32,2,0.0989855819547,0.861717321477,0.0392970965683,0.00281629819893
32,3,0.0904767956445,0.855789261014,0.0537339433417,0.00281629819893
32,4,0.219379782369,0.771972623238,0.00864759439232,0.00281629819893
32,5,0.219159571768,0.775983162642,0.00485726558949,0.00281629819893
33,0,0.219379782369,0.771972623238,0.00864759439232,0.00339453780376
33,1,0.0904767956445,0.855789261014,0.0537339433417,0.00339453780376
33,2,0.0808779019642,0.849282000433,0.0698400976027,0.00339453780376
33,3,0.219956037895,0.75901582347,0.0210281386351,0.00339453780376
33,4,0.219854326947,0.762815539135,0.0173301339179,0.00339453780376
33,5,0.219539124205,0.769577576048,0.0108832997472,0.00339453780376
34,0,0.219956037895,0.75901582347,0.0210281386351,0.00409057712934
34,1,0.0808779019642,0.849282000433,0.0698400976027,0.00409057712934
34,2,0.0706022376133,0.842495405189,0.0869023571973,0.00409057712934
34,3,0.0700036221768,0.842098423021,0.087897954802,0.00409057712934
34,4,0.220222738547,0.74480696221,0.0349702992427,0.00409057712934
34,5,0.220225035154,0.748112759324,0.0316622055224,0.00409057712934
34,6,0.220083738392,0.75567270743,0.0242435541775,0.00409057712934
35,0,0.220222738547,0.74480696221,0.0349702992427,0.00496287492982
35,1,0.0700036221768,0.842098423021,0.087897954802,0.00496287492982
35,2,0.0576461455779,0.834103807882,0.10825004654,0.00496287492982
35,3,0.220132393298,0.729122107356,0.0507454993456,0.00496287492982
35,4,0.220199753288,0.731585480129,0.0482147665831,0.00496287492982
35,5,0.220272195364,0.740096182778,0.0396316218576,0.00496287492982
36,0,0.220132393298,0.729122107356,0.0507454993456,0.0060697124208
36,1,0.0576461455779,0.834103807882,0.10825004654,0.0060697124208
36,2,0.0434945319643,0.82516130771,0.131344160326,0.0060697124208
36,3,0.219624662625,0.711681963583,0.0686933737921,0.0060697124208
36,4,0.219687243413,0.712861817673,0.0674509389139,0.0060697124208
36,5,0.220023900455,0.722520577783,0.0574555217618,0.0060697124208
37,0,0.219624662625,0.711681963583,0.0686933737921,0.00749428931565
37,1,0.0434945319643,0.82516130771,0.131344160326,0.00749428931565
37,2,0.0271800152704,0.815079023324,0.157740961405,0.00749428931565
37,3,0.218610782641,0.692140677647,0.0892485397115,0.00749428931565
37,4,0.219235703941,0.702521847663,0.0782424483957,0.00749428931565
38,0,0.218610782641,0.692140677647,0.0892485397115,0.00935713817757
38,1,0.0271800152704,0.815079023324,0.157740961405,0.00935713817757
38,2,0.00822575530451,0.803608675866,0.188165568829,0.00935713817757
38,3,0.216972435537,0.670056158249,0.112971406214,0.00935713817757
38,4,0.217772934904,0.679541375963,0.102685689134,0.00935713817757
38,5,0.218576322416,0.691453776604,0.0899699009794,0.00935713817757
39,0,0.216972435537,0.670056158249,0.112971406214,0.0115965043697
39,1,0.0082257553045,0.803608675866,0.188165568829,0.0115965043697
39,2,0,0.798727872709,0.201272127291,0.0115965043697
39,3,0,0.781508740023,0.218491259977,0.0115965043697
39,4,0.214596892114,0.644823349058,0.140579758828,0.0115965043697
39,5,0.215455845827,0.652828560417,0.131715593756,0.0115965043697
39,6,0.216722394207,0.666712183937,0.116565421856,0.0115965043697
40,0,0.214596892114,0.644823349058,0.140579758828,0.0134707927899
40,1,0,0.781508740023,0.218491259977,0.0134707927899
40,2,0,0.749532330943,0.250467669057,0.0134707927899
40,3,0.211304882382,0.615654200508,0.173040917109,0.0134707927899
40,4,0.212038465834,0.621351207309,0.166610326856,0.0134707927899
40,5,0.213904131476,0.637764188519,0.148331680006,0.0134707927899
41,0,0.211304882382,0.615654200508,0.173040917109,0.0156492433679
41,1,0,0.749532330943,0.250467669057,0.0156492433679
41,2,0,0.711699258729,0.288300741271,0.0156492433679
41,3,0.206850960508,0.581474800185,0.211674239306,0.0156492433679
41,4,0.207174385388,0.583650511291,0.209175103321,0.0156492433679
41,5,0.209831523726,0.603387387572,0.186781088702,0.0156492433679
42,0,0.206850960508,0.581474800185,0.211674239306,0.0183225785344
42,1,0,0.711699258729,0.288300741271,0.0183225785344
42,2,0,0.666275264788,0.333724735212,0.0183225785344
42,3,0.200853125081,0.5408057896,0.258341085319,0.0183225785344
42,4,0.204089513364,0.561827054149,0.234083432488,0.0183225785344
43,0,0.200853125081,0.5408057896,0.258341085319,0.0216282349964
43,1,0,0.666275264788,0.333724735212,0.0216282349964
43,2,0,0.610765290203,0.389234709797,0.0216282349964
43,3,0.192804483679,0.491481814216,0.315713702105,0.0216282349964
43,4,0.19606169727,0.510471830101,0.293466472629,0.0216282349964
43,5,0.200382025004,0.537590665851,0.262027309145,0.0216282349964
44,0,0.192804483679,0.491481814216,0.315713702105,0.0257291366811
44,1,0,0.610765290203,0.389234709797,0.0257291366811
44,2,0,0.541444933132,0.458555066868,0.0257291366811
44,3,0.181977997475,0.430234704127,0.387787298398,0.0257291366811
44,4,0.184790497767,0.445259338531,0.369950163702,0.0257291366811
44,5,0.190902676562,0.47993558881,0.329161734628,0.0257291366811
45,0,0.181977997475,0.430234704127,0.387787298398,0.0307791788462
45,1,0,0.541444933132,0.458555066868,0.0307791788462
45,2,0,0.452496998148,0.547503001852,0.0307791788462
45,3,0.16718590765,0.351957952163,0.480856140187,0.0307791788462
45,4,0.168702130305,0.359507025521,0.471790844174,0.0307791788462
45,5,0.177503805556,0.405521431199,0.416974763245,0.0307791788462
46,0,0.16718590765,0.351957952163,0.480856140187,0.0367687730737
46,1,0,0.452496998148,0.547503001852,0.0367687730737
46,2,0,0.334301353952,0.665698646048,0.0367687730737
46,3,0.146398592673,0.248171682974,0.605429724353,0.0367687730737
46,4,0.158118912331,0.305555216219,0.53632587145,0.0367687730737
47,0,0.146398592673,0.248171682974,0.605429724353,0.0429190642334
47,1,0,0.334301353952,0.665698646048,0.0429190642334
47,2,0,0.169720233085,0.830279766915,0.0429190642334
47,3,0.115986361121,0.103598035367,0.780415603512,0.0429190642334
47,4,0.128926306327,0.163768584153,0.70730510952,0.0429190642334
47,5,0.145046342753,0.241394977538,0.613558679709,0.0429190642334
48,0,0,0,1,0.0290234726097
48,1,0.074742553205,0,0.925257446795,0.0290234726097
48,2,0.0980559895145,0.0201602085764,0.881783801909,0.0290234726097
48,3,0.108445416045,0.0678756114774,0.823678972477,0.0290234726097
48,4,0.115986361121,0.103598035367,0.780415603512,0.0290234726097
48,5,0,0.169720233085,0.830279766915,0.0290234726097
198,0,0.700009834874,0,0.299990165126,4.45000145847e-05
198,1,0.704255389836,0,0.295744610164,4.45000145847e-05
198,2,0.700109305394,0.0104815542318,0.289409140374,4.45000145847e-05
215,0,0.682173213452,0.055234271294,0.262592515254,2.03847351548e-05
215,1,0.683870298592,0.0459025573122,0.270227144096,2.03847351548e-05
215,2,0.686139972108,0.0453843667275,0.268475661165,2.03847351548e-05
215,3,0.683020481804,0.0531516369546,0.263827881242,2.03847351548e-05
216,0,0.692531470477,0,0.307468529523,0.000806001048878
216,1,0.700009834874,0,0.299990165126,0.000806001048878
216,2,0.700109305394,0.0104815542318,0.289409140374,0.000806001048878
216,3,0.699460236309,0.0121418464426,0.288397917249,0.000806001048878
216,4,0.691141498429,0.0330019674914,0.275856534079,0.000806001048878
216,5,0.686139972108,0.0453843667275,0.268475661165,0.000806001048878
216,6,0.683870298592,0.0459025573122,0.270227144096,0.000806001048878
216,7,0.683493080417,0.0345146544395,0.281992265144,0.000806001048878
216,8,0.689495929952,0.000616418917677,0.30988765113,0.000806001048878
217,0,0.689479096341,0,0.310520903659,1.8815411616e-06
217,1,0.692531470477,0,0.307468529523,1.8815411616e-06
217,2,0.689495929952,0.000616418917677,0.30988765113,1.8815411616e-06
232,0,0.666190711148,0.0942899380031,0.239519350849,6.07313174223e-05
232,1,0.668758419937,0.0790028618991,0.252238718164,6.07313174223e-05
232,2,0.672880190949,0.0780227048273,0.249097104224,6.07313174223e-05
232,3,0.667656245009,0.0907617215295,0.241582033462,6.07313174223e-05
233,0,0.683493080417,0.0345146544395,0.281992265144,0.000845921094283
233,1,0.683870298592,0.0459025573122,0.270227144096,0.000845921094283
233,2,0.682173213452,0.055234271294,0.262592515254,0.000845921094283
233,3,0.679714393068,0.0613177471175,0.258967859815,0.000845921094283
233,4,0.675417817035,0.0718696596627,0.252712523303,0.000845921094283
233,5,0.672880190949,0.0780227048273,0.249097104224,0.000845921094283
233,6,0.668758419937,0.0790028618991,0.252238718164,0.000845921094283
233,7,0.668164547158,0.0686682511096,0.263167201732,0.000845921094283
233,8,0.673382622397,0.0366786020416,0.289938775562,0.000845921094283
234,0,0.676666119336,0,0.323333880664,0.000872374612592
234,1,0.689479096341,0,0.310520903659,0.000872374612592
234,2,0.689495929952,0.000616418917678,0.30988765113,0.000872374612592
234,3,0.683493080417,0.0345146544395,0.281992265144,0.000872374612592
234,4,0.673382622397,0.0366786020416,0.289938775562,0.000872374612592
234,5,0.672764024751,0.0246649494684,0.302571025781,0.000872374612592
249,0,0.65192787361,0.12852200801,0.219550118379,9.3371037e-05
249,1,0.65470967602,0.110436911442,0.234853412538,9.3371037e-05
249,2,0.660064438226,0.109115723903,0.23081983787,9.3371037e-05
249,3,0.652864926473,0.126312256495,0.220822817032,9.3371037e-05
250,0,0.668164547158,0.0686682511096,0.263167201732,0.00081193320835
250,1,0.668758419937,0.0790028618991,0.252238718164,0.00081193320835
250,2,0.666190711148,0.0942899380031,0.239519350849,0.00081193320835
250,3,0.661036083511,0.106785538124,0.232178378365,0.00081193320835
250,4,0.66029745906,0.108562288428,0.231140252512,0.00081193320835
250,5,0.660064438226,0.109115723903,0.23081983787,0.00081193320835
250,6,0.65470967602,0.110436911442,0.234853412538,0.00081193320835
250,7,0.653935891214,0.101062811845,0.245001296941,0.00081193320835
250,8,0.658434357638,0.0708508898142,0.270714752548,0.00081193320835
251,0,0.672764024751,0.0246649494684,0.302571025781,0.00102997318607
251,1,0.673382622397,0.0366786020416,0.289938775562,0.00102997318607
251,2,0.668164547158,0.0686682511096,0.263167201732,0.00102997318607
251,3,0.658434357638,0.0708508898142,0.270714752548,0.00102997318607
251,4,0.657602960643,0.0599698089537,0.282427230404,0.00102997318607
251,5,0.662386295952,0.0267314614627,0.310882242586,0.00102997318607
252,0,0.663444295915,0,0.336555704085,0.000638587868516
252,1,0.676666119336,0,0.323333880664,0.000638587868516
252,2,0.672764024751,0.0246649494684,0.302571025781,0.000638587868516
252,3,0.662386295952,0.0267314614627,0.310882242586,0.000638587868516
252,4,0.661495430586,0.0140352030679,0.324469366347,0.000638587868516
267,0,0.639069833682,0.158887764416,0.202042401901,0.000107292599112
267,1,0.641660547519,0.140304064555,0.218035387926,0.000107292599112
267,2,0.647606505568,0.138786960207,0.213606534225,0.000107292599112
267,3,0.645638604593,0.14348836804,0.210873027367,0.000107292599112
267,4,0.64407586109,0.147174355216,0.208749783694,0.000107292599112
268,0,0.653935891214,0.101062811845,0.245001296941,0.00075210017662
268,1,0.65470967602,0.110436911442,0.234853412538,0.00075210017662
268,2,0.65192787361,0.12852200801,0.219550118379,0.00075210017662
268,3,0.647606505568,0.138786960207,0.213606534225,0.00075210017662
268,4,0.641660547519,0.140304064555,0.218035387926,0.00075210017662
268,5,0.640739371603,0.131806396104,0.227454232293,0.00075210017662
268,6,0.644577420449,0.103252516059,0.252170063492,0.00075210017662
269,0,0.657602960643,0.0599698089537,0.282427230404,0.0009265980425
269,1,0.658434357638,0.0708508898142,0.270714752548,0.0009265980425
269,2,0.653935891214,0.101062811845,0.245001296941,0.0009265980425
269,3,0.644577420449,0.103252516059,0.252170063492,0.0009265980425
269,4,0.643571683036,0.0934014932082,0.263026823756,0.0009265980425
269,5,0.647624753945,0.0620679993637,0.290307246691,0.0009265980425
270,0,0.661495430586,0.0140352030679,0.324469366347,0.00111320003854
270,1,0.662386295952,0.0267314614627,0.310882242586,0.00111320003854
270,2,0.657602960643,0.0599698089537,0.282427230404,0.00111320003854
270,3,0.647624753945,0.0620679993637,0.290307246691,0.00111320003854
270,4,0.646526810725,0.0505927477989,0.302880441476,0.00111320003854
270,5,0.650824733445,0.0159939968199,0.333181269736,0.00111320003854
271,0,0.649929736824,0,0.350070263176,0.000369238529999
271,1,0.663444295915,0,0.336555704085,0.000369238529999
271,2,0.661495430586,0.0140352030679,0.324469366347,0.000369238529999
271,3,0.650824733445,0.0159939968199,0.333181269736,0.000369238529999
271,4,0.649626137203,0.00255081127665,0.347823051521,0.000369238529999
284,0,0.630581268701,0.178695376427,0.190723354871,8.39524125771e-05
284,1,0.628327888277,0.178515232251,0.193156879472,8.39524125771e-05
284,2,0.629552638128,0.168695905513,0.201751456359,8.39524125771e-05
284,3,0.635538943046,0.167120955499,0.197340101455,8.39524125771e-05
284,4,0.631673583346,0.176170456496,0.192155960158,8.39524125771e-05
285,0,0.640739371603,0.131806396104,0.227454232293,0.000684582167236
285,1,0.641660547519,0.140304064555,0.218035387926,0.000684582167236
285,2,0.639069833682,0.158887764416,0.202042401901,0.000684582167236
285,3,0.638606177941,0.159980873797,0.201412948263,0.000684582167236
285,4,0.635538943046,0.167120955499,0.197340101455,0.000684582167236
285,5,0.629552638128,0.168695905513,0.201751456359,0.000684582167236
285,6,0.628512857272,0.160998365109,0.210488777619,0.000684582167236
285,7,0.631744342941,0.133992871046,0.234262786013,0.000684582167236
286,0,0.643571683036,0.0934014932082,0.263026823756,0.000834009538817
286,1,0.644577420449,0.103252516059,0.252170063492,0.000834009538817
286,2,0.640739371603,0.131806396104,0.227454232293,0.000834009538817
286,3,0.631744342941,0.133992871046,0.234262786013,0.000834009538817
286,4,0.630598130128,0.125079321339,0.244322548533,0.000834009538817
286,5,0.633983580768,0.0955179138219,0.27049850541,0.000834009538817
287,0,0.646526810725,0.0505927477989,0.302880441476,0.000998492083914
287,1,0.647624753945,0.0620679993637,0.290307246691,0.000998492083914
287,2,0.643571683036,0.0934014932082,0.263026823756,0.000998492083914
287,3,0.633983580768,0.0955179138219,0.27049850541,0.000998492083914
287,4,0.632718763144,0.0851500004356,0.282131236421,0.000998492083914
287,5,0.636277153282,0.0525980944922,0.311124752226,0.000998492083914
288,0,0.649626137203,0.00255081127665,0.347823051521,0.00120698843315
288,1,0.650824733445,0.0159939968199,0.333181269736,0.00120698843315
288,2,0.646526810725,0.0505927477989,0.302880441476,0.00120698843315
288,3,0.636277153282,0.0525980944922,0.311124752226,0.00120698843315
288,4,0.634879512503,0.040474936483,0.324645551014,0.00120698843315
288,5,0.638633591514,0.00438988192912,0.356976526556,0.00120698843315
289,0,0.638157395586,0,0.361842604414,7.91607564088e-05
289,1,0.649929736824,0,0.350070263176,7.91607564088e-05
289,2,0.649626137203,0.00255081127665,0.347823051521,7.91607564088e-05
289,3,0.638633591514,0.00438988192912,0.356976526556,7.91607564088e-05
302,0,0.628512857272,0.160998365109,0.210488777619,0.000319410852904
302,1,0.629552638128,0.168695905513,0.201751456359,0.000319410852904
302,2,0.628327888277,0.178515232251,0.193156879472,0.000319410852904
302,3,0.623674909294,0.17826304385,0.198062046856,0.000319410852904
302,4,0.618325822258,0.177962971718,0.203711206024,0.000319410852904
302,5,0.619873289282,0.163172480835,0.216954229883,0.000319410852904
303,0,0.630598130128,0.125079321339,0.244322548533,0.000750953314212
303,1,0.631744342941,0.133992871046,0.234262786013,0.000750953314212
303,2,0.628512857272,0.160998365109,0.210488777619,0.000750953314212
303,3,0.619873289282,0.163172480835,0.216954229883,0.000750953314212
303,4,0.618616421827,0.155112657608,0.226270920565,0.000750953314212
303,5,0.621391030034,0.127202093809,0.251406876157,0.000750953314212
304,0,0.632718763144,0.0851500004356,0.282131236421,0.000896127831642
304,1,0.633983580768,0.0955179138219,0.27049850541,0.000896127831642
304,2,0.630598130128,0.125079321339,0.244322548533,0.000896127831642
304,3,0.621391030034,0.127202093809,0.251406876157,0.000896127831642
304,4,0.61999453946,0.117839230846,0.262166229694,0.000896127831642
304,5,0.6228796951,0.0871863192877,0.289933985613,0.000896127831642
305,0,0.634879512503,0.040474936483,0.324645551014,0.00107918573845
305,1,0.636277153282,0.0525980944922,0.311124752226,0.00107918573845
305,2,0.632718763144,0.0851500004356,0.282131236421,0.00107918573845
305,3,0.6228796951,0.0871863192877,0.289933985613,0.00107918573845
305,4,0.621324959072,0.0762566759656,0.302418364962,0.00107918573845
305,5,0.624332150006,0.0423776660107,0.333290183983,0.00107918573845
306,0,0.625058769582,0,0.374941230418,0.00109228368962
306,1,0.638157395586,0,0.361842604414,0.00109228368962
306,2,0.638633591514,0.00438988192912,0.356976526556,0.00109228368962
306,3,0.634879512503,0.040474936483,0.324645551014,0.00109228368962
306,4,0.624332150006,0.0423776660107,0.333290183983,0.00109228368962
306,5,0.622596797106,0.0295458287686,0.347857374125,0.00109228368962
321,0,0.618616421827,0.155112657608,0.226270920565,0.000442277904437
321,1,0.619873289282,0.163172480835,0.216954229883,0.000442277904437
321,2,0.618325822258,0.177962971718,0.203711206024,0.000442277904437
321,3,0.608066835701,0.17764299117,0.214290173129,0.000442277904437
321,4,0.609781560519,0.157231273098,0.232987166382,0.000442277904437
322,0,0.61999453946,0.117839230846,0.262166229694,0.000804624369688
322,1,0.621391030034,0.127202093809,0.251406876157,0.000804624369688
322,2,0.618616421827,0.155112657608,0.226270920565,0.000804624369688
322,3,0.609781560519,0.157231273098,0.232987166382,0.000804624369688
322,4,0.608284218104,0.148781259303,0.242934522593,0.000804624369688
322,5,0.610555980439,0.11989279968,0.269551219881,0.000804624369688
323,0,0.621324959072,0.0762566759656,0.302418364962,0.000965580265972
323,1,0.6228796951,0.0871863192877,0.289933985613,0.000965580265972
323,2,0.61999453946,0.117839230846,0.262166229694,0.000965580265972
323,3,0.610555980439,0.11989279968,0.269551219881,0.000965580265972
323,4,0.608880650429,0.110043265574,0.281076083997,0.000965580265972
323,5,0.611211094733,0.0782049759231,0.310583929344,0.000965580265972
324,0,0.622596797106,0.0295458287686,0.347857374125,0.00117012030743
324,1,0.624332150006,0.0423776660107,0.333290183983,0.00117012030743
324,2,0.621324959072,0.0762566759656,0.302418364962,0.00117012030743
324,3,0.611211094733,0.0782049759231,0.310583929344,0.00117012030743
324,4,0.609331256795,0.0666631118654,0.32400563134,0.00117012030743
324,5,0.611722194046,0.031334525251,0.356943280703,0.00117012030743
325,0,0.610705730507,0,0.389294269493,0.000819137565542
325,1,0.625058769582,0,0.374941230418,0.000819137565542
325,2,0.622596797106,0.0295458287686,0.347857374125,0.000819137565542
325,3,0.611722194046,0.031334525251,0.356943280703,0.000819137565542
325,4,0.609605357774,0.0177249885682,0.372669653658,0.000819137565542
339,0,0.608284218104,0.148781259303,0.242934522593,0.000586802398056
339,1,0.609781560519,0.157231273098,0.232987166382,0.000586802398056
339,2,0.608066835701,0.17764299117,0.214290173129,0.000586802398056
339,3,0.597556478502,0.177569890945,0.224873630553,0.000586802398056
339,4,0.599236481941,0.15083997139,0.24992354667,0.000586802398056
340,0,0.608880650429,0.110043265574,0.281076083997,0.000864408281387
340,1,0.610555980439,0.11989279968,0.269551219881,0.000864408281387
340,2,0.608284218104,0.148781259303,0.242934522593,0.000864408281387
340,3,0.599236481941,0.15083997139,0.24992354667,0.000864408281387
340,4,0.59747231545,0.14196870339,0.260558981159,0.000864408281387
340,5,0.599189039696,0.112021256868,0.288789703436,0.000864408281387
341,0,0.609331256795,0.0666631118654,0.32400563134,0.00104352554065
341,1,0.611211094733,0.0782049759231,0.310583929344,0.00104352554065
341,2,0.608880650429,0.110043265574,0.281076083997,0.00104352554065
341,3,0.599189039696,0.112021256868,0.288789703436,0.00104352554065
341,4,0.597202440845,0.101643162903,0.301154396252,0.00104352554065
341,5,0.598915873945,0.0685141720067,0.332569954049,0.00104352554065
342,0,0.609605357774,0.0177249885682,0.372669653658,0.00127303522831
342,1,0.611722194046,0.031334525251,0.356943280703,0.00127303522831
342,2,0.609331256795,0.0666631118654,0.32400563134,0.00127303522831
342,3,0.598915873945,0.0685141720067,0.332569954049,0.00127303522831
342,4,0.596670637746,0.0563030096127,0.347026352642,0.00127303522831
342,5,0.598370142141,0.0193862682418,0.382243589617,0.00127303522831
343,0,0.596019347176,0,0.403980652824,0.000497438144164
343,1,0.610705730507,0,0.389294269493,0.000497438144164
343,2,0.609605357774,0.0177249885682,0.372669653658,0.000497438144164
343,3,0.598370142141,0.0193862682418,0.382243589617,0.000497438144164
343,4,0.59582119993,0.00492029297235,0.399258507098,0.000497438144164
358,0,0.59747231545,0.14196870339,0.260558981159,0.000747306221948
358,1,0.599236481941,0.15083997139,0.24992354667,0.000747306221948
358,2,0.597556478502,0.177569890945,0.224873630553,0.000747306221948
358,3,0.588305526166,0.177723989675,0.23397048416,0.000747306221948
358,4,0.587032427536,0.172155184851,0.240812387613,0.000747306221948
358,5,0.588192178559,0.143962419466,0.267845401976,0.000747306221948
359,0,0.597202440845,0.101643162903,0.301154396252,0.000931236737782
359,1,0.599189039696,0.112021256868,0.288789703436,0.000931236737782
359,2,0.59747231545,0.14196870339,0.260558981159,0.000931236737782
359,3,0.588192178559,0.143962419466,0.267845401976,0.000931236737782
359,4,0.586131408554,0.134635209325,0.27923338212,0.000931236737782
359,5,0.587233641172,0.103538171898,0.30922818693,0.000931236737782
360,0,0.596670637746,0.0563030096127,0.347026352642,0.00113135337908
360,1,0.598915873945,0.0685141720067,0.332569954049,0.00113135337908
360,2,0.597202440845,0.101643162903,0.301154396252,0.00113135337908
360,3,0.587233641172,0.103538171898,0.30922818693,0.00113135337908
360,4,0.584898819269,0.0925843768666,0.322516803865,0.00113135337908
360,5,0.585923648212,0.0580460545923,0.356030297195,0.00113135337908
361,0,0.59582119993,0.00492029297235,0.399258507098,0.00139004329035
361,1,0.598370142141,0.0193862682418,0.382243589617,0.00139004329035
361,2,0.596670637746,0.0563030096127,0.347026352642,0.00139004329035
361,3,0.585923648212,0.0580460545923,0.356030297195,0.00139004329035
361,4,0.583266670917,0.0451007999568,0.371632529126,0.00139004329035
361,5,0.584187489165,0.00643840098949,0.409374109846,0.00139004329035
362,0,0.5829176305,0,0.4170823695,0.00014129456201
362,1,0.596019347176,0,0.403980652824,0.00014129456201
362,2,0.59582119993,0.00492029297235,0.399258507098,0.00014129456201
362,3,0.584187489165,0.00643840098949,0.409374109846,0.00014129456201
376,0,0.587032427536,0.172155184851,0.240812387613,9.2612192456e-05
376,1,0.588305526166,0.177723989675,0.23397048416,9.2612192456e-05
376,2,0.5780557913,0.178119549491,0.243824659208,9.2612192456e-05
376,3,0.578153466154,0.174152317185,0.247694216661,9.2612192456e-05
377,0,0.586131408554,0.134635209325,0.27923338212,0.000831447132573
377,1,0.588192178559,0.143962419466,0.267845401976,0.000831447132573
377,2,0.587032427536,0.172155184851,0.240812387613,0.000831447132573
377,3,0.578153466154,0.174152317185,0.247694216661,0.000831447132573
377,4,0.576046662097,0.165774824239,0.258178513664,0.000831447132573
377,5,0.576597110318,0.13655802583,0.286844863852,0.000831447132573
378,0,0.584898819269,0.0925843768666,0.322516803865,0.00100622053511
378,1,0.587233641172,0.103538171898,0.30922818693,0.00100622053511
378,2,0.586131408554,0.134635209325,0.27923338212,0.00100622053511
378,3,0.576597110318,0.13655802583,0.286844863852,0.00100622053511
378,4,0.574205966396,0.126736005854,0.29905802775,0.00100622053511
378,5,0.574625744382,0.0943877755354,0.330986480082,0.00100622053511
379,0,0.583266670917,0.0451007999568,0.371632529126,0.00123074064713
379,1,0.585923648212,0.0580460545923,0.356030297195,0.00123074064713
379,2,0.584898819269,0.0925843768666,0.322516803865,0.00123074064713
379,3,0.574625744382,0.0943877755354,0.330986480082,0.00123074064713
379,4,0.571900426593,0.0828050200191,0.345294553388,0.00123074064713
379,5,0.572154048288,0.0467231914508,0.381122760261,0.00123074064713
380,0,0.569064611965,0,0.430935388035,0.00130742785412
380,1,0.5829176305,0,0.4170823695,0.00130742785412
380,2,0.584187489165,0.00643840098949,0.409374109846,0.00130742785412
380,3,0.583266670917,0.0451007999568,0.371632529126,0.00130742785412
380,4,0.572154048288,0.0467231914508,0.381122760261,0.00130742785412
380,5,0.569031797649,0.0329699617926,0.397998240558,0.00130742785412
394,0,0.576046662097,0.165774824239,0.258178513664,0.000249104790819
394,1,0.578153466154,0.174152317185,0.247694216661,0.000249104790819
394,2,0.5780557913,0.178119549491,0.243824659208,0.000249104790819
394,3,0.566914353393,0.178802792484,0.254282854123,0.000249104790819
394,4,0.566935353186,0.167711269642,0.265353377172,0.000249104790819
395,0,0.574205966396,0.126736005854,0.29905802775,0.000895472751732
395,1,0.576597110318,0.13655802583,0.286844863852,0.000895472751732
395,2,0.576046662097,0.165774824239,0.258178513664,0.000895472751732
395,3,0.566935353186,0.167711269642,0.265353377172,0.000895472751732
395,4,0.564516369132,0.15890892875,0.276574702118,0.000895472751732
395,5,0.564393166789,0.128581061179,0.307025772032,0.000895472751732
396,0,0.571900426593,0.0828050200191,0.345294553388,0.001090691481
396,1,0.574625744382,0.0943877755354,0.330986480082,0.001090691481
396,2,0.574205966396,0.126736005854,0.29905802775,0.001090691481
396,3,0.564393166789,0.128581061179,0.307025772032,0.001090691481
396,4,0.561633214717,0.118220521777,0.320146263506,0.001090691481
396,5,0.561292555746,0.0845067215958,0.354200722658,0.001090691481
397,0,0.569031797649,0.0329699617926,0.397998240558,0.00134372369849
397,1,0.572154048288,0.0467231914508,0.381122760261,0.00134372369849
397,2,0.571900426593,0.0828050200191,0.345294553388,0.00134372369849
397,3,0.561292555746,0.0845067215958,0.354200722658,0.00134372369849
397,4,0.558128185905,0.0722345832941,0.369637230801,0.00134372369849
397,5,0.557514882236,0.0344568161752,0.408028301588,0.00134372369849
398,0,0.553420389044,0,0.446579610956,0.0009845016951
398,1,0.569064611965,0,0.430935388035,0.0009845016951
398,2,0.569031797649,0.0329699617926,0.397998240558,0.0009845016951
398,3,0.557514882236,0.0344568161752,0.408028301588,0.0009845016951
398,4,0.553865227946,0.0198109605172,0.426323811537,0.0009845016951
413,0,0.564516369132,0.15890892875,0.276574702118,0.000433659149577
413,1,0.566935353186,0.167711269642,0.265353377172,0.000433659149577
413,2,0.566914353393,0.178802792484,0.254282854123,0.000433659149577
413,3,0.555558004134,0.179751667781,0.264690328085,0.000433659149577
413,4,0.555150887427,0.16077927657,0.284069836003,0.000433659149577
414,0,0.561633214717,0.118220521777,0.320146263506,0.000967286420872
414,1,0.564393166789,0.128581061179,0.307025772032,0.000967286420872
414,2,0.564516369132,0.15890892875,0.276574702118,0.000967286420872
414,3,0.555150887427,0.16077927657,0.284069836003,0.000967286420872
414,4,0.552384885754,0.151516290126,0.29609882412,0.000967286420872
414,5,0.551514583031,0.119979817263,0.328505599707,0.000967286420872
415,0,0.558128185905,0.0722345832941,0.369637230801,0.00118625595568
415,1,0.561292555746,0.0845067215958,0.354200722658,0.00118625595568
415,2,0.561633214717,0.118220521777,0.320146263506,0.00118625595568
415,3,0.551514583031,0.119979817263,0.328505599707,0.00118625595568
415,4,0.548341912735,0.109031413326,0.342626673939,0.00118625595568
415,5,0.547150977915,0.0738227523717,0.379026269714,0.00118625595568
416,0,0.553865227946,0.0198109605172,0.426323811537,0.00147279245147
416,1,0.557514882236,0.0344568161752,0.408028301588,0.00147279245147
416,2,0.558128185905,0.0722345832941,0.369637230801,0.00147279245147
416,3,0.547150977915,0.0738227523717,0.379026269714,0.00147279245147
416,4,0.543491536697,0.0607923774396,0.395716085863,0.00147279245147
416,5,0.541899876731,0.0211446718539,0.436955451415,0.00147279245147
417,0,0.537393865019,0,0.462606134981,0.000595913138196
417,1,0.553420389044,0,0.446579610956,0.000595913138196
417,2,0.553865227946,0.0198109605172,0.426323811537,0.000595913138196
417,3,0.541899876731,0.0211446718539,0.436955451415,0.000595913138196
417,4,0.537650341633,0.00550870148018,0.456840956887,0.000595913138196
431,0,0.552384885754,0.151516290126,0.29609882412,0.000647936588876
431,1,0.555150887427,0.16077927657,0.284069836003,0.000647936588876
431,2,0.555558004134,0.179751667781,0.264690328085,0.000647936588876
431,3,0.543998042542,0.180969183405,0.275032774053,0.000647936588876
431,4,0.542740806652,0.153314248549,0.303944944798,0.000647936588876
432,0,0.548341912735,0.109031413326,0.342626673939,0.00104815595845
432,1,0.551514583031,0.119979817263,0.328505599707,0.00104815595845
432,2,0.552384885754,0.151516290126,0.29609882412,0.00104815595845
432,3,0.542740806652,0.153314248549,0.303944944798,0.00104815595845
432,4,0.539588190887,0.143550395486,0.316861413628,0.00104815595845
432,5,0.537886634035,0.110695594207,0.351417771758,0.00104815595845
433,0,0.543491536697,0.0607923774396,0.395716085863,0.00129486392727
433,1,0.547150977915,0.0738227523717,0.379026269714,0.00129486392727
433,2,0.548341912735,0.109031413326,0.342626673939,0.00129486392727
433,3,0.537886634035,0.110695594207,0.351417771758,0.00129486392727
433,4,0.534250873854,0.0991033882104,0.366645737936,0.00129486392727
433,5,0.532105718026,0.0622530707607,0.405641211213,0.00129486392727
434,0,0.537650341633,0.00550870148018,0.456840956887,0.00162101384548
434,1,0.541899876731,0.0211446718539,0.436955451415,0.00162101384548
434,2,0.543491536697,0.0607923774396,0.395716085863,0.00162101384548
434,3,0.532105718026,0.0622530707607,0.405641211213,0.00162101384548
434,4,0.527886270286,0.0483856227797,0.423728106934,0.00162101384548
434,5,0.525185880834,0.00666834195142,0.468145777214,0.00162101384548
435,0,0.523220142834,0,0.476779857166,0.000163475640568
435,1,0.537393865019,0,0.462606134981,0.000163475640568
435,2,0.537650341633,0.00550870148018,0.456840956887,0.000163475640568
435,3,0.525185880834,0.00666834195142,0.468145777214,0.000163475640568
450,0,0.539588190887,0.143550395486,0.316861413628,0.000884022110391
450,1,0.542740806652,0.153314248549,0.303944944798,0.000884022110391
450,2,0.543998042542,0.180969183405,0.275032774053,0.000884022110391
450,3,0.534030666436,0.18223168058,0.283737652984,0.000884022110391
450,4,0.53179107258,0.175962320026,0.292246607394,0.000884022110391
450,5,0.529638075308,0.145268626813,0.325093297879,0.000884022110391
451,0,0.534250873854,0.0991033882104,0.366645737936,0.00113960969677
451,1,0.537886634035,0.110695594207,0.351417771758,0.00113960969677
451,2,0.539588190887,0.143550395486,0.316861413628,0.00113960969677
451,3,0.529638075308,0.145268626813,0.325093297879,0.00113960969677
451,4,0.526053668618,0.13495854257,0.338987788813,0.00113960969677
451,5,0.523424053134,0.100661473953,0.375914472912,0.00113960969677
452,0,0.527886270286,0.0483856227797,0.423728106934,0.00141889863677
452,1,0.532105718026,0.0622530707607,0.405641211213,0.00141889863677
452,2,0.534250873854,0.0991033882104,0.366645737936,0.00141889863677
452,3,0.523424053134,0.100661473953,0.375914472912,0.00141889863677
452,4,0.51926716566,0.0883617749796,0.392371059361,0.00141889863677
452,5,0.516046964067,0.0497023410798,0.434250694853,0.00141889863677
453,0,0.508049477577,0,0.491950522423,0.00151999724519
453,1,0.523220142834,0,0.476779857166,0.00151999724519
453,2,0.525185880834,0.00666834195142,0.468145777214,0.00151999724519
453,3,0.527886270286,0.0483856227797,0.423728106934,0.00151999724519
453,4,0.516046964067,0.0497023410798,0.434250694853,0.00151999724519
453,5,0.511191857251,0.0349070909808,0.453901051768,0.00151999724519
468,0,0.53179107258,0.175962320026,0.292246607394,0.000132840882209
468,1,0.534030666436,0.18223168058,0.283737652984,0.000132840882209
468,2,0.523039702692,0.183851760539,0.293108536768,0.000132840882209
468,3,0.522877967481,0.183875171067,0.293246861452,0.000132840882209
468,4,0.522330348501,0.177715489074,0.299954162425,0.000132840882209
469,0,0.526053668618,0.13495854257,0.338987788813,0.00100378701719
469,1,0.529638075308,0.145268626813,0.325093297879,0.00100378701719
469,2,0.53179107258,0.175962320026,0.292246607394,0.00100378701719
469,3,0.522330348501,0.177715489074,0.299954162425,0.00100378701719
469,4,0.518820082926,0.168549835479,0.312630081595,0.00100378701719
469,5,0.515766564816,0.136588461666,0.347644973519,0.00100378701719
470,0,0.51926716566,0.0883617749796,0.392371059361,0.00124350173029
470,1,0.523424053134,0.100661473953,0.375914472912,0.00124350173029
470,2,0.526053668618,0.13495854257,0.338987788813,0.00124350173029
470,3,0.515766564816,0.136588461666,0.347644973519,0.00124350173029
470,4,0.511698614043,0.125680770987,0.36262061497,0.00124350173029
470,5,0.508029103799,0.089800825195,0.402170071006,0.00124350173029
471,0,0.511191857251,0.0349070909808,0.453901051768,0.00156129422128
471,1,0.516046964067,0.0497023410798,0.434250694853,0.00156129422128
471,2,0.51926716566,0.0883617749796,0.392371059361,0.00156129422128
471,3,0.508029103799,0.089800825195,0.402170071006,0.00156129422128
471,4,0.503283905004,0.0767207708761,0.41999532412,0.00156129422128
471,5,0.498847509741,0.0360602157189,0.46509227454,0.00156129422128
472,0,0.490920214012,0,0.509079785988,0.00112793408668
472,1,0.508049477577,0,0.491950522423,0.00112793408668
472,2,0.511191857251,0.0349070909808,0.453901051768,0.00112793408668
472,3,0.498847509741,0.0360602157189,0.46509227454,0.00112793408668
472,4,0.493268122174,0.0202321712626,0.486499706564,0.00112793408668
486,0,0.518820082926,0.168549835479,0.312630081595,0.000326066427571
486,1,0.522330348501,0.177715489074,0.299954162425,0.000326066427571
486,2,0.522877967481,0.183875171067,0.293246861452,0.000326066427571
486,3,0.517668913524,0.184736868728,0.297594217748,0.000326066427571
486,4,0.513834061633,0.182459237625,0.303706700742,0.000326066427571
486,5,0.510210779335,0.180298020495,0.309491200169,0.000326066427571
486,6,0.509054632561,0.170229445545,0.320715921895,0.000326066427571
487,0,0.511698614043,0.125680770987,0.36262061497,0.00109085310623
487,1,0.515766564816,0.136588461666,0.347644973519,0.00109085310623
487,2,0.518820082926,0.168549835479,0.312630081595,0.00109085310623
487,3,0.509054632561,0.170229445545,0.320715921895,0.00109085310623
487,4,0.505096908684,0.160559490664,0.334343600652,0.00109085310623
487,5,0.501039456156,0.127212297216,0.371748246629,0.00109085310623
488,0,0.503283905004,0.0767207708761,0.41999532412,0.00136209663258
488,1,0.508029103799,0.089800825195,0.402170071006,0.00136209663258
488,2,0.511698614043,0.125680770987,0.36262061497,0.00136209663258
488,3,0.501039456156,0.127212297216,0.371748246629,0.00136209663258
488,4,0.496428416802,0.115648563191,0.387923020008,0.00136209663258
488,5,0.491589212869,0.0780254685813,0.430385318549,0.00136209663258
489,0,0.493268122174,0.0202321712626,0.486499706564,0.00172569149045
489,1,0.498847509741,0.0360602157189,0.46509227454,0.00172569149045
489,2,0.503283905004,0.0767207708761,0.41999532412,0.00172569149045
489,3,0.491589212869,0.0780254685813,0.430385318549,0.00172569149045
489,4,0.486177537813,0.0640812805399,0.449741181647,0.00172569149045
489,5,0.480359168893,0.0211982510297,0.498442580077,0.00172569149045
490,0,0.473348951683,0,0.526651048317,0.000652709954152
490,1,0.490920214012,0,0.509079785988,0.000652709954152
490,2,0.493268122174,0.0202321712626,0.486499706564,0.000652709954152
490,3,0.480359168893,0.0211982510297,0.498442580077,0.000652709954152
490,4,0.473951071838,0.00421519013606,0.521833738026,0.000652709954152
505,0,0.505096908684,0.160559490664,0.334343600652,0.000365776251168
505,1,0.509054632561,0.170229445545,0.320715921895,0.000365776251168
505,2,0.510210779335,0.180298020495,0.309491200169,0.000365776251168
505,3,0.496445407597,0.172400928328,0.331153664075,0.000365776251168
505,4,0.494995820363,0.162157756856,0.342846422781,0.000365776251168
506,0,0.496428416802,0.115648563191,0.387923020008,0.00118970231399
506,1,0.501039456156,0.127212297216,0.371748246629,0.00118970231399
506,2,0.505096908684,0.160559490664,0.334343600652,0.00118970231399
506,3,0.494995820363,0.162157756856,0.342846422781,0.00118970231399
506,4,0.490537969048,0.151936726363,0.357525304588,0.00118970231399
506,5,0.485357294054,0.117069813176,0.39757289277,0.00118970231399
507,0,0.486177537813,0.0640812805399,0.449741181647,0.00149818045808
507,1,0.491589212869,0.0780254685813,0.430385318549,0.00149818045808
507,2,0.496428416802,0.115648563191,0.387923020008,0.00149818045808
507,3,0.485357294054,0.117069813176,0.39757289277,0.00149818045808
507,4,0.480134338142,0.1047832551,0.415082406757,0.00149818045808
507,5,0.473974044252,0.0652334085127,0.460792547235,0.00149818045808
508,0,0.473951071838,0.00421519013605,0.521833738026,0.00191664641872
508,1,0.480359168893,0.0211982510297,0.498442580077,0.00191664641872
508,2,0.486177537813,0.0640812805399,0.449741181647,0.00191664641872
508,3,0.473974044252,0.0652334085127,0.460792547235,0.00191664641872
508,4,0.467804457455,0.0503282295655,0.481867312979,0.00191664641872
508,5,0.460408265894,0.00496602884206,0.534625705264,0.00191664641872
509,0,0.458408776987,0,0.541591223013,0.000131730935593
509,1,0.473348951683,0,0.526651048317,0.000131730935593
509,2,0.473951071838,0.00421519013605,0.521833738026,0.000131730935593
509,3,0.460408265894,0.00496602884206,0.534625705264,0.000131730935593
524,0,0.490537969048,0.151936726363,0.357525304588,0.000398190725196
524,1,0.494995820363,0.162157756856,0.342846422781,0.000398190725196
524,2,0.496445407597,0.172400928328,0.331153664075,0.000398190725196
524,3,0.481915213065,0.164384702928,0.353700084008,0.000398190725196
524,4,0.480066211526,0.153444504582,0.366489283892,0.000398190725196
525,0,0.480134338142,0.1047832551,0.415082406757,0.00130246943842
525,1,0.485357294054,0.117069813176,0.39757289277,0.00130246943842
525,2,0.490537969048,0.151936726363,0.357525304588,0.00130246943842
525,3,0.480066211526,0.153444504582,0.366489283892,0.00130246943842
525,4,0.475047728307,0.14261926002,0.382333011674,0.00130246943842
525,5,0.468605600802,0.106080159603,0.425314239595,0.00130246943842
526,0,0.467804457455,0.0503282295655,0.481867312979,0.00165520759846
526,1,0.473974044252,0.0652334085127,0.460792547235,0.00165520759846
526,2,0.480134338142,0.1047832551,0.415082406757,0.00165520759846
526,3,0.468605600802,0.106080159603,0.425314239595,0.00165520759846
526,4,0.462690771355,0.0929940776583,0.444315150986,0.00165520759846
526,5,0.455031852482,0.0513060071545,0.493662140364,0.00165520759846
527,0,0.441240516527,0,0.558759483473,0.00172738895364
527,1,0.458408776987,0,0.541591223013,0.00172738895364
527,2,0.460408265894,0.00496602884206,0.534625705264,0.00172738895364
527,3,0.467804457455,0.0503282295655,0.481867312979,0.00172738895364
527,4,0.455031852482,0.0513060071545,0.493662140364,0.00172738895364
527,5,0.4479967661,0.0353271976419,0.516676036258,0.00172738895364
543,0,0.475047728307,0.14261926002,0.382333011674,0.00044925517316
543,1,0.480066211526,0.153444504582,0.366489283892,0.00044925517316
543,2,0.481915213065,0.164384702928,0.353700084008,0.00044925517316
543,3,0.466577576487,0.156248972915,0.377173450598,0.00044925517316
543,4,0.464165419153,0.144025767937,0.39180881291,0.00044925517316
544,0,0.462690771355,0.0929940776583,0.444315150986,0.00143177835691
544,1,0.468605600802,0.106080159603,0.425314239595,0.00143177835691
544,2,0.475047728307,0.14261926002,0.382333011674,0.00143177835691
544,3,0.464165419153,0.144025767937,0.39180881291,0.00143177835691
544,4,0.458516478556,0.132535661538,0.408947859907,0.00143177835691
544,5,0.450651928875,0.0941499003758,0.45519817075,0.00143177835691
545,0,0.4479967661,0.0353271976419,0.516676036258,0.00183749712103
545,1,0.455031852482,0.0513060071545,0.493662140364,0.00183749712103
545,2,0.462690771355,0.0929940776583,0.444315150986,0.00183749712103
545,3,0.450651928875,0.0941499003758,0.45519817075,0.00183749712103
545,4,0.443951839805,0.08017572527,0.475872434925,0.00183749712103
545,5,0.434584900516,0.0361044336884,0.529310665796,0.00183749712103
546,0,0.422388409229,0,0.577611590771,0.00123995754333
546,1,0.441240516527,0,0.558759483473,0.00123995754333
546,2,0.4479967661,0.0353271976419,0.516676036258,0.00123995754333
546,3,0.434584900516,0.0361044336884,0.529310665796,0.00123995754333
546,4,0.426556914561,0.0189201613344,0.554522924105,0.00123995754333
562,0,0.458516478556,0.132535661538,0.408947859907,0.000523473741712
562,1,0.464165419153,0.144025767937,0.39180881291,0.000523473741712
562,2,0.466577576487,0.156248972915,0.377173450598,0.000523473741712
562,3,0.450387252209,0.147993589914,0.401619157877,0.000523473741712
562,4,0.447177989431,0.133828130845,0.418993879724,0.000523473741712
563,0,0.443951839805,0.08017572527,0.475872434925,0.00158087900925
563,1,0.450651928875,0.0941499003758,0.45519817075,0.00158087900925
563,2,0.458516478556,0.132535661538,0.408947859907,0.00158087900925
563,3,0.447177989431,0.133828130845,0.418993879724,0.00158087900925
563,4,0.440817610588,0.121603600683,0.437578788729,0.00158087900925
563,5,0.431342192118,0.0811704537093,0.487487354173,0.00158087900925
564,0,0.426556914561,0.0189201613344,0.554522924105,0.00205049822355
564,1,0.434584900516,0.0361044336884,0.529310665796,0.00205049822355
564,2,0.443951839805,0.08017572527,0.475872434925,0.00205049822355
564,3,0.431342192118,0.0811704537093,0.487487354173,0.00205049822355
564,4,0.423747137914,0.0662053120843,0.510047550001,0.00205049822355
564,5,0.412423649162,0.0194651622214,0.568111188617,0.00205049822355
565,0,0.403020559576,0,0.596979440424,0.000650842428536
565,1,0.422388409229,0,0.577611590771,0.000650842428536
565,2,0.426556914561,0.0189201613344,0.554522924105,0.000650842428536
565,3,0.412423649162,0.0194651622214,0.568111188617,0.000650842428536
565,4,0.403250858428,0.000920058983417,0.595829082589,0.000650842428536
581,0,0.440817610588,0.121603600683,0.437578788729,0.00062643154723
581,1,0.447177989431,0.133828130845,0.418993879724,0.00062643154723
581,2,0.450387252209,0.147993589914,0.401619157877,0.00062643154723
581,3,0.433296192131,0.139618658177,0.427085149692,0.00062643154723
581,4,0.428970465019,0.122766840567,0.448262694414,0.00062643154723
582,0,0.423747137914,0.0662053120843,0.510047550001,0.00175383026942
582,1,0.431342192118,0.0811704537093,0.487487354173,0.00175383026942
582,2,0.440817610588,0.121603600683,0.437578788729,0.00175383026942
582,3,0.428970465019,0.122766840567,0.448262694414,0.00175383026942
582,4,0.421804229576,0.109727674132,0.468468096292,0.00175383026942
582,5,0.410496060712,0.0670148800041,0.522489059284,0.00175383026942
583,0,0.403250858428,0.000920058983417,0.595829082589,0.00230115353071
583,1,0.412423649162,0.0194651622214,0.568111188617,0.00230115353071
583,2,0.423747137914,0.0662053120843,0.510047550001,0.00230115353071
583,3,0.410496060712,0.0670148800041,0.522489059284,0.00230115353071
583,4,0.401876352153,0.0509385283814,0.547185119465,0.00230115353071
583,5,0.388299315971,0.00119420691592,0.610506477113,0.00230115353071
584,0,0.387675174093,0,0.612324825907,3.21450023781e-05
584,1,0.403020559576,0,0.596979440424,3.21450023781e-05
584,2,0.403250858428,0.000920058983417,0.595829082589,3.21450023781e-05
584,3,0.388299315971,0.00119420691592,0.610506477113,3.21450023781e-05
601,0,0.421804229576,0.109727674132,0.468468096292,0.000765084278726
601,1,0.428970465019,0.122766840567,0.448262694414,0.000765084278726
601,2,0.433296192131,0.139618658177,0.427085149692,0.000765084278726
601,3,0.415253357459,0.131124567504,0.453622075036,0.000765084278726
601,4,0.409387734515,0.110743519084,0.479868746401,0.000765084278726
602,0,0.401876352153,0.0509385283814,0.547185119465,0.00195574680207
602,1,0.410496060712,0.0670148800041,0.522489059284,0.00195574680207
602,2,0.421804229576,0.109727674132,0.468468096292,0.00195574680207
602,3,0.409387734515,0.110743519084,0.479868746401,0.00195574680207
602,4,0.401304924431,0.0967966895605,0.501898386009,0.00195574680207
602,5,0.387901128856,0.0515338141651,0.560565056979,0.00195574680207
603,0,0.36768353081,0,0.63231646919,0.00192002390647
603,1,0.387675174093,0,0.612324825907,0.00192002390647
603,2,0.388299315971,0.00119420691592,0.610506477113,0.00192002390647
603,3,0.401876352153,0.0509385283814,0.547185119465,0.00192002390647
603,4,0.387901128856,0.0515338141651,0.560565056979,0.00192002390647
603,5,0.378102402718,0.0342047404513,0.58769285683,0.00192002390647
620,0,0.401304924431,0.0967966895605,0.501898386009,0.000948137623287
620,1,0.409387734515,0.110743519084,0.479868746401,0.000948137623287
620,2,0.415253357459,0.131124567504,0.453622075036,0.000948137623287
620,3,0.396204517399,0.122512029796,0.481283452805,0.000948137623287
620,4,0.388248456916,0.0976432950723,0.514108248012,0.000948137623287
621,0,0.378102402718,0.0342047404513,0.58769285683,0.00219313632631
621,1,0.387901128856,0.0515338141651,0.560565056979,0.00219313632631
621,2,0.401304924431,0.0967966895605,0.501898386009,0.00219313632631
621,3,0.388248456916,0.0976432950723,0.514108248012,0.00219313632631
621,4,0.379118433164,0.082680241537,0.538201325299,0.00219313632631
621,5,0.363305455854,0.0345502640656,0.602144280081,0.00219313632631
622,0,0.346812791291,0,0.653187208709,0.00130726395876
622,1,0.36768353081,0,0.63231646919,0.00130726395876
622,2,0.378102402718,0.0342047404513,0.58769285683,0.00130726395876
622,3,0.363305455854,0.0345502640656,0.602144280081,0.00130726395876
622,4,0.352142608468,0.0158006787661,0.632056712766,0.00130726395876
639,0,0.379118433164,0.082680241537,0.538201325299,0.001186549066
639,1,0.388248456916,0.0976432950723,0.514108248012,0.001186549066
639,2,0.396204517399,0.122512029796,0.481283452805,0.001186549066
639,3,0.376092033992,0.113782119642,0.510125846367,0.001186549066
639,4,0.365339275609,0.083331177685,0.551329546706,0.001186549066
640,0,0.352142608468,0.0158006787661,0.632056712766,0.00247436642915
640,1,0.363305455854,0.0345502640656,0.602144280081,0.00247436642915
640,2,0.379118433164,0.082680241537,0.538201325299,0.00247436642915
640,3,0.365339275609,0.083331177685,0.551329546706,0.00247436642915
640,4,0.355006852891,0.067224353846,0.577768793263,0.00247436642915
640,5,0.336407925554,0.0158528883102,0.647739186136,0.00247436642915
641,0,0.326485023165,0,0.673514976835,0.000571150775211
641,1,0.346812791291,0,0.653187208709,0.000571150775211
641,2,0.352142608468,0.0158006787661,0.632056712766,0.000571150775211
641,3,0.336407925554,0.0158528883102,0.647739186136,0.000571150775211
659,0,0.355006852891,0.067224353846,0.577768793263,0.00149419838776
659,1,0.365339275609,0.083331177685,0.551329546706,0.00149419838776
659,2,0.376092033992,0.113782119642,0.510125846367,0.00149419838776
659,3,0.354854632237,0.104936319385,0.540209048377,0.00149419838776
659,4,0.340407431078,0.0676474273933,0.591945141529,0.00149419838776
660,0,0.308754831976,0,0.691245168024,0.00264987152496
660,1,0.326485023165,0,0.673514976835,0.00264987152496
660,2,0.336407925554,0.0158528883102,0.647739186136,0.00264987152496
660,3,0.355006852891,0.067224353846,0.577768793263,0.00264987152496
660,4,0.340407431078,0.0676474273933,0.591945141529,0.00264987152496
660,5,0.328686909202,0.0502458769891,0.621067213809,0.00264987152496
679,0,0.328686909202,0.0502458769891,0.621067213809,0.00188879371948
679,1,0.340407431078,0.0676474273933,0.591945141529,0.00188879371948
679,2,0.354854632237,0.104936319385,0.540209048377,0.00188879371948
679,3,0.332427154601,0.0959765691254,0.571596276273,0.00188879371948
679,4,0.313151230283,0.0504015844326,0.636447185285,0.00188879371948
680,0,0.286182766423,0,0.713817233577,0.00208429371363
680,1,0.308754831976,0,0.691245168024,0.00208429371363
680,2,0.328686909202,0.0502458769891,0.621067213809,0.00208429371363
680,3,0.313151230283,0.0504015844326,0.636447185285,0.00208429371363
680,4,0.299818605508,0.031525205162,0.66865618933,0.00208429371363
699,0,0.299818605508,0.031525205162,0.66865618933,0.00239058684869
699,1,0.313151230283,0.0504015844326,0.636447185285,0.00239058684869
699,2,0.332427154601,0.0959765691254,0.571596276273,0.00239058684869
699,3,0.324777594755,0.0930470521229,0.582175353122,0.00239058684869
699,4,0.309792071061,0.0872898620076,0.602918066931,0.00239058684869
699,5,0.307567861371,0.0843549467198,0.60807719191,0.00239058684869
699,6,0.283207610428,0.0313646775191,0.685427712053,0.00239058684869
700,0,0.262919572136,0,0.737080427864,0.00131112108619
700,1,0.286182766423,0,0.713817233577,0.00131112108619
700,2,0.299818605508,0.031525205162,0.66865618933,0.00131112108619
700,3,0.283207610428,0.0313646775191,0.685427712053,0.00131112108619
700,4,0.267990286702,0.0107966933322,0.721213019966,0.00131112108619
718,0,0.307567861371,0.0843549467198,0.60807719191,1.61975398566e-05
718,1,0.309792071061,0.0872898620076,0.602918066931,1.61975398566e-05
718,2,0.302120322708,0.0844491263993,0.613430550892,1.61975398566e-05
719,0,0.267990286702,0.0107966933322,0.721213019966,0.00298406949519
719,1,0.283207610428,0.0313646775191,0.685427712053,0.00298406949519
719,2,0.307567861371,0.0843549467198,0.60807719191,0.00298406949519
719,3,0.302120322708,0.0844491263993,0.613430550892,0.00298406949519
719,4,0.288040874145,0.0792671768982,0.632691948956,0.00298406949519
719,5,0.27849854851,0.0672357824486,0.654265669041,0.00298406949519
719,6,0.250135708287,0.0102589309261,0.739605360786,0.00298406949519
720,0,0.242193408013,0,0.757806591987,0.00040267185416
720,1,0.262919572136,0,0.737080427864,0.00040267185416
720,2,0.267990286702,0.0107966933322,0.721213019966,0.00040267185416
720,3,0.250135708287,0.0102589309261,0.739605360786,0.00040267185416
738,0,0.27849854851,0.0672357824486,0.654265669041,0.000265624563196
738,1,0.288040874145,0.0792671768982,0.632691948956,0.000265624563196
738,2,0.264013207558,0.0707526038059,0.665234188636,0.000265624563196
738,3,0.262150069959,0.0672155979503,0.670634332091,0.000265624563196
739,0,0.220517007593,0,0.779482992407,0.00298368065237
739,1,0.242193408013,0,0.757806591987,0.00298368065237
739,2,0.250135708287,0.0102589309261,0.739605360786,0.00298368065237
739,3,0.27849854851,0.0672357824486,0.654265669041,0.00298368065237
739,4,0.262150069959,0.0672155979503,0.670634332091,0.00298368065237
739,5,0.246473662072,0.0483115001176,0.70521483781,0.00298368065237
758,0,0.246473662072,0.0483115001176,0.70521483781,0.000707822895999
758,1,0.262150069959,0.0672155979503,0.670634332091,0.000707822895999
758,2,0.264013207558,0.0707526038059,0.665234188636,0.000707822895999
758,3,0.236546709189,0.0614449867241,0.702008304087,0.000707822895999
758,4,0.228892272819,0.0479524594297,0.723155267751,0.000707822895999
759,0,0.195213874949,0,0.804786125051,0.00221583267121
759,1,0.220517007593,0,0.779482992407,0.00221583267121
759,2,0.246473662072,0.0483115001176,0.70521483781,0.00221583267121
759,3,0.228892272819,0.0479524594297,0.723155267751,0.00221583267121
759,4,0.210996912886,0.027295150014,0.7617079371,0.00221583267121
779,0,0.210996912886,0.027295150014,0.7617079371,0.00130759926875
779,1,0.228892272819,0.0479524594297,0.723155267751,0.00130759926875
779,2,0.236546709189,0.0614449867241,0.702008304087,0.00130759926875
779,3,0.207532260915,0.0520506021249,0.74041713696,0.00130759926875
779,4,0.191979040925,0.0265286602024,0.781492298873,0.00130759926875
780,0,0.169076986099,0,0.830923013901,0.00122503909197
780,1,0.195213874949,0,0.804786125051,0.00122503909197
780,2,0.210996912886,0.027295150014,0.7617079371,0.00122503909197
780,3,0.191979040925,0.0265286602024,0.781492298873,0.00122503909197
780,4,0.171456589791,0.00383336853353,0.824710041676,0.00122503909197
800,0,0.150750797836,0.00257210321361,0.846677098951,0.0021023734642
800,1,0.171456589791,0.00383336853353,0.824710041676,0.0021023734642
800,2,0.191979040925,0.0265286602024,0.781492298873,0.0021023734642
800,3,0.207532260915,0.0520506021249,0.74041713696,0.0021023734642
800,4,0.176879082241,0.0425763348083,0.780544582951,0.0021023734642
801,0,0.148324835923,0,0.851675164077,0.000129748291885
801,1,0.169076986099,0,0.830923013901,0.000129748291885
801,2,0.171456589791,0.00383336853353,0.824710041676,0.000129748291885
801,3,0.150750797836,0.00257210321361,0.846677098951,0.000129748291885
822,0,0.121415685215,0,0.878584314785,0.00202504871277
822,1,0.148324835923,0,0.851675164077,0.00202504871277
822,2,0.150750797836,0.00257210321361,0.846677098951,0.00202504871277
822,3,0.176879082241,0.0425763348083,0.780544582951,0.00202504871277
822,4,0.144490752739,0.0330301334528,0.822479113809,0.00202504871277
844,0,0.092794569774,0,0.907205430226,0.00157791196651
844,1,0.121415685215,0,0.878584314785,0.00157791196651
844,2,0.144490752739,0.0330301334528,0.822479113809,0.00157791196651
844,3,0.111068332962,0.0236467017279,0.86528496531,0.00157791196651
844,4,0.10887476808,0.0215575177753,0.869567714144,0.00157791196651
864,0,0.10887476808,0.0215575177753,0.869567714144,1.45273333281e-05
864,1,0.111068332962,0.0236467017279,0.86528496531,1.45273333281e-05
864,2,0.101388664624,0.0210503461438,0.877560989232,1.45273333281e-05
865,0,0.074742553205,0,0.925257446795,0.000579662845126
865,1,0.092794569774,0,0.907205430226,0.000579662845126
865,2,0.10887476808,0.0215575177753,0.869567714144,0.000579662845126
865,3,0.101388664624,0.0210503461438,0.877560989232,0.000579662845126
865,4,0.0980559895145,0.0201602085764,0.881783801909,0.000579662845126
1211,0,0.227477100953,0.772522899047,0,4.23168836532e-05
1211,1,0.218765021517,0.781234978483,0,4.23168836532e-05
1211,2,0.219159571768,0.775983162642,0.00485726558949,4.23168836532e-05
1212,0,0.238033729421,0.761966270579,0,0.000166967885831
1212,1,0.227477100953,0.772522899047,0,0.000166967885831
1212,2,0.219159571768,0.775983162642,0.00485726558949,0.000166967885831
1212,3,0.219379782369,0.771972623238,0.00864759439233,0.000166967885831
1212,4,0.219539124205,0.769577576048,0.0108832997472,0.000166967885831
1213,0,0.249066859883,0.750933140117,0,0.000313867727241
1213,1,0.238033729421,0.761966270579,0,0.000313867727241
1213,2,0.219539124205,0.769577576048,0.0108832997472,0.000313867727241
1213,3,0.219854326947,0.762815539135,0.0173301339179,0.000313867727241
1214,0,0.260600436096,0.739399563904,-1.11022302463e-16,0.000485694321955
1214,1,0.249066859883,0.750933140117,-1.11022302463e-16,0.000485694321955
1214,2,0.219854326947,0.762815539135,0.0173301339179,0.000485694321955
1214,3,0.219956037895,0.75901582347,0.0210281386351,0.000485694321955
1214,4,0.220083738392,0.75567270743,0.0242435541775,0.000485694321955
1215,0,0.272660181839,0.727339818161,1.11022302463e-16,0.000685842937866
1215,1,0.260600436096,0.739399563904,1.11022302463e-16,0.000685842937866
1215,2,0.220083738392,0.75567270743,0.0242435541775,0.000685842937866
1215,3,0.220225035154,0.748112759324,0.0316622055224,0.000685842937866
1216,0,0.285273765262,0.714726234738,2.22044604925e-16,0.000919441792347
1216,1,0.272660181839,0.727339818161,1.11022302463e-16,0.000919441792347
1216,2,0.220225035154,0.748112759324,0.0316622055224,0.000919441792347
1216,3,0.220222738547,0.74480696221,0.0349702992427,0.000919441792347
1216,4,0.220272195364,0.740096182778,0.0396316218576,0.000919441792347
1217,0,0.298470981934,0.701529018066,-2.22044604925e-16,0.0011913476062
1217,1,0.285273765262,0.714726234738,-1.11022302463e-16,0.0011913476062
1217,2,0.220272195364,0.740096182778,0.0396316218576,0.0011913476062
1217,3,0.220199753288,0.731585480129,0.0482147665831,0.0011913476062
1218,0,0.312283959086,0.687716040914,0,0.00150861578816
1218,1,0.298470981934,0.701529018066,0,0.00150861578816
1218,2,0.220199753288,0.731585480129,0.0482147665831,0.00150861578816
1218,3,0.220132393298,0.729122107356,0.0507454993456,0.00150861578816
1218,4,0.220023900455,0.722520577783,0.0574555217618,0.00150861578816
1219,0,0.326747383978,0.673252616022,0,0.00187840655532
1219,1,0.312283959086,0.687716040914,0,0.00187840655532
1219,2,0.220023900455,0.722520577783,0.0574555217618,0.00187840655532
1219,3,0.219687243413,0.712861817673,0.0674509389139,0.00187840655532
1220,0,0.341898759779,0.658101240221,-1.11022302463e-16,0.00231047883276
1220,1,0.326747383978,0.673252616022,-1.11022302463e-16,0.00231047883276
1220,2,0.219687243413,0.712861817673,0.0674509389139,0.00231047883276
1220,3,0.219624662625,0.711681963583,0.0686933737921,0.00231047883276
1220,4,0.219235703941,0.702521847663,0.0782424483957,0.00231047883276
1221,0,0.357778692883,0.642221307117,1.11022302463e-16,0.00281572107672
1221,1,0.341898759779,0.658101240221,1.11022302463e-16,0.00281572107672
1221,2,0.219235703941,0.702521847663,0.0782424483957,0.00281572107672
1221,3,0.218610782641,0.692140677647,0.0892485397115,0.00281572107672
1221,4,0.218576322416,0.691453776604,0.0899699009794,0.00281572107672
1222,0,0.374431216276,0.625568783724,0,0.00340776299888
1222,1,0.357778692883,0.642221307117,0,0.00340776299888
1222,2,0.218576322416,0.691453776604,0.0899699009794,0.00340776299888
1222,3,0.217772934904,0.679541375963,0.102685689134,0.00340776299888
1223,0,0.382221768944,0.617778231056,0,0.00405960405674
1223,1,0.374431216276,0.625568783724,0,0.00405960405674
1223,2,0.217772934904,0.679541375963,0.102685689134,0.00405960405674
1223,3,0.216972435537,0.670056158249,0.112971406214,0.00405960405674
1223,4,0.216722394207,0.666712183937,0.116565421856,0.00405960405674
1223,5,0.385076331557,0.61038045549,0.0045432129531,0.00405960405674
1223,6,0.384911093253,0.610825519991,0.00426338675543,0.00405960405674
1224,0,0.385076331557,0.61038045549,0.0045432129531,0.00459307345617
1224,1,0.216722394207,0.666712183937,0.116565421856,0.00459307345617
1224,2,0.215455845827,0.652828560417,0.131715593756,0.00459307345617
1224,3,0.390457561572,0.596159501922,0.0133829365057,0.00459307345617
1224,4,0.388990590867,0.600151823247,0.010857585886,0.00459307345617
1225,0,0.390457561572,0.596159501922,0.0133829365057,0.00518400071595
1225,1,0.215455845827,0.652828560417,0.131715593756,0.00518400071595
1225,2,0.214596892114,0.644823349058,0.140579758828,0.00518400071595
1225,3,0.213904131476,0.637764188519,0.148331680006,0.00518400071595
1225,4,0.396113487838,0.580902336948,0.0229841752141,0.00518400071595
1225,5,0.393201794018,0.588909906326,0.0178882996559,0.00518400071595
1226,0,0.396113487838,0.580902336948,0.0229841752141,0.00587777840269
1226,1,0.213904131476,0.637764188519,0.148331680006,0.00587777840269
1226,2,0.212038465834,0.621351207309,0.166610326856,0.00587777840269
1226,3,0.402074784085,0.564487793784,0.033437422131,0.00587777840269
1226,4,0.402062604334,0.564523053718,0.0334143419483,0.00587777840269
1226,5,0.397555110767,0.577051637875,0.0253932513578,0.00587777840269
1227,0,0.402074784085,0.564487793784,0.033437422131,0.00669971047857
1227,1,0.212038465834,0.621351207309,0.166610326856,0.00669971047857
1227,2,0.211304882382,0.615654200508,0.173040917109,0.00669971047857
1227,3,0.209831523726,0.603387387572,0.186781088702,0.00669971047857
1227,4,0.408309933797,0.546793805658,0.0448962605449,0.00669971047857
1227,5,0.406783149401,0.551259261457,0.0419575891419,0.00669971047857
1228,0,0.408309933797,0.546793805658,0.0448962605449,0.00767881654967
1228,1,0.209831523726,0.603387387572,0.186781088702,0.00767881654967
1228,2,0.207174385388,0.583650511291,0.209175103321,0.00767881654967
1228,3,0.41492443983,0.527634439347,0.0574411208233,0.00767881654967
1228,4,0.411688436097,0.537197478765,0.0511140851381,0.00767881654967
1229,0,0.41492443983,0.527634439347,0.0574411208233,0.00885701657963
1229,1,0.207174385388,0.583650511291,0.209175103321,0.00885701657963
1229,2,0.206850960508,0.581474800185,0.211674239306,0.00885701657963
1229,3,0.204089513364,0.561827054149,0.234083432488,0.00885701657963
1229,4,0.42196810052,0.506813515846,0.0712183836346,0.00885701657963
1229,5,0.41679552612,0.52226065056,0.0609438233198,0.00885701657963
1230,0,0.42196810052,0.506813515846,0.0712183836346,0.0102865107894
1230,1,0.204089513364,0.561827054149,0.234083432488,0.0102865107894
1230,2,0.200853125081,0.5408057896,0.258341085319,0.0102865107894
1230,3,0.200382025004,0.537590665851,0.262027309145,0.0102865107894
1230,4,0.429427666492,0.484114683137,0.0864576503702,0.0102865107894
1230,5,0.427743979737,0.489398299134,0.0828577211284,0.0102865107894
1230,6,0.422123819127,0.506361241481,0.0715149393914,0.0102865107894
1231,0,0.429427666492,0.484114683137,0.0864576503702,0.0120379900481
1231,1,0.200382025004,0.537590665851,0.262027309145,0.0120379900481
1231,2,0.19606169727,0.510471830101,0.293466472629,0.0120379900481
1231,3,0.437432845654,0.459241305162,0.103325849184,0.0120379900481
1231,4,0.43364092277,0.471260624146,0.0950984530843,0.0120379900481
1232,0,0.437432845654,0.459241305162,0.103325849184,0.0142113543997
1232,1,0.19606169727,0.510471830101,0.293466472629,0.0142113543997
1232,2,0.192804483679,0.491481814216,0.315713702105,0.0142113543997
1232,3,0.190902676562,0.47993558881,0.329161734628,0.0142113543997
1232,4,0.446074927863,0.431852894611,0.122072177526,0.0142113543997
1232,5,0.439839905463,0.45181727624,0.108342818297,0.0142113543997
1233,0,0.446074927863,0.431852894611,0.122072177526,0.0169376943894
1233,1,0.190902676562,0.47993558881,0.329161734628,0.0169376943894
1233,2,0.184790497767,0.445259338531,0.369950163702,0.0169376943894
1233,3,0.45537718402,0.401548797832,0.143074018148,0.0169376943894
1233,4,0.453339889048,0.408386274657,0.138273836296,0.0169376943894
1233,5,0.446375173555,0.430916579314,0.122708247131,0.0169376943894
1234,0,0.45537718402,0.401548797832,0.143074018148,0.0204129456169
1234,1,0.184790497767,0.445259338531,0.369950163702,0.0204129456169
1234,2,0.181977997475,0.430234704127,0.387787298398,0.0204129456169
1234,3,0.177503805556,0.405521431199,0.416974763245,0.0204129456169
1234,4,0.465526566922,0.367803693065,0.166669740013,0.0204129456169
1234,5,0.460739827657,0.384020564168,0.155239608175,0.0204129456169
1235,0,0.465526566922,0.367803693065,0.166669740013,0.0249087479881
1235,1,0.177503805556,0.405521431199,0.416974763245,0.0249087479881
1235,2,0.168702130305,0.359507025521,0.471790844174,0.0249087479881
1235,3,0.476692640735,0.32997660847,0.193330750795,0.0249087479881
1235,4,0.468622693338,0.357577252364,0.173800054298,0.0249087479881
1236,0,0.476692640735,0.32997660847,0.193330750795,0.0308415598159
1236,1,0.168702130305,0.359507025521,0.471790844174,0.0308415598159
1236,2,0.16718590765,0.351957952163,0.480856140187,0.0308415598159
1236,3,0.158118912331,0.305555216219,0.53632587145,0.0308415598159
1236,4,0.488978254176,0.287264922908,0.223756822916,0.0308415598159
1236,5,0.486176310218,0.297270301475,0.216553388307,0.0308415598159
1236,6,0.477054177449,0.328769747267,0.194176075283,0.0308415598159
1237,0,0.488978254176,0.287264922908,0.223756822916,0.0388358212551
1237,1,0.158118912331,0.305555216219,0.53632587145,0.0388358212551
1237,2,0.146398592673,0.248171682974,0.605429724353,0.0388358212551
1237,3,0.145046342753,0.241394977538,0.613558679709,0.0388358212551
1237,4,0.502711374402,0.238617108858,0.25867151674,0.0388358212551
1237,5,0.496034470829,0.262662709262,0.241302819909,0.0388358212551
1238,0,0.513834061633,0.182459237625,0.303706700742,0.0498781098411
1238,1,0.517668913524,0.184736868728,0.297594217748,0.0498781098411
1238,2,0.506735932775,0.224447594147,0.268816473078,0.0498781098411
1238,3,0.502711374402,0.238617108858,0.25867151674,0.0498781098411
1238,4,0.145046342753,0.241394977538,0.613558679709,0.0498781098411
1238,5,0.128926306327,0.163768584153,0.70730510952,0.0498781098411
1239,0,0.354854632237,0.104936319385,0.540209048377,0.0523178458824
1239,1,0.376092033992,0.113782119642,0.510125846367,0.0523178458824
1239,2,0.396204517399,0.122512029796,0.481283452805,0.0523178458824
1239,3,0.415253357459,0.131124567504,0.453622075036,0.0523178458824
1239,4,0.433296192131,0.139618658177,0.427085149692,0.0523178458824
1239,5,0.450387252209,0.147993589914,0.401619157877,0.0523178458824
1239,6,0.466577576487,0.156248972915,0.377173450598,0.0523178458824
1239,7,0.481915213065,0.164384702928,0.353700084008,0.0523178458824
1239,8,0.496445407597,0.172400928328,0.331153664075,0.0523178458824
1239,9,0.510210779335,0.180298020495,0.309491200169,0.0523178458824
1239,10,0.513834061633,0.182459237625,0.303706700742,0.0523178458824
1239,11,0.128926306327,0.163768584153,0.70730510952,0.0523178458824
1239,12,0.115986361121,0.103598035367,0.780415603512,0.0523178458824
1239,13,0.108445416045,0.0678756114774,0.823678972477,0.0523178458824
1239,14,0.324777594755,0.0930470521229,0.582175353122,0.0523178458824
1239,15,0.332427154601,0.0959765691254,0.571596276273,0.0523178458824
1240,0,0.108445416045,0.0678756114774,0.823678972477,0.011060078786
1240,1,0.0980559895145,0.0201602085764,0.881783801909,0.011060078786
1240,2,0.101388664624,0.0210503461437,0.877560989232,0.011060078786
1240,3,0.111068332962,0.0236467017279,0.86528496531,0.011060078786
1240,4,0.144490752739,0.0330301334528,0.822479113809,0.011060078786
1240,5,0.176879082241,0.0425763348083,0.780544582951,0.011060078786
1240,6,0.207532260915,0.0520506021249,0.74041713696,0.011060078786
1240,7,0.236546709189,0.0614449867241,0.702008304087,0.011060078786
1240,8,0.264013207558,0.0707526038059,0.665234188636,0.011060078786
1240,9,0.288040874145,0.0792671768982,0.632691948956,0.011060078786
1240,10,0.302120322708,0.0844491263993,0.613430550892,0.011060078786
1240,11,0.309792071061,0.0872898620076,0.602918066931,0.011060078786
1240,12,0.324777594755,0.0930470521229,0.582175353122,0.011060078786
1887,0,0.389975142184,0.610024857816,1.11022302463e-16,3.30556287812e-05
1887,1,0.382221768944,0.617778231056,2.22044604925e-16,3.30556287812e-05
1887,2,0.384911093253,0.610825519991,0.00426338675542,3.30556287812e-05
1888,0,0.401719647541,0.598280352459,-1.22124532709e-15,0.000178354734784
1888,1,0.389975142184,0.610024857816,-1.33226762955e-15,0.000178354734784
1888,2,0.384911093253,0.610825519991,0.00426338675542,0.000178354734784
1888,3,0.385076331557,0.61038045549,0.00454321295311,0.000178354734784
1888,4,0.388990590867,0.600151823247,0.010857585886,0.000178354734784
1889,0,0.413885765817,0.586114234183,-1.11022302463e-16,0.00035316993665
1889,1,0.401719647541,0.598280352459,-1.11022302463e-16,0.00035316993665
1889,2,0.388990590867,0.600151823247,0.010857585886,0.00035316993665
1889,3,0.390457561572,0.596159501922,0.0133829365057,0.00035316993665
1889,4,0.393201794018,0.588909906326,0.0178882996559,0.00035316993665
1890,0,0.426491533439,0.573508466561,0,0.00055353890856
1890,1,0.413885765817,0.586114234183,0,0.00055353890856
1890,2,0.393201794018,0.588909906326,0.0178882996559,0.00055353890856
1890,3,0.396113487838,0.580902336948,0.0229841752141,0.00055353890856
1890,4,0.397555110767,0.577051637875,0.0253932513578,0.00055353890856
1891,0,0.439556107367,0.560443892633,-2.22044604925e-16,0.000783105725403
1891,1,0.426491533439,0.573508466561,-3.33066907388e-16,0.000783105725403
1891,2,0.397555110767,0.577051637875,0.0253932513578,0.000783105725403
1891,3,0.402062604334,0.564523053718,0.0334143419483,0.000783105725403
1892,0,0.453099851621,0.546900148379,1.22124532709e-15,0.00104631792492
1892,1,0.439556107367,0.560443892633,1.33226762955e-15,0.00104631792492
1892,2,0.402062604334,0.564523053718,0.0334143419483,0.00104631792492
1892,3,0.402074784085,0.564487793784,0.033437422131,0.00104631792492
1892,4,0.406783149401,0.551259261457,0.0419575891419,0.00104631792492
1893,0,0.467144432011,0.532855567989,1.11022302463e-15,0.00134822361053
1893,1,0.453099851621,0.546900148379,1.22124532709e-15,0.00134822361053
1893,2,0.406783149401,0.551259261457,0.0419575891419,0.00134822361053
1893,3,0.408309933797,0.546793805658,0.0448962605449,0.00134822361053
1893,4,0.411688436097,0.537197478765,0.0511140851381,0.00134822361053
1894,0,0.481712919978,0.518287080022,1.11022302463e-15,0.00169452518272
1894,1,0.467144432011,0.532855567989,1.11022302463e-15,0.00169452518272
1894,2,0.411688436097,0.537197478765,0.0511140851381,0.00169452518272
1894,3,0.41492443983,0.527634439347,0.0574411208232,0.00169452518272
1894,4,0.41679552612,0.52226065056,0.0609438233198,0.00169452518272
1895,0,0.49682990657,0.50317009343,9.99200722163e-16,0.0020921322166
1895,1,0.481712919978,0.518287080022,9.99200722163e-16,0.0020921322166
1895,2,0.41679552612,0.52226065056,0.0609438233198,0.0020921322166
1895,3,0.42196810052,0.506813515846,0.0712183836346,0.0020921322166
1895,4,0.422123819127,0.506361241481,0.0715149393914,0.0020921322166
1896,0,0.512521627788,0.487478372212,-3.33066907388e-16,0.00254948055041
1896,1,0.49682990657,0.50317009343,-3.33066907388e-16,0.00254948055041
1896,2,0.422123819127,0.506361241481,0.0715149393914,0.00254948055041
1896,3,0.427743979737,0.489398299134,0.0828577211284,0.00254948055041
1897,0,0.528816102526,0.471183897474,-1.05471187339e-15,0.00307654608771
1897,1,0.512521627788,0.487478372212,-1.11022302463e-15,0.00307654608771
1897,2,0.427743979737,0.489398299134,0.0828577211284,0.00307654608771
1897,3,0.429427666492,0.484114683137,0.0864576503702,0.00307654608771
1897,4,0.43364092277,0.471260624146,0.0950984530843,0.00307654608771
1898,0,0.545743284747,0.454256715253,-6.66133814775e-16,0.0036847670068
1898,1,0.528816102526,0.471183897474,-6.66133814775e-16,0.0036847670068
1898,2,0.43364092277,0.471260624146,0.0950984530843,0.0036847670068
1898,3,0.437432845654,0.459241305162,0.103325849184,0.0036847670068
1898,4,0.439839905463,0.45181727624,0.108342818297,0.0036847670068
1899,0,0.563335231523,0.436664768477,3.33066907388e-16,0.00438823004711
1899,1,0.545743284747,0.454256715253,3.33066907388e-16,0.00438823004711
1899,2,0.439839905463,0.45181727624,0.108342818297,0.00438823004711
1899,3,0.446074927863,0.431852894611,0.122072177526,0.00438823004711
1899,4,0.446375173555,0.430916579314,0.122708247131,0.00438823004711
1900,0,0.581626288973,0.418373711027,-8.881784197e-16,0.00520435492427
1900,1,0.563335231523,0.436664768477,-8.881784197e-16,0.00520435492427
1900,2,0.446375173555,0.430916579314,0.122708247131,0.00520435492427
1900,3,0.453339889048,0.408386274657,0.138273836296,0.00520435492427
1901,0,0.59237187928,0.40762812072,2.77555756156e-16,0.00611977066057
1901,1,0.581626288973,0.418373711027,3.88578058619e-16,0.00611977066057
1901,2,0.453339889048,0.408386274657,0.138273836296,0.00611977066057
1901,3,0.45537718402,0.401548797832,0.143074018148,0.00611977066057
1901,4,0.460739827657,0.384020564168,0.155239608175,0.00611977066057
1901,5,0.596884780218,0.398933897786,0.00418132199629,0.00611977066057
1902,0,0.596884780218,0.398933897786,0.00418132199629,0.00689653573326
1902,1,0.460739827657,0.384020564168,0.155239608175,0.00689653573326
1902,2,0.465526566922,0.367803693065,0.166669740013,0.00689653573326
1902,3,0.468622693338,0.357577252364,0.173800054298,0.00689653573326
1902,4,0.607933408868,0.377732456537,0.0143341345946,0.00689653573326
1902,5,0.60086334443,0.391418730406,0.00771792516423,0.00689653573326
1903,0,0.607933408868,0.377732456537,0.0143341345946,0.00773621490572
1903,1,0.468622693338,0.357577252364,0.173800054298,0.00773621490572
1903,2,0.476692640735,0.32997660847,0.193330750795,0.00773621490572
1903,3,0.477054177449,0.328769747267,0.194176075283,0.00773621490572
1903,4,0.619684736105,0.354990943838,0.0253243200572,0.00773621490572
1903,5,0.610455032821,0.372943982022,0.0166009851571,0.00773621490572
1904,0,0.619684736105,0.354990943838,0.0253243200572,0.00866341698609
1904,1,0.477054177449,0.328769747267,0.194176075283,0.00866341698609
1904,2,0.486176310218,0.297270301475,0.216553388307,0.00866341698609
1904,3,0.627315037041,0.329412448009,0.0432725149506,0.00866341698609
1904,4,0.627141395552,0.3333577503,0.0395008541477,0.00866341698609
1904,5,0.62702365808,0.335734743815,0.0372415981047,0.00866341698609
1904,6,0.62674979952,0.341220905342,0.0320292951384,0.00866341698609
1904,7,0.620538304459,0.35336139841,0.0261002971314,0.00866341698609
1905,0,0.627315037041,0.329412448009,0.0432725149506,0.00922692231257
1905,1,0.486176310218,0.297270301475,0.216553388307,0.00922692231257
1905,2,0.488978254176,0.287264922908,0.223756822916,0.00922692231257
1905,3,0.496034470829,0.262662709262,0.241302819909,0.00922692231257
1905,4,0.628540644815,0.2993997086,0.0720596465853,0.00922692231257
1905,5,0.628212699035,0.30861933345,0.0631679675154,0.00922692231257
1905,6,0.627698426396,0.321163126946,0.0511384466571,0.00922692231257
1906,0,0.628540644815,0.2993997086,0.0720596465853,0.00967820346592
1906,1,0.496034470829,0.262662709262,0.241302819909,0.00967820346592
1906,2,0.502711374402,0.238617108858,0.25867151674,0.00967820346592
1906,3,0.506735932775,0.224447594147,0.268816473078,0.00967820346592
1906,4,0.629558103885,0.265408994304,0.105032901811,0.00967820346592
1906,5,0.629486490619,0.268676472903,0.101837036478,0.00967820346592
1906,6,0.629113343264,0.282399926845,0.0884867298907,0.00967820346592
1906,7,0.628680669329,0.295705191096,0.0756141395741,0.00967820346592
1907,0,0.629558103885,0.265408994304,0.105032901811,0.0100613941519
1907,1,0.506735932775,0.224447594147,0.268816473078,0.0100613941519
1907,2,0.517668913524,0.184736868728,0.297594217748,0.0100613941519
1907,3,0.522877967481,0.183875171067,0.293246861452,0.0100613941519
1907,4,0.523039702692,0.183851760539,0.293108536768,0.0100613941519
1907,5,0.630280333174,0.226527198093,0.143192468734,0.0100613941519
1907,6,0.630097172956,0.239876104001,0.130026723043,0.0100613941519
1907,7,0.62982078811,0.254511971879,0.11566724001,0.0100613941519
1908,0,0.630280333174,0.226527198093,0.143192468734,0.0055683080184
1908,1,0.523039702692,0.183851760539,0.293108536768,0.0055683080184
1908,2,0.534030666436,0.18223168058,0.283737652984,0.0055683080184
1908,3,0.543998042542,0.180969183405,0.275032774053,0.0055683080184
1908,4,0.555558004134,0.179751667781,0.264690328085,0.0055683080184
1908,5,0.566914353393,0.178802792484,0.254282854123,0.0055683080184
1908,6,0.5780557913,0.178119549491,0.243824659208,0.0055683080184
1908,7,0.588305526166,0.177723989675,0.23397048416,0.0055683080184
1908,8,0.597556478502,0.177569890945,0.224873630553,0.0055683080184
1908,9,0.608066835701,0.17764299117,0.214290173129,0.0055683080184
1908,10,0.618325822258,0.177962971718,0.203711206024,0.0055683080184
1908,11,0.623674909294,0.17826304385,0.198062046856,0.0055683080184
1908,12,0.630574088717,0.181522588983,0.187903322301,0.0055683080184
1908,13,0.630566882169,0.192826876228,0.176606241603,0.0055683080184
1908,14,0.630475640879,0.209068093138,0.160456265983,0.0055683080184
1908,15,0.630308553407,0.224737831598,0.144953614996,0.0055683080184
1909,0,0.630574088717,0.181522588983,0.187903322301,1.97987808297e-05
1909,1,0.623674909294,0.17826304385,0.198062046856,1.97987808297e-05
1909,2,0.628327888277,0.178515232251,0.193156879472,1.97987808297e-05
1909,3,0.630581268701,0.178695376427,0.190723354871,1.97987808297e-05
2030,0,0.606571756661,0.393428243339,0,0.000110268909275
2030,1,0.59237187928,0.40762812072,0,0.000110268909275
2030,2,0.596884780218,0.398933897786,0.00418132199629,0.000110268909275
2030,3,0.60086334443,0.391418730406,0.00771792516423,0.000110268909275
2031,0,0.622381717909,0.377618282091,0,0.000387853846155
2031,1,0.606571756661,0.393428243339,0,0.000387853846155
2031,2,0.60086334443,0.391418730406,0.00771792516423,0.000387853846155
2031,3,0.607933408868,0.377732456537,0.0143341345946,0.000387853846155
2031,4,0.610455032821,0.372943982022,0.0166009851571,0.000387853846155
2032,0,0.63035538743,0.36964461257,-2.22044604925e-16,0.000588479846063
2032,1,0.622381717909,0.377618282091,-1.11022302463e-16,0.000588479846063
2032,2,0.610455032821,0.372943982022,0.0166009851571,0.000588479846063
2032,3,0.619684736105,0.354990943838,0.0253243200572,0.000588479846063
2032,4,0.620538304459,0.35336139841,0.0261002971314,0.000588479846063
2032,5,0.628794135267,0.356959940382,0.014245924351,0.000588479846063
2032,6,0.630048084203,0.366963937942,0.00298797785541,0.000588479846063
2032,7,0.630074733141,0.367190583376,0.00273468348259,0.000588479846063
2033,0,0.628794135267,0.356959940382,0.014245924351,0.000123002165345
2033,1,0.620538304459,0.35336139841,0.0261002971314,0.000123002165345
2033,2,0.62674979952,0.341220905342,0.0320292951384,0.000123002165345
2033,3,0.62711578135,0.343893912853,0.0289903057973,0.000123002165345
2033,4,0.628626645979,0.355581967274,0.0157913867466,0.000123002165345
2580,0,0.990558658818,0.00944134118227,3.64291929955e-17,3.09021830626e-05
2580,1,0.982451946885,0.0175480531155,4.85722573274e-17,3.09021830626e-05
2580,2,0.985577618348,0.0112857792094,0.00313660244305,3.09021830626e-05
2580,3,0.987063153094,0.00963660020069,0.00330024670523,3.09021830626e-05
2581,0,0.991853601296,0,0.00814639870401,0.000109662342516
2581,1,1,0,0,0.000109662342516
2581,2,0.990558658818,0.00944134118227,3.81639164715e-17,0.000109662342516
2581,3,0.987063153094,0.00963660020069,0.00330024670523,0.000109662342516
2584,0,0.971640021565,0.0283599784351,-7.97972798949e-17,6.95238744576e-05
2584,1,0.95977645026,0.0402235497399,-7.6327832943e-17,6.95238744576e-05
2584,2,0.964609482408,0.0302584848102,0.00513203278155,6.95238744576e-05
2584,3,0.966060675802,0.0286377360638,0.00530158813429,6.95238744576e-05
2585,0,0.985577618348,0.0112857792094,0.00313660244305,0.000312061688318
2585,1,0.982451946885,0.0175480531155,-1.04083408559e-17,0.000312061688318
2585,2,0.971640021565,0.0283599784351,3.46944695195e-17,0.000312061688318
2585,3,0.966060675802,0.0286377360638,0.00530158813429,0.000312061688318
2585,4,0.973471618557,0.0132916099144,0.0132367715284,0.000312061688318
2585,5,0.974842588963,0.0117558242617,0.0134015867758,0.000312061688318
2586,0,0.980494824916,0,0.0195051750841,0.000258150153484
2586,1,0.991853601296,0,0.00814639870401,0.000258150153484
2586,2,0.987063153094,0.00963660020069,0.00330024670523,0.000258150153484
2586,3,0.985577618348,0.0112857792094,0.00313660244305,0.000258150153484
2586,4,0.974842588963,0.0117558242617,0.0134015867758,0.000258150153484
2591,0,0.953132614745,0.0468673852551,1.2490009027e-16,0.000117589711259
2591,1,0.937982660963,0.0620173390368,1.66533453694e-16,0.000117589711259
2591,2,0.944208198425,0.0487891858998,0.0070026156757,0.000117589711259
2591,3,0.945626870037,0.047195041148,0.00717808881542,0.000117589711259
2592,0,0.964609482408,0.0302584848102,0.00513203278155,0.000336480209015
2592,1,0.95977645026,0.0402235497399,4.16333634234e-17,0.000336480209015
2592,2,0.953132614745,0.0468673852551,2.08166817117e-17,0.000336480209015
2592,3,0.945626870037,0.047195041148,0.00717808881542,0.000336480209015
2592,4,0.952666228455,0.0321693373444,0.015164434201,0.000336480209015
2592,5,0.954006164506,0.0306590350569,0.0153348004368,0.000336480209015
2593,0,0.973471618557,0.0132916099144,0.0132367715284,0.000379061071005
2593,1,0.966060675802,0.0286377360638,0.00530158813429,0.000379061071005
2593,2,0.964609482408,0.0302584848102,0.00513203278155,0.000379061071005
2593,3,0.954006164506,0.0306590350569,0.0153348004368,0.000379061071005
2593,4,0.961281494738,0.0150570555783,0.0236614496833,0.000379061071005
2593,5,0.962537950571,0.0136363107108,0.023825738718,0.000379061071005
2594,0,0.96886640254,0,0.0311335974595,0.000308910189836
2594,1,0.980494824916,0,0.0195051750841,0.000308910189836
2594,2,0.974842588963,0.0117558242617,0.0134015867758,0.000308910189836
2594,3,0.973471618557,0.0132916099144,0.0132367715284,0.000308910189836
2594,4,0.962537950571,0.0136363107108,0.023825738718,0.000308910189836
2597,0,0.918973580855,0.0810264191454,1.11022302463e-16,4.49041502087e-06
2597,1,0.915710732605,0.0842892673953,1.2490009027e-16,4.49041502087e-06
2597,2,0.916429899476,0.0827196348868,0.000850465636857,4.49041502087e-06
2597,3,0.917890676417,0.0810728542592,0.00103646932382,4.49041502087e-06
2598,0,0.935025410536,0.0649745894638,5.55111512313e-17,0.000169605053647
2598,1,0.918973580855,0.0810264191454,9.71445146547e-17,0.000169605053647
2598,2,0.917890676417,0.0810728542592,0.00103646932382,0.000169605053647
2598,3,0.924357498072,0.0668915971227,0.0087509048052,0.000169605053647
2598,4,0.92574535887,0.0653223209118,0.00893232021777,0.000169605053647
2599,0,0.944208198425,0.0487891858998,0.0070026156757,0.00034412180403
2599,1,0.937982660963,0.0620173390368,4.16333634234e-17,0.00034412180403
2599,2,0.935025410536,0.0649745894638,6.93889390391e-17,0.00034412180403
2599,3,0.92574535887,0.0653223209118,0.00893232021777,0.00034412180403
2599,4,0.932422876339,0.0506079234633,0.0169692001977,0.00034412180403
2599,5,0.933733474376,0.0491213751079,0.0171451505159,0.00034412180403
2600,0,0.952666228455,0.0321693373444,0.015164434201,0.000368436774241
2600,1,0.945626870037,0.047195041148,0.00717808881542,0.000368436774241
2600,2,0.944208198425,0.0487891858998,0.0070026156757,0.000368436774241
2600,3,0.933733474376,0.0491213751079,0.0171451505159,0.000368436774241
2600,4,0.940632168994,0.033844046708,0.025523784298,0.000368436774241
2600,5,0.941860877464,0.032445841075,0.0256932814607,0.000368436774241
2601,0,0.961281494738,0.0150570555783,0.0236614496833,0.000390980167236
2601,1,0.954006164506,0.0306590350569,0.0153348004368,0.000390980167236
2601,2,0.952666228455,0.0321693373444,0.015164434201,0.000390980167236
2601,3,0.941860877464,0.032445841075,0.0256932814607,0.000390980167236
2601,4,0.948991949233,0.0165735645689,0.0344344861984,0.000390980167236
2601,5,0.950133838171,0.0152697443609,0.0345964174682,0.000390980167236
2602,0,0.956958656013,0,0.0430413439867,0.000356208211556
2602,1,0.96886640254,0,0.0311335974595,0.000356208211556
2602,2,0.962537950571,0.0136363107108,0.023825738718,0.000356208211556
2602,3,0.961281494738,0.0150570555783,0.0236614496833,0.000356208211556
2602,4,0.950133838171,0.0152697443609,0.0345964174682,0.000356208211556
2606,0,0.90162922308,0.0983707769201,-1.11022302463e-16,1.89917052305e-05
2606,1,0.895553009328,0.104446990672,-9.71445146547e-17,1.89917052305e-05
2606,2,0.897483662086,0.100092495246,0.00242384266739,1.89917052305e-05
2606,3,0.898913886142,0.0984699495742,0.00261616428367,1.89917052305e-05
2607,0,0.916429899476,0.0827196348868,0.000850465636857,0.000214885111829
2607,1,0.915710732605,0.0842892673953,-1.66533453694e-16,0.000214885111829
2607,2,0.90162922308,0.0983707769201,-2.22044604925e-16,0.000214885111829
2607,3,0.898913886142,0.0984699495742,0.00261616428367,0.000214885111829
2607,4,0.905041812225,0.0845789325129,0.0103792552618,0.000214885111829
2607,5,0.906400470992,0.0830328743476,0.0105666546603,0.000214885111829
2608,0,0.924357498072,0.0668915971227,0.0087509048052,0.00033784631747
2608,1,0.917890676417,0.0810728542592,0.00103646932382,0.00033784631747
2608,2,0.916429899476,0.0827196348868,0.000850465636857,0.00033784631747
2608,3,0.906400470992,0.0830328743476,0.0105666546603,0.00033784631747
2608,4,0.912725506503,0.0686209405819,0.0186535529156,0.00033784631747
2608,5,0.914008359674,0.0671565030477,0.0188351372782,0.00033784631747
2609,0,0.932422876339,0.0506079234633,0.0169692001977,0.000358210195604
2609,1,0.92574535887,0.0653223209118,0.00893232021777,0.000358210195604
2609,2,0.924357498072,0.0668915971227,0.0087509048052,0.000358210195604
2609,3,0.914008359674,0.0671565030477,0.0188351372782,0.000358210195604
2609,4,0.920540216965,0.0521945540774,0.0272652289578,0.000358210195604
2609,5,0.921742752641,0.0508172542115,0.0274399931472,0.000358210195604
2610,0,0.940632168994,0.033844046708,0.025523784298,0.000380131707255
2610,1,0.933733474376,0.0491213751079,0.0171451505159,0.000380131707255
2610,2,0.932422876339,0.0506079234633,0.0169692001977,0.000380131707255
2610,3,0.921742752641,0.0508172542115,0.0274399931472,0.000380131707255
2610,4,0.928491803951,0.0352740188944,0.0362341771545,0.000380131707255
2610,5,0.929609216511,0.0339897932933,0.0364009901956,0.000380131707255
2611,0,0.948991949233,0.0165735645689,0.0344344861984,0.000403760788644
2611,1,0.941860877464,0.032445841075,0.0256932814607,0.000403760788644
2611,2,0.940632168994,0.033844046708,0.025523784298,0.000403760788644
2611,3,0.929609216511,0.0339897932933,0.0364009901956,0.000403760788644
2611,4,0.936586553494,0.0178316194267,0.0455818270791,0.000403760788644
2611,5,0.937613719209,0.0166468639536,0.0457394168372,0.000403760788644
2612,0,0.944761439694,0,0.0552385603056,0.000399577292699
2612,1,0.956958656013,0,0.0430413439867,0.000399577292699
2612,2,0.950133838171,0.0152697443609,0.0345964174682,0.000399577292699
2612,3,0.948991949233,0.0165735645689,0.0344344861984,0.000399577292699
2612,4,0.937613719209,0.0166468639536,0.0457394168372,0.000399577292699
2616,0,0.884653695916,0.115346304084,1.38777878078e-17,3.95787359381e-05
2616,1,0.876140728484,0.123859271516,2.77555756156e-17,3.95787359381e-05
2616,2,0.879047421441,0.117072794368,0.00387978419146,3.95787359381e-05
2616,3,0.880448619076,0.115472905955,0.00407847496923,3.95787359381e-05
2617,0,0.897483662086,0.100092495246,0.00242384266739,0.00024636970177
2617,1,0.895553009328,0.104446990672,-2.91433543964e-16,0.00024636970177
2617,2,0.884653695916,0.115346304084,-3.05311331772e-16,0.00024636970177
2617,3,0.880448619076,0.115472905955,0.00407847496923,0.00024636970177
2617,4,0.886246242508,0.101863932373,0.0118898251193,0.00024636970177
2617,5,0.887577211822,0.100339521195,0.0120832669825,0.00024636970177
2618,0,0.905041812225,0.0845789325129,0.0103792552618,0.000328551491816
2618,1,0.898913886142,0.0984699495742,0.00261616428367,0.000328551491816
2618,2,0.897483662086,0.100092495246,0.00242384266739,0.000328551491816
2618,3,0.887577211822,0.100339521195,0.0120832669825,0.000328551491816
2618,4,0.893558753059,0.0862214683682,0.0202197785725,0.000328551491816
2618,5,0.894815357434,0.0847775792349,0.0204070633316,0.000328551491816
2619,0,0.912725506503,0.0686209405819,0.0186535529156,0.000348363193293
2619,1,0.906400470992,0.0830328743476,0.0105666546603,0.000348363193293
2619,2,0.905041812225,0.0845789325129,0.0103792552618,0.000348363193293
2619,3,0.894815357434,0.0847775792349,0.0204070633316,0.000348363193293
2619,4,0.900989784124,0.0701220141583,0.0288882017178,0.000348363193293
2619,5,0.902167623673,0.0687640685127,0.0290683078146,0.000348363193293
2620,0,0.920540216965,0.0521945540774,0.0272652289578,0.000369689259963
2620,1,0.914008359674,0.0671565030477,0.0188351372782,0.000369689259963
2620,2,0.912725506503,0.0686209405819,0.0186535529156,0.000369689259963
2620,3,0.902167623673,0.0687640685127,0.0290683078146,0.000369689259963
2620,4,0.908544506526,0.0535404371341,0.0379150563395,0.000369689259963
2620,5,0.909638896782,0.0522742679735,0.0380868352445,0.000369689259963
2621,0,0.928491803951,0.0352740188944,0.0362341771545,0.000392675390805
2621,1,0.921742752641,0.0508172542115,0.0274399931472,0.000392675390805
2621,2,0.920540216965,0.0521945540774,0.0272652289578,0.000392675390805
2621,3,0.909638896782,0.0522742679735,0.0380868352445,0.000392675390805
2621,4,0.916228463617,0.0364496917678,0.0473218446157,0.000392675390805
2621,5,0.917234412056,0.0352815825274,0.0474840054163,0.000392675390805
2622,0,0.936586553494,0.0178316194267,0.0455818270791,0.000417484367885
2622,1,0.929609216511,0.0339897932933,0.0364009901956,0.000417484367885
2622,2,0.928491803951,0.0352740188944,0.0362341771545,0.000417484367885
2622,3,0.917234412056,0.0352815825274,0.0474840054163,0.000417484367885
2622,4,0.924047607869,0.0188206312139,0.0571317609171,0.000417484367885
2622,5,0.924959787983,0.017757359201,0.0572828528156,0.000417484367885
2623,0,0.932539663378,0,0.0674603366216,0.000438310114562
2623,1,0.944761439694,0,0.0552385603056,0.000438310114562
2623,2,0.937613719209,0.0166468639536,0.0457394168372,0.000438310114562
2623,3,0.936586553494,0.0178316194267,0.0455818270791,0.000438310114562
2623,4,0.924959787983,0.017757359201,0.0572828528156,0.000438310114562
2623,5,0.932008341869,0.000621796242517,0.0673698618881,0.000438310114562
2628,0,0.86803751653,0.13196248347,-1.94289029309e-16,6.39388614262e-05
2628,1,0.857434922598,0.142565077402,-1.66533453694e-16,6.39388614262e-05
2628,2,0.861107354445,0.133672518784,0.00522012677044,6.39388614262e-05
2628,3,0.862480962303,0.132093782989,0.0054252547078,6.39388614262e-05
2629,0,0.879047421441,0.117072794368,0.00387978419146,0.000265875684332
2629,1,0.876140728484,0.123859271516,-2.77555756156e-17,0.000265875684332
2629,2,0.86803751653,0.13196248347,-5.55111512313e-17,0.000265875684332
2629,3,0.862480962303,0.132093782989,0.0054252547078,0.000265875684332
2629,4,0.867956534944,0.118758888921,0.0132845761357,0.000265875684332
2629,5,0.869261236757,0.117254627899,0.0134841353448,0.000265875684332
2630,0,0.886246242508,0.101863932373,0.0118898251193,0.00031959586761
2630,1,0.880448619076,0.115472905955,0.00407847496923,0.00031959586761
2630,2,0.879047421441,0.117072794368,0.00387978419146,0.00031959586761
2630,3,0.869261236757,0.117254627899,0.0134841353448,0.00031959586761
2630,4,0.874907912266,0.103422120313,0.0216699674216,0.00031959586761
2630,5,0.876139672523,0.101997292537,0.0218630349403,0.00031959586761
2631,0,0.893558753059,0.0862214683682,0.0202197785725,0.000338878605857
2631,1,0.887577211822,0.100339521195,0.0120832669825,0.000338878605857
2631,2,0.886246242508,0.101863932373,0.0118898251193,0.000338878605857
2631,3,0.876139672523,0.101997292537,0.0218630349403,0.000338878605857
2631,4,0.881965696799,0.087639378274,0.0303949249267,0.000338878605857
2631,5,0.883120224789,0.0862993118137,0.0305804633977,0.000338878605857
2632,0,0.900989784124,0.0701220141583,0.0288882017178,0.00035963442934
2632,1,0.894815357434,0.0847775792349,0.0204070633316,0.00035963442934
2632,2,0.893558753059,0.0862214683682,0.0202197785725,0.00035963442934
2632,3,0.883120224789,0.0862993118137,0.0305804633977,0.00035963442934
2632,4,0.889134391799,0.0713861260855,0.0394794821158,0.00035963442934
2632,5,0.890207121086,0.0701365528101,0.0396563261039,0.00035963442934
2633,0,0.908544506526,0.0535404371341,0.0379150563395,0.000382005012459
2633,1,0.902167623673,0.0687640685127,0.0290683078146,0.000382005012459
2633,2,0.900989784124,0.0701220141583,0.0288882017178,0.000382005012459
2633,3,0.890207121086,0.0701365528101,0.0396563261039,0.000382005012459
2633,4,0.896418821617,0.0546359605136,0.0489452178695,0.000382005012459
2633,5,0.897404887442,0.0534830542021,0.0491120583562,0.000382005012459
2634,0,0.916228463617,0.0364496917678,0.0473218446157,0.000406148634747
2634,1,0.909638896782,0.0522742679735,0.0380868352445,0.000406148634747
2634,2,0.908544506526,0.0535404371341,0.0379150563395,0.000406148634747
2634,3,0.897404887442,0.0534830542021,0.0491120583562,0.000406148634747
2634,4,0.903824163246,0.0373604279659,0.0588154087879,0.000406148634747
2634,5,0.904718377579,0.03631084685,0.0589707755706,0.000406148634747
2635,0,0.924047607869,0.0188206312139,0.0571317609171,0.000432242496961
2635,1,0.917234412056,0.0352815825274,0.0474840054163,0.000432242496961
2635,2,0.916228463617,0.0364496917678,0.0473218446157,0.000432242496961
2635,3,0.904718377579,0.03631084685,0.0589707755706,0.000432242496961
2635,4,0.911355981651,0.0195288185086,0.0691151998407,0.000432242496961
2635,5,0.912152805617,0.0185897528707,0.0692574415118,0.000432242496961
2636,0,0.919713782761,0.000287160133239,0.0799990571062,0.000460485413353
2636,1,0.932008341869,0.000621796242517,0.0673698618881,0.000460485413353
2636,2,0.924959787983,0.017757359201,0.0572828528156,0.000460485413353
2636,3,0.924047607869,0.0188206312139,0.0571317609171,0.000460485413353
2636,4,0.912152805617,0.0185897528707,0.0692574415118,0.000460485413353
2636,5,0.919020269426,0.00110793459789,0.0798717959761,0.000460485413353
2637,0,0.91982580405,0,0.0801741959502,1.14734235586e-05
2637,1,0.932539663378,0,0.0674603366216,1.14734235586e-05
2637,2,0.932008341869,0.000621796242517,0.0673698618881,1.14734235586e-05
2637,3,0.919713782761,0.000287160133239,0.0799990571062,1.14734235586e-05
2642,0,0.851771535244,0.148228464756,1.11022302463e-16,9.01622402498e-05
2642,1,0.839399329988,0.160600670012,2.49800180541e-16,9.01622402498e-05
2642,2,0.843650242495,0.149903248032,0.00644650947337,9.01622402498e-05
2642,3,0.844997612484,0.14834422843,0.00665815908567,9.01622402498e-05
2643,0,0.861107354445,0.133672518784,0.00522012677044,0.000276100051409
2643,1,0.857434922598,0.142565077402,-2.77555756156e-16,0.000276100051409
2643,2,0.851771535244,0.148228464756,-3.05311331772e-16,0.000276100051409
2643,3,0.844997612484,0.14834422843,0.00665815908567,0.000276100051409
2643,4,0.850159055657,0.135275670813,0.0145652735299,0.000276100051409
2643,5,0.851438826484,0.133790132413,0.0147710411026,0.000276100051409
2644,0,0.867956534944,0.118758888921,0.0132845761357,0.000310964260386
2644,1,0.862480962303,0.132093782989,0.0054252547078,0.000310964260386
2644,2,0.861107354445,0.133672518784,0.00522012677044,0.000310964260386
2644,3,0.851438826484,0.133790132413,0.0147710411026,0.000310964260386
2644,4,0.856758916948,0.120235068994,0.0230060140577,0.000310964260386
2644,5,0.857967151676,0.118827885898,0.0232049624259,0.000310964260386
2645,0,0.874907912266,0.103422120313,0.0216699674216,0.00032974018846
2645,1,0.869261236757,0.117254627899,0.0134841353448,0.00032974018846
2645,2,0.867956534944,0.118758888921,0.0132845761357,0.00032974018846
2645,3,0.857967151676,0.118827885898,0.0232049624259,0.00032974018846
2645,4,0.863453435253,0.104759138681,0.0317874260665,0.00032974018846
2645,5,0.864585949565,0.103435547769,0.0319785026663,0.00032974018846
2646,0,0.881965696799,0.087639378274,0.0303949249267,0.00034994981276
2646,1,0.876139672523,0.101997292537,0.0218630349403,0.00034994981276
2646,2,0.874907912266,0.103422120313,0.0216699674216,0.00034994981276
2646,3,0.864585949565,0.103435547769,0.0319785026663,0.00034994981276
2646,4,0.870246466882,0.0888239144143,0.0409296187042,0.00034994981276
2646,5,0.871298809313,0.087589548881,0.0411116418061,0.00034994981276
2647,0,0.889134391799,0.0713861260855,0.0394794821158,0.00037173098467
2647,1,0.883120224789,0.0862993118137,0.0305804633977,0.00037173098467
2647,2,0.881965696799,0.087639378274,0.0303949249267,0.00037173098467
2647,3,0.871298809313,0.087589548881,0.0411116418061,0.00037173098467
2647,4,0.877142139412,0.0724036085924,0.0504542519956,0.00037173098467
2647,5,0.878109569599,0.0712645352916,0.0506258951092,0.00037173098467
2648,0,0.896418821617,0.0546359605136,0.0489452178695,0.000395237709355
2648,1,0.890207121086,0.0701365528101,0.0396563261039,0.000395237709355
2648,2,0.889134391799,0.0713861260855,0.0394794821158,0.000395237709355
2648,3,0.878109569599,0.0712645352916,0.0506258951092,0.000395237709355
2648,4,0.884144878363,0.0554704318916,0.0603846897451,0.000395237709355
2648,5,0.88502234305,0.0544331930346,0.0605444639157,0.000395237709355
2649,0,0.903824163246,0.0373604279659,0.0588154087879,0.000420642397242
2649,1,0.897404887442,0.0534830542021,0.0491120583562,0.000420642397242
2649,2,0.896418821617,0.0546359605136,0.0489452178695,0.000420642397242
2649,3,0.88502234305,0.0544331930346,0.0605444639157,0.000420642397242
2649,4,0.891259437045,0.037994392135,0.0707461708204,0.000420642397242
2649,5,0.892041543571,0.0370660519326,0.0708924044963,0.000420642397242
2650,0,0.911355981651,0.0195288185086,0.0691151998407,0.00044813848291
2650,1,0.904718377579,0.03631084685,0.0589707755706,0.00044813848291
2650,2,0.903824163246,0.0373604279659,0.0588154087879,0.00044813848291
2650,3,0.892041543571,0.0370660519326,0.0708924044963,0.00044813848291
2650,4,0.898490930073,0.0199430684312,0.0815660014955,0.00044813848291
2650,5,0.899171917027,0.0191312653892,0.0816968175842,0.00044813848291
2651,0,0.90641857573,0.000594362692172,0.0929870615777,0.000477943478129
2651,1,0.919020269426,0.00110793459789,0.0798717959761,0.000477943478129
2651,2,0.912152805617,0.0185897528707,0.0692574415118,0.000477943478129
2651,3,0.911355981651,0.0195288185086,0.0691151998407,0.000477943478129
2651,4,0.899171917027,0.0191312653892,0.0816968175842,0.000477943478129
2651,5,0.90584487108,0.00128135700837,0.0928737719116,0.000477943478129
2652,0,0.906639066429,0,0.093360933571,2.23204624306e-05
2652,1,0.91982580405,0,0.0801741959502,2.23204624306e-05
2652,2,0.919713782761,0.000287160133238,0.0799990571062,2.23204624306e-05
2652,3,0.919020269426,0.00110793459789,0.0798717959761,2.23204624306e-05
2652,4,0.90641857573,0.000594362692172,0.0929870615777,2.23204624306e-05
2658,0,0.835846921098,0.164153078902,-1.38777878078e-16,0.000116688992684
2658,1,0.822000164963,0.177999835037,-1.94289029309e-16,0.000116688992684
2658,2,0.826663450288,0.165776177529,0.007560372183,0.000116688992684
2658,3,0.827985854324,0.164235501325,0.00777864435131,0.000116688992684
2659,0,0.843650242495,0.149903248032,0.00644650947337,0.000279309285904
2659,1,0.839399329988,0.160600670012,2.77555756156e-17,0.000279309285904
2659,2,0.835846921098,0.164153078902,8.32667268469e-17,0.000279309285904
2659,3,0.827985854324,0.164235501325,0.00777864435131,0.000279309285904
2659,4,0.83284076853,0.151425746628,0.0157334848422,0.000279309285904
2659,5,0.834096864288,0.149957567949,0.0159455677627,0.000279309285904
2660,0,0.850159055657,0.135275670813,0.0145652735299,0.000302642277754
2660,1,0.844997612484,0.14834422843,0.00665815908567,0.000302642277754
2660,2,0.843650242495,0.149903248032,0.00644650947337,0.000302642277754
2660,3,0.834096864288,0.149957567949,0.0159455677627,0.000302642277754
2660,4,0.83909831292,0.136672070272,0.0242296168076,0.000302642277754
2660,5,0.840284259554,0.13528118079,0.0244345596563,0.000302642277754
2661,0,0.856758916948,0.120235068994,0.0230060140577,0.000320932554546
2661,1,0.851438826484,0.133790132413,0.0147710411026,0.000320932554546
2661,2,0.850159055657,0.135275670813,0.0145652735299,0.000320932554546
2661,3,0.840284259554,0.13528118079,0.0244345596563,0.000320932554546
2661,4,0.845439108821,0.121493353467,0.0330675377122,0.000320932554546
2661,5,0.846550825681,0.12018490104,0.0332642732792,0.000320932554546
2662,0,0.863453435253,0.104759138681,0.0317874260665,0.000340618937637
2662,1,0.857967151676,0.118827885898,0.0232049624259,0.000340618937637
2662,2,0.856758916948,0.120235068994,0.0230060140577,0.000340618937637
2662,3,0.846550825681,0.12018490104,0.0332642732792,0.000340618937637
2662,4,0.85186638493,0.105866178368,0.0422674367026,0.000340618937637
2662,5,0.852899532528,0.10464569993,0.0424547675424,0.000340618937637
2663,0,0.870246466882,0.0888239144143,0.0409296187042,0.000361835648163
2663,1,0.864585949565,0.103435547769,0.0319785026663,0.000361835648163
2663,2,0.863453435253,0.104759138681,0.0317874260665,0.000361835648163
2663,3,0.852899532528,0.10464569993,0.0424547675424,0.000361835648163
2663,4,0.858383592898,0.0897653473308,0.0518510597712,0.000361835648163
2663,5,0.859333551977,0.0886388055068,0.0520276425158,0.000361835648163
2664,0,0.877142139412,0.0724036085924,0.0504542519956,0.00038473263251
2664,1,0.871298809313,0.087589548881,0.0411116418061,0.00038473263251
2664,2,0.870246466882,0.0888239144143,0.0409296187042,0.00038473263251
2664,3,0.859333551977,0.0886388055068,0.0520276425158,0.00038473263251
2664,4,0.864994429254,0.0731637074633,0.0618418632824,0.00038473263251
2664,5,0.865856277708,0.0721375314578,0.0620061908344,0.00038473263251
2665,0,0.884144878363,0.0554704318916,0.0603846897451,0.000409477756098
2665,1,0.878109569599,0.0712645352916,0.0506258951092,0.000409477756098
2665,2,0.877142139412,0.0724036085924,0.0504542519956,0.000409477756098
2665,3,0.865856277708,0.0721375314578,0.0620061908344,0.000409477756098
2665,4,0.871702859956,0.0560319540418,0.0722651860025,0.000409477756098
2665,5,0.872471347351,0.0551130853604,0.072415567289,0.000409477756098
2666,0,0.891259437045,0.037994392135,0.0707461708204,0.000436259351304
2666,1,0.88502234305,0.0544331930346,0.0605444639157,0.000436259351304
2666,2,0.884144878363,0.0554704318916,0.0603846897451,0.000436259351304
2666,3,0.872471347351,0.0551130853604,0.072415567289,0.000436259351304
2666,4,0.878513147947,0.0383384098026,0.0831484422508,0.000436259351304
2666,5,0.879182667327,0.0375343535229,0.0832829791504,0.000436259351304
2667,0,0.898490930073,0.0199430684312,0.0815660014955,0.00046528919046
2667,1,0.892041543571,0.0370660519326,0.0708924044963,0.00046528919046
2667,2,0.891259437045,0.037994392135,0.0707461708204,0.00046528919046
2667,3,0.879182667327,0.0375343535229,0.0832829791504,0.00046528919046
2667,4,0.885429884157,0.0200487765484,0.0945213392944,0.00046528919046
2667,5,0.885994440787,0.0193676589209,0.094637900292,0.00046528919046
2668,0,0.892911199099,0.000576488268159,0.106512312633,0.000496805961795
2668,1,0.90584487108,0.00128135700837,0.0928737719116,0.000496805961795
2668,2,0.899171917027,0.0191312653892,0.0816968175842,0.000496805961795
2668,3,0.898490930073,0.0199430684312,0.0815660014955,0.000496805961795
2668,4,0.885994440787,0.0193676589209,0.094637900292,0.000496805961795
2668,5,0.892458022471,0.00112585492836,0.106416122601,0.000496805961795
2669,0,0.893113732062,0,0.106886267938,2.51191640814e-05
2669,1,0.906639066429,0,0.093360933571,2.51191640814e-05
2669,2,0.90641857573,0.000594362692172,0.0929870615777,2.51191640814e-05
2669,3,0.90584487108,0.00128135700837,0.0928737719116,2.51191640814e-05
2669,4,0.892911199099,0.000576488268159,0.106512312633,2.51191640814e-05
2674,0,0.806587825321,0.193412174679,-1.66533453694e-16,3.06698249264e-06
2674,1,0.803974507069,0.196025492931,-1.66533453694e-16,3.06698249264e-06
2674,2,0.804348000596,0.195010144697,0.000641854707719,3.06698249264e-06
2674,3,0.805708137499,0.193419364034,0.000872498467434,3.06698249264e-06
2675,0,0.820255148186,0.179744851814,-1.94289029309e-16,0.000141057510246
2675,1,0.806587825321,0.193412174679,-1.66533453694e-16,0.000141057510246
2675,2,0.805708137499,0.193419364034,0.000872498467435,0.000141057510246
2675,3,0.810134906534,0.181302140588,0.00856295287806,0.000141057510246
2675,4,0.81143354095,0.179778494255,0.00878796479541,0.000141057510246
2676,0,0.826663450288,0.165776177529,0.007560372183,0.000277394057579
2676,1,0.822000164963,0.177999835037,-2.22044604925e-16,0.000277394057579
2676,2,0.820255148186,0.179744851814,-2.77555756156e-16,0.000277394057579
2676,3,0.81143354095,0.179778494255,0.00878796479541,0.000277394057579
2676,4,0.815989214766,0.167220207466,0.0167905777677,0.000277394057579
2676,5,0.817222815275,0.16576808581,0.0170090989146,0.000277394057579
2677,0,0.83284076853,0.151425746628,0.0157334848422,0.000294616268521
2677,1,0.827985854324,0.164235501325,0.00777864435131,0.000294616268521
2677,2,0.826663450288,0.165776177529,0.007560372183,0.000294616268521
2677,3,0.817222815275,0.16576808581,0.0170090989146,0.000294616268521
2677,4,0.821913237373,0.152744486472,0.0253422761547,0.000294616268521
2677,5,0.823078056785,0.151368600649,0.0255533425654,0.000294616268521
2678,0,0.83909831292,0.136672070272,0.0242296168076,0.00031244111988
2678,1,0.834096864288,0.149957567949,0.0159455677627,0.00031244111988
2678,2,0.83284076853,0.151425746628,0.0157334848422,0.00031244111988
2678,3,0.823078056785,0.151368600649,0.0255533425654,0.00031244111988
2678,4,0.827909433043,0.137853670438,0.0342368965191,0.00031244111988
2678,5,0.829001491703,0.136559081429,0.034439426868,0.00031244111988
2679,0,0.845439108821,0.121493353467,0.0330675377122,0.000331626202216
2679,1,0.840284259554,0.13528118079,0.0244345596563,0.000331626202216
2679,2,0.83909831292,0.136672070272,0.0242296168076,0.000331626202216
2679,3,0.829001491703,0.136559081429,0.034439426868,0.000331626202216
2679,4,0.833980420979,0.122524866334,0.0434947126874,0.000331626202216
2679,5,0.834995488448,0.121317017194,0.0436874943576,0.000331626202216
2680,0,0.85186638493,0.105866178368,0.0422674367026,0.000352302288138
2680,1,0.846550825681,0.12018490104,0.0332642732792,0.000352302288138
2680,2,0.845439108821,0.121493353467,0.0330675377122,0.000352302288138
2680,3,0.834995488448,0.121317017194,0.0436874943576,0.000352302288138
2680,4,0.840128996405,0.106733441798,0.0531375617977,0.000352302288138
2680,5,0.841062571315,0.105618193586,0.0533192350993,0.000352302288138
2681,0,0.858383592898,0.0897653473308,0.0518510597712,0.000374615472038
2681,1,0.852899532528,0.10464569993,0.0424547675424,0.000374615472038
2681,2,0.85186638493,0.105866178368,0.0422674367026,0.000374615472038
2681,3,0.841062571315,0.105618193586,0.0533192350993,0.000374615472038
2681,4,0.84635814789,0.0904528535574,0.0631889985523,0.000374615472038
2681,5,0.847205435755,0.0894365254321,0.063358038813,0.000374615472038
2682,0,0.864994429254,0.0731637074633,0.0618418632824,0.000398729306263
2682,1,0.859333551977,0.0886388055068,0.0520276425158,0.000398729306263
2682,2,0.858383592898,0.0897653473308,0.0518510597712,0.000398729306263
2682,3,0.847205435755,0.0894365254321,0.063358038813,0.000398729306263
2682,4,0.852671076752,0.0736544552007,0.0736744680476,0.000398729306263
2682,5,0.853426965474,0.0727438692786,0.0738291652475,0.000398729306263
2683,0,0.871702859956,0.0560319540418,0.0722651860025,0.000424827285172
2683,1,0.865856277708,0.0721375314578,0.0620061908344,0.000424827285172
2683,2,0.864994429254,0.0731637074633,0.0618418632824,0.000424827285172
2683,3,0.853426965474,0.0727438692786,0.0738291652475,0.000424827285172
2683,4,0.859071218816,0.0563072813357,0.0846214998485,0.000424827285172
2683,5,0.859730251618,0.0555098129642,0.084759935418,0.000424827285172
2684,0,0.878513147947,0.0383384098026,0.0831484422508,0.000453115741125
2684,1,0.872471347351,0.0551130853604,0.072415567289,0.000453115741125
2684,2,0.871702859956,0.0560319540418,0.0722651860025,0.000453115741125
2684,3,0.859730251618,0.0555098129642,0.084759935418,0.000453115741125
2684,4,0.865562268919,0.0383778046562,0.096059926425,0.000453115741125
2684,5,0.866118614334,0.0377014389169,0.0961799467488,0.000453115741125
2685,0,0.885429884157,0.0200487765484,0.0945213392944,0.000483827232109
2685,1,0.879182667327,0.0375343535229,0.0832829791504,0.000483827232109
2685,2,0.878513147947,0.0383384098026,0.0831484422508,0.000483827232109
2685,3,0.866118614334,0.0377014389169,0.0961799467488,0.000483827232109
2685,4,0.872148208516,0.0198296619011,0.108022129583,0.000483827232109
2685,5,0.872595627082,0.0192830572377,0.10812131568,0.000483827232109
2686,0,0.879165144099,0.000215903969309,0.120618951932,0.000517224516425
2686,1,0.892458022471,0.00112585492836,0.106416122601,0.000517224516425
2686,2,0.885994440787,0.0193676589209,0.094637900292,0.000517224516425
2686,3,0.885429884157,0.0200487765484,0.0945213392944,0.000517224516425
2686,4,0.872595627082,0.0192830572377,0.10812131568,0.000517224516425
2686,5,0.87883333691,0.000623343904866,0.120543319185,0.000517224516425
2687,0,0.879236637573,0,0.120763362427,1.87086221327e-05
2687,1,0.893113732062,0,0.106886267938,1.87086221327e-05
2687,2,0.892911199099,0.000576488268159,0.106512312633,1.87086221327e-05
2687,3,0.892458022471,0.00112585492836,0.106416122601,1.87086221327e-05
2687,4,0.879165144099,0.000215903969309,0.120618951932,1.87086221327e-05
2692,0,0.791628111336,0.208371888664,3.60822483003e-16,8.41783239336e-06
2692,1,0.787769145017,0.212230854983,3.60822483003e-16,8.41783239336e-06
2692,2,0.788571376391,0.209948255385,0.00148036822334,8.41783239336e-06
2692,3,0.789907695881,0.208374134325,0.00171816979408,8.41783239336e-06
2693,0,0.804348000596,0.195010144697,0.000641854707719,0.000160704891752
2693,1,0.803974507069,0.196025492931,-1.66533453694e-16,0.000160704891752
2693,2,0.791628111336,0.208371888664,-8.32667268469e-17,0.000160704891752
2693,3,0.789907695881,0.208374134325,0.00171816979408,0.000160704891752
2693,4,0.794053086483,0.196491629709,0.00945528380784,0.000160704891752
2693,5,0.795329076147,0.194983754827,0.0096871690266,0.000160704891752
2694,0,0.810134906534,0.181302140588,0.00856295287806,0.000270706131344
2694,1,0.805708137499,0.193419364034,0.000872498467434,0.000270706131344
2694,2,0.804348000596,0.195010144697,0.000641854707719,0.000270706131344
2694,3,0.795329076147,0.194983754827,0.0096871690266,0.000270706131344
2694,4,0.79959249433,0.182669788735,0.0177377169345,0.000270706131344
2694,5,0.80080470751,0.181232477382,0.0179628151083,0.000270706131344
2695,0,0.815989214766,0.167220207466,0.0167905777677,0.000286873274178
2695,1,0.81143354095,0.179778494255,0.00878796479541,0.000286873274178
2695,2,0.810134906534,0.181302140588,0.00856295287806,0.000286873274178
2695,3,0.80080470751,0.181232477382,0.0179628151083,0.000286873274178
2695,4,0.805191399161,0.168463308726,0.0263452921126,0.000286873274178
2695,5,0.806336179934,0.167101193442,0.0265626266243,0.000286873274178
2696,0,0.821913237373,0.152744486472,0.0253422761547,0.000304252051659
2696,1,0.817222815275,0.16576808581,0.0170090989146,0.000304252051659
2696,2,0.815989214766,0.167220207466,0.0167905777677,0.000304252051659
2696,3,0.806336179934,0.167101193442,0.0265626266243,0.000304252051659
2696,4,0.810851708754,0.153851350017,0.035296941229,0.000304252051659
2696,5,0.811925175847,0.152569407013,0.0355054171396,0.000304252051659
2697,0,0.827909433043,0.137853670438,0.0342368965191,0.000322956819333
2697,1,0.823078056785,0.151368600649,0.0255533425654,0.000322956819333
2697,2,0.821913237373,0.152744486472,0.0253422761547,0.000322956819333
2697,3,0.811925175847,0.152569407013,0.0355054171396,0.000322956819333
2697,4,0.816575449753,0.13881152242,0.0446130278276,0.000322956819333
2697,5,0.817573478913,0.137615103227,0.0448114178595,0.000322956819333
2698,0,0.833980420979,0.122524866334,0.0434947126874,0.00034311507529
2698,1,0.829001491703,0.136559081429,0.034439426868,0.00034311507529
2698,2,0.827909433043,0.137853670438,0.0342368965191,0.00034311507529
2698,3,0.817573478913,0.137615103227,0.0448114178595,0.00034311507529
2698,4,0.822364779175,0.123319735055,0.05431548577,0.00034311507529
2698,5,0.823282983786,0.122214601783,0.0545024144309,0.00034311507529
2699,0,0.840128996405,0.106733441798,0.0531375617977,0.000364869257541
2699,1,0.834995488448,0.121317017194,0.0436874943576,0.000364869257541
2699,2,0.833980420979,0.122524866334,0.0434947126874,0.000364869257541
2699,3,0.823282983786,0.122214601783,0.0545024144309,0.000364869257541
2699,4,0.828221997262,0.107350028454,0.0644279742847,0.000364869257541
2699,5,0.829055707007,0.106342393142,0.0646018998515,0.000364869257541
2700,0,0.84635814789,0.0904528535574,0.0631889985523,0.000388378827342
2700,1,0.841062571315,0.105618193586,0.0533192350993,0.000388378827342
2700,2,0.840128996405,0.106733441798,0.0531375617977,0.000388378827342
2700,3,0.829055707007,0.106342393142,0.0646018998515,0.000388378827342
2700,4,0.834149561859,0.0908743864452,0.0749760516962,0.000388378827342
2700,5,0.834893799194,0.0899709550763,0.07513524573,0.000388378827342
2701,0,0.852671076752,0.0736544552007,0.0736744680476,0.000413822691864
2701,1,0.847205435755,0.0894365254321,0.063358038813,0.000413822691864
2701,2,0.84635814789,0.0904528535574,0.0631889985523,0.000413822691864
2701,3,0.834893799194,0.0899709550763,0.07513524573,0.000413822691864
2701,4,0.840150104558,0.0738625249266,0.0859873705156,0.000413822691864
2701,5,0.840799558714,0.0730705467615,0.0861298945241,0.000413822691864
2702,0,0.859071218816,0.0563072813357,0.0846214998485,0.000441402028712
2702,1,0.853426965474,0.0727438692786,0.0738291652475,0.000441402028712
2702,2,0.852671076752,0.0736544552007,0.0736744680476,0.000441402028712
2702,3,0.840799558714,0.0730705467615,0.0861298945241,0.000441402028712
2702,4,0.846226448854,0.0562816541135,0.0974918970323,0.000441402028712
2702,5,0.846775447048,0.0556089771307,0.0976155758208,0.000441402028712
2703,0,0.865562268919,0.0383778046562,0.096059926425,0.000471343590722
2703,1,0.859730251618,0.0555098129642,0.084759935418,0.000471343590722
2703,2,0.859071218816,0.0563072813357,0.0846214998485,0.000471343590722
2703,3,0.846775447048,0.0556089771307,0.0976155758208,0.000471343590722
2703,4,0.852381630613,0.0380962103154,0.109522159072,0.000471343590722
2703,5,0.85282410611,0.0375513436389,0.109624550251,0.000471343590722
2704,0,0.872148208516,0.0198296619011,0.108022129583,0.000503903582023
2704,1,0.866118614334,0.0377014389169,0.0961799467488,0.000503903582023
2704,2,0.865562268919,0.0383778046562,0.096059926425,0.000503903582023
2704,3,0.85282410611,0.0375513436389,0.109624550251,0.000503903582023
2704,4,0.858618921211,0.0192675525647,0.122113526224,0.000503903582023
2704,5,0.858948377806,0.0188597369646,0.12219188523,0.000503903582023
2705,0,0.864864565385,0,0.135135434615,0.000536083060074
2705,1,0.871288826762,0,0.128711173238,0.000536083060074
2705,2,0.87883333691,0.000623343904866,0.120543319185,0.000536083060074
2705,3,0.872595627082,0.0192830572377,0.10812131568,0.000536083060074
2705,4,0.872148208516,0.0198296619011,0.108022129583,0.000536083060074
2705,5,0.858948377806,0.0188597369646,0.12219188523,0.000536083060074
2706,0,0.871288826762,0,0.128711173238,4.99672861892e-06
2706,1,0.879236637573,0,0.120763362427,4.99672861892e-06
2706,2,0.879165144099,0.000215903969309,0.120618951932,4.99672861892e-06
2706,3,0.87883333691,0.000623343904866,0.120543319185,4.99672861892e-06
2711,0,0.77697696507,0.22302303493,-5.55111512313e-17,1.45700992996e-05
2711,1,0.772111377084,0.227888622916,-5.55111512313e-17,1.45700992996e-05
2711,2,0.773223002033,0.224567963347,0.00220903461963,1.45700992996e-05
2711,3,0.774536576497,0.223009283772,0.00245413973094,1.45700992996e-05
2712,0,0.787769145017,0.212230854983,-8.32667268469e-17,0.000174474005913
2712,1,0.77697696507,0.22302303493,-8.32667268469e-17,0.000174474005913
2712,2,0.774536576497,0.223009283772,0.00245413973094,0.000174474005913
2712,3,0.778406996295,0.211354817226,0.0102381864787,0.000174474005913
2712,4,0.779661398424,0.209861506516,0.0104770950592,0.000174474005913
2712,5,0.788571376391,0.209948255385,0.00148036822334,0.000174474005913
2713,0,0.794053086483,0.196491629709,0.00945528380784,0.000263631493358
2713,1,0.789907695881,0.208374134325,0.00171816979408,0.000263631493358
2713,2,0.788571376391,0.209948255385,0.00148036822334,0.000263631493358
2713,3,0.779661398424,0.209861506516,0.0104770950592,0.000263631493358
2713,4,0.783639249233,0.197784891231,0.0185758595364,0.000263631493358
2713,5,0.784831114993,0.196361195421,0.0188076895863,0.000263631493358
2714,0,0.79959249433,0.182669788735,0.0177377169345,0.000279400984413
2714,1,0.795329076147,0.194983754827,0.0096871690266,0.000279400984413
2714,2,0.794053086483,0.196491629709,0.00945528380784,0.000279400984413
2714,3,0.784831114993,0.196361195421,0.0188076895863,0.000279400984413
2714,4,0.788921060957,0.183839178537,0.0272397605061,0.000279400984413
2714,5,0.790046823353,0.182489653425,0.0274635232229,0.000279400984413
2715,0,0.805191399161,0.168463308726,0.0263452921126,0.000296352220165
2715,1,0.80080470751,0.181232477382,0.0179628151083,0.000296352220165
2715,2,0.79959249433,0.182669788735,0.0177377169345,0.000296352220165
2715,3,0.790046823353,0.182489653425,0.0274635232229,0.000296352220165
2715,4,0.794253803054,0.169497287346,0.0362489095999,0.000296352220165
2715,5,0.795309676641,0.168226826455,0.0364634969041,0.000296352220165
2716,0,0.810851708754,0.153851350017,0.035296941229,0.000314596765265
2716,1,0.806336179934,0.167101193442,0.0265626266243,0.000314596765265
2716,2,0.805191399161,0.168463308726,0.0263452921126,0.000314596765265
2716,3,0.795309676641,0.168226826455,0.0364634969041,0.000314596765265
2716,4,0.79963892541,0.154737309101,0.0456237654888,0.000314596765265
2716,5,0.800620889321,0.153551174758,0.0458279359209,0.000314596765265
2717,0,0.816575449753,0.13881152242,0.0446130278276,0.000334259009285
2717,1,0.811925175847,0.152569407013,0.0355054171396,0.000334259009285
2717,2,0.810851708754,0.153851350017,0.035296941229,0.000334259009285
2717,3,0.800620889321,0.153551174758,0.0458279359209,0.000334259009285
2717,4,0.805077963818,0.139535671436,0.0553863647461,0.000334259009285
2717,5,0.805981743121,0.138439529386,0.0555787274933,0.000334259009285
2718,0,0.822364779175,0.123319735055,0.05431548577,0.000355477920634
2718,1,0.817573478913,0.137615103227,0.0448114178595,0.000355477920634
2718,2,0.816575449753,0.13881152242,0.0446130278276,0.000355477920634
2718,3,0.805981743121,0.138439529386,0.0555787274933,0.000355477920634
2718,4,0.81057254846,0.12386697378,0.0655604777594,0.000355477920634
2718,5,0.811393593651,0.122866931819,0.0657394745306,0.000355477920634
2719,0,0.828221997262,0.107350028454,0.0644279742847,0.0003784090807
2719,1,0.823282983786,0.122214601783,0.0545024144309,0.0003784090807
2719,2,0.822364779175,0.123319735055,0.05431548577,0.0003784090807
2719,3,0.811393593651,0.122866931819,0.0657394745306,0.0003784090807
2719,4,0.81612441341,0.107703803135,0.0761717834551,0.0003784090807
2719,5,0.816857877807,0.10680645432,0.0763356678728,0.0003784090807
2720,0,0.834149561859,0.0908743864452,0.0749760516962,0.000403227048779
2720,1,0.829055707007,0.106342393142,0.0646018998515,0.000403227048779
2720,2,0.828221997262,0.107350028454,0.0644279742847,0.000403227048779
2720,3,0.816857877807,0.10680645432,0.0763356678728,0.000403227048779
2720,4,0.82173540728,0.0910165272057,0.0872480655138,0.000403227048779
2720,5,0.822376122073,0.0902289982909,0.087394879636,0.000403227048779
2721,0,0.840150104558,0.0738625249266,0.0859873705156,0.000430128119706
2721,1,0.834893799194,0.0899709550763,0.07513524573,0.000430128119706
2721,2,0.834149561859,0.0908743864452,0.0749760516962,0.000430128119706
2721,3,0.822376122073,0.0902289982909,0.087394879636,0.000430128119706
2721,4,0.827407505203,0.0737730615583,0.0988194332388,0.000430128119706
2721,5,0.827949951833,0.0731030674146,0.0989469807525,0.000430128119706
2722,0,0.846226448854,0.0562816541135,0.0974918970323,0.000459333550268
2722,1,0.840799558714,0.0730705467615,0.0861298945241,0.000459333550268
2722,2,0.840150104558,0.0738625249266,0.0859873705156,0.000459333550268
2722,3,0.827949951833,0.0731030674146,0.0989469807525,0.000459333550268
2722,4,0.833142822328,0.055938606891,0.110918570781,0.000459333550268
2722,5,0.833581101874,0.0553945117996,0.111024386327,0.000459333550268
2723,0,0.852381630613,0.0380962103154,0.109522159072,0.000491093344487
2723,1,0.846775447048,0.0556089771307,0.0976155758208,0.000491093344487
2723,2,0.846226448854,0.0562816541135,0.0974918970323,0.000491093344487
2723,3,0.833581101874,0.0553945117996,0.111024386327,0.000491093344487
2723,4,0.83894362908,0.037475351877,0.123581019043,0.000491093344487
2723,5,0.839271428242,0.0370662387283,0.12366233303,0.000491093344487
2724,0,0.858618921211,0.0192675525647,0.122113526224,0.000525690710316
2724,1,0.85282410611,0.0375513436389,0.109624550251,0.000525690710316
2724,2,0.852381630613,0.0380962103154,0.109522159072,0.000525690710316
2724,3,0.839271428242,0.0370662387283,0.12366233303,0.000525690710316
2724,4,0.84481236845,0.0183421361603,0.136845495389,0.000525690710316
2724,5,0.845022921669,0.0180778847917,0.136899193539,0.000525690710316
2725,0,0.850311152811,0,0.149688847189,0.000536287544401
2725,1,0.864864565385,0,0.135135434615,0.000536287544401
2725,2,0.858948377806,0.0188597369646,0.12219188523,0.000536287544401
2725,3,0.858618921211,0.0192675525647,0.122113526224,0.000536287544401
2725,4,0.845022921669,0.0180778847917,0.136899193539,0.000536287544401
2731,0,0.762626986157,0.237373013843,-4.4408920985e-16,2.07327829335e-05
2731,1,0.756975456032,0.243024543968,-4.4408920985e-16,2.07327829335e-05
2731,2,0.758292741155,0.238878937607,0.00282832123828,2.07327829335e-05
2731,3,0.759584579218,0.237334527938,0.00308089284439,2.07327829335e-05
2732,0,0.772111377084,0.227888622916,-2.49800180541e-16,0.000183473124299
2732,1,0.762626986157,0.237373013843,-1.94289029309e-16,0.000183473124299
2732,2,0.759584579218,0.237334527938,0.00308089284439,0.000183473124299
2732,3,0.763186159197,0.225901575441,0.010912265362,0.000183473124299
2732,4,0.764419966915,0.224421668956,0.0111583641288,0.000183473124299
2732,5,0.773223002033,0.224567963347,0.00220903461963,0.000183473124299
2733,0,0.774536576497,0.223009283772,0.00245413973094,0.000256799440848
2733,1,0.773223002033,0.224567963347,0.00220903461963,0.000256799440848
2733,2,0.764419966915,0.224421668956,0.0111583641288,0.000256799440848
2733,3,0.768118648633,0.212575601644,0.0193057497229,0.000256799440848
2733,4,0.769291142498,0.211164374722,0.01954448278,0.000256799440848
2733,5,0.778406996295,0.211354817226,0.0102381864787,0.000256799440848
2734,0,0.779661398424,0.209861506516,0.0104770950592,0.000272187694857
2734,1,0.778406996295,0.211354817226,0.0102381864787,0.000272187694857
2734,2,0.769291142498,0.211164374722,0.01954448278,0.000272187694857
2734,3,0.773091023254,0.198882408687,0.0280265680588,0.000272187694857
2734,4,0.774198722908,0.197544342232,0.0282569348601,0.000272187694857
2734,5,0.783639249233,0.197784891231,0.0185758595364,0.000272187694857
2735,0,0.788921060957,0.183839178537,0.0272397605061,0.000288729153359
2735,1,0.784831114993,0.196361195421,0.0188076895863,0.000288729153359
2735,2,0.783639249233,0.197784891231,0.0185758595364,0.000288729153359
2735,3,0.774198722908,0.197544342232,0.0282569348601,0.000288729153359
2735,4,0.778104132164,0.184802033645,0.0370938341907,0.000288729153359
2735,5,0.779143345488,0.183541940551,0.0373147139609,0.000288729153359
2736,0,0.794253803054,0.169497287346,0.0362489095999,0.000306532731036
2736,1,0.790046823353,0.182489653425,0.0274635232229,0.000306532731036
2736,2,0.788921060957,0.183839178537,0.0272397605061,0.000306532731036
2736,3,0.779143345488,0.183541940551,0.0373147139609,0.000306532731036
2736,4,0.78315886319,0.170313029078,0.0465281077322,0.000306532731036
2736,5,0.78412566997,0.169136084753,0.0467382452764,0.000306532731036
2737,0,0.79963892541,0.154737309101,0.0456237654888,0.000325719866926
2737,1,0.795309676641,0.168226826455,0.0364634969041,0.000325719866926
2737,2,0.794253803054,0.169497287346,0.0362489095999,0.000325719866926
2737,3,0.78412566997,0.169136084753,0.0467382452764,0.000325719866926
2737,4,0.788256146677,0.155392318948,0.056351534375,0.000325719866926
2737,5,0.789146380677,0.154304095317,0.056549524006,0.000325719866926
2738,0,0.805077963818,0.139535671436,0.0553863647461,0.000346426238584
2738,1,0.800620889321,0.153551174758,0.0458279359209,0.000346426238584
2738,2,0.79963892541,0.154737309101,0.0456237654888,0.000346426238584
2738,3,0.789146380677,0.154304095317,0.056549524006,0.000346426238584
2738,4,0.793396959719,0.140015037513,0.066588002768,0.000346426238584
2738,5,0.794206188972,0.13902154096,0.0667722700687,0.000346426238584
2739,0,0.81057254846,0.12386697378,0.0655604777594,0.000368803748934
2739,1,0.805981743121,0.138439529386,0.0555787274933,0.000368803748934
2739,2,0.805077963818,0.139535671436,0.0553863647461,0.000368803748934
2739,3,0.794206188972,0.13902154096,0.0667722700687,0.000368803748934
2739,4,0.79858233088,0.124154348802,0.0772633203184,0.000368803748934
2739,5,0.799305835976,0.123262062618,0.0774321014058,0.000368803748934
2740,0,0.81612441341,0.107703803135,0.0761717834551,0.000393022837866
2740,1,0.811393593651,0.122866931819,0.0657394745306,0.000393022837866
2740,2,0.81057254846,0.12386697378,0.0655604777594,0.000393022837866
2740,3,0.799305835976,0.123262062618,0.0774321014058,0.000393022837866
2740,4,0.803813345478,0.107781243876,0.0884054106465,0.000393022837866
2740,5,0.804446095624,0.106997175826,0.0885567285495,0.000393022837866
2741,0,0.82173540728,0.0910165272057,0.0872480655138,0.000419275176905
2741,1,0.816857877807,0.10680645432,0.0763356678728,0.000419275176905
2741,2,0.81612441341,0.107703803135,0.0761717834551,0.000419275176905
2741,3,0.804446095624,0.106997175826,0.0885567285495,0.000419275176905
2741,4,0.80909115154,0.0908643125904,0.10004453587,0.000419275176905
2741,5,0.80962777807,0.0901960483737,0.100176173557,0.000419275176905
2742,0,0.827407505203,0.0737730615583,0.0988194332388,0.000447776822321
2742,1,0.822376122073,0.0902289982909,0.087394879636,0.000447776822321
2742,2,0.82173540728,0.0910165272057,0.0872480655138,0.000447776822321
2742,3,0.80962777807,0.0901960483737,0.100176173557,0.000447776822321
2742,4,0.814416966477,0.073369486091,0.112213547432,0.000447776822321
2742,5,0.814851733518,0.0728252495353,0.112323016946,0.000447776822321
2743,0,0.833142822328,0.055938606891,0.110918570781,0.00047877191534
2743,1,0.827949951833,0.0731030674146,0.0989469807525,0.00047877191534
2743,2,0.827407505203,0.0737730615583,0.0988194332388,0.00047877191534
2743,3,0.814851733518,0.0728252495353,0.112323016946,0.00047877191534
2743,4,0.819792084645,0.0552597454886,0.124948169866,0.00047877191534
2743,5,0.820118856556,0.05484846652,0.125032676924,0.00047877191534
2744,0,0.83894362908,0.037475351877,0.123581019043,0.000512537037975
2744,1,0.833581101874,0.0553945117996,0.111024386327,0.000512537037975
2744,2,0.833142822328,0.055938606891,0.110918570781,0.000512537037975
2744,3,0.820118856556,0.05484846652,0.125032676924,0.000512537037975
2744,4,0.825217885902,0.0364947914632,0.138287322634,0.000512537037975
2744,5,0.825430091025,0.0362261830567,0.138343725919,0.000512537037975
2745,0,0.84481236845,0.0183421361603,0.136845495389,0.000549386360295
2745,1,0.839271428242,0.0370662387283,0.12366233303,0.000549386360295
2745,2,0.83894362908,0.037475351877,0.123581019043,0.000549386360295
2745,3,0.825430091025,0.0362261830567,0.138343725919,0.000549386360295
2745,4,0.830695845312,0.0170306685293,0.152273486159,0.000549386360295
2745,5,0.830786435566,0.0169153140448,0.152298250389,0.000549386360295
2746,0,0.83536636015,0,0.16463363985,0.000520316153576
2746,1,0.850311152811,0,0.149688847189,0.000520316153576
2746,2,0.845022921669,0.0180778847917,0.136899193539,0.000520316153576
2746,3,0.84481236845,0.0183421361603,0.136845495389,0.000520316153576
2746,4,0.830786435566,0.0169153140448,0.152298250389,0.000520316153576
2752,0,0.748571019127,0.251428980873,2.77555756156e-16,2.63036176088e-05
2752,1,0.742337259188,0.257662740812,2.22044604925e-16,2.63036176088e-05
2752,2,0.743770953966,0.252890580165,0.00333846586909,2.63036176088e-05
2752,3,0.745042003722,0.251359311735,0.00359868454275,2.63036176088e-05
2753,0,0.756975456032,0.243024543968,-2.22044604925e-16,0.000188728706562
2753,1,0.748571019127,0.251428980873,-1.66533453694e-16,0.000188728706562
2753,2,0.745042003722,0.251359311735,0.00359868454275,0.000188728706562
2753,3,0.748380603499,0.240141496322,0.0114779001791,0.000188728706562
2753,4,0.749594749127,0.238673877785,0.0117313730881,0.000188728706562
2753,5,0.758292741155,0.238878937607,0.00282832123828,0.000188728706562
2754,0,0.754174412261,0.225651852287,0.0201737354517,0.000250199494373
2754,1,0.763186159197,0.225901575441,0.010912265362,0.000250199494373
2754,2,0.759584579218,0.237334527938,0.00308089284439,0.000250199494373
2754,3,0.758292741155,0.238878937607,0.00282832123828,0.000250199494373
2754,4,0.749594749127,0.238673877785,0.0117313730881,0.000250199494373
2754,5,0.753020375799,0.227051712568,0.0199279116321,0.000250199494373
2755,0,0.764419966915,0.224421668956,0.0111583641288,0.00026522226676
2755,1,0.763186159197,0.225901575441,0.010912265362,0.00026522226676
2755,2,0.754174412261,0.225651852287,0.0201737354517,0.00026522226676
2755,3,0.757690610234,0.213603003593,0.028706386173,0.00026522226676
2755,4,0.758781141568,0.212275309402,0.0289435490306,0.00026522226676
2755,5,0.768118648633,0.212575601644,0.0193057497229,0.00026522226676
2756,0,0.769291142498,0.211164374722,0.01954448278,0.000281370994441
2756,1,0.768118648633,0.212575601644,0.0193057497229,0.000281370994441
2756,2,0.758781141568,0.212275309402,0.0289435490306,0.000281370994441
2756,3,0.762391646146,0.199775816949,0.0378325369047,0.000281370994441
2756,4,0.763415071115,0.198525023138,0.0380599057471,0.000281370994441
2756,5,0.773091023254,0.198882408687,0.0280265680588,0.000281370994441
2757,0,0.774198722908,0.197544342232,0.0282569348601,0.000298752076628
2757,1,0.773091023254,0.198882408687,0.0280265680588,0.000298752076628
2757,2,0.763415071115,0.198525023138,0.0380599057471,0.000298752076628
2757,3,0.767123822934,0.185549146453,0.0473270306131,0.000298752076628
2757,4,0.76807631931,0.184380343765,0.0475433369255,0.000298752076628
2757,5,0.778104132164,0.184802033645,0.0370938341907,0.000298752076628
2758,0,0.78315886319,0.170313029078,0.0465281077322,0.000317484153293
2758,1,0.779143345488,0.183541940551,0.0373147139609,0.000317484153293
2758,2,0.778104132164,0.184802033645,0.0370938341907,0.000317484153293
2758,3,0.76807631931,0.184380343765,0.0475433369255,0.000317484153293
2758,4,0.771887480117,0.170900390907,0.0572121289761,0.000317484153293
2758,5,0.77276498744,0.169819059954,0.0574159526066,0.000317484153293
2759,0,0.788256146677,0.155392318948,0.056351534375,0.000337699781458
2759,1,0.78412566997,0.169136084753,0.0467382452764,0.000337699781458
2759,2,0.78315886319,0.170313029078,0.0465281077322,0.000337699781458
2759,3,0.77276498744,0.169819059954,0.0574159526066,0.000337699781458
2759,4,0.776682957389,0.155805196125,0.0675118464863,0.000337699781458
2759,5,0.777481158038,0.15481724467,0.0677015972925,0.000337699781458
2760,0,0.793396959719,0.140015037513,0.066588002768,0.000359547378763
2760,1,0.789146380677,0.154304095317,0.056549524006,0.000359547378763
2760,2,0.788256146677,0.155392318948,0.056351534375,0.000359547378763
2760,3,0.777481158038,0.15481724467,0.0677015972925,0.000359547378763
2760,4,0.781510594677,0.140237277875,0.0782521274477,0.000359547378763
2760,5,0.782224893023,0.139349082549,0.0784260244284,0.000359547378763
2761,0,0.79858233088,0.124154348802,0.0772633203184,0.000383193483944
2761,1,0.794206188972,0.13902154096,0.0667722700687,0.000383193483944
2761,2,0.793396959719,0.140015037513,0.066588002768,0.000383193483944
2761,3,0.782224893023,0.139349082549,0.0784260244284,0.000383193483944
2761,4,0.786370732176,0.124168223047,0.089461044777,0.000383193483944
2761,5,0.786996231607,0.123386676094,0.089617092299,0.000383193483944
2762,0,0.803813345478,0.107781243876,0.0884054106465,0.000408825393125
2762,1,0.799305835976,0.123262062618,0.0774321014058,0.000408825393125
2762,2,0.79858233088,0.124154348802,0.0772633203184,0.000408825393125
2762,3,0.786996231607,0.123386676094,0.089617092299,0.000408825393125
2762,4,0.791263710379,0.107567265786,0.101169023834,0.000408825393125
2762,5,0.791795187919,0.106899827594,0.101304984487,0.000408825393125
2763,0,0.80909115154,0.0908643125904,0.10004453587,0.000436654244841
2763,1,0.804446095624,0.106997175826,0.0885567285495,0.000436654244841
2763,2,0.803813345478,0.107781243876,0.0884054106465,0.000436654244841
2763,3,0.791795187919,0.106899827594,0.101304984487,0.000436654244841
2763,4,0.796189870104,0.0904010348639,0.113409095033,0.000436654244841
2763,5,0.796621748308,0.0898557931254,0.113522458567,0.000436654244841
2764,0,0.814416966477,0.073369486091,0.112213547432,0.00046691863954
2764,1,0.80962777807,0.0901960483737,0.100176173557,0.00046691863954
2764,2,0.80909115154,0.0908643125904,0.10004453587,0.00046691863954
2764,3,0.796621748308,0.0898557931254,0.113522458567,0.00046691863954
2764,4,0.801149552489,0.0726332678883,0.126217179623,0.00046691863954
2764,5,0.801475868282,0.0722190043989,0.126305127319,0.00046691863954
2765,0,0.819792084645,0.0552597454886,0.124948169866,0.000499888902926
2765,1,0.814851733518,0.0728252495353,0.112323016946,0.000499888902926
2765,2,0.814416966477,0.073369486091,0.112213547432,0.000499888902926
2765,3,0.801475868282,0.0722190043989,0.126305127319,0.000499888902926
2765,4,0.806143098999,0.0542244871095,0.139632413892,0.000499888902926
2765,5,0.806357469022,0.0539507533878,0.13969177759,0.000499888902926
2766,0,0.825217885902,0.0364947914632,0.138287322634,0.000535872122804
2766,1,0.820118856556,0.05484846652,0.125032676924,0.000535872122804
2766,2,0.819792084645,0.0552597454886,0.124948169866,0.000535872122804
2766,3,0.806357469022,0.0539507533878,0.13969177759,0.000535872122804
2766,4,0.811170851393,0.0351316307019,0.153697517905,0.000535872122804
2766,5,0.811266433404,0.0350088338273,0.153724732769,0.000535872122804
2767,0,0.830695845312,0.0170306685293,0.152273486159,0.000575218982797
2767,1,0.825430091025,0.0362261830567,0.138343725919,0.000575218982797
2767,2,0.825217885902,0.0364947914632,0.138287322634,0.000575218982797
2767,3,0.811266433404,0.0350088338273,0.153724732769,0.000575218982797
2767,4,0.816222607698,0.0153494564603,0.168427935841,0.000575218982797
2768,0,0.820014254025,0,0.179985745975,0.000491306600091
2768,1,0.83536636015,0,0.16463363985,0.000491306600091
2768,2,0.830786435566,0.0169153140448,0.152298250389,0.000491306600091
2768,3,0.830695845312,0.0170306685293,0.152273486159,0.000491306600091
2768,4,0.816222607698,0.0153494564603,0.168427935841,0.000491306600091
2768,5,0.816213064403,0.0153050047589,0.168481930838,0.000491306600091
2773,0,0.734802143423,0.265197856577,4.4408920985e-16,3.08452635061e-05
2773,1,0.728174163375,0.271825836625,4.4408920985e-16,3.08452635061e-05
2773,2,0.72964848812,0.266612045203,0.00373946667784,3.08452635061e-05
2773,3,0.730899640122,0.265092828754,0.00400753112423,3.08452635061e-05
2774,0,0.742337259188,0.257662740812,2.77555756156e-16,0.000191060318481
2774,1,0.734802143423,0.265197856577,2.77555756156e-16,0.000191060318481
2774,2,0.730899640122,0.265092828754,0.00400753112423,0.000191060318481
2774,3,0.733980852443,0.254083910905,0.0119352366517,0.000191060318481
2774,4,0.73517621055,0.252627504174,0.0121962852759,0.000191060318481
2774,5,0.743770953966,0.252890580165,0.00333846586909,0.000191060318481
2775,0,0.739471052535,0.239833187094,0.0206957603701,0.000243821659519
2775,1,0.748380603499,0.240141496322,0.0114779001791,0.000243821659519
2775,2,0.745042003722,0.251359311735,0.00359868454275,0.000243821659519
2775,3,0.743770953966,0.252890580165,0.00333846586909,0.000243821659519
2775,4,0.73517621055,0.252627504174,0.0121962852759,0.000243821659519
2775,5,0.738334616908,0.24122274214,0.0204426409517,0.000243821659519
2776,0,0.743783856858,0.226692312429,0.029523830713,0.000258494089718
2776,1,0.753020375799,0.227051712568,0.0199279116321,0.000258494089718
2776,2,0.749594749127,0.238673877785,0.0117313730881,0.000258494089718
2776,3,0.748380603499,0.240141496322,0.0114779001791,0.000258494089718
2776,4,0.739471052535,0.239833187094,0.0206957603701,0.000258494089718
2776,5,0.742709657466,0.228010679229,0.0292796633043,0.000258494089718
2777,0,0.748114265885,0.213186041478,0.0386996926378,0.000274266461849
2777,1,0.757690610234,0.213603003593,0.028706386173,0.000274266461849
2777,2,0.754174412261,0.225651852287,0.0201737354517,0.000274266461849
2777,3,0.753020375799,0.227051712568,0.0199279116321,0.000274266461849
2777,4,0.743783856858,0.226692312429,0.029523830713,0.000274266461849
2777,5,0.747105815472,0.214428562349,0.0384656221789,0.000274266461849
2778,0,0.758781141568,0.212275309402,0.0289435490306,0.000291242788546
2778,1,0.757690610234,0.213603003593,0.028706386173,0.000291242788546
2778,2,0.748114265885,0.213186041478,0.0386996926378,0.000291242788546
2778,3,0.751522894483,0.20045580731,0.0480212982068,0.000291242788546
2778,4,0.752461869066,0.199294140669,0.0482439902654,0.000291242788546
2778,5,0.762391646146,0.199775816949,0.0378325369047,0.000291242788546
2779,0,0.763415071115,0.198525023138,0.0380599057471,0.000309539055797
2779,1,0.762391646146,0.199775816949,0.0378325369047,0.000309539055797
2779,2,0.752461869066,0.199294140669,0.0482439902654,0.000309539055797
2779,3,0.75596065667,0.186070266934,0.057969076396,0.000309539055797
2779,4,0.756826197899,0.184994846289,0.0581789558122,0.000309539055797
2779,5,0.767123822934,0.185549146453,0.0473270306131,0.000309539055797
2780,0,0.76807631931,0.184380343765,0.0475433369255,0.00032928486362
2780,1,0.767123822934,0.185549146453,0.0473270306131,0.00032928486362
2780,2,0.756826197899,0.184994846289,0.0581789558122,0.00032928486362
2780,3,0.760418818789,0.171248076019,0.0683331051925,0.00032928486362
2780,4,0.761206720278,0.170264713263,0.0685285664586,0.00032928486362
2780,5,0.771887480117,0.170900390907,0.0572121289761,0.00032928486362
2781,0,0.776682957389,0.155805196125,0.0675118464863,0.000350625328776
2781,1,0.77276498744,0.169819059954,0.0574159526066,0.000350625328776
2781,2,0.771887480117,0.170900390907,0.0572121289761,0.000350625328776
2781,3,0.761206720278,0.170264713263,0.0685285664586,0.000350625328776
2781,4,0.764897047646,0.155963477584,0.0791394747704,0.000350625328776
2781,5,0.765602834145,0.155078445748,0.0793187201072,0.000350625328776
2782,0,0.781510594677,0.140237277875,0.0782521274477,0.000373723298271
2782,1,0.777481158038,0.15481724467,0.0677015972925,0.000373723298271
2782,2,0.776682957389,0.155805196125,0.0675118464863,0.000373723298271
2782,3,0.765602834145,0.155078445748,0.0793187201072,0.000373723298271
2782,4,0.769394954986,0.140188627697,0.0904164173164,0.000373723298271
2782,5,0.770013860347,0.13940870691,0.0905774327434,0.000373723298271
2783,0,0.786370732176,0.124168223047,0.089461044777,0.000398761930334
2783,1,0.782224893023,0.139349082549,0.0784260244284,0.000398761930334
2783,2,0.781510594677,0.140237277875,0.0782521274477,0.000398761930334
2783,3,0.770013860347,0.13940870691,0.0905774327434,0.000398761930334
2783,4,0.773912091728,0.123893375725,0.102194532546,0.000398761930334
2783,5,0.774439034577,0.123225904869,0.102335060554,0.000398761930334
2784,0,0.791263710379,0.107567265786,0.101169023834,0.000425947715859
2784,1,0.786996231607,0.123386676094,0.089617092299,0.000425947715859
2784,2,0.786370732176,0.124168223047,0.089461044777,0.000425947715859
2784,3,0.774439034577,0.123225904869,0.102335060554,0.000425947715859
2784,4,0.778447941431,0.107045016318,0.114507042251,0.000425947715859
2784,5,0.77887749827,0.106497951197,0.114624550533,0.000425947715859
2785,0,0.796189870104,0.0904010348639,0.113409095033,0.000455514023916
2785,1,0.791795187919,0.106899827594,0.101304984487,0.000455514023916
2785,2,0.791263710379,0.107567265786,0.101169023834,0.000455514023916
2785,3,0.77887749827,0.106497951197,0.114624550533,0.000455514023916
2785,4,0.783001912893,0.0896080087859,0.127390078321,0.000455514023916
2785,5,0.783328288289,0.0891899878104,0.127481723901,0.000455514023916
2786,0,0.801149552489,0.0726332678883,0.126217179623,0.000487725277166
2786,1,0.796621748308,0.0898557931254,0.113522458567,0.000487725277166
2786,2,0.796189870104,0.0904010348639,0.113409095033,0.000487725277166
2786,3,0.783328288289,0.0891899878104,0.127481723901,0.000487725277166
2786,4,0.787573331739,0.0715436587548,0.140883009506,0.000487725277166
2786,5,0.78779032521,0.0712640773042,0.140945597486,0.000487725277166
2787,0,0.806143098999,0.0542244871095,0.139632413892,0.000522881887246
2787,1,0.801475868282,0.0722190043989,0.126305127319,0.000522881887246
2787,2,0.801149552489,0.0726332678883,0.126217179623,0.000522881887246
2787,3,0.78779032521,0.0712640773042,0.140945597486,0.000522881887246
2787,4,0.792161430832,0.0528097560231,0.155028813145,0.000522881887246
2787,5,0.792262399992,0.0526788508618,0.155058749147,0.000522881887246
2788,0,0.811170851393,0.0351316307019,0.153697517905,0.000561326581745
2788,1,0.806357469022,0.0539507533878,0.13969177759,0.000561326581745
2788,2,0.806143098999,0.0542244871095,0.139632413892,0.000561326581745
2788,3,0.792262399992,0.0526788508618,0.155058749147,0.000561326581745
2788,4,0.796758169935,0.0333909198218,0.169850910243,0.000561326581745
2789,0,0.816213064403,0.0153050047589,0.168481930838,0.00060347059319
2789,1,0.816222607698,0.0153494564603,0.168427935841,0.00060347059319
2789,2,0.811266433404,0.0350088338273,0.153724732769,0.00060347059319
2789,3,0.811170851393,0.0351316307019,0.153697517905,0.00060347059319
2789,4,0.796758169935,0.0333909198218,0.169850910243,0.00060347059319
2789,5,0.796750261645,0.0333581223245,0.16989161603,0.00060347059319
2789,6,0.801334876702,0.0133589276253,0.185306195673,0.00060347059319
2790,0,0.804238026794,0,0.195761973206,0.000447264471841
2790,1,0.820014254025,0,0.179985745975,0.000447264471841
2790,2,0.816213064403,0.0153050047589,0.168481930838,0.000447264471841
2790,3,0.801334876702,0.0133589276253,0.185306195673,0.000447264471841
2790,4,0.801279800029,0.0131291472233,0.185591052748,0.000447264471841
2795,0,0.721313663932,0.278686336068,-3.88578058619e-16,3.4064623771e-05
2795,1,0.714464931269,0.285535068731,-3.33066907388e-16,3.4064623771e-05
2795,2,0.715916671515,0.280052258142,0.00403107034286,3.4064623771e-05
2795,3,0.717148761537,0.278544040421,0.00430719804219,3.4064623771e-05
2796,0,0.728174163375,0.271825836625,1.11022302463e-16,0.000191105431554
2796,1,0.721313663932,0.278686336068,5.55111512313e-17,0.000191105431554
2796,2,0.717148761537,0.278544040421,0.00430719804219,0.000191105431554
2796,3,0.719977915979,0.267737908503,0.0122841755178,0.000191105431554
2796,4,0.721155306195,0.266291674148,0.0125530196576,0.000191105431554
2796,5,0.72964848812,0.266612045203,0.00373946667784,0.000191105431554
2797,0,0.725171688064,0.253717679592,0.0211106323439,0.000237656392889
2797,1,0.733980852443,0.254083910905,0.0119352366517,0.000237656392889
2797,2,0.730899640122,0.265092828754,0.00400753112423,0.000237656392889
2797,3,0.72964848812,0.266612045203,0.00373946667784,0.000237656392889
2797,4,0.721155306195,0.266291674148,0.0125530196576,0.000237656392889
2797,5,0.724052051756,0.255097953416,0.0208499948283,0.000237656392889
2798,0,0.729197150239,0.240804836473,0.0299980132879,0.00025199304527
2798,1,0.738334616908,0.24122274214,0.0204426409517,0.00025199304527
2798,2,0.73517621055,0.252627504174,0.0121962852759,0.00025199304527
2798,3,0.733980852443,0.254083910905,0.0119352366517,0.00025199304527
2798,4,0.725171688064,0.253717679592,0.0211106323439,0.00025199304527
2798,5,0.728138501533,0.242114882707,0.0297466157596,0.00025199304527
2799,0,0.733230854025,0.22753467622,0.0392344697543,0.00026740481073
2799,1,0.742709657466,0.228010679229,0.0292796633043,0.00026740481073
2799,2,0.739471052535,0.239833187094,0.0206957603701,0.00026740481073
2799,3,0.738334616908,0.24122274214,0.0204426409517,0.00026740481073
2799,4,0.729197150239,0.240804836473,0.0299980132879,0.00026740481073
2799,5,0.732236619506,0.228769911818,0.0389934686756,0.00026740481073
2800,0,0.73727187128,0.213887362924,0.0488407657968,0.000283993439028
2800,1,0.747105815472,0.214428562349,0.0384656221789,0.000283993439028
2800,2,0.743783856858,0.226692312429,0.029523830713,0.000283993439028
2800,3,0.742709657466,0.228010679229,0.0292796633043,0.000283993439028
2800,4,0.733230854025,0.22753467622,0.0392344697543,0.000283993439028
2800,5,0.736345684962,0.215042859838,0.0486114552002,0.000283993439028
2801,0,0.74131917585,0.199841560505,0.0588392636448,0.000301872401213
2801,1,0.751522894483,0.20045580731,0.0480212982068,0.000301872401213
2801,2,0.748114265885,0.213186041478,0.0386996926378,0.000301872401213
2801,3,0.747105815472,0.214428562349,0.0384656221789,0.000301872401213
2801,4,0.73727187128,0.213887362924,0.0488407657968,0.000301872401213
2801,5,0.740464895097,0.200912013379,0.0586230915234,0.000301872401213
2802,0,0.752461869066,0.199294140669,0.0482439902654,0.00032116849713
2802,1,0.751522894483,0.20045580731,0.0480212982068,0.00032116849713
2802,2,0.74131917585,0.199841560505,0.0588392636448,0.00032116849713
2802,3,0.74459335697,0.186353974327,0.0690526687032,0.00032116849713
2802,4,0.745371633983,0.185374284221,0.069254081796,0.00032116849713
2802,5,0.75596065667,0.186070266934,0.057969076396,0.00032116849713
2803,0,0.756826197899,0.184994846289,0.0581789558122,0.000342023719948
2803,1,0.75596065667,0.186070266934,0.057969076396,0.000342023719948
2803,2,0.745371633983,0.185374284221,0.069254081796,0.000342023719948
2803,3,0.74873007846,0.171343489176,0.0799264323635,0.000342023719948
2803,4,0.749427993554,0.170460734281,0.0801112721651,0.000342023719948
2803,5,0.760418818789,0.171248076019,0.0683331051925,0.000342023719948
2804,0,0.764897047646,0.155963477584,0.0791394747704,0.000364597425323
2804,1,0.761206720278,0.170264713263,0.0685285664586,0.000364597425323
2804,2,0.760418818789,0.171248076019,0.0683331051925,0.000364597425323
2804,3,0.749427993554,0.170460734281,0.0801112721651,0.000364597425323
2804,4,0.752873958091,0.15585325732,0.0912727845888,0.000364597425323
2804,5,0.75348687196,0.155074109009,0.0914390190314,0.000364597425323
2805,0,0.769394954986,0.140188627697,0.0904164173164,0.000389068861695
2805,1,0.765602834145,0.155078445748,0.0793187201072,0.000389068861695
2805,2,0.764897047646,0.155963477584,0.0791394747704,0.000389068861695
2805,3,0.75348687196,0.155074109009,0.0914390190314,0.000389068861695
2805,4,0.757023773556,0.139853715163,0.103122511281,0.000389068861695
2805,5,0.757546742471,0.139185394552,0.103267862976,0.000389068861695
2806,0,0.773912091728,0.123893375725,0.102194532546,0.000415640131916
2806,1,0.770013860347,0.13940870691,0.0905774327434,0.000415640131916
2806,2,0.769394954986,0.140188627697,0.0904164173164,0.000415640131916
2806,3,0.757546742471,0.139185394552,0.103267862976,0.000415640131916
2806,4,0.761178168745,0.123312792433,0.115509038822,0.000415640131916
2806,5,0.761605918811,0.122763127618,0.115630953572,0.000415640131916
2807,0,0.778447941431,0.107045016318,0.114507042251,0.000444539669645
2807,1,0.774439034577,0.123225904869,0.102335060554,0.000444539669645
2807,2,0.773912091728,0.123893375725,0.102194532546,0.000444539669645
2807,3,0.761605918811,0.122763127618,0.115630953572,0.000444539669645
2807,4,0.765335639047,0.106195636423,0.12846872453,0.000444539669645
2807,5,0.765662537702,0.105773127099,0.128564335198,0.000444539669645
2808,0,0.783001912893,0.0896080087859,0.127390078321,0.000476026334203
2808,1,0.77887749827,0.106497951197,0.114624550533,0.000476026334203
2808,2,0.778447941431,0.107045016318,0.114507042251,0.000476026334203
2808,3,0.765662537702,0.105773127099,0.128564335198,0.000476026334203
2808,4,0.769494514658,0.0884642991046,0.142041186237,0.000476026334203
2808,5,0.769714539054,0.0881781897405,0.142107271205,0.000476026334203
2809,0,0.787573331739,0.0715436587548,0.140883009506,0.000510394250788
2809,1,0.783328288289,0.0891899878104,0.127481723901,0.000510394250788
2809,2,0.783001912893,0.0896080087859,0.127390078321,0.000510394250788
2809,3,0.769714539054,0.0881781897405,0.142107271205,0.000510394250788
2809,4,0.773652941574,0.0700773811526,0.156269677273,0.000510394250788
2809,5,0.77375964341,0.0699377440572,0.156302612533,0.000510394250788
2810,0,0.792161430832,0.0528097560231,0.155028813145,0.000547978736695
2810,1,0.78779032521,0.0712640773042,0.140945597486,0.000547978736695
2810,2,0.787573331739,0.0715436587548,0.140883009506,0.000547978736695
2810,3,0.77375964341,0.0699377440572,0.156302612533,0.000547978736695
2810,4,0.77780479575,0.0510086436872,0.171186560563,0.000547978736695
2811,0,0.796750261645,0.0333581223245,0.16989161603,0.000589182002099
2811,1,0.796758169935,0.0333909198218,0.169850910243,0.000589182002099
2811,2,0.792262399992,0.0526788508618,0.155058749147,0.000589182002099
2811,3,0.792161430832,0.0528097560231,0.155028813145,0.000589182002099
2811,4,0.77780479575,0.0510086436872,0.171186560563,0.000589182002099
2811,5,0.777799344803,0.0509882960959,0.171212359101,0.000589182002099
2811,6,0.781917878672,0.0313521770743,0.186729944254,0.000589182002099
2812,0,0.786021799345,0.0109068082672,0.203071392388,0.00063442094544
2812,1,0.801279800029,0.0131291472233,0.185591052748,0.00063442094544
2812,2,0.801334876702,0.0133589276253,0.185306195673,0.00063442094544
2812,3,0.796750261645,0.0333581223245,0.16989161603,0.00063442094544
2812,4,0.781917878672,0.0313521770743,0.186729944254,0.00063442094544
2812,5,0.781860392827,0.0311365256219,0.187003081551,0.00063442094544
2813,0,0.788019935879,0,0.211980064121,0.000385887992078
2813,1,0.804238026794,0,0.195761973206,0.000385887992078
2813,2,0.801279800029,0.0131291472233,0.185591052748,0.000385887992078
2813,3,0.786021799345,0.0109068082672,0.203071392388,0.000385887992078
2813,4,0.785907857103,0.0104769487891,0.203615194108,0.000385887992078
2819,0,0.708099101948,0.291900898052,5.55111512313e-17,3.57949191804e-05
2819,1,0.701189607968,0.298810392032,1.11022302463e-16,3.57949191804e-05
2819,2,0.702567307091,0.293219934734,0.00421275817504,3.57949191804e-05
2819,3,0.703781118667,0.291721695168,0.00449718616435,3.57949191804e-05
2820,0,0.714464931269,0.285535068731,1.66533453694e-16,0.000189340994966
2820,1,0.708099101948,0.291900898052,5.55111512313e-17,0.000189340994966
2820,2,0.703781118667,0.291721695168,0.00449718616435,0.000189340994966
2820,3,0.706363284512,0.281112355842,0.0125243596458,0.000189340994966
2820,4,0.70752347412,0.279675287804,0.0128012380764,0.000189340994966
2820,5,0.715916671515,0.280052258142,0.00403107034286,0.000189340994966
2821,0,0.711267432525,0.267314391038,0.0214181764373,0.00023169456905
2821,1,0.719977915979,0.267737908503,0.0122841755178,0.00023169456905
2821,2,0.717148761537,0.278544040421,0.00430719804219,0.00023169456905
2821,3,0.715916671515,0.280052258142,0.00403107034286,0.00023169456905
2821,4,0.70752347412,0.279675287804,0.0128012380764,0.00023169456905
2821,5,0.710163846432,0.268686373616,0.0211497799516,0.00023169456905
2822,0,0.715011798428,0.254622113839,0.030366087732,0.000245709472696
2822,1,0.724052051756,0.255097953416,0.0208499948283,0.000245709472696
2822,2,0.721155306195,0.266291674148,0.0125530196576,0.000245709472696
2822,3,0.719977915979,0.267737908503,0.0122841755178,0.000245709472696
2822,4,0.711267432525,0.267314391038,0.0214181764373,0.000245709472696
2822,5,0.71396797158,0.255924811656,0.030107216763,0.000245709472696
2823,0,0.718755261801,0.24158034106,0.0396643971392,0.000260775796995
2823,1,0.728138501533,0.242114882707,0.0297466157596,0.000260775796995
2823,2,0.725171688064,0.253717679592,0.0211106323439,0.000260775796995
2823,3,0.724052051756,0.255097953416,0.0208499948283,0.000260775796995
2823,4,0.715011798428,0.254622113839,0.030366087732,0.000260775796995
2823,5,0.717774536905,0.242809243762,0.0394162193326,0.000260775796995
2824,0,0.722496387276,0.228169616442,0.0493339962822,0.000276993147835
2824,1,0.732236619506,0.228769911818,0.0389934686756,0.000276993147835
2824,2,0.729197150239,0.240804836473,0.0299980132879,0.000276993147835
2824,3,0.728138501533,0.242114882707,0.0297466157596,0.000276993147835
2824,4,0.718755261801,0.24158034106,0.0396643971392,0.000276993147835
2824,5,0.721582307992,0.22931987408,0.0490978179286,0.000276993147835
2825,0,0.726233602111,0.214369012107,0.0593973857812,0.000294472615029
2825,1,0.736345684962,0.215042859838,0.0486114552002,0.000294472615029
2825,2,0.733230854025,0.22753467622,0.0392344697543,0.000294472615029
2825,3,0.732236619506,0.228769911818,0.0389934686756,0.000294472615029
2825,4,0.722496387276,0.228169616442,0.0493339962822,0.000294472615029
2825,5,0.725389928343,0.215435403337,0.0591746683203,0.000294472615029
2826,0,0.729965182716,0.20015598261,0.0698788346736,0.000313338348874
2826,1,0.740464895097,0.200912013379,0.0586230915234,0.000313338348874
2826,2,0.73727187128,0.213887362924,0.0488407657968,0.000313338348874
2826,3,0.736345684962,0.215042859838,0.0486114552002,0.000313338348874
2826,4,0.726233602111,0.214369012107,0.0593973857812,0.000313338348874
2826,5,0.729195907375,0.2011328792,0.0696712134254,0.000313338348874
2827,0,0.73368923952,0.185506201405,0.0808045590744,0.000333729389228
2827,1,0.74459335697,0.186353974327,0.0690526687032,0.000333729389228
2827,2,0.74131917585,0.199841560505,0.0588392636448,0.000333729389228
2827,3,0.740464895097,0.200912013379,0.0586230915234,0.000333729389228
2827,4,0.729965182716,0.20015598261,0.0698788346736,0.000333729389228
2827,5,0.73299860693,0.186387528532,0.0806138645378,0.000333729389228
2828,0,0.745371633983,0.185374284221,0.069254081796,0.000355801793407
2828,1,0.74459335697,0.186353974327,0.0690526687032,0.000355801793407
2828,2,0.73368923952,0.185506201405,0.0808045590744,0.000355801793407
2828,3,0.736796226108,0.171172568921,0.092031204971,0.000355801793407
2828,4,0.737403699971,0.17039337718,0.0922029228488,0.000355801793407
2828,5,0.74873007846,0.171343489176,0.0799264323635,0.000355801793407
2829,0,0.749427993554,0.170460734281,0.0801112721651,0.000379731119124
2829,1,0.74873007846,0.171343489176,0.0799264323635,0.000379731119124
2829,2,0.737403699971,0.17039337718,0.0922029228488,0.000379731119124
2829,3,0.740586784163,0.155458996421,0.103954219416,0.000379731119124
2829,4,0.74110628937,0.154789047105,0.104104663525,0.000379731119124
2829,5,0.752873958091,0.15585325732,0.0912727845888,0.000379731119124
2830,0,0.757023773556,0.139853715163,0.103122511281,0.000405715330515
2830,1,0.75348687196,0.155074109009,0.0914390190314,0.000405715330515
2830,2,0.752873958091,0.15585325732,0.0912727845888,0.000405715330515
2830,3,0.74110628937,0.154789047105,0.104104663525,0.000405715330515
2830,4,0.744368101172,0.139215345925,0.116416552903,0.000405715330515
2830,5,0.744794509221,0.138662343532,0.116543147247,0.000405715330515
2831,0,0.761178168745,0.123312792433,0.115509038822,0.00043397821099
2831,1,0.757546742471,0.139185394552,0.103267862976,0.00043397821099
2831,2,0.757023773556,0.139853715163,0.103122511281,0.00043397821099
2831,3,0.744794509221,0.138662343532,0.116543147247,0.00043397821099
2831,4,0.748137776143,0.122407419944,0.129454803913,0.00043397821099
2831,5,0.74846561273,0.121979730053,0.129554657217,0.00043397821099
2832,0,0.765335639047,0.106195636423,0.12846872453,0.000464773382594
2832,1,0.761605918811,0.122763127618,0.115630953572,0.000464773382594
2832,2,0.761178168745,0.123312792433,0.115509038822,0.000464773382594
2832,3,0.74846561273,0.121979730053,0.129554657217,0.000464773382594
2832,4,0.751893162143,0.104997980837,0.14310885702,0.000464773382594
2832,5,0.752116576983,0.104704702152,0.143178720865,0.000464773382594
2833,0,0.769494514658,0.0884642991046,0.142041186237,0.000498389059246
2833,1,0.765662537702,0.105773127099,0.128564335198,0.000498389059246
2833,2,0.765335639047,0.106195636423,0.12846872453,0.000498389059246
2833,3,0.752116576983,0.104704702152,0.143178720865,0.000498389059246
2833,4,0.755631337986,0.0869464005809,0.157422261433,0.000498389059246
2833,5,0.755744071291,0.0867974467236,0.157458481985,0.000498389059246
2834,0,0.773652941574,0.0700773811526,0.156269677273,0.000535153707731
2834,1,0.769714539054,0.0881781897405,0.142107271205,0.000535153707731
2834,2,0.769494514658,0.0884642991046,0.142041186237,0.000535153707731
2834,3,0.755744071291,0.0867974467236,0.157458481985,0.000535153707731
2834,4,0.759347789898,0.0682148923553,0.172437317746,0.000535153707731
2835,0,0.777799344803,0.0509882960959,0.171212359101,0.000575460390124
2835,1,0.77780479575,0.0510086436872,0.171186560563,0.000575460390124
2835,2,0.77375964341,0.0699377440572,0.156302612533,0.000575460390124
2835,3,0.773652941574,0.0700773811526,0.156269677273,0.000575460390124
2835,4,0.759347789898,0.0682148923553,0.172437317746,0.000575460390124
2835,5,0.759345689589,0.0682077724031,0.172446538008,0.000575460390124
2835,6,0.763007434966,0.0489211897504,0.188071375283,0.000575460390124
2836,0,0.781860392827,0.0311365256219,0.187003081551,0.000619722609611
2836,1,0.781917878672,0.0313521770743,0.186729944254,0.000619722609611
2836,2,0.777799344803,0.0509882960959,0.171212359101,0.000619722609611
2836,3,0.763007434966,0.0489211897504,0.188071375283,0.000619722609611
2836,4,0.762948429656,0.0487203419083,0.188331228435,0.000619722609611
2836,5,0.766637679013,0.0288545807591,0.204507740228,0.000619722609611
2837,0,0.770234057993,0.00795798893028,0.221807953076,0.000668424540566
2837,1,0.785907857103,0.0104769487891,0.203615194108,0.000668424540566
2837,2,0.786021799345,0.0109068082672,0.203071392388,0.000668424540566
2837,3,0.781860392827,0.0311365256219,0.187003081551,0.000668424540566
2837,4,0.766637679013,0.0288545807591,0.204507740228,0.000668424540566
2837,5,0.76651683274,0.0284412780174,0.205041889243,0.000668424540566
2838,0,0.771341237961,0,0.228658762039,0.000304475479086
2838,1,0.788019935879,0,0.211980064121,0.000304475479086
2838,2,0.785907857103,0.0104769487891,0.203615194108,0.000304475479086
2838,3,0.770234057993,0.00795798893028,0.221807953076,0.000304475479086
2838,4,0.770045980032,0.00731127284307,0.222642747125,0.000304475479086
2844,0,0.695152186584,0.304847813416,5.55111512313e-17,3.59802043821e-05
2844,1,0.68832942673,0.31167057327,5.55111512313e-17,3.59802043821e-05
2844,2,0.689592669737,0.306123600261,0.00428373000156,3.59802043821e-05
2844,3,0.690788936491,0.304634347702,0.00457671580713,3.59802043821e-05
2845,0,0.701189607968,0.298810392032,2.22044604925e-16,0.000186102150795
2845,1,0.695152186584,0.304847813416,2.77555756156e-16,0.000186102150795
2845,2,0.690788936491,0.304634347702,0.00457671580713,0.000186102150795
2845,3,0.693128924729,0.29421591628,0.0126551589914,0.000186102150795
2845,4,0.694272631043,0.292787038601,0.0129403303562,0.000186102150795
2845,5,0.702567307091,0.293219934734,0.00421275817504,0.000186102150795
2846,0,0.697749883032,0.280632162803,0.0216179541648,0.000225927449157
2846,1,0.706363284512,0.281112355842,0.0125243596458,0.000225927449157
2846,2,0.703781118667,0.291721695168,0.00449718616435,0.000225927449157
2846,3,0.702567307091,0.293219934734,0.00421275817504,0.000225927449157
2846,4,0.694272631043,0.292787038601,0.0129403303562,0.000225927449157
2846,5,0.696661648039,0.281996813354,0.0213415386065,0.000225927449157
2847,0,0.701219066757,0.268153143357,0.0306277898859,0.000239634135847
2847,1,0.710163846432,0.268686373616,0.0211497799516,0.000239634135847
2847,2,0.70752347412,0.279675287804,0.0128012380764,0.000239634135847
2847,3,0.706363284512,0.281112355842,0.0125243596458,0.000239634135847
2847,4,0.697749883032,0.280632162803,0.0216179541648,0.000239634135847
2847,5,0.700189382902,0.269449433513,0.030361183585,0.000239634135847
2848,0,0.704678409685,0.255332202212,0.0399893881033,0.000254369642657
2848,1,0.71396797158,0.255924811656,0.030107216763,0.000254369642657
2848,2,0.711267432525,0.267314391038,0.0214181764373,0.000254369642657
2848,3,0.710163846432,0.268686373616,0.0211497799516,0.000254369642657
2848,4,0.701219066757,0.268153143357,0.0306277898859,0.000254369642657
2848,5,0.703710538022,0.256555692403,0.0397337695752,0.000254369642657
2849,0,0.708125978613,0.242150245209,0.0497237761778,0.000270231545892
2849,1,0.717774536905,0.242809243762,0.0394162193326,0.000270231545892
2849,2,0.715011798428,0.254622113839,0.030366087732,0.000270231545892
2849,3,0.71396797158,0.255924811656,0.030107216763,0.000270231545892
2849,4,0.704678409685,0.255332202212,0.0399893881033,0.000270231545892
2849,5,0.707223374865,0.243296161459,0.0494804636762,0.000270231545892
2850,0,0.711559664205,0.228586733717,0.0598536020787,0.000287328682892
2850,1,0.721582307992,0.22931987408,0.0490978179286,0.000287328682892
2850,2,0.718755261801,0.24158034106,0.0396643971392,0.000287328682892
2850,3,0.717774536905,0.242809243762,0.0394162193326,0.000287328682892
2850,4,0.708125978613,0.242150245209,0.0497237761778,0.000287328682892
2850,5,0.710725993451,0.229649936328,0.0596240702213,0.000287328682892
2851,0,0.714977163673,0.214619541094,0.0704032952326,0.000305782699584
2851,1,0.725389928343,0.215435403337,0.0591746683203,0.000305782699584
2851,2,0.722496387276,0.228169616442,0.0493339962822,0.000305782699584
2851,3,0.721582307992,0.22931987408,0.0490978179286,0.000305782699584
2851,4,0.711559664205,0.228586733717,0.0598536020787,0.000305782699584
2851,5,0.71421631643,0.215594489703,0.0701891938672,0.000305782699584
2852,0,0.71837596135,0.200224791824,0.0813992468253,0.000325729846541
2852,1,0.729195907375,0.2011328792,0.0696712134254,0.000325729846541
2852,2,0.726233602111,0.214369012107,0.0593973857812,0.000325729846541
2852,3,0.725389928343,0.215435403337,0.0591746683203,0.000325729846541
2852,4,0.714977163673,0.214619541094,0.0704032952326,0.000325729846541
2852,5,0.717692071212,0.201105506302,0.0812024224866,0.000325729846541
2853,0,0.721753306838,0.18537668082,0.0928700123425,0.000347323068547
2853,1,0.73299860693,0.186387528532,0.0806138645378,0.000347323068547
2853,2,0.729965182716,0.20015598261,0.0698788346736,0.000347323068547
2853,3,0.729195907375,0.2011328792,0.0696712134254,0.000347323068547
2853,4,0.71837596135,0.200224791824,0.0813992468253,0.000347323068547
2853,5,0.721150769862,0.186156697434,0.0926925327037,0.000347323068547
2854,0,0.725106190387,0.170047269983,0.10484653963,0.00037073444356
2854,1,0.736796226108,0.171172568921,0.092031204971,0.00037073444356
2854,2,0.73368923952,0.185506201405,0.0808045590744,0.00037073444356
2854,3,0.73299860693,0.186387528532,0.0806138645378,0.00037073444356
2854,4,0.721753306838,0.18537668082,0.0928700123425,0.00037073444356
2854,5,0.724589686431,0.170719592141,0.104690721429,0.00037073444356
2855,0,0.737403699971,0.17039337718,0.0922029228488,0.000396158037528
2855,1,0.736796226108,0.171172568921,0.092031204971,0.000396158037528
2855,2,0.725106190387,0.170047269983,0.10484653963,0.000396158037528
2855,3,0.728005831335,0.154763301353,0.117230867312,0.000396158037528
2855,4,0.728431315085,0.154206258609,0.117362426306,0.000396158037528
2855,5,0.740586784163,0.155458996421,0.103954219416,0.000396158037528
2856,0,0.74110628937,0.154789047105,0.104104663525,0.000423813257952
2856,1,0.740586784163,0.155458996421,0.103954219416,0.000423813257952
2856,2,0.728431315085,0.154206258609,0.117362426306,0.000423813257952
2856,3,0.73139592234,0.138254250919,0.130349826741,0.000423813257952
2856,4,0.731725065371,0.137820723583,0.130454211046,0.000423813257952
2856,5,0.744368101172,0.139215345925,0.116416552903,0.000423813257952
2857,0,0.748137776143,0.122407419944,0.129454803913,0.000453948804489
2857,1,0.744794509221,0.138662343532,0.116543147247,0.000453948804489
2857,2,0.744368101172,0.139215345925,0.116416552903,0.000453948804489
2857,3,0.731725065371,0.137820723583,0.130454211046,0.000453948804489
2857,4,0.734756351596,0.121155878588,0.144087769816,0.000453948804489
2857,5,0.734983471292,0.120854824666,0.144161704042,0.000453948804489
2858,0,0.751893162143,0.104997980837,0.14310885702,0.000486847340892
2858,1,0.74846561273,0.121979730053,0.129554657217,0.000486847340892
2858,2,0.748137776143,0.122407419944,0.129454803913,0.000486847340892
2858,3,0.734983471292,0.120854824666,0.144161704042,0.000486847340892
2858,4,0.738083148112,0.103428289126,0.158488562763,0.000486847340892
2858,5,0.738202167823,0.103269469233,0.158528362944,0.000486847340892
2859,0,0.755631337986,0.0869464005809,0.157422261433,0.00052283103931
2859,1,0.752116576983,0.104704702152,0.143178720865,0.00052283103931
2859,2,0.751893162143,0.104997980837,0.14310885702,0.00052283103931
2859,3,0.738202167823,0.103269469233,0.158528362944,0.00052283103931
2859,4,0.741371934883,0.0850278606627,0.173600204454,0.00052283103931
2859,5,0.741376348437,0.0850219298002,0.173601721763,0.00052283103931
2860,0,0.759345689589,0.0682077724031,0.172446538008,0.000562283627378
2860,1,0.759347789898,0.0682148923553,0.172437317746,0.000562283627378
2860,2,0.755744071291,0.0867974467236,0.157458481985,0.000562283627378
2860,3,0.755631337986,0.0869464005809,0.157422261433,0.000562283627378
2860,4,0.741376348437,0.0850219298002,0.173601721763,0.000562283627378
2860,5,0.744588826016,0.0660781226635,0.18933305132,0.000562283627378
2861,0,0.762948429656,0.0487203419083,0.188331228435,0.000605616955604
2861,1,0.763007434966,0.0489211897504,0.188071375283,0.000605616955604
2861,2,0.759345689589,0.0682077724031,0.172446538008,0.000605616955604
2861,3,0.744588826016,0.0660781226635,0.18933305132,0.000605616955604
2861,4,0.744529255882,0.0658927371958,0.189578006922,0.000605616955604
2861,5,0.747755365761,0.04637720447,0.205867429769,0.000605616955604
2862,0,0.76651683274,0.0284412780174,0.205041889243,0.000653299941257
2862,1,0.766637679013,0.0288545807591,0.204507740228,0.000653299941257
2862,2,0.762948429656,0.0487203419083,0.188331228435,0.000653299941257
2862,3,0.747755365761,0.04637720447,0.205867429769,0.000653299941257
2862,4,0.747628556848,0.0459809985728,0.20639044458,0.000653299941257
2862,5,0.750866713576,0.0258626661221,0.223270620302,0.000653299941257
2863,0,0.75391627243,0.00447269894833,0.241611028621,0.000705907052085
2863,1,0.770045980032,0.00731127284307,0.222642747125,0.000705907052085
2863,2,0.770234057993,0.00795798893028,0.221807953076,0.000705907052085
2863,3,0.76651683274,0.0284412780174,0.205041889243,0.000705907052085
2863,4,0.750866713576,0.0258626661221,0.223270620302,0.000705907052085
2863,5,0.750666696218,0.0252348611007,0.224098442681,0.000705907052085
2864,0,0.754182117548,0,0.245817882452,0.000199838978062
2864,1,0.771341237961,0,0.228658762039,0.000199838978062
2864,2,0.770045980032,0.00731127284307,0.222642747125,0.000199838978062
2864,3,0.75391627243,0.00447269894833,0.241611028621,0.000199838978062
2864,4,0.753636496304,0.00358998438872,0.242773519307,0.000199838978062
2870,0,0.682466846578,0.317533153422,-2.22044604925e-16,3.46620541942e-05
2870,1,0.675866722952,0.324133277048,-2.77555756156e-16,3.46620541942e-05
2870,2,0.676985505448,0.318771609065,0.00424288548685,3.46620541942e-05
2870,3,0.67816491321,0.317290378568,0.0045447082228,3.46620541942e-05
2871,0,0.68832942673,0.31167057327,1.11022302463e-16,0.000181598413067
2871,1,0.682466846578,0.317533153422,1.66533453694e-16,0.000181598413067
2871,2,0.67816491321,0.317290378568,0.0045447082228,0.000181598413067
2871,3,0.680267277642,0.307057069205,0.0126756531534,0.000181598413067
2871,4,0.681395170167,0.305635432815,0.0129693970182,0.000181598413067
2871,5,0.689592669737,0.306123600261,0.00428373000156,0.000181598413067
2872,0,0.684611116806,0.293679635804,0.0217092473899,0.000220346649532
2872,1,0.693128924729,0.29421591628,0.0126551589914,0.000220346649532
2872,2,0.690788936491,0.304634347702,0.00457671580713,0.000220346649532
2872,3,0.689592669737,0.306123600261,0.00428373000156,0.000220346649532
2872,4,0.681395170167,0.305635432815,0.0129693970182,0.000220346649532
2872,5,0.683537581581,0.295037886004,0.0214245324156,0.000220346649532
2873,0,0.687810704666,0.281406709778,0.0307825855568,0.000233758191213
2873,1,0.696661648039,0.281996813354,0.0213415386065,0.000233758191213
2873,2,0.694272631043,0.292787038601,0.0129403303562,0.000233758191213
2873,3,0.693128924729,0.29421591628,0.0126551589914,0.000233758191213
2873,4,0.684611116806,0.293679635804,0.0217092473899,0.000233758191213
2873,5,0.686794532645,0.282697504862,0.0305079624936,0.000233758191213
2874,0,0.690991706639,0.268799197844,0.0402090955169,0.000248177002189
2874,1,0.700189382902,0.269449433513,0.030361183585,0.000248177002189
2874,2,0.697749883032,0.280632162803,0.0216179541648,0.000248177002189
2874,3,0.696661648039,0.281996813354,0.0213415386065,0.000248177002189
2874,4,0.687810704666,0.281406709778,0.0307825855568,0.000248177002189
2874,5,0.690036079398,0.270018167142,0.0399457534598,0.000248177002189
2875,0,0.694151700106,0.255838350766,0.0500099491282,0.000263698740107
2875,1,0.703710538022,0.256555692403,0.0397337695752,0.000263698740107
2875,2,0.701219066757,0.268153143357,0.0306277898859,0.000263698740107
2875,3,0.700189382902,0.269449433513,0.030361183585,0.000263698740107
2875,4,0.690991706639,0.268799197844,0.0402090955169,0.000263698740107
2875,5,0.693259987795,0.256980794175,0.0497592180303,0.000263698740107
2876,0,0.697288048071,0.242504000649,0.0602079512798,0.000280430113799
2876,1,0.707223374865,0.243296161459,0.0494804636762,0.000280430113799
2876,2,0.704678409685,0.255332202212,0.0399893881033,0.000280430113799
2876,3,0.703710538022,0.256555692403,0.0397337695752,0.000280430113799
2876,4,0.694151700106,0.255838350766,0.0500099491282,0.000280430113799
2876,5,0.696463823508,0.243564857791,0.0599713187011,0.000280430113799
2877,0,0.700397878043,0.22877441964,0.0708277023173,0.00029849040524
2877,1,0.710725993451,0.229649936328,0.0596240702213,0.00029849040524
2877,2,0.708125978613,0.242150245209,0.0497237761778,0.00029849040524
2877,3,0.707223374865,0.243296161459,0.0494804636762,0.00029849040524
2877,4,0.697288048071,0.242504000649,0.0602079512798,0.00029849040524
2877,5,0.699644932138,0.229748235427,0.0706068324355,0.00029849040524
2878,0,0.703478058336,0.214626161565,0.0818957800983,0.000318013233735
2878,1,0.71421631643,0.215594489703,0.0701891938672,0.000318013233735
2878,2,0.711559664205,0.228586733717,0.0598536020787,0.000318013233735
2878,3,0.710725993451,0.229649936328,0.0596240702213,0.000318013233735
2878,4,0.700397878043,0.22877441964,0.0708277023173,0.000318013233735
2878,5,0.702800416994,0.215507047675,0.0816925353312,0.000318013233735
2879,0,0.706525171424,0.200033884008,0.0934409445675,0.000339148610996
2879,1,0.717692071212,0.201105506302,0.0812024224866,0.000339148610996
2879,2,0.714977163673,0.214619541094,0.0704032952326,0.000339148610996
2879,3,0.71421631643,0.215594489703,0.0701891938672,0.000339148610996
2879,4,0.703478058336,0.214626161565,0.0818957800983,0.000339148610996
2879,5,0.705927114095,0.200815475689,0.0932574102165,0.000339148610996
2880,0,0.709535483903,0.184970147958,0.105494368138,0.000362065338958
2880,1,0.721150769862,0.186156697434,0.0926925327037,0.000362065338958
2880,2,0.71837596135,0.200224791824,0.0813992468253,0.000362065338958
2880,3,0.717692071212,0.201105506302,0.0812024224866,0.000362065338958
2880,4,0.706525171424,0.200033884008,0.0934409445675,0.000362065338958
2880,5,0.709021563987,0.185645555475,0.105332880538,0.000362065338958
2881,0,0.712504912567,0.169405191656,0.118089895777,0.000386953817705
2881,1,0.724589686431,0.170719592141,0.104690721429,0.000386953817705
2881,2,0.721753306838,0.18537668082,0.0928700123425,0.000386953817705
2881,3,0.721150769862,0.186156697434,0.0926925327037,0.000386953817705
2881,4,0.709535483903,0.184970147958,0.105494368138,0.000386953817705
2881,5,0.712079979882,0.169966945597,0.117953074522,0.000386953817705
2882,0,0.715428985987,0.153306674648,0.131264339365,0.000414029343958
2882,1,0.728005831335,0.154763301353,0.117230867312,0.000414029343958
2882,2,0.725106190387,0.170047269983,0.10484653963,0.000414029343958
2882,3,0.724589686431,0.170719592141,0.104690721429,0.000414029343958
2882,4,0.712504912567,0.169405191656,0.118089895777,0.000414029343958
2882,5,0.715098211572,0.153746664135,0.131155124293,0.000414029343958
2883,0,0.728431315085,0.154206258609,0.117362426306,0.00044353599873
2883,1,0.728005831335,0.154763301353,0.117230867312,0.00044353599873
2883,2,0.715428985987,0.153306674648,0.131264339365,0.00044353599873
2883,3,0.718071704433,0.136948790094,0.144979505473,0.00044353599873
2883,4,0.718302800902,0.13663938737,0.145057811729,0.00044353599873
2883,5,0.73139592234,0.138254250919,0.130349826741,0.00044353599873
2884,0,0.731725065371,0.137820723583,0.130454211046,0.000475751245058
2884,1,0.73139592234,0.138254250919,0.130349826741,0.000475751245058
2884,2,0.718302800902,0.13663938737,0.145057811729,0.000475751245058
2884,3,0.720995452733,0.119534123463,0.159470423804,0.000475751245058
2884,4,0.721120972558,0.119364920716,0.159514106725,0.000475751245058
2884,5,0.734756351596,0.121155878588,0.144087769816,0.000475751245058
2885,0,0.738083148112,0.103428289126,0.158488562763,0.000510991386334
2885,1,0.734983471292,0.120854824666,0.144161704042,0.000510991386334
2885,2,0.734756351596,0.121155878588,0.144087769816,0.000510991386334
2885,3,0.721120972558,0.119364920716,0.159514106725,0.000510991386334
2885,4,0.723863946302,0.101459797134,0.174676256564,0.000510991386334
2885,5,0.723877578045,0.101441288983,0.174681132971,0.000510991386334
2886,0,0.741371934883,0.0850278606627,0.173600204454,0.000549631102867
2886,1,0.738202167823,0.103269469233,0.158528362944,0.000549631102867
2886,2,0.738083148112,0.103428289126,0.158488562763,0.000549631102867
2886,3,0.723877578045,0.101441288983,0.174681132971,0.000549631102867
2886,4,0.726647904708,0.0828346846085,0.190517410684,0.000549631102867
2887,0,0.744529255882,0.0658927371958,0.189578006922,0.000592081524517
2887,1,0.744588826016,0.0660781226635,0.18933305132,0.000592081524517
2887,2,0.741376348437,0.0850219298002,0.173601721763,0.000592081524517
2887,3,0.741371934883,0.0850278606627,0.173600204454,0.000592081524517
2887,4,0.726647904708,0.0828346846085,0.190517410684,0.000592081524517
2887,5,0.726588790545,0.0826654088763,0.190745800579,0.000592081524517
2887,6,0.729360076205,0.063486723234,0.207153200561,0.000592081524517
2888,0,0.747628556848,0.0459809985728,0.20639044458,0.000638796635336
2888,1,0.747755365761,0.04637720447,0.205867429769,0.000638796635336
2888,2,0.744529255882,0.0658927371958,0.189578006922,0.000638796635336
2888,3,0.729360076205,0.063486723234,0.207153200561,0.000638796635336
2888,4,0.729228303455,0.0631081397906,0.207663556755,0.000638796635336
2888,5,0.731996108786,0.0433408219696,0.224663069244,0.000638796635336
2889,0,0.750666696218,0.0252348611007,0.224098442681,0.000690343121998
2889,1,0.750866713576,0.0258626661221,0.223270620302,0.000690343121998
2889,2,0.747628556848,0.0459809985728,0.20639044458,0.000690343121998
2889,3,0.731996108786,0.0433408219696,0.224663069244,0.000690343121998
2889,4,0.731785124564,0.0427323168335,0.225482558603,0.000690343121998
2889,5,0.734547787629,0.0223362186923,0.243115993678,0.000690343121998
2890,0,0.737005990564,0.000405742433964,0.262588267002,0.000747359836169
2890,1,0.753636496304,0.00358998438872,0.242773519307,0.000747359836169
2890,2,0.75391627243,0.00447269894833,0.241611028621,0.000747359836169
2890,3,0.750666696218,0.0252348611007,0.224098442681,0.000747359836169
2890,4,0.734547787629,0.0223362186923,0.243115993678,0.000747359836169
2890,5,0.734250386644,0.0214746610346,0.244274952321,0.000747359836169
2891,0,0.736866634114,0,0.263133365886,6.84662724356e-05
2891,1,0.754182117548,0,0.245817882452,6.84662724356e-05
2891,2,0.753636496304,0.00358998438872,0.242773519307,6.84662724356e-05
2891,3,0.737005990564,0.000405742433964,0.262588267002,6.84662724356e-05
2897,0,0.670037202492,0.329962797508,2.77555756156e-16,3.19681890055e-05
2897,1,0.663784855548,0.336215144452,2.77555756156e-16,3.19681890055e-05
2897,2,0.664739032897,0.331172164511,0.00408880259223,3.19681890055e-05
2897,3,0.665902221619,0.329698014141,0.00439976424055,3.19681890055e-05
2898,0,0.675866722952,0.324133277048,-3.88578058619e-16,0.000175927582682
2898,1,0.670037202492,0.329962797508,-3.88578058619e-16,0.000175927582682
2898,2,0.665902221619,0.329698014141,0.00439976424055,0.000175927582682
2898,3,0.667771258973,0.31964412985,0.0125846111765,0.000175927582682
2898,4,0.668883961368,0.318228809371,0.0128872292605,0.000175927582682
2898,5,0.676985505448,0.318771609065,0.00424288548685,0.000175927582682
2899,0,0.671843690167,0.306465270163,0.0216910396698,0.000214944111917
2899,1,0.680267277642,0.307057069205,0.0126756531534,0.000214944111917
2899,2,0.67816491321,0.317290378568,0.0045447082228,0.000214944111917
2899,3,0.676985505448,0.318771609065,0.00424288548685,0.000214944111917
2899,4,0.668883961368,0.318228809371,0.0128872292605,0.000214944111917
2899,5,0.670784249153,0.307818027334,0.0213977235126,0.000214944111917
2900,0,0.674778943452,0.294391403371,0.0308296531772,0.000228073156216
2900,1,0.683537581581,0.295037886004,0.0214245324156,0.000228073156216
2900,2,0.681395170167,0.305635432815,0.0129693970182,0.000228073156216
2900,3,0.680267277642,0.307057069205,0.0126756531534,0.000228073156216
2900,4,0.671843690167,0.306465270163,0.0216910396698,0.000228073156216
2900,5,0.673775697772,0.295677590981,0.0305467112467,0.000228073156216
2901,0,0.677687046594,0.281990057592,0.0403228958146,0.000242188930473
2901,1,0.686794532645,0.282697504862,0.0305079624936,0.000242188930473
2901,2,0.684611116806,0.293679635804,0.0217092473899,0.000242188930473
2901,3,0.683537581581,0.295037886004,0.0214245324156,0.000242188930473
2901,4,0.674778943452,0.294391403371,0.0308296531772,0.000242188930473
2901,5,0.676743100466,0.283205372014,0.0400515275201,0.000242188930473
2902,0,0.680565095001,0.269242811703,0.0501920932954,0.000257385279816
2902,1,0.690036079398,0.270018167142,0.0399457534598,0.000257385279816
2902,2,0.687810704666,0.281406709778,0.0307825855568,0.000257385279816
2902,3,0.686794532645,0.282697504862,0.0305079624936,0.000257385279816
2902,4,0.677687046594,0.281990057592,0.0403228958146,0.000257385279816
2902,5,0.679683735302,0.270382624644,0.0499336400533,0.000257385279816
2903,0,0.683409931902,0.256129850406,0.0604602176922,0.000273766905553
2903,1,0.693259987795,0.256980794175,0.0497592180303,0.000273766905553
2903,2,0.690991706639,0.268799197844,0.0402090955169,0.000273766905553
2903,3,0.690036079398,0.270018167142,0.0399457534598,0.000273766905553
2903,4,0.680565095001,0.269242811703,0.0501920932954,0.000273766905553
2903,5,0.682594641687,0.257189178508,0.0602161798046,0.000273766905553
2904,0,0.686218123438,0.242629825053,0.0711520515093,0.000291450860427
2904,1,0.696463823508,0.243564857791,0.0599713187011,0.000291450860427
2904,2,0.694151700106,0.255838350766,0.0500099491282,0.000291450860427
2904,3,0.693259987795,0.256980794175,0.0497592180303,0.000291450860427
2904,4,0.683409931902,0.256129850406,0.0604602176922,0.000291450860427
2904,5,0.685472596726,0.243603295947,0.0709241073269,0.000291450860427
2905,0,0.688985930729,0.228719697591,0.0822943716801,0.00031056828622
2905,1,0.699644932138,0.229748235427,0.0706068324355,0.00031056828622
2905,2,0.697288048071,0.242504000649,0.0602079512798,0.00031056828622
2905,3,0.696463823508,0.243564857791,0.0599713187011,0.00031056828622
2905,4,0.686218123438,0.242629825053,0.0711520515093,0.00031056828622
2905,5,0.688314088687,0.229601511914,0.082084399399,0.00031056828622
2906,0,0.691709278454,0.214374565235,0.0939161563104,0.000331266434913
2906,1,0.702800416994,0.215507047675,0.0816925353312,0.000331266434913
2906,2,0.700397878043,0.22877441964,0.0708277023173,0.000331266434913
2906,3,0.699644932138,0.229748235427,0.0706068324355,0.000331266434913
2906,4,0.688985930729,0.228719697591,0.0822943716801,0.000331266434913
2906,5,0.69111528714,0.215158454041,0.0937262588188,0.000331266434913
2907,0,0.694383719431,0.199567462986,0.106048817583,0.000353711029669
2907,1,0.705927114095,0.200815475689,0.0932574102165,0.000353711029669
2907,2,0.703478058336,0.214626161565,0.0818957800983,0.000353711029669
2907,3,0.702800416994,0.215507047675,0.0816925353312,0.000353711029669
2907,4,0.691709278454,0.214374565235,0.0939161563104,0.000353711029669
2907,5,0.693872009289,0.200246639865,0.105881350846,0.000353711029669
2908,0,0.697004394605,0.184269140663,0.118726464733,0.000378089029416
2908,1,0.709021563987,0.185645555475,0.105332880538,0.000378089029416
2908,2,0.706525171424,0.200033884008,0.0934409445675,0.000378089029416
2908,3,0.705927114095,0.200815475689,0.0932574102165,0.000378089029416
2908,4,0.694383719431,0.199567462986,0.106048817583,0.000378089029416
2908,5,0.696579681906,0.184836247797,0.118584070297,0.000378089029416
2909,0,0.699565987729,0.168447810527,0.131986201744,0.000404611877026
2909,1,0.712079979882,0.169966945597,0.117953074522,0.000404611877026
2909,2,0.709535483903,0.184970147958,0.105494368138,0.000404611877026
2909,3,0.709021563987,0.185645555475,0.105332880538,0.000404611877026
2909,4,0.697004394605,0.184269140663,0.118726464733,0.000404611877026
2909,5,0.699233298212,0.168894857745,0.131871844043,0.000404611877026
2910,0,0.702062673906,0.152068860843,0.14586846525,0.000433519329285
2910,1,0.715098211572,0.153746664135,0.131155124293,0.000433519329285
2910,2,0.712504912567,0.169405191656,0.118089895777,0.000433519329285
2910,3,0.712079979882,0.169966945597,0.117953074522,0.000433519329285
2910,4,0.699565987729,0.168447810527,0.131986201744,0.000433519329285
2910,5,0.701827368871,0.152387156593,0.145785474536,0.000433519329285
2911,0,0.704488060993,0.135094529893,0.160417409114,0.000465083987185
2911,1,0.718071704433,0.136948790094,0.144979505473,0.000465083987185
2911,2,0.715428985987,0.153306674648,0.131264339365,0.000465083987185
2911,3,0.715098211572,0.153746664135,0.131155124293,0.000465083987185
2911,4,0.702062673906,0.152068860843,0.14586846525,0.000465083987185
2911,5,0.704355866179,0.135274602829,0.160369530992,0.000465083987185
2912,0,0.718302800902,0.13663938737,0.145057811729,0.000499616675943
2912,1,0.718071704433,0.136948790094,0.144979505473,0.000499616675943
2912,2,0.704488060993,0.135094529893,0.160417409114,0.000499616675943
2912,3,0.706812160296,0.117515043569,0.175672796135,0.000499616675943
2912,4,0.706835122707,0.117483533899,0.175681343394,0.000499616675943
2912,5,0.720995452733,0.119534123463,0.159470423804,0.000499616675943
2913,0,0.721120972558,0.119364920716,0.159514106725,0.00053748354622
2913,1,0.720995452733,0.119534123463,0.159470423804,0.00053748354622
2913,2,0.706835122707,0.117483533899,0.175681343394,0.00053748354622
2913,3,0.709171072433,0.0992021576252,0.191626769941,0.00053748354622
2913,4,0.723863946302,0.101459797134,0.174676256564,0.00053748354622
2914,0,0.726647904708,0.0828346846085,0.190517410684,0.000579095173697
2914,1,0.723877578045,0.101441288983,0.174681132971,0.000579095173697
2914,2,0.723863946302,0.101459797134,0.174676256564,0.000579095173697
2914,3,0.709171072433,0.0992021576252,0.191626769941,0.000579095173697
2914,4,0.709113502972,0.0990496320915,0.191836864937,0.000579095173697
2914,5,0.711437583632,0.0801947293234,0.208367687044,0.000579095173697
2914,6,0.726588790545,0.0826654088763,0.190745800579,0.000579095173697
2915,0,0.729228303455,0.0631081397906,0.207663556755,0.000624891925589
2915,1,0.729360076205,0.063486723234,0.207153200561,0.000624891925589
2915,2,0.726588790545,0.0826654088763,0.190745800579,0.000624891925589
2915,3,0.711437583632,0.0801947293234,0.208367687044,0.000624891925589
2915,4,0.711301904417,0.0798342836052,0.208863811978,0.000624891925589
2915,5,0.713607349608,0.0604043782085,0.225988272183,0.000624891925589
2916,0,0.731785124564,0.0427323168335,0.225482558603,0.000675432842143
2916,1,0.731996108786,0.0433408219696,0.224663069244,0.000675432842143
2916,2,0.729228303455,0.0631081397906,0.207663556755,0.000675432842143
2916,3,0.713607349608,0.0604043782085,0.225988272183,0.000675432842143
2916,4,0.713386418943,0.0598155477602,0.226798033297,0.000675432842143
2916,5,0.715670554508,0.0397713285205,0.244558116972,0.000675432842143
2917,0,0.734250386644,0.0214746610346,0.244274952321,0.000731346684242
2917,1,0.734547787629,0.0223362186923,0.243115993678,0.000731346684242
2917,2,0.731785124564,0.0427323168335,0.225482558603,0.000731346684242
2917,3,0.715670554508,0.0397713285205,0.244558116972,0.000731346684242
2917,4,0.715356505477,0.0389311444778,0.245712350045,0.000731346684242
2917,5,0.717616302952,0.0182294866339,0.264154210415,0.000731346684242
2918,0,0.71898469995,0,0.28101530005,0.00070484395912
2918,1,0.736866634114,0,0.263133365886,0.00070484395912
2918,2,0.737005990564,0.000405742433964,0.262588267002,0.00070484395912
2918,3,0.734250386644,0.0214746610346,0.244274952321,0.00070484395912
2918,4,0.717616302952,0.0182294866339,0.264154210415,0.00070484395912
2918,5,0.717200448168,0.0171121086386,0.265687443193,0.00070484395912
2924,0,0.657857559275,0.342142440725,-6.66133814775e-16,2.81028429301e-05
2924,1,0.652068135002,0.347931864998,-6.66133814775e-16,2.81028429301e-05
2924,2,0.652846947635,0.343333339611,0.00381971275426,2.81028429301e-05
2924,3,0.653994513107,0.341865347245,0.00414013964842,2.81028429301e-05
2925,0,0.663784855548,0.336215144452,1.11022302463e-16,0.000169087631213
2925,1,0.657857559275,0.342142440725,5.55111512313e-17,0.000169087631213
2925,2,0.653994513107,0.341865347245,0.00414013964842,0.000169087631213
2925,3,0.655634262115,0.331985269623,0.0123804682618,0.000169087631213
2925,4,0.656732353945,0.33057536019,0.012692285865,0.000169087631213
2925,5,0.664739032897,0.331172164511,0.00408880259223,0.000169087631213
2926,0,0.659440640002,0.318997365351,0.0215619946468,0.000209712072691
2926,1,0.667771258973,0.31964412985,0.0125846111765,0.000209712072691
2926,2,0.665902221619,0.329698014141,0.00439976424055,0.000209712072691
2926,3,0.664739032897,0.331172164511,0.00408880259223,0.000209712072691
2926,4,0.656732353945,0.33057536019,0.012692285865,0.000209712072691
2926,5,0.658394731628,0.320345515628,0.0212597527435,0.000209712072691
2927,0,0.662116496454,0.307115639828,0.0307678637186,0.000222570878918
2927,1,0.670784249153,0.307818027334,0.0213977235126,0.000222570878918
2927,2,0.668883961368,0.318228809371,0.0128872292605,0.000222570878918
2927,3,0.667771258973,0.31964412985,0.0125846111765,0.000222570878918
2927,4,0.659440640002,0.318997365351,0.0215619946468,0.000222570878918
2927,5,0.66112563545,0.308398085727,0.0304762788228,0.000222570878918
2928,0,0.664756807297,0.294913322328,0.0403298703752,0.000236396850593
2928,1,0.673775697772,0.295677590981,0.0305467112467,0.000236396850593
2928,2,0.671843690167,0.306465270163,0.0216910396698,0.000236396850593
2928,3,0.670784249153,0.307818027334,0.0213977235126,0.000236396850593
2928,4,0.662116496454,0.307115639828,0.0307678637186,0.000236396850593
2928,5,0.663824022597,0.296125825435,0.0400501519684,0.000236396850593
2929,0,0.667358192457,0.282372303294,0.0502695042488,0.000251282124598
2929,1,0.676743100466,0.283205372014,0.0400515275201,0.000251282124598
2929,2,0.674778943452,0.294391403371,0.0308296531772,0.000251282124598
2929,3,0.673775697772,0.295677590981,0.0305467112467,0.000251282124598
2929,4,0.664756807297,0.294913322328,0.0403298703752,0.000251282124598
2929,5,0.666486689906,0.283510305092,0.0500030050025,0.000251282124598
2930,0,0.669916982206,0.269473102235,0.0606099155596,0.000267329510349
2930,1,0.679683735302,0.270382624644,0.0499336400533,0.000267329510349
2930,2,0.677687046594,0.281990057592,0.0403228958146,0.000267329510349
2930,3,0.676743100466,0.283205372014,0.0400515275201,0.000267329510349
2930,4,0.667358192457,0.282372303294,0.0502695042488,0.000267329510349
2930,5,0.66911015753,0.270531694117,0.060358148353,0.000267329510349
2931,0,0.672429188503,0.256194730473,0.0713760810241,0.000284653963556
2931,1,0.682594641687,0.257189178508,0.0602161798046,0.000284653963556
2931,2,0.680565095001,0.269242811703,0.0501920932954,0.000284653963556
2931,3,0.679683735302,0.270382624644,0.0499336400533,0.000284653963556
2931,4,0.669916982206,0.269473102235,0.0606099155596,0.000284653963556
2931,5,0.671690641471,0.257168620264,0.0711407382654,0.000284653963556
2932,0,0.674890472833,0.242514537274,0.0825949898927,0.000303384296431
2932,1,0.685472596726,0.243603295947,0.0709241073269,0.000303384296431
2932,2,0.683409931902,0.256129850406,0.0604602176922,0.000303384296431
2932,3,0.682594641687,0.257189178508,0.0602161798046,0.000303384296431
2932,4,0.672429188503,0.256194730473,0.0713760810241,0.000303384296431
2932,5,0.67422402274,0.24339801176,0.0823779655003,0.000303384296431
2933,0,0.677296110027,0.22840803689,0.0942958530834,0.000323665170072
2933,1,0.688314088687,0.229601511914,0.082084399399,0.000323665170072
2933,2,0.686218123438,0.242629825053,0.0711520515093,0.000323665170072
2933,3,0.685472596726,0.243603295947,0.0709241073269,0.000323665170072
2933,4,0.674890472833,0.242514537274,0.0825949898927,0.000323665170072
2933,5,0.676705812657,0.229194919795,0.094099267548,0.000323665170072
2934,0,0.679640947475,0.213848713747,0.106510338777,0.000345659420055
2934,1,0.69111528714,0.215158454041,0.0937262588188,0.000345659420055
2934,2,0.688985930729,0.228719697591,0.0822943716801,0.000345659420055
2934,3,0.688314088687,0.229601511914,0.082084399399,0.000345659420055
2934,4,0.677296110027,0.22840803689,0.0942958530834,0.000345659420055
2934,5,0.679131113709,0.214532318493,0.106336567798,0.000345659420055
2935,0,0.681919359039,0.198807802425,0.119272838536,0.00036955078228
2935,1,0.693872009289,0.200246639865,0.105881350846,0.00036955078228
2935,2,0.691709278454,0.214374565235,0.0939161563104,0.00036955078228
2935,3,0.69111528714,0.215158454041,0.0937262588188,0.00036955078228
2935,4,0.679640947475,0.213848713747,0.106510338777,0.00036955078228
2935,5,0.681494575299,0.199380878885,0.119124545816,0.00036955078228
2936,0,0.684125192839,0.183254038553,0.132620768608,0.000395547095399
2936,1,0.696579681906,0.184836247797,0.118584070297,0.000395547095399
2936,2,0.694383719431,0.199567462986,0.106048817583,0.000395547095399
2936,3,0.693872009289,0.200246639865,0.105881350846,0.000395547095399
2936,4,0.681919359039,0.198807802425,0.119272838536,0.000395547095399
2936,5,0.683790343593,0.183708712901,0.132500943506,0.000395547095399
2937,0,0.686251711955,0.167153376034,0.146594912011,0.000423884077959
2937,1,0.699233298212,0.168894857745,0.131871844043,0.000423884077959
2937,2,0.697004394605,0.184269140663,0.118726464733,0.000423884077959
2937,3,0.696579681906,0.184836247797,0.118584070297,0.000423884077959
2937,4,0.684125192839,0.183254038553,0.132620768608,0.000423884077959
2937,5,0.686012004529,0.167481082593,0.146506912878,0.000423884077959
2938,0,0.688291526894,0.150468665124,0.161239807982,0.000454829798084
2938,1,0.701827368871,0.152387156593,0.145785474536,0.000454829798084
2938,2,0.699565987729,0.168447810527,0.131986201744,0.000454829798084
2938,3,0.699233298212,0.168894857745,0.131871844043,0.000454829798084
2938,4,0.686251711955,0.167153376034,0.146594912011,0.000454829798084
2938,5,0.688152518881,0.150660068942,0.161187412177,0.000454829798084
2939,0,0.690236518458,0.133159284912,0.17660419663,0.000488689982582
2939,1,0.704355866179,0.135274602829,0.160369530992,0.000488689982582
2939,2,0.702062673906,0.152068860843,0.14586846525,0.000488689982582
2939,3,0.701827368871,0.152387156593,0.145785474536,0.000488689982582
2939,4,0.688291526894,0.150468665124,0.161239807982,0.000488689982582
2939,5,0.690204148048,0.133204193557,0.176591658394,0.000488689982582
2940,0,0.69214525673,0.115191417409,0.192663325861,0.000525822819187
2940,1,0.706812160296,0.117515043569,0.175672796135,0.000525822819187
2940,2,0.704488060993,0.135094529893,0.160417409114,0.000525822819187
2940,3,0.704355866179,0.135274602829,0.160369530992,0.000525822819187
2940,4,0.690236518458,0.133159284912,0.17660419663,0.000525822819187
2941,0,0.706835122707,0.117483533899,0.175681343394,0.000566638238483
2941,1,0.706812160296,0.117515043569,0.175672796135,0.000566638238483
2941,2,0.69214525673,0.115191417409,0.192663325861,0.000566638238483
2941,3,0.692090391008,0.115056280185,0.192853328807,0.000566638238483
2941,4,0.693974193171,0.0965123841702,0.209513422659,0.000566638238483
2941,5,0.709113502972,0.0990496320915,0.191836864937,0.000566638238483
2941,6,0.709171072433,0.0992021576252,0.191626769941,0.000566638238483
2942,0,0.695686079762,0.0770647996015,0.227249120636,0.000611564657382
2942,1,0.711301904417,0.0798342836052,0.208863811978,0.000611564657382
2942,2,0.711437583632,0.0801947293234,0.208367687044,0.000611564657382
2942,3,0.709113502972,0.0990496320915,0.191836864937,0.000611564657382
2942,4,0.693974193171,0.0965123841702,0.209513422659,0.000611564657382
2942,5,0.693835725111,0.0961705852699,0.209993689619,0.000611564657382
2943,0,0.697269512388,0.0567898152951,0.245940672317,0.000661153341733
2943,1,0.713386418943,0.0598155477602,0.226798033297,0.000661153341733
2943,2,0.713607349608,0.0604043782085,0.225988272183,0.000661153341733
2943,3,0.711301904417,0.0798342836052,0.208863811978,0.000661153341733
2943,4,0.695686079762,0.0770647996015,0.227249120636,0.000661153341733
2943,5,0.695456271866,0.0764960083548,0.22804771978,0.000661153341733
2944,0,0.715670554508,0.0397713285205,0.244558116972,0.000716024022216
2944,1,0.713386418943,0.0598155477602,0.226798033297,0.000716024022216
2944,2,0.697269512388,0.0567898152951,0.245940672317,0.000716024022216
2944,3,0.696939827827,0.0559712068231,0.24708896535,0.000716024022216
2944,4,0.698711835536,0.0356223488726,0.265665815591,0.000716024022216
2944,5,0.715356505477,0.0389311444778,0.245712350045,0.000716024022216
2945,0,0.717200448168,0.0171121086386,0.265687443193,0.000776897162073
2945,1,0.717616302952,0.0182294866339,0.264154210415,0.000776897162073
2945,2,0.715356505477,0.0389311444778,0.245712350045,0.000776897162073
2945,3,0.698711835536,0.0356223488726,0.265665815591,0.000776897162073
2945,4,0.698272831817,0.0345282375417,0.267198930641,0.000776897162073
2945,5,0.699998970773,0.013490229505,0.286510799722,0.000776897162073
2946,0,0.704255389836,0,0.295744610164,0.000512605061932
2946,1,0.71898469995,0,0.28101530005,0.000512605061932
2946,2,0.717200448168,0.0171121086386,0.265687443193,0.000512605061932
2946,3,0.699998970773,0.013490229505,0.286510799722,0.000512605061932
2946,4,0.699460236309,0.0121418464426,0.288397917249,0.000512605061932
2946,5,0.700109305394,0.0104815542318,0.289409140374,0.000512605061932
2952,0,0.645922399159,0.354077600841,-4.99600361081e-16,2.33387096751e-05
2952,1,0.640701757462,0.359298242538,-4.99600361081e-16,2.33387096751e-05
2952,2,0.64130342919,0.355263098512,0.00343347229799,2.33387096751e-05
2952,3,0.642435924549,0.353800358618,0.00376371683257,2.33387096751e-05
2953,0,0.652068135002,0.347931864998,3.88578058619e-16,0.000160986749131
2953,1,0.645922399159,0.354077600841,4.4408920985e-16,0.000160986749131
2953,2,0.642435924549,0.353800358618,0.00376371683257,0.000160986749131
2953,3,0.643850163884,0.344088537202,0.0120612989143,0.000160986749131
2953,4,0.644934182173,0.342683151264,0.0123826665637,0.000160986749131
2953,5,0.652846947635,0.343333339611,0.00381971275426,0.000160986749131
2954,0,0.647395487964,0.331284080915,0.0213204311208,0.000204643032477
2954,1,0.655634262115,0.331985269623,0.0123804682618,0.000204643032477
2954,2,0.653994513107,0.341865347245,0.00414013964842,0.000204643032477
2954,3,0.652846947635,0.343333339611,0.00381971275426,0.000204643032477
2954,4,0.644934182173,0.342683151264,0.0123826665637,0.000204643032477
2954,5,0.646362593051,0.332628492421,0.0210089145281,0.000204643032477
2955,0,0.649816561852,0.319587680725,0.0305957574235,0.000217243506533
2955,1,0.658394731628,0.320345515628,0.0212597527435,0.000217243506533
2955,2,0.656732353945,0.33057536019,0.012692285865,0.000217243506533
2955,3,0.655634262115,0.331985269623,0.0123804682618,0.000217243506533
2955,4,0.647395487964,0.331284080915,0.0213204311208,0.000217243506533
2955,5,0.64883758606,0.320867231992,0.0302951819483,0.000217243506533
2956,0,0.652193851714,0.307577364331,0.0402287839553,0.00023079252315
2956,1,0.66112563545,0.308398085727,0.0304762788228,0.00023079252315
2956,2,0.659440640002,0.318997365351,0.0215619946468,0.00023079252315
2956,3,0.658394731628,0.320345515628,0.0212597527435,0.00023079252315
2956,4,0.649816561852,0.319587680725,0.0305957574235,0.00023079252315
2956,5,0.651271750711,0.308787880358,0.0399403689313,0.00023079252315
2957,0,0.654523507493,0.29523531746,0.0502411750465,0.000245380611402
2957,1,0.663824022597,0.296125825435,0.0400501519684,0.000245380611402
2957,2,0.662116496454,0.307115639828,0.0307678637186,0.000245380611402
2957,3,0.66112563545,0.308398085727,0.0304762788228,0.000245380611402
2957,4,0.652193851714,0.307577364331,0.0402287839553,0.000245380611402
2957,5,0.653661408283,0.296372307495,0.0499662842217,0.000245380611402
2958,0,0.656801352268,0.282542376885,0.0606562708476,0.000261108802578
2958,1,0.666486689906,0.283510305092,0.0500030050025,0.000261108802578
2958,2,0.664756807297,0.294913322328,0.0403298703752,0.000261108802578
2958,3,0.663824022597,0.296125825435,0.0400501519684,0.000261108802578
2958,4,0.654523507493,0.29523531746,0.0502411750465,0.000261108802578
2958,5,0.656002565617,0.283601004835,0.0603964295476,0.000261108802578
2959,0,0.659022849836,0.269477894993,0.0714992551714,0.000278090082646
2959,1,0.66911015753,0.270531694117,0.060358148353,0.000278090082646
2959,2,0.667358192457,0.282372303294,0.0502695042489,0.000278090082646
2959,3,0.666486689906,0.283510305092,0.0500030050025,0.000278090082646
2959,4,0.656801352268,0.282542376885,0.0606562708476,0.000278090082646
2959,5,0.658290883828,0.270452946385,0.0712561697873,0.000278090082646
2960,0,0.661183068331,0.256019587886,0.0827973437829,0.00029645107921
2960,1,0.671690641471,0.257168620264,0.0711407382654,0.00029645107921
2960,2,0.669916982206,0.269473102235,0.0606099155596,0.00029645107921
2960,3,0.66911015753,0.270531694117,0.060358148353,0.00029645107921
2960,4,0.659022849836,0.269477894993,0.0714992551714,0.00029645107921
2960,5,0.660521643175,0.256905432875,0.0825729239498,0.00029645107921
2961,0,0.663276639287,0.242143364654,0.094579996059,0.000316334025683
2961,1,0.67422402274,0.24339801176,0.0823779655003,0.000316334025683
2961,2,0.672429188503,0.256194730473,0.0713760810241,0.000316334025683
2961,3,0.671690641471,0.257168620264,0.0711407382654,0.000316334025683
2961,4,0.661183068331,0.256019587886,0.0827973437829,0.000316334025683
2961,5,0.662689703515,0.24293391654,0.0943763799453,0.000316334025683
2962,0,0.665297711476,0.227823134981,0.106879153543,0.000337899056968
2962,1,0.676705812657,0.229194919795,0.094099267548,0.000337899056968
2962,2,0.674890472833,0.242514537274,0.0825949898927,0.000337899056968
2962,3,0.67422402274,0.24339801176,0.0823779655003,0.000337899056968
2962,4,0.663276639287,0.242143364654,0.094579996059,0.000337899056968
2962,5,0.664789459692,0.228511803556,0.106698736752,0.000337899056968
2963,0,0.667239898741,0.213030591846,0.119729509413,0.000361326897959
2963,1,0.679131113709,0.214532318493,0.106336567798,0.000361326897959
2963,2,0.677296110027,0.22840803689,0.0942958530834,0.000361326897959
2963,3,0.676705812657,0.229194919795,0.094099267548,0.000361326897959
2963,4,0.665297711476,0.227823134981,0.106879153543,0.000361326897959
2963,5,0.666814791091,0.213610230815,0.119574978094,0.000361326897959
2964,0,0.669096220875,0.197734965413,0.133168813712,0.000386822026236
2964,1,0.681494575299,0.199380878885,0.119124545816,0.000386822026236
2964,2,0.679640947475,0.213848713747,0.106510338777,0.000386822026236
2964,3,0.679131113709,0.214532318493,0.106336567798,0.000386822026236
2964,4,0.667239898741,0.213030591846,0.119729509413,0.000386822026236
2964,5,0.668759004449,0.198197812977,0.133043182574,0.000386822026236
2965,0,0.670859036462,0.181902743588,0.14723821995,0.00041461640088
2965,1,0.683790343593,0.183708712901,0.132500943506,0.00041461640088
2965,2,0.681919359039,0.198807802425,0.119272838536,0.00041461640088
2965,3,0.681494575299,0.199380878885,0.119124545816,0.00041461640088
2965,4,0.669096220875,0.197734965413,0.133168813712,0.00041461640088
2965,5,0.670614768855,0.182240355107,0.147144876038,0.00041461640088
2966,0,0.672519966375,0.165497353801,0.161982679825,0.000444973878133
2966,1,0.686012004529,0.167481082593,0.146506912878,0.000444973878133
2966,2,0.684125192839,0.183254038553,0.132620768608,0.000444973878133
2966,3,0.683790343593,0.183708712901,0.132500943506,0.000444973878133
2966,4,0.670859036462,0.181902743588,0.14723821995,0.000444973878133
2966,5,0.672374041663,0.165700525297,0.16192543304,0.000444973878133
2967,0,0.674069806371,0.148478799604,0.177451394025,0.000478195457193
2967,1,0.688152518881,0.150660068942,0.161187412177,0.000478195457193
2967,2,0.686251711955,0.167153376034,0.146594912011,0.000478195457193
2967,3,0.686012004529,0.167481082593,0.146506912878,0.000478195457193
2967,4,0.672519966375,0.165497353801,0.161982679825,0.000478195457193
2967,5,0.674027983808,0.148537480577,0.177434535615,0.000478195457193
2968,0,0.675557890454,0.130812952793,0.193629156753,0.000514631957675
2968,1,0.690204148048,0.133204193557,0.176591658394,0.000514631957675
2968,2,0.688291526894,0.150468665124,0.161239807982,0.000514631957675
2968,3,0.688152518881,0.150660068942,0.161187412177,0.000514631957675
2968,4,0.674069806371,0.148478799604,0.177451394025,0.000514631957675
2969,0,0.67695671841,0.112450437976,0.210592843614,0.000554692406391
2969,1,0.692090391008,0.115056280185,0.192853328807,0.000554692406391
2969,2,0.69214525673,0.115191417409,0.192663325861,0.000554692406391
2969,3,0.690236518458,0.133159284912,0.17660419663,0.000554692406391
2969,4,0.690204148048,0.133204193557,0.176591658394,0.000554692406391
2969,5,0.675557890454,0.130812952793,0.193629156753,0.000554692406391
2969,6,0.675506960829,0.130695844277,0.193797194894,0.000554692406391
2970,0,0.678218454567,0.0933331137436,0.228448431689,0.000598795159286
2970,1,0.693835725111,0.0961705852699,0.209993689619,0.000598795159286
2970,2,0.693974193171,0.0965123841702,0.209513422659,0.000598795159286
2970,3,0.692090391008,0.115056280185,0.192853328807,0.000598795159286
2970,4,0.67695671841,0.112450437976,0.210592843614,0.000598795159286
2970,5,0.676816641605,0.112127793011,0.211055565385,0.000598795159286
2971,0,0.679330115258,0.0734030009695,0.247266883773,0.000647483407178
2971,1,0.695456271866,0.0764960083548,0.22804771978,0.000647483407178
2971,2,0.695686079762,0.0770647996015,0.227249120636,0.000647483407178
2971,3,0.693835725111,0.0961705852699,0.209993689619,0.000647483407178
2971,4,0.678218454567,0.0933331137436,0.228448431689,0.000647483407178
2971,5,0.677980888791,0.0927847196143,0.229234391595,0.000647483407178
2972,0,0.679714393068,0.0613177471175,0.258967859815,0.000677164161522
2972,1,0.682173213452,0.055234271294,0.262592515254,0.000677164161522
2972,2,0.683020481804,0.0531516369546,0.263827881242,0.000677164161522
2972,3,0.696939827827,0.0559712068231,0.24708896535,0.000677164161522
2972,4,0.697269512388,0.0567898152951,0.245940672317,0.000677164161522
2972,5,0.695456271866,0.0764960083548,0.22804771978,0.000677164161522
2972,6,0.679330115258,0.0734030009695,0.247266883773,0.000677164161522
2972,7,0.678985843748,0.0726061583959,0.248407997857,0.000677164161522
2973,0,0.683020481804,0.0531516369546,0.263827881242,0.000469412912298
2973,1,0.686139972108,0.0453843667276,0.268475661164,0.000469412912298
2973,2,0.691141498429,0.0330019674914,0.275856534079,0.000469412912298
2973,3,0.698272831817,0.0345282375417,0.267198930641,0.000469412912298
2973,4,0.698711835536,0.0356223488726,0.265665815591,0.000469412912298
2973,5,0.696939827827,0.0559712068231,0.24708896535,0.000469412912298
2974,0,0.691141498429,0.0330019674914,0.275856534079,0.000175118514718
2974,1,0.699460236309,0.0121418464426,0.288397917249,0.000175118514718
2974,2,0.699998970773,0.013490229505,0.286510799722,0.000175118514718
2974,3,0.698272831817,0.0345282375417,0.267198930641,0.000175118514718
2981,0,0.6342263749,0.3657736251,5.55111512313e-17,1.6140782827e-05
2981,1,0.63035538743,0.36964461257,0,1.6140782827e-05
2981,2,0.630074733141,0.367190583376,0.00273468348261,1.6140782827e-05
2981,3,0.630103151357,0.366969319077,0.00292752956506,1.6140782827e-05
2981,4,0.631221088397,0.365510939443,0.00326797216001,1.6140782827e-05
2982,0,0.640701757462,0.359298242538,1.66533453694e-16,0.000151451721444
2982,1,0.6342263749,0.3657736251,2.22044604925e-16,0.000151451721444
2982,2,0.631221088397,0.365510939443,0.00326797216001,0.000151451721444
2982,3,0.632413333363,0.355961880622,0.0116247860145,0.000151451721444
2982,4,0.633483773942,0.354560144702,0.011956081356,0.000151451721444
2982,5,0.64130342919,0.355263098512,0.00343347229799,0.000151451721444
2983,0,0.635702247646,0.34333345806,0.0209642942935,0.000199729725354
2983,1,0.643850163884,0.344088537202,0.0120612989143,0.000199729725354
2983,2,0.642435924549,0.353800358618,0.00376371683257,0.000199729725354
2983,3,0.64130342919,0.355263098512,0.00343347229799,0.000199729725354
2983,4,0.633483773942,0.354560144702,0.011956081356,0.000199729725354
2983,5,0.63468188802,0.344674984113,0.0206431278666,0.000199729725354
2984,0,0.637872828364,0.331815654674,0.0303115169616,0.000212083454729
2984,1,0.646362593051,0.332628492421,0.0210089145281,0.000212083454729
2984,2,0.644934182173,0.342683151264,0.0123826665637,0.000212083454729
2984,3,0.643850163884,0.344088537202,0.0120612989143,0.000212083454729
2984,4,0.635702247646,0.34333345806,0.0209642942935,0.000212083454729
2984,5,0.636905279092,0.333093142883,0.0300015780251,0.000212083454729
2985,0,0.639991532195,0.31999040809,0.0400180597152,0.000225368014448
2985,1,0.64883758606,0.320867231992,0.0302951819483,0.000225368014448
2985,2,0.647395487964,0.331284080915,0.0213204311208,0.000225368014448
2985,3,0.646362593051,0.332628492421,0.0210089145281,0.000225368014448
2985,4,0.637872828364,0.331815654674,0.0303115169616,0.000225368014448
2985,5,0.639079677655,0.321199745088,0.039720577257,0.000225368014448
2986,0,0.642054043615,0.307840183211,0.0501057731741,0.000239672423879
2986,1,0.651271750711,0.308787880358,0.0399403689313,0.000239672423879
2986,2,0.649816561852,0.319587680725,0.0305957574235,0.000239672423879
2986,3,0.64883758606,0.320867231992,0.0302951819483,0.000239672423879
2986,4,0.639991532195,0.31999040809,0.0400180597152,0.000239672423879
2986,5,0.6412009341,0.308976944032,0.0498221218676,0.000239672423879
2987,0,0.644055683186,0.295346116767,0.0605982000471,0.000255096046474
2987,1,0.653661408283,0.296372307495,0.0499662842217,0.000255096046474
2987,2,0.652193851714,0.307577364331,0.0402287839553,0.000255096046474
2987,3,0.651271750711,0.308787880358,0.0399403689313,0.000255096046474
2987,4,0.642054043615,0.307840183211,0.0501057731741,0.000255096046474
2987,5,0.643264546809,0.296405535623,0.0603299175681,0.000255096046474
2988,0,0.64599137139,0.282487883524,0.071520745086,0.000271750023409
2988,1,0.656002565617,0.283601004835,0.0603964295476,0.000271750023409
2988,2,0.654523507493,0.29523531746,0.0502411750465,0.000271750023409
2988,3,0.653661408283,0.296372307495,0.0499662842217,0.000271750023409
2988,4,0.644055683186,0.295346116767,0.0605982000471,0.000271750023409
2988,5,0.645265627042,0.283464821181,0.0712695517772,0.000271750023409
2989,0,0.647855587998,0.269243546245,0.0829008657563,0.000289758937968
2989,1,0.658290883828,0.270452946385,0.0712561697873,0.000289758937968
2989,2,0.656801352268,0.282542376885,0.0606562708476,0.000289758937968
2989,3,0.656002565617,0.283601004835,0.0603964295476,0.000289758937968
2989,4,0.64599137139,0.282487883524,0.071520745086,0.000289758937968
2989,5,0.647198859508,0.270132453477,0.0826686870151,0.000289758937968
2990,0,0.649642326379,0.255589386942,0.0947682866789,0.000309262756579
2990,1,0.660521643175,0.256905432875,0.0825729239498,0.000309262756579
2990,2,0.659022849836,0.269477894993,0.0714992551714,0.000309262756579
2990,3,0.658290883828,0.270452946385,0.0712561697873,0.000309262756579
2990,4,0.647855587998,0.269243546245,0.0829008657563,0.000309262756579
2990,5,0.649058457957,0.256384263557,0.0945572784869,0.000309262756579
2991,0,0.651345041933,0.241499716749,0.107155241318,0.000330419094454
2991,1,0.662689703515,0.24293391654,0.0943763799453,0.000330419094454
2991,2,0.661183068331,0.256019587886,0.0827973437829,0.000330419094454
2991,3,0.660521643175,0.256905432875,0.0825729239498,0.000330419094454
2991,4,0.649642326379,0.255589386942,0.0947682866789,0.000330419094454
2991,5,0.650838115085,0.242194065487,0.106967819428,0.000330419094454
2992,0,0.652956593822,0.226946661057,0.120096745121,0.000353405873759
2992,1,0.664789459692,0.228511803556,0.106698736752,0.000353405873759
2992,2,0.663276639287,0.242143364654,0.094579996059,0.000353405873759
2992,3,0.662689703515,0.24293391654,0.0943763799453,0.000353405873759
2992,4,0.651345041933,0.241499716749,0.107155241318,0.000353405873759
2992,5,0.652530945874,0.227533435628,0.119935618499,0.000353405873759
2993,0,0.654469178907,0.211899916146,0.133630904947,0.000378424447951
2993,1,0.666814791091,0.213610230815,0.119574978094,0.000378424447951
2993,2,0.665297711476,0.227823134981,0.106879153543,0.000378424447951
2993,3,0.664789459692,0.228511803556,0.106698736752,0.000378424447951
2993,4,0.652956593822,0.226946661057,0.120096745121,0.000378424447951
2993,5,0.654129423324,0.212371462495,0.13349911418,0.000378424447951
2994,0,0.65587425668,0.196326472749,0.147799270572,0.000405703289454
2994,1,0.668759004449,0.198197812977,0.133043182574,0.000405703289454
2994,2,0.667239898741,0.213030591846,0.119729509413,0.000405703289454
2994,3,0.666814791091,0.213610230815,0.119574978094,0.000405703289454
2994,4,0.654469178907,0.211899916146,0.133630904947,0.000405703289454
2994,5,0.655625305411,0.196674462482,0.147700232107,0.000405703289454
2995,0,0.65716246373,0.180190301161,0.162647235109,0.000435502356736
2995,1,0.670614768855,0.182240355107,0.147144876038,0.000435502356736
2995,2,0.669096220875,0.197734965413,0.133168813712,0.000435502356736
2995,3,0.668759004449,0.198197812977,0.133043182574,0.000435502356736
2995,4,0.65587425668,0.196326472749,0.147799270572,0.000435502356736
2995,5,0.657009551785,0.180405655894,0.162584792322,0.000435502356736
2996,0,0.658323515992,0.163451991544,0.178224492464,0.000468118284247
2996,1,0.672374041663,0.165700525297,0.16192543304,0.000468118284247
2996,2,0.670859036462,0.181902743588,0.14723821995,0.000468118284247
2996,3,0.670614768855,0.182240355107,0.147144876038,0.000468118284247
2996,4,0.65716246373,0.180190301161,0.162647235109,0.000468118284247
2996,5,0.65827222854,0.163524796655,0.178202974805,0.000468118284247
2997,0,0.659396892433,0.146076884347,0.19452622322,0.000503895150688
2997,1,0.674027983808,0.148537480577,0.177434535615,0.000503895150688
2997,2,0.672519966375,0.165497353801,0.161982679825,0.000503895150688
2997,3,0.672374041663,0.165700525297,0.16192543304,0.000503895150688
2997,4,0.658323515992,0.163451991544,0.178224492464,0.000503895150688
2998,0,0.66037245935,0.128019248329,0.21160829232,0.000543240646214
2998,1,0.675506960829,0.130695844277,0.193797194894,0.000543240646214
2998,2,0.675557890454,0.130812952793,0.193629156753,0.000543240646214
2998,3,0.674069806371,0.148478799604,0.177451394025,0.000543240646214
2998,4,0.674027983808,0.148537480577,0.177434535615,0.000543240646214
2998,5,0.659396892433,0.146076884347,0.19452622322,0.000543240646214
2998,6,0.659351208285,0.145978451991,0.194670339724,0.000543240646214
2999,0,0.661191115992,0.109219929671,0.229588954336,0.000586565194573
2999,1,0.676816641605,0.112127793011,0.211055565385,0.000586565194573
2999,2,0.67695671841,0.112450437976,0.210592843614,0.000586565194573
2999,3,0.675506960829,0.130695844277,0.193797194894,0.000586565194573
2999,4,0.66037245935,0.128019248329,0.21160829232,0.000586565194573
2999,5,0.660232019206,0.127716266705,0.212051714089,0.000586565194573
3000,0,0.661036083511,0.106785538124,0.232178378365,0.00053375716748
3000,1,0.666190711148,0.0942899380031,0.239519350849,0.00053375716748
3000,2,0.667656245009,0.0907617215295,0.241582033462,0.00053375716748
3000,3,0.677980888791,0.0927847196143,0.229234391595,0.00053375716748
3000,4,0.678218454567,0.0933331137436,0.228448431689,0.00053375716748
3000,5,0.676816641605,0.112127793011,0.211055565385,0.00053375716748
3000,6,0.661191115992,0.109219929671,0.229588954336,0.00053375716748
3000,7,0.660946963674,0.108692287691,0.230360748635,0.00053375716748
3001,0,0.667656245009,0.0907617215295,0.241582033462,0.000291424628359
3001,1,0.672880190949,0.0780227048273,0.249097104224,0.000291424628359
3001,2,0.675417817035,0.0718696596627,0.252712523303,0.000291424628359
3001,3,0.678985843748,0.0726061583959,0.248407997857,0.000291424628359
3001,4,0.679330115258,0.0734030009695,0.247266883773,0.000291424628359
3001,5,0.677980888791,0.0927847196143,0.229234391595,0.000291424628359
3002,0,0.675417817035,0.0718696596627,0.252712523303,4.08139286377e-05
3002,1,0.679714393068,0.0613177471175,0.258967859815,4.08139286377e-05
3002,2,0.678985843748,0.0726061583959,0.248407997857,4.08139286377e-05
3012,0,0.630074733141,0.367190583376,0.0027346834826,1.2337317723e-08
3012,1,0.630048084203,0.366963937942,0.00298797785541,1.2337317723e-08
3012,2,0.630103151357,0.366969319077,0.00292752956506,1.2337317723e-08
3013,0,0.630048084203,0.366963937942,0.00298797785541,5.21673673548e-05
3013,1,0.628794135267,0.356959940382,0.014245924351,5.21673673548e-05
3013,2,0.628626645979,0.355581967274,0.0157913867466,5.21673673548e-05
3013,3,0.632413333363,0.355961880622,0.0116247860145,5.21673673548e-05
3013,4,0.631221088397,0.365510939443,0.00326797216001,5.21673673548e-05
3013,5,0.630103151357,0.366969319077,0.00292752956506,5.21673673548e-05
3014,0,0.628626645979,0.355581967274,0.0157913867466,0.000139756813871
3014,1,0.62711578135,0.343893912853,0.0289903057973,0.000139756813871
3014,2,0.63468188802,0.344674984113,0.0206431278666,0.000139756813871
3014,3,0.633483773942,0.354560144702,0.011956081356,0.000139756813871
3014,4,0.632413333363,0.355961880622,0.0116247860145,0.000139756813871
3015,0,0.62711578135,0.343893912853,0.0289903057973,0.000216039989274
3015,1,0.62674979952,0.341220905342,0.0320292951384,0.000216039989274
3015,2,0.62702365808,0.335734743816,0.0372415981046,0.000216039989274
3015,3,0.627241691651,0.333369504934,0.0393888034155,0.000216039989274
3015,4,0.62814369772,0.332160551912,0.0396957503684,0.000216039989274
3015,5,0.636905279092,0.333093142883,0.0300015780251,0.000216039989274
3015,6,0.635702247646,0.34333345806,0.0209642942935,0.000216039989274
3015,7,0.63468188802,0.344674984113,0.0206431278666,0.000216039989274
3016,0,0.62994329838,0.320195087809,0.0498616138102,0.000234149560107
3016,1,0.639079677655,0.321199745088,0.039720577257,0.000234149560107
3016,2,0.637872828364,0.331815654674,0.0303115169616,0.000234149560107
3016,3,0.636905279092,0.333093142883,0.0300015780251,0.000234149560107
3016,4,0.62814369772,0.332160551912,0.0396957503684,0.000234149560107
3016,5,0.629098803788,0.321332388275,0.0495688079373,0.000234149560107
3017,0,0.631673107731,0.307892606667,0.0604342856024,0.000249282864624
3017,1,0.6412009341,0.308976944032,0.0498221218676,0.000249282864624
3017,2,0.639991532195,0.31999040809,0.0400180597152,0.000249282864624
3017,3,0.639079677655,0.321199745088,0.039720577257,0.000249282864624
3017,4,0.62994329838,0.320195087809,0.0498616138102,0.000249282864624
3017,5,0.630889272315,0.308953556912,0.0601571707735,0.000249282864624
3018,0,0.633327506569,0.29523308715,0.0714394062808,0.000265624996538
3018,1,0.643264546809,0.296405535623,0.0603299175681,0.000265624996538
3018,2,0.642054043615,0.307840183211,0.0501057731741,0.000265624996538
3018,3,0.6412009341,0.308976944032,0.0498221218676,0.000265624996538
3018,4,0.631673107731,0.307892606667,0.0604342856024,0.000265624996538
3018,5,0.632607662458,0.296212620739,0.0711797168028,0.000265624996538
3019,0,0.634900389983,0.282194918683,0.0829046913344,0.000283298633276
3019,1,0.645265627042,0.283464821181,0.0712695517772,0.000283298633276
3019,2,0.644055683186,0.295346116767,0.0605982000471,0.000283298633276
3019,3,0.643264546809,0.296405535623,0.0603299175681,0.000283298633276
3019,4,0.633327506569,0.29523308715,0.0714394062808,0.000283298633276
3019,5,0.634248067244,0.283087564292,0.082664368464,0.000283298633276
3020,0,0.636385116849,0.268754734553,0.0948601485983,0.000302441630012
3020,1,0.647198859508,0.270132453477,0.0826686870151,0.000302441630012
3020,2,0.64599137139,0.282487883524,0.071520745086,0.000302441630012
3020,3,0.645265627042,0.283464821181,0.0712695517772,0.000302441630012
3020,4,0.634900389983,0.282194918683,0.0829046913344,0.000302441630012
3020,5,0.635804058213,0.269554575457,0.0946413663302,0.000302441630012
3021,0,0.637774452852,0.254887223775,0.107338323373,0.000323209261164
3021,1,0.649058457957,0.256384263557,0.0945572784869,0.000323209261164
3021,2,0.647855587998,0.269243546245,0.0829008657563,0.000323209261164
3021,3,0.647198859508,0.270132453477,0.0826686870151,0.000323209261164
3021,4,0.636385116849,0.268754734553,0.0948601485983,0.000323209261164
3021,5,0.637268629803,0.25558785227,0.107143517928,0.000323209261164
3022,0,0.639060506044,0.240564918475,0.120374575481,0.000345776848847
3022,1,0.650838115085,0.242194065487,0.106967819428,0.000345776848847
3022,2,0.649642326379,0.255589386942,0.0947682866789,0.000345776848847
3022,3,0.649058457957,0.256384263557,0.0945572784869,0.000345776848847
3022,4,0.637774452852,0.254887223775,0.107338323373,0.000345776848847
3022,5,0.638634136418,0.241159384478,0.120206479104,0.000345776848847
3023,0,0.640234653787,0.225757952949,0.134007393264,0.000370342855711
3023,1,0.652530945874,0.227533435628,0.119935618499,0.000370342855711
3023,2,0.651345041933,0.241499716749,0.107155241318,0.000370342855711
3023,3,0.650838115085,0.242194065487,0.106967819428,0.000370342855711
3023,4,0.639060506044,0.240564918475,0.120374575481,0.000370342855711
3023,5,0.63989222105,0.226238705897,0.133869073053,0.000370342855711
3024,0,0.641287459711,0.210433789927,0.148278750362,0.000397132534963
3024,1,0.654129423324,0.212371462495,0.13349911418,0.000397132534963
3024,2,0.652956593822,0.226946661057,0.120096745121,0.000397132534963
3024,3,0.652530945874,0.227533435628,0.119935618499,0.000397132534963
3024,4,0.640234653787,0.225757952949,0.134007393264,0.000397132534963
3024,5,0.641033734094,0.210792612908,0.148173652998,0.000397132534963
3025,0,0.64220857905,0.194556908651,0.163234512299,0.000426402255592
3025,1,0.655625305411,0.196674462482,0.147700232107,0.000426402255592
3025,2,0.654469178907,0.211899916146,0.133630904947,0.000426402255592
3025,3,0.654129423324,0.212371462495,0.13349911418,0.000426402255592
3025,4,0.641287459711,0.210433789927,0.148278750362,0.000426402255592
3025,5,0.642048640766,0.194784843522,0.163166515712,0.000426402255592
3026,0,0.642986650421,0.178088448436,0.178924901144,0.000458444644343
3026,1,0.657009551785,0.180405655894,0.162584792322,0.000458444644343
3026,2,0.65587425668,0.196326472749,0.147799270572,0.000458444644343
3026,3,0.655625305411,0.196674462482,0.147700232107,0.000458444644343
3026,4,0.64220857905,0.194556908651,0.163234512299,0.000458444644343
3026,5,0.642925915206,0.178175710442,0.178898374351,0.000458444644343
3027,0,0.643650649563,0.160992982201,0.195356368236,0.000493597701985
3027,1,0.65827222854,0.163524796655,0.178202974805,0.000493597701985
3027,2,0.65716246373,0.180190301161,0.162647235109,0.000493597701985
3027,3,0.657009551785,0.180405655894,0.162584792322,0.000493597701985
3027,4,0.642986650421,0.178088448436,0.178924901144,0.000493597701985
3028,0,0.64407586109,0.147174355216,0.208749783694,0.000526592691834
3028,1,0.645638604593,0.14348836804,0.210873027367,0.000526592691834
3028,2,0.659351208285,0.145978451991,0.194670339724,0.000526592691834
3028,3,0.659396892433,0.146076884347,0.19452622322,0.000526592691834
3028,4,0.658323515992,0.163451991544,0.178224492464,0.000526592691834
3028,5,0.65827222854,0.163524796655,0.178202974805,0.000526592691834
3028,6,0.643650649563,0.160992982201,0.195356368236,0.000526592691834
3028,7,0.643611601746,0.160913885461,0.195474512793,0.000526592691834
3029,0,0.645638604593,0.14348836804,0.210873027367,0.000392373505123
3029,1,0.647606505568,0.138786960207,0.213606534225,0.000392373505123
3029,2,0.65192787361,0.12852200801,0.219550118379,0.000392373505123
3029,3,0.652864926473,0.126312256495,0.220822817032,0.000392373505123
3029,4,0.660232019206,0.127716266705,0.212051714089,0.000392373505123
3029,5,0.66037245935,0.128019248329,0.21160829232,0.000392373505123
3029,6,0.659351208285,0.145978451991,0.194670339724,0.000392373505123
3030,0,0.652864926473,0.126312256495,0.220822817032,0.000158694785247
3030,1,0.660064438226,0.109115723903,0.23081983787,0.000158694785247
3030,2,0.66029745906,0.108562288428,0.231140252512,0.000158694785247
3030,3,0.660946963674,0.108692287691,0.230360748635,0.000158694785247
3030,4,0.661191115992,0.109219929671,0.229588954336,0.000158694785247
3030,5,0.660232019206,0.127716266705,0.212051714089,0.000158694785247
3031,0,0.66029745906,0.108562288428,0.231140252512,1.25002815549e-06
3031,1,0.661036083511,0.106785538124,0.232178378365,1.25002815549e-06
3031,2,0.660946963674,0.108692287691,0.230360748635,1.25002815549e-06
3047,0,0.62702365808,0.335734743816,0.0372415981046,2.39787137701e-07
3047,1,0.627141395552,0.3333577503,0.0395008541477,2.39787137701e-07
3047,2,0.627241691651,0.333369504934,0.0393888034155,2.39787137701e-07
3048,0,0.627141395552,0.3333577503,0.0395008541477,2.70930175943e-05
3048,1,0.627315037041,0.329412448009,0.0432725149507,2.70930175943e-05
3048,2,0.627698426396,0.321163126946,0.0511384466571,2.70930175943e-05
3048,3,0.629098803788,0.321332388275,0.0495688079373,2.70930175943e-05
3048,4,0.62814369772,0.332160551912,0.0396957503684,2.70930175943e-05
3048,5,0.627241691651,0.333369504934,0.0393888034155,2.70930175943e-05
3049,0,0.627698426396,0.321163126946,0.0511384466571,5.9801912597e-05
3049,1,0.628212699035,0.30861933345,0.0631679675154,5.9801912597e-05
3049,2,0.630889272315,0.308953556912,0.0601571707735,5.9801912597e-05
3049,3,0.62994329838,0.320195087809,0.0498616138102,5.9801912597e-05
3049,4,0.629098803788,0.321332388275,0.0495688079373,5.9801912597e-05
3050,0,0.628212699035,0.30861933345,0.0631679675154,9.38706285467e-05
3050,1,0.628540644815,0.2993997086,0.0720596465853,9.38706285467e-05
3050,2,0.628680669329,0.295705191096,0.0756141395741,9.38706285467e-05
3050,3,0.632607662458,0.296212620739,0.0711797168028,9.38706285467e-05
3050,4,0.631673107731,0.307892606667,0.0604342856024,9.38706285467e-05
3050,5,0.630889272315,0.308953556912,0.0601571707735,9.38706285467e-05
3051,0,0.628680669329,0.295705191096,0.0756141395741,0.000128831941707
3051,1,0.629113343264,0.282399926845,0.0884867298907,0.000128831941707
3051,2,0.634248067244,0.283087564292,0.082664368464,0.000128831941707
3051,3,0.633327506569,0.29523308715,0.0714394062808,0.000128831941707
3051,4,0.632607662458,0.296212620739,0.0711797168028,0.000128831941707
3052,0,0.629113343264,0.282399926845,0.0884867298907,0.000165023557337
3052,1,0.629486490619,0.268676472903,0.101837036478,0.000165023557337
3052,2,0.635804058213,0.269554575457,0.0946413663302,0.000165023557337
3052,3,0.634900389983,0.282194918683,0.0829046913344,0.000165023557337
3052,4,0.634248067244,0.283087564292,0.082664368464,0.000165023557337
3053,0,0.629486490619,0.268676472903,0.101837036478,0.000202398391821
3053,1,0.629558103885,0.265408994304,0.105032901811,0.000202398391821
3053,2,0.62982078811,0.254511971879,0.11566724001,0.000202398391821
3053,3,0.637268629803,0.25558785227,0.107143517928,0.000202398391821
3053,4,0.636385116849,0.268754734553,0.0948601485983,0.000202398391821
3053,5,0.635804058213,0.269554575457,0.0946413663302,0.000202398391821
3054,0,0.62982078811,0.254511971879,0.11566724001,0.000240572153096
3054,1,0.630097172956,0.239876104001,0.130026723043,0.000240572153096
3054,2,0.638634136418,0.241159384478,0.120206479104,0.000240572153096
3054,3,0.637774452852,0.254887223775,0.107338323373,0.000240572153096
3054,4,0.637268629803,0.25558785227,0.107143517928,0.000240572153096
3055,0,0.630097172956,0.239876104001,0.130026723043,0.000280051994285
3055,1,0.630280333174,0.226527198093,0.143192468734,0.000280051994285
3055,2,0.630308553407,0.224737831598,0.144953614996,0.000280051994285
3055,3,0.63989222105,0.226238705897,0.133869073053,0.000280051994285
3055,4,0.639060506044,0.240564918475,0.120374575481,0.000280051994285
3055,5,0.638634136418,0.241159384478,0.120206479104,0.000280051994285
3056,0,0.630308553407,0.224737831598,0.144953614996,0.000320214656261
3056,1,0.630475640879,0.209068093138,0.160456265983,0.000320214656261
3056,2,0.641033734094,0.210792612908,0.148173652998,0.000320214656261
3056,3,0.640234653787,0.225757952949,0.134007393264,0.000320214656261
3056,4,0.63989222105,0.226238705897,0.133869073053,0.000320214656261
3057,0,0.630475640879,0.209068093138,0.160456265983,0.000361115536657
3057,1,0.630566882169,0.192826876228,0.176606241603,0.000361115536657
3057,2,0.642048640766,0.194784843522,0.163166515712,0.000361115536657
3057,3,0.641287459711,0.210433789927,0.148278750362,0.000361115536657
3057,4,0.641033734094,0.210792612908,0.148173652998,0.000361115536657
3058,0,0.630566882169,0.192826876228,0.176606241603,0.000399979494837
3058,1,0.630574088717,0.181522588983,0.187903322301,0.000399979494837
3058,2,0.630581268701,0.178695376427,0.190723354871,0.000399979494837
3058,3,0.631673583346,0.176170456496,0.192155960158,0.000399979494837
3058,4,0.642925915206,0.178175710442,0.178898374351,0.000399979494837
3058,5,0.64220857905,0.194556908651,0.163234512299,0.000399979494837
3058,6,0.642048640766,0.194784843522,0.163166515712,0.000399979494837
3059,0,0.631673583346,0.176170456496,0.192155960158,0.000284981261336
3059,1,0.635538943046,0.167120955499,0.197340101455,0.000284981261336
3059,2,0.638606177941,0.159980873797,0.201412948263,0.000284981261336
3059,3,0.643611601746,0.160913885461,0.195474512793,0.000284981261336
3059,4,0.643650649563,0.160992982201,0.195356368236,0.000284981261336
3059,5,0.642986650421,0.178088448436,0.178924901144,0.000284981261336
3059,6,0.642925915206,0.178175710442,0.178898374351,0.000284981261336
3060,0,0.638606177941,0.159980873797,0.201412948263,6.92464772331e-05
3060,1,0.639069833682,0.158887764417,0.202042401901,6.92464772331e-05
3060,2,0.64407586109,0.147174355216,0.208749783694,6.92464772331e-05
3060,3,0.643611601746,0.160913885461,0.195474512793,6.92464772331e-05
