beta,eta,N,R,P,U,acceptability
0.209,4.5,2,0.759678696029,0.0764486497632,0.779786905545,0
0.21,4.5,2,0.759680941909,0.0764108648199,0.779684314034,0
0.211,4.5,2,0.759685489385,0.0763747224847,0.779588645026,0
0.212,4.5,2,0.759692375294,0.0763402601908,0.779500003562,0
0.213,4.5,2,0.759701636474,0.0763075153716,0.779418494681,0
0.214,4.5,2,0.759713309761,0.0762765254602,0.779344223422,0
0.215,4.5,2,0.759727431993,0.0762473278897,0.779277294824,0
0.216,4.5,2,0.759744040007,0.0762199600934,0.779217813927,0
0.217,4.5,2,0.759763170641,0.0761944595045,0.779165885769,0
0.218,4.5,2,0.75978486073,0.0761708635562,0.77912161539,0
0.219,4.5,2,0.759809147114,0.0761492096817,0.779085107828,0
0.22,4.5,2,0.759836066628,0.0761295353141,0.779056468124,0
0.221,4.5,2,0.75986565611,0.0761118778867,0.779035801316,0
0.222,4.5,2,0.759897952397,0.0760962748327,0.779023212444,0
0.223,4.5,2,0.759932992326,0.0760827635853,0.779018806547,0
0.224,4.5,2,0.759970812736,0.0760713815777,0.779022688663,0.00203937992596
0.225,4.5,2,0.760011450462,0.076062166243,0.779034963833,0.0109226656896
0.226,4.5,2,0.760054942342,0.0760551550146,0.779055737095,0.00780857961613
0.227,4.5,2,0.760101325213,0.0760503853255,0.779085113489,0.00322790601112
0.228,4.5,2,0.760150635913,0.076047894609,0.779123198053,0.000874366244812
0.229,4.5,2,0.760202911278,0.0760477202983,0.779170095827,3.48980623084e-06
0.197,4.5,3,0.749295381346,0.0791859436316,0.773541277477,0
0.198,4.5,3,0.749243557488,0.0791864621052,0.773357710035,0
0.199,4.5,3,0.749193720927,0.079188444691,0.773179656349,0
0.2,4.5,3,0.749145908501,0.0791919288224,0.773007221457,0
0.201,4.5,3,0.749100157046,0.0791969519324,0.772840510398,0
0.202,4.5,3,0.749056503401,0.0792035514543,0.772679628213,0
0.203,4.5,3,0.749014984402,0.0792117648213,0.772524679939,0
0.204,4.5,3,0.748975636886,0.0792216294665,0.772375770617,3.52704561232e-05
0.205,4.5,3,0.74893849769,0.0792331828233,0.772233005286,0.000454806867664
0.206,4.5,3,0.748903603652,0.0792464623247,0.772096488984,0.00110246496573
0.207,4.5,3,0.748870991609,0.079261505404,0.771966326752,0.00194313801335
0.208,4.5,3,0.748840698399,0.0792783494944,0.771842623627,0.00281629819893
0.209,4.5,3,0.748812760857,0.0792970320291,0.77172548465,0.00339453780376
0.21,4.5,3,0.748787215822,0.0793175904413,0.771615014859,0.00409057712934
0.211,4.5,3,0.748764100131,0.0793400621641,0.771511319294,0.00496287492982
0.212,4.5,3,0.748743450621,0.0793644846308,0.771414502994,0.0060697124208
0.213,4.5,3,0.748725304129,0.0793908952747,0.771324670997,0.00749428931565
0.214,4.5,3,0.748709697492,0.0794193315287,0.771241928345,0.00935713817757
0.215,4.5,3,0.748696667548,0.0794498308263,0.771166380075,0.0115965043697
0.216,4.5,3,0.748686251134,0.0794824306006,0.771098131226,0.0134707927899
0.217,4.5,3,0.748678485086,0.0795171682847,0.771037286839,0.0156492433679
0.218,4.5,3,0.748673406243,0.0795540813119,0.770983951951,0.0183225785344
0.219,4.5,3,0.74867105144,0.0795932071154,0.770938231603,0.0216282349964
0.22,4.5,3,0.748671457517,0.0796345831284,0.770900230834,0.0257291366811
0.221,4.5,3,0.748674661309,0.079678246784,0.770870054682,0.0307791788462
0.222,4.5,3,0.748680699654,0.0797242355156,0.770847808187,0.0367687730737
0.223,4.5,3,0.748689609389,0.0797725867562,0.770833596388,0.0429190642334
0.224,4.5,3,0.748701427352,0.0798233379391,0.770827524325,0.0290234726097
0.232,3.05,4,0.731104231068,0.129340594583,0.784746831211,0
0.233,3.05,4,0.731081014489,0.12947800339,0.784637847079,0
0.231,3.06,4,0.731219261866,0.128673563104,0.784256047526,0
0.232,3.06,4,0.731193833944,0.128807842733,0.784143331373,0
0.233,3.06,4,0.731171237554,0.128945266482,0.784037631305,0
0.235,3.06,4,0.731134686721,0.129229696076,0.783847699577,0
0.23,3.07,4,0.73133979665,0.128014564427,0.783783321413,0
0.231,3.07,4,0.731312181932,0.128145753735,0.78366692263,0
0.232,3.07,4,0.731287365631,0.128280048781,0.78355744823,0
0.234,3.07,4,0.731246275629,0.128558105824,0.783359692738,0
0.228,3.08,4,0.731498241325,0.127238416083,0.783455215057,0
0.229,3.08,4,0.731465735893,0.127363524002,0.783328455391,0
0.23,3.08,4,0.731435958925,0.127491661845,0.783208423368,0
0.231,3.08,4,0.73140894726,0.127622867045,0.783095224027,0
0.233,3.08,4,0.731363367184,0.127894629249,0.78288974355,0
0.234,3.08,4,0.731344872449,0.12803526112,0.782797672491,0
0.228,3.09,4,0.731596980066,0.126720367276,0.782891251978,0
0.229,3.09,4,0.731565065396,0.12684549251,0.782767636105,0
0.23,3.09,4,0.731535882913,0.12697364672,0.782650761213,0
0.231,3.09,4,0.731509469455,0.127104867339,0.782540732341,0
0.232,3.09,4,0.731485861858,0.1272391918,0.78243765453,0
0.233,3.09,4,0.731465096959,0.127376657536,0.782341632818,0
0.228,3.1,4,0.731699401816,0.126207171179,0.782344363359,0
0.229,3.1,4,0.731668073063,0.126332313256,0.782223862306,0
0.23,3.1,4,0.731639480219,0.12646048336,0.782110115573,0
0.231,3.1,4,0.731613660121,0.126591718924,0.782003228199,0
0.232,3.1,4,0.731590649607,0.126726057381,0.781903305223,0
0.233,3.1,4,0.731570485514,0.126863536165,0.781810451685,0
0.234,3.1,4,0.731553204678,0.127004192709,0.781724772624,0
0.235,3.1,4,0.731538843937,0.127148064447,0.781646373078,0
0.236,3.1,4,0.731527440129,0.12729518881,0.781575358088,0
0.237,3.1,4,0.73151903009,0.127445603233,0.781511832692,0
0.238,3.1,4,0.731513650658,0.127599345149,0.78145590193,0
0.227,3.11,4,0.731838868658,0.1255766233,0.781938407651,0
0.228,3.11,4,0.731805418182,0.1256987921,0.781814329827,0
0.229,3.11,4,0.731774670499,0.125823950545,0.781696914621,0
0.23,3.11,4,0.731746662448,0.125952136069,0.781586267074,0
0.231,3.11,4,0.731721430865,0.126083386105,0.781482492225,0
0.232,3.11,4,0.731699012587,0.126217738085,0.781385695112,0
0.233,3.11,4,0.731679444452,0.126355229444,0.781295980775,0
0.234,3.11,4,0.731662763297,0.126495897615,0.781213454253,0
0.235,3.11,4,0.73164900596,0.12663978003,0.781138220586,0
0.236,3.11,4,0.731638209276,0.126786914123,0.781070384812,0
0.237,3.11,4,0.731630410085,0.126937337327,0.781010051971,0
0.227,3.12,4,0.731947818741,0.1250730087,0.781421966292,0
0.228,3.12,4,0.731914940767,0.125195194343,0.781300932004,0
0.229,3.12,4,0.731884769309,0.125320368683,0.781186573674,0
0.23,3.12,4,0.731857341204,0.125448569154,0.781078996341,0
0.231,3.12,4,0.731832693289,0.125579833188,0.780978305044,0
0.232,3.12,4,0.731810862402,0.125714198218,0.780884604821,0
0.233,3.12,4,0.73179188538,0.125851701679,0.780798000713,0
0.234,3.12,4,0.73177579906,0.125992381002,0.780718597759,0
0.235,3.12,4,0.731762640279,0.126136273622,0.780646500997,0
0.236,3.12,4,0.731752445874,0.126283416971,0.780581815467,0
0.237,3.12,4,0.731745252683,0.126433848482,0.780524646208,0
0.238,3.12,4,0.731741097543,0.126587605589,0.78047509826,0
0.239,3.12,4,0.731740017291,0.126744725726,0.780433276661,0
0.24,3.12,4,0.731742048764,0.126905246324,0.780399286451,0
0.241,3.12,4,0.7317472288,0.127069204818,0.780373232668,0
0.242,3.12,4,0.731755594235,0.127236638641,0.780355220353,0
0.243,3.12,4,0.731767181907,0.127407585225,0.780345354544,0
0.244,3.12,4,0.731782028653,0.127582082005,0.78034374028,0
0.226,3.13,4,0.732095175214,0.124454888504,0.781046574221,0
0.227,3.13,4,0.732060191495,0.124574140202,0.780921970241,0
0.228,3.13,4,0.732027881177,0.124696342216,0.780803950518,0
0.229,3.13,4,0.731998281097,0.124821531977,0.780692620091,0
0.23,3.13,4,0.731971428092,0.124949746921,0.780588083999,0
0.231,3.13,4,0.731947359,0.12508102448,0.780490447281,0
0.232,3.13,4,0.731926110657,0.125215402086,0.780399814977,0
0.233,3.13,4,0.731907719901,0.125352917174,0.780316292125,0
0.234,3.13,4,0.73189222357,0.125493607177,0.780239983765,0
0.235,3.13,4,0.7318796585,0.125637509527,0.780170994936,0
0.236,3.13,4,0.731870061528,0.125784661659,0.780109430678,0
0.237,3.13,4,0.731863469492,0.125935101004,0.780055396029,0
0.238,3.13,4,0.731859919228,0.126088864997,0.780008996029,0
0.239,3.13,4,0.731859447575,0.126245991071,0.779970335716,0
0.24,3.13,4,0.731862091369,0.126406516658,0.779939520131,0
0.241,3.13,4,0.731867887448,0.126570479192,0.779916654312,0
0.242,3.13,4,0.731876872648,0.126737916106,0.779901843298,0
0.243,3.13,4,0.731889083807,0.126908864834,0.779895192129,0
0.226,3.14,4,0.732210323155,0.12396071357,0.780559831851,0
0.227,3.14,4,0.732175898524,0.124079982113,0.780438200125,0
0.228,3.14,4,0.732144151016,0.124202200023,0.780323165994,0
0.229,3.14,4,0.732115117468,0.124327404733,0.780214834497,0
0.23,3.14,4,0.732088834717,0.124455633676,0.780113310673,0
0.231,3.14,4,0.732065339601,0.124586924286,0.780018699562,0
0.232,3.14,4,0.732044668957,0.124721313995,0.779931106203,0
0.233,3.14,4,0.732026859622,0.124858840237,0.779850635635,0
0.234,3.14,4,0.732011948433,0.124999540446,0.779777392898,0
0.235,3.14,4,0.731999972227,0.125143452054,0.77971148303,0
0.236,3.14,4,0.731990967841,0.125290612494,0.77965301107,0
0.237,3.14,4,0.731984972114,0.1254410592,0.779602082058,0
0.238,3.14,4,0.731982021881,0.125594829604,0.779558801034,0
0.239,3.14,4,0.731982153981,0.125751961141,0.779523273035,0
0.24,3.14,4,0.73198540525,0.125912491244,0.779495603102,0
0.241,3.14,4,0.731991812525,0.126076457344,0.779475896274,0
0.242,3.14,4,0.732001412645,0.126243896877,0.779464257589,0
0.243,3.14,4,0.732014242445,0.126414847274,0.779460792088,0
0.226,3.15,4,0.732328721822,0.123471213824,0.780089125012,0
0.227,3.15,4,0.732294851433,0.123590498739,0.779970436567,0
0.228,3.15,4,0.732263661889,0.123712732071,0.779858359055,0
0.229,3.15,4,0.732235190027,0.123837951256,0.779752997516,0
0.23,3.15,4,0.732209472685,0.123966193725,0.779654456989,0
0.231,3.15,4,0.732186546699,0.124097496912,0.779562842513,0
0.232,3.15,4,0.732166448907,0.124231898251,0.779478259126,0
0.233,3.15,4,0.732149216145,0.124369435174,0.77940081187,0
0.234,3.15,4,0.732134885253,0.124510145114,0.779330605782,0
0.235,3.15,4,0.732123493065,0.124654065506,0.779267745902,0
0.236,3.15,4,0.73211507642,0.124801233781,0.779212337268,0
0.237,3.15,4,0.732109672155,0.124951687374,0.779164484922,0
0.238,3.15,4,0.732107317107,0.125105463718,0.7791242939,0
0.239,3.15,4,0.732108048113,0.125262600244,0.779091869243,0
0.24,3.15,4,0.732111902011,0.125423134388,0.77906731599,0
0.241,3.15,4,0.732118915637,0.125587103582,0.77905073918,0
0.242,3.15,4,0.732129125829,0.125754545259,0.779042243852,0
0.243,3.15,4,0.732142569424,0.125925496853,0.779041935046,0
0.225,3.16,4,0.732486251544,0.122869962797,0.779756527699,0
0.226,3.16,4,0.732450282821,0.122986353572,0.77963423433,0
0.227,3.16,4,0.732416961828,0.123105654385,0.779518460193,0
0.228,3.16,4,0.732386325401,0.123227902667,0.779409310328,0
0.229,3.16,4,0.732358410379,0.123353135852,0.779306889775,0
0.23,3.16,4,0.732333253598,0.123481391374,0.779211303571,0
0.231,3.16,4,0.732310891896,0.123612706665,0.779122656757,0
0.232,3.16,4,0.73229136211,0.123747119159,0.779041054371,0
0.233,3.16,4,0.732274701077,0.123884666289,0.778966601453,0
0.234,3.16,4,0.732260945635,0.124025385489,0.778899403043,0
0.235,3.16,4,0.73225013262,0.124169314191,0.778839564178,0
0.236,3.16,4,0.732242298869,0.124316489828,0.778787189899,0
0.237,3.16,4,0.73223748122,0.124466949834,0.778742385244,0
0.238,3.16,4,0.732235716511,0.124620731642,0.778705255253,0
0.239,3.16,4,0.732237041578,0.124777872686,0.778675904965,0
0.24,3.16,4,0.732241493258,0.124938410397,0.778654439419,0
0.241,3.16,4,0.732249108389,0.125102382211,0.778640963655,0
0.242,3.16,4,0.732259923807,0.125269825559,0.778635582711,0
0.225,3.17,4,0.732610345651,0.122389689972,0.779314361801,0
0.226,3.17,4,0.732574917756,0.122506097121,0.779194940429,0
0.227,3.17,4,0.732542141312,0.122625413357,0.779082051629,0
0.228,3.17,4,0.732512053157,0.122747676115,0.778975800438,0
0.229,3.17,4,0.732484690129,0.122872922828,0.778876291897,0
0.23,3.17,4,0.732460089064,0.123001190928,0.778783631045,0
0.231,3.17,4,0.7324382868,0.12313251785,0.77869792292,0
0.232,3.17,4,0.732419320173,0.123266941027,0.778619272563,0
0.233,3.17,4,0.732403226022,0.12340449789,0.778547785011,0
0.234,3.17,4,0.732390041184,0.123545225875,0.778483565305,0
0.235,3.17,4,0.732379802495,0.123689162413,0.778426718483,0
0.236,3.17,4,0.732372546792,0.123836344939,0.778377349585,0
0.237,3.17,4,0.732368310914,0.123986810885,0.778335563651,0
0.238,3.17,4,0.732367131697,0.124140597685,0.778301465718,0
0.239,3.17,4,0.732369045978,0.124297742771,0.778275160826,0
0.24,3.17,4,0.732374090595,0.124458283577,0.778256754016,4.45000145847e-05
0.241,3.17,4,0.732382302384,0.124622257537,0.778246350325,0
0.242,3.17,4,0.732393718183,0.124789702082,0.778244054792,0
0.224,3.18,4,0.732774940396,0.121800433387,0.779010621499,0
0.225,3.18,4,0.732737430145,0.121913985727,0.778887602282,0
0.226,3.18,4,0.732702538231,0.122030408775,0.778771023936,0
0.227,3.18,4,0.73267030149,0.122149739962,0.778660991499,0
0.228,3.18,4,0.732640756761,0.122272016722,0.778557610011,0
0.229,3.18,4,0.73261394088,0.122397276489,0.77846098451,0
0.23,3.18,4,0.732589890685,0.122525556695,0.778371220036,0
0.231,3.18,4,0.732568643013,0.122656894774,0.778288421629,0
0.232,3.18,4,0.732550234701,0.122791328159,0.778212694326,0
0.233,3.18,4,0.732534702585,0.122928894283,0.778144143168,0
0.234,3.18,4,0.732522083505,0.123069630579,0.778082873194,0
0.235,3.18,4,0.732512414296,0.123213574481,0.778028989443,0
0.236,3.18,4,0.732505731795,0.123360763421,0.777982596954,0
0.237,3.18,4,0.732502072841,0.123511234833,0.777943800767,0
0.238,3.18,4,0.73250147427,0.123665026151,0.77791270592,2.03847351548e-05
0.239,3.18,4,0.732503972919,0.123822174806,0.777889417452,0.000806001048878
0.24,3.18,4,0.732509605626,0.123982718233,0.777874040404,1.8815411616e-06
0.241,3.18,4,0.732518409228,0.124146693865,0.777866679814,0
0.224,3.19,4,0.732904399469,0.121329245653,0.77859624827,0
0.225,3.19,4,0.732867416631,0.121442814368,0.778476029768,0
0.226,3.19,4,0.732833055852,0.121559252841,0.778362265475,0
0.227,3.19,4,0.732801353969,0.121678598505,0.778255060429,0
0.228,3.19,4,0.732772347819,0.121800888795,0.77815451967,0
0.229,3.19,4,0.732746074239,0.121926161142,0.778060748237,0
0.23,3.19,4,0.732722570068,0.12205445298,0.777973851169,0
0.231,3.19,4,0.732701872141,0.122185801742,0.777893933506,0
0.232,3.19,4,0.732684017296,0.122320244862,0.777821100287,0
0.233,3.19,4,0.732669042371,0.122457819772,0.777755456551,0
0.234,3.19,4,0.732656984202,0.122598563907,0.777697107336,0
0.235,3.19,4,0.732647879627,0.122742514698,0.777646157683,0
0.236,3.19,4,0.732641765483,0.12288970958,0.777602712631,0
0.237,3.19,4,0.732638678606,0.123040185985,0.777566877218,6.07313174223e-05
0.238,3.19,4,0.732638655835,0.123193981346,0.777538756484,0.000845921094283
0.239,3.19,4,0.732641734007,0.123351133098,0.777518455468,0.000872374612592
0.24,3.19,4,0.732647949958,0.123511678672,0.777506079209,0
0.241,3.19,4,0.732657340526,0.123675655503,0.777501732747,0
0.224,3.2,4,0.733036676984,0.120862555584,0.778196871645,0
0.225,3.2,4,0.733000216713,0.1209761402,0.778079424884,0
0.226,3.2,4,0.732966382223,0.121092593625,0.777968445671,0
0.227,3.2,4,0.732935210351,0.121211953293,0.777864039044,0
0.228,3.2,4,0.732906737934,0.121334256638,0.777766310042,0
0.229,3.2,4,0.732881001811,0.121459541092,0.777675363704,0
0.23,3.2,4,0.732858038816,0.121587844088,0.77759130507,0
0.231,3.2,4,0.732837885789,0.12171920306,0.777514239179,0
0.232,3.2,4,0.732820579566,0.121853655442,0.77744427107,0
0.233,3.2,4,0.732806156984,0.121991238665,0.777381505783,0
0.234,3.2,4,0.732794654881,0.122131990164,0.777326048355,0
0.235,3.2,4,0.732786110093,0.122275947372,0.777278003828,0
0.236,3.2,4,0.732780559459,0.122423147721,0.777237477239,9.3371037e-05
0.237,3.2,4,0.732778039815,0.122573628645,0.777204573628,0.00081193320835
0.238,3.2,4,0.732778587998,0.122727427578,0.777179398035,0.00102997318607
0.239,3.2,4,0.732782240845,0.122884581952,0.777162055498,0.000638587868516
0.24,3.2,4,0.732789035194,0.1230451292,0.777152651057,0
0.241,3.2,4,0.732799007882,0.123209106756,0.777151289751,0
0.223,3.21,4,0.733210219762,0.120289557872,0.777933352084,0
0.224,3.21,4,0.733171684546,0.120400327487,0.777812272247,0
0.225,3.21,4,0.733135741996,0.120513927529,0.777697568256,0
0.226,3.21,4,0.733102428949,0.120630395433,0.77758934515,0
0.227,3.21,4,0.733071782242,0.120749768632,0.777487707969,0
0.228,3.21,4,0.733043838713,0.120872084558,0.777392761751,0
0.229,3.21,4,0.733018635198,0.120997380645,0.777304611536,0
0.23,3.21,4,0.732996208535,0.121125694327,0.777223362364,0
0.231,3.21,4,0.732976595562,0.121257063035,0.777149119272,0
0.232,3.21,4,0.732959833114,0.121391524204,0.777081987301,0
0.233,3.21,4,0.73294595803,0.121529115267,0.77702207149,0
0.234,3.21,4,0.732935007146,0.121669873657,0.776969476877,0
0.235,3.21,4,0.7329270173,0.121813836807,0.776924308503,0.000107292599112
0.236,3.21,4,0.732922025329,0.121961042151,0.776886671405,0.00075210017662
0.237,3.21,4,0.732920068071,0.122111527121,0.776856670624,0.0009265980425
0.238,3.21,4,0.732921182361,0.122265329151,0.776834411199,0.00111320003854
0.239,3.21,4,0.732925405039,0.122422485673,0.776819998169,0.000369238529999
0.24,3.21,4,0.73293277294,0.122583034122,0.776813536573,0
0.223,3.22,4,0.733347359824,0.11983174015,0.77756061008,0
0.224,3.22,4,0.733309333761,0.119942525666,0.777442230701,0
0.225,3.22,4,0.733273904086,0.120056140662,0.777330240507,0
0.226,3.22,4,0.733241107635,0.120172622572,0.777224744537,0
0.227,3.22,4,0.733210981248,0.120292008827,0.777125847829,0
0.228,3.22,4,0.733183561759,0.120414336861,0.777033655423,0
0.229,3.22,4,0.733158886008,0.120539644108,0.776948272359,0
0.23,3.22,4,0.73313699083,0.120667968001,0.776869803675,0
0.231,3.22,4,0.733117913063,0.120799345972,0.77679835441,0
0.232,3.22,4,0.733101689545,0.120933815456,0.776734029605,0
0.233,3.22,4,0.733088357112,0.121071413885,0.776676934297,0
0.234,3.22,4,0.733077952602,0.121212178692,0.776627173527,8.39524125771e-05
0.235,3.22,4,0.733070512851,0.121356147312,0.776584852333,0.000684582167236
0.236,3.22,4,0.733066074698,0.121503357176,0.776550075754,0.000834009538817
0.237,3.22,4,0.733064674979,0.121653845718,0.776522948831,0.000998492083914
0.238,3.22,4,0.733066350532,0.121807650371,0.776503576601,0.00120698843315
0.239,3.22,4,0.733071138193,0.121964808569,0.776492064105,7.91607564088e-05
0.24,3.22,4,0.7330790748,0.122125357745,0.776488516381,0
0.223,3.23,4,0.733487057989,0.119378313484,0.777202235527,0
0.224,3.23,4,0.733449536232,0.119489114429,0.777086527634,0
0.225,3.23,4,0.733414614586,0.119602743905,0.776977222264,0
0.226,3.23,4,0.733382329887,0.119719239346,0.776874424457,0
0.227,3.23,4,0.733352718972,0.119838638184,0.77677823925,0
0.228,3.23,4,0.733325818678,0.119960977853,0.776688771684,0
0.229,3.23,4,0.733301665844,0.120086295787,0.776606126797,0
0.23,3.23,4,0.733280297305,0.120214629417,0.776530409629,0
0.231,3.23,4,0.733261749899,0.120346016178,0.776461725219,0
0.232,3.23,4,0.733246060464,0.120480493503,0.776400178606,0
0.233,3.23,4,0.733233265836,0.120618098824,0.77634587483,0
0.234,3.23,4,0.733223402853,0.120758869575,0.776298918929,0.000319410852904
0.235,3.23,4,0.733216508352,0.12090284319,0.776259415943,0.000750953314212
0.236,3.23,4,0.733212619171,0.121050057101,0.776227470911,0.000896127831642
0.237,3.23,4,0.733211772145,0.121200548742,0.776203188872,0.00107918573845
0.238,3.23,4,0.733214004113,0.121354355546,0.776186674866,0.00109228368962
0.239,3.23,4,0.733219351912,0.121511514945,0.776178033931,0
0.24,3.23,4,0.733227852379,0.121672064374,0.776177371107,0
0.222,3.24,4,0.733668815152,0.118821216431,0.776977385251,0
0.223,3.24,4,0.733629225861,0.118929242181,0.77685800905,0
0.224,3.24,4,0.733592203566,0.119040058081,0.77674494367,0
0.225,3.24,4,0.733557785102,0.119153701564,0.776638294152,0
0.226,3.24,4,0.733526007307,0.119270210062,0.776538165535,0
0.227,3.24,4,0.733496907019,0.11938962101,0.776444662857,0
0.228,3.24,4,0.733470521074,0.119511971841,0.776357891157,0
0.229,3.24,4,0.733446886311,0.119637299986,0.776277955476,0
0.23,3.24,4,0.733426039565,0.119765642881,0.776204960851,0
0.231,3.24,4,0.733408017674,0.119897037958,0.776139012324,0
0.232,3.24,4,0.733392857476,0.12003152265,0.776080214931,0
0.233,3.24,4,0.733380595807,0.12016913439,0.776028673714,0
0.234,3.24,4,0.733371269506,0.120309910612,0.77598449371,0.000442277904437
0.235,3.24,4,0.733364915408,0.120453888749,0.77594777996,0.000804624369688
0.236,3.24,4,0.733361570351,0.120601106233,0.775918637501,0.000965580265972
0.237,3.24,4,0.733361271173,0.120751600499,0.775897171375,0.00117012030743
0.238,3.24,4,0.733364054711,0.12090540898,0.775883486619,0.000819137565542
0.239,3.24,4,0.733369957801,0.121062569108,0.775877688273,0
0.222,3.25,4,0.733812873445,0.118376449366,0.776644487272,0
0.223,3.25,4,0.733773775047,0.118484490546,0.776527711273,0
0.224,3.25,4,0.733737247366,0.118595320928,0.776417259435,0
0.225,3.25,4,0.733703327238,0.118708977943,0.776313236796,0
0.226,3.25,4,0.733672051502,0.118825499027,0.776215748396,0
0.227,3.25,4,0.733643456995,0.118944921611,0.776124899274,0
0.228,3.25,4,0.733617580553,0.119067283129,0.776040794469,0
0.229,3.25,4,0.733594459014,0.119192621014,0.77596353902,0
0.23,3.25,4,0.733574129215,0.119320972699,0.775893237967,0
0.231,3.25,4,0.733556627993,0.119452375618,0.775829996349,0
0.232,3.25,4,0.733541992186,0.119586867204,0.775773919205,0
0.233,3.25,4,0.73353025863,0.11972448489,0.775725111573,0
0.234,3.25,4,0.733521464163,0.119865266109,0.775683678494,0.000586802398056
0.235,3.25,4,0.733515645623,0.120009248294,0.775649725007,0.000864408281387
0.236,3.25,4,0.733512839845,0.120156468878,0.77562335615,0.00104352554065
0.237,3.25,4,0.733513083668,0.120306965296,0.775604676963,0.00127303522831
0.238,3.25,4,0.733516413929,0.120460774979,0.775593792485,0.000497438144164
0.239,3.25,4,0.733522867465,0.120617935362,0.775590807756,0
0.221,3.26,4,0.734000379456,0.117830661433,0.776445764819,0
0.222,3.26,4,0.733959229502,0.11793596675,0.776325327591,0
0.223,3.26,4,0.73392061715,0.118044022886,0.776211122823,0
0.224,3.26,4,0.733884579237,0.118154867276,0.776103255553,0
0.225,3.26,4,0.7338511526,0.118268537351,0.776001830821,0
0.226,3.26,4,0.733820374076,0.118385070545,0.775906953666,0
0.227,3.26,4,0.733792280503,0.118504504292,0.775818729128,0
0.228,3.26,4,0.733766908718,0.118626876024,0.775737262245,0
0.229,3.26,4,0.733744295557,0.118752223175,0.775662658056,0
0.23,3.26,4,0.733724477859,0.118880583177,0.775595021602,0
0.231,3.26,4,0.73370749246,0.119011993465,0.775534457921,0
0.232,3.26,4,0.733693376197,0.119146491471,0.775481072051,0
0.233,3.26,4,0.733682165909,0.119284114629,0.775434969034,0
0.234,3.26,4,0.733673898431,0.119424900371,0.775396253907,0.000747306221948
0.235,3.26,4,0.733668610601,0.119568886131,0.77536503171,0.000931236737782
0.236,3.26,4,0.733666339257,0.119716109342,0.775341407482,0.00113135337908
0.237,3.26,4,0.733667121235,0.119866607438,0.775325486263,0.00139004329035
0.238,3.26,4,0.733670993373,0.120020417851,0.775317373091,0.00014129456201
0.239,3.26,4,0.733677992508,0.120177578014,0.775317173005,0
0.221,3.27,4,0.734148467404,0.117394412139,0.776137595144,0
0.222,3.27,4,0.734107794928,0.117499732888,0.776019686835,0
0.223,3.27,4,0.734069663776,0.117607803507,0.775908024324,0
0.224,3.27,4,0.734034110785,0.117718661431,0.77580271265,0
0.225,3.27,4,0.734001172792,0.117832344092,0.775703856852,0
0.226,3.27,4,0.733970886634,0.117948888924,0.77561156197,0
0.227,3.27,4,0.73394328915,0.118068333359,0.775525933043,0
0.228,3.27,4,0.733918417175,0.118190714832,0.775447075109,0
0.229,3.27,4,0.733896307547,0.118316070775,0.775375093209,0
0.23,3.27,4,0.733876997103,0.118444438621,0.77531009238,0
0.231,3.27,4,0.73386052268,0.118575855804,0.775252177663,0
0.232,3.27,4,0.733846921117,0.118710359757,0.775201454097,0
0.233,3.27,4,0.733836229249,0.118847987913,0.775158026721,9.2612192456e-05
0.234,3.27,4,0.733828483914,0.118988777705,0.775122000574,0.000831447132573
0.235,3.27,4,0.733823721949,0.119132766566,0.775093480695,0.00100622053511
0.236,3.27,4,0.733821980191,0.119279991931,0.775072572123,0.00123074064713
0.237,3.27,4,0.733823295479,0.119430491231,0.775059379898,0.00130742785412
0.238,3.27,4,0.733827704648,0.1195843019,0.775054009059,0
0.221,3.28,4,0.73429868117,0.11696237638,0.77584275399,0
0.222,3.28,4,0.734258481326,0.117067712086,0.775727345628,0
0.223,3.28,4,0.734220826528,0.117175796714,0.775618196402,0
0.224,3.28,4,0.734185753613,0.117286667699,0.775515411351,0
0.225,3.28,4,0.734153299419,0.117400362472,0.775419095515,0
0.226,3.28,4,0.734123500781,0.117516918468,0.775329353933,0
0.227,3.28,4,0.734096394539,0.117636373119,0.775246291644,0
0.228,3.28,4,0.734072017528,0.117758763859,0.775170013688,0
0.229,3.28,4,0.734050406586,0.11788412812,0.775100625102,0
0.23,3.28,4,0.734031598551,0.118012503337,0.775038230928,0
0.231,3.28,4,0.734015630259,0.118143926942,0.774982936203,0
0.232,3.28,4,0.734002538548,0.118278436368,0.774934845967,0
0.233,3.28,4,0.733992360254,0.118416069048,0.774894065259,0.000249104790819
0.234,3.28,4,0.733985132216,0.118556862417,0.774860699119,0.000895472751732
0.235,3.28,4,0.73398089127,0.118700853906,0.774834852586,0.001090691481
0.236,3.28,4,0.733979674253,0.11884808095,0.774816630698,0.00134372369849
0.237,3.28,4,0.733981518004,0.118998580981,0.774806138496,0.0009845016951
0.238,3.28,4,0.733986459358,0.119152391432,0.774803481017,0
0.22,3.29,4,0.73449317635,0.11643187881,0.775680126806,0
0.221,3.29,4,0.734450932361,0.11653451846,0.775561021982,0
0.222,3.29,4,0.734411200303,0.11663986865,0.775448084594,0
0.223,3.29,4,0.734374017013,0.116747966814,0.775341419681,0
0.224,3.29,4,0.734339419328,0.116858850386,0.775241132281,0
0.225,3.29,4,0.734307444085,0.116972556799,0.775147327435,0
0.226,3.29,4,0.734278128122,0.117089123485,0.775060110181,0
0.227,3.29,4,0.734251508275,0.117208587878,0.774979585558,0
0.228,3.29,4,0.734227621383,0.117330987411,0.774905858605,0
0.229,3.29,4,0.734206504281,0.117456359517,0.774839034363,0
0.23,3.29,4,0.734188193808,0.117584741631,0.774779217869,0
0.231,3.29,4,0.734172726801,0.117716171183,0.774726514164,0
0.232,3.29,4,0.734160140096,0.117850685609,0.774681028286,0
0.233,3.29,4,0.734150470531,0.117988322341,0.774642865275,0.000433659149577
0.234,3.29,4,0.734143754943,0.118129118812,0.774612130169,0.000967286420872
0.235,3.29,4,0.73414003017,0.118273112456,0.774588928009,0.00118625595568
0.236,3.29,4,0.734139333048,0.118420340706,0.774573363832,0.00147279245147
0.237,3.29,4,0.734141700415,0.118570840994,0.77456554268,0.000595913138196
0.22,3.3,4,0.734646917353,0.116008148077,0.775408855907,0
0.221,3.3,4,0.734605132581,0.116110802685,0.775292179747,0
0.222,3.3,4,0.734565863463,0.116216166886,0.775181684361,0
0.223,3.3,4,0.734529146834,0.116324278113,0.775077474787,0
0.224,3.3,4,0.734495019533,0.116435173799,0.774979656066,0
0.225,3.3,4,0.734463518396,0.116548891376,0.774888333236,0
0.226,3.3,4,0.734434680261,0.116665468279,0.774803611337,0
0.227,3.3,4,0.734408541964,0.116784941941,0.774725595408,0
0.228,3.3,4,0.734385140343,0.116907349794,0.774654390487,0
0.229,3.3,4,0.734364512236,0.117032729272,0.774590101615,0
0.23,3.3,4,0.734346694479,0.117161117808,0.77453283383,0
0.231,3.3,4,0.73433172391,0.117292552836,0.774482692172,0
0.232,3.3,4,0.734319637365,0.117427071788,0.774439781679,0
0.233,3.3,4,0.734310471683,0.117564712097,0.774404207392,0.000647936588876
0.234,3.3,4,0.734304263699,0.117705511198,0.774376074349,0.00104815595845
0.235,3.3,4,0.734301050252,0.117849506522,0.774355487589,0.00129486392727
0.236,3.3,4,0.734300868179,0.117996735504,0.774342552151,0.00162101384548
0.237,3.3,4,0.734303754317,0.118147235576,0.774337373076,0.000163475640568
0.219,3.31,4,0.734846336773,0.115488526385,0.77527064992,0
0.22,3.31,4,0.734802523835,0.115588524269,0.775150284378,0
0.221,3.31,4,0.734761193435,0.115691193363,0.775036007909,0
0.222,3.31,4,0.73472238241,0.115796571101,0.774927925552,0
0.223,3.31,4,0.734686127597,0.115904694916,0.774826142346,0
0.224,3.31,4,0.734652465833,0.116015602242,0.774730763331,0
0.225,3.31,4,0.734621433956,0.116129330512,0.774641893545,0
0.226,3.31,4,0.734593068803,0.116245917158,0.774559638029,0
0.227,3.31,4,0.73456740721,0.116365399614,0.77448410182,0
0.228,3.31,4,0.734544486015,0.116487815314,0.774415389959,0
0.229,3.31,4,0.734524342056,0.11661320169,0.774353607485,0
0.23,3.31,4,0.734507012169,0.116741596176,0.774298859436,0
0.231,3.31,4,0.734492533192,0.116873036204,0.774251250852,0
0.232,3.31,4,0.734480941961,0.117007559209,0.774210886772,0
0.233,3.31,4,0.734472275315,0.117145202623,0.774177872236,0.000884022110391
0.234,3.31,4,0.73446657009,0.117286003879,0.774152312282,0.00113960969677
0.235,3.31,4,0.734463863123,0.117430000411,0.77413431195,0.00141889863677
0.236,3.31,4,0.734464191252,0.117577229651,0.774123976279,0.00151999724519
0.237,3.31,4,0.734467591314,0.117727729034,0.774121410309,0
0.219,3.32,4,0.735003274536,0.115072958848,0.775022201006,0
0.22,3.32,4,0.734959907402,0.115172971692,0.774904192844,0
0.221,3.32,4,0.734919026527,0.115275654798,0.774792287093,0
0.222,3.32,4,0.73488066875,0.1153810456,0.774686588792,0
0.223,3.32,4,0.734844870906,0.11548918153,0.774587202982,0
0.224,3.32,4,0.734811669834,0.115600100023,0.7744942347,0
0.225,3.32,4,0.73478110237,0.115713838511,0.774407788986,0
0.226,3.32,4,0.734753205352,0.115830434427,0.77432797088,0
0.227,3.32,4,0.734728015617,0.115949925204,0.77425488542,0
0.228,3.32,4,0.734705570003,0.116072348277,0.774188637646,0
0.229,3.32,4,0.734685905345,0.116197741077,0.774129332596,0
0.23,3.32,4,0.734669058482,0.116326141039,0.774077075311,0
0.231,3.32,4,0.734655066251,0.116457585595,0.77403197083,0
0.232,3.32,4,0.734643965488,0.116592112179,0.77399412419,0.000132840882209
0.233,3.32,4,0.734635793032,0.116729758223,0.773963640433,0.00100378701719
0.234,3.32,4,0.734630585719,0.116870561162,0.773940624596,0.00124350173029
0.235,3.32,4,0.734628380387,0.117014558427,0.77392518172,0.00156129422128
0.236,3.32,4,0.734629213872,0.117161787453,0.773917416843,0.00112793408668
0.219,3.33,4,0.735161905836,0.114661427321,0.774786041685,0
0.22,3.33,4,0.735118979659,0.114761454652,0.77467036193,0
0.221,3.33,4,0.735078543463,0.114864151297,0.774560797925,0
0.222,3.33,4,0.735040634087,0.114969554689,0.774457454708,0
0.223,3.33,4,0.735005288367,0.115077702261,0.77436043732,0
0.224,3.33,4,0.73497254314,0.115188631447,0.774269850799,0
0.225,3.33,4,0.734942435244,0.115302379679,0.774185800185,0
0.226,3.33,4,0.734915001515,0.115418984391,0.774108390516,0
0.227,3.33,4,0.734890278792,0.115538483017,0.774037726832,0
0.228,3.33,4,0.73486830391,0.115660912989,0.773973914172,0
0.229,3.33,4,0.734849113709,0.11578631174,0.773917057576,0
0.23,3.33,4,0.734832745023,0.115914716704,0.773867262082,0
0.231,3.33,4,0.734819234692,0.116046165315,0.77382463273,0
0.232,3.33,4,0.734808619552,0.116180695004,0.773789274558,0.000326066427571
0.233,3.33,4,0.734800936439,0.116318343205,0.773761292607,0.00109085310623
0.234,3.33,4,0.734796222193,0.116459147353,0.773740791915,0.00136209663258
0.235,3.33,4,0.734794513648,0.116603144878,0.773727877521,0.00172569149045
0.236,3.33,4,0.734795847644,0.116750373216,0.773722654466,0.000652709954152
0.218,3.34,4,0.735367089208,0.114156485699,0.77468135695,0
0.219,3.34,4,0.735322142276,0.114253896111,0.774561952581,0
0.22,3.34,4,0.735279652209,0.114353937455,0.774448572261,0
0.221,3.34,4,0.735239655847,0.114456647165,0.774341321029,0
0.222,3.34,4,0.735202190026,0.114562062674,0.774240303924,0
0.223,3.34,4,0.735167291583,0.114670221414,0.774145625986,0
0.224,3.34,4,0.735134997355,0.114781160819,0.774057392254,0
0.225,3.34,4,0.73510534418,0.114894918323,0.773975707766,0
0.226,3.34,4,0.735078368895,0.115011531358,0.773900677562,0
0.227,3.34,4,0.735054108337,0.115131037358,0.773832406682,0
0.228,3.34,4,0.735032599344,0.115253473756,0.773771000164,0
0.229,3.34,4,0.735013878751,0.115378877985,0.773716563048,0
0.23,3.34,4,0.734997983398,0.115507287478,0.773669200373,0
0.231,3.34,4,0.73498495012,0.115638739668,0.773629017177,0
0.232,3.34,4,0.734974815756,0.11577327199,0.773596118501,0.000365776251168
0.233,3.34,4,0.734967617141,0.115910921875,0.773570609384,0.00118970231399
0.234,3.34,4,0.734963391114,0.116051726757,0.773552594864,0.00149818045808
0.235,3.34,4,0.734962174512,0.11619572407,0.773542179981,0.00191664641872
0.236,3.34,4,0.734964004172,0.116342951246,0.773539469774,0.000131730935593
0.218,3.35,4,0.735528414851,0.113752904624,0.774466861565,0
0.219,3.35,4,0.735483895461,0.113850329524,0.77434971432,0
0.22,3.35,4,0.735441836659,0.113950384408,0.774238604463,0
0.221,3.35,4,0.735402275284,0.114053106709,0.774133637031,0
0.222,3.35,4,0.735365248172,0.114158533861,0.774034917066,0
0.223,3.35,4,0.73533079216,0.114266703296,0.773942549605,0
0.224,3.35,4,0.735298944085,0.114377652447,0.773856639689,0
0.225,3.35,4,0.735269740786,0.114491418749,0.773777292355,0
0.226,3.35,4,0.735243219098,0.114608039633,0.773704612644,0
0.227,3.35,4,0.735219415859,0.114727552534,0.773638705595,0
0.228,3.35,4,0.735198367907,0.114849994884,0.773579676246,0
0.229,3.35,4,0.735180112078,0.114975404116,0.773527629638,0
0.23,3.35,4,0.73516468521,0.115103817665,0.773482670809,0
0.231,3.35,4,0.73515212414,0.115235272963,0.773444904798,0
0.232,3.35,4,0.735142465705,0.115369807442,0.773414436645,0.000398190725196
0.233,3.35,4,0.735135746743,0.115507458538,0.773391371389,0.00130246943842
0.234,3.35,4,0.735132004089,0.115648263681,0.773375814068,0.00165520759846
0.235,3.35,4,0.735131274583,0.115792260307,0.773367869723,0.00172738895364
0.236,3.35,4,0.735133595061,0.115939485848,0.773367643393,0
0.218,3.36,4,0.735691173689,0.11335325295,0.774264026621,0
0.219,3.36,4,0.735647076996,0.113450691866,0.774149107528,0
0.22,3.36,4,0.735605444613,0.113550759816,0.77404023916,0
0.221,3.36,4,0.735566313379,0.113653494235,0.773937526557,0
0.222,3.36,4,0.735529720129,0.113758932556,0.773841074758,0
0.223,3.36,4,0.735495701702,0.113867112212,0.773750988803,0
0.224,3.36,4,0.735464294935,0.113978070636,0.773667373729,0
0.225,3.36,4,0.735435536664,0.114091845262,0.773590334578,0
0.226,3.36,4,0.735409463728,0.114208473522,0.773519976387,0
0.227,3.36,4,0.735386112962,0.11432799285,0.773456404196,0
0.228,3.36,4,0.735365521205,0.114450440679,0.773399723044,0
0.229,3.36,4,0.735347725294,0.114575854442,0.773350037971,0
0.23,3.36,4,0.735332762065,0.114704271572,0.773307454016,0
0.231,3.36,4,0.735320668357,0.114835729503,0.773272076217,0
0.232,3.36,4,0.735311481005,0.114970265668,0.773244009614,0.00044925517316
0.233,3.36,4,0.735305236848,0.1151079175,0.773223359246,0.00143177835691
0.234,3.36,4,0.735301972723,0.115248722432,0.773210230153,0.00183749712103
0.235,3.36,4,0.735301725466,0.115392717897,0.773204727374,0.00123995754333
0.217,3.37,4,0.735901387367,0.112862633183,0.774191311682,0
0.218,3.37,4,0.735855277328,0.112957494985,0.774072632742,0
0.219,3.37,4,0.735811598486,0.113054947442,0.773959912828,0
0.22,3.37,4,0.735770387676,0.113155027985,0.773853256978,0
0.221,3.37,4,0.735731681736,0.113257774049,0.773752770231,0
0.222,3.37,4,0.735695517503,0.113363223066,0.773658557626,0
0.223,3.37,4,0.735661931815,0.113471412469,0.773570724203,0
0.224,3.37,4,0.735630961509,0.113582379692,0.773489375001,0
0.225,3.37,4,0.735602643421,0.113696162169,0.773414615058,0
0.226,3.37,4,0.735577014389,0.113812797331,0.773346549415,0
0.227,3.37,4,0.735554111251,0.113932322612,0.77328528311,0
0.228,3.37,4,0.735533970843,0.114054775446,0.773230921183,0
0.229,3.37,4,0.735516630003,0.114180193266,0.773183568673,0
0.23,3.37,4,0.735502125568,0.114308613505,0.773143330618,0
0.231,3.37,4,0.735490494374,0.114440073596,0.773110312059,0
0.232,3.37,4,0.73548177326,0.114574610972,0.773084618034,0.000523473741712
0.233,3.37,4,0.735475999063,0.114712263067,0.773066353583,0.00158087900925
0.234,3.37,4,0.735473208619,0.114853067314,0.773055623744,0.00205049822355
0.235,3.37,4,0.735473438766,0.114997061145,0.773052533557,0.000650842428536
0.217,3.38,4,0.73606633813,0.112470719216,0.774008982626,0
0.218,3.38,4,0.736020637374,0.112565595035,0.773892460555,0
0.219,3.38,4,0.735977371535,0.112663060559,0.773781910848,0
0.22,3.38,4,0.735936577452,0.112763153222,0.773677438542,0
0.221,3.38,4,0.735898291961,0.112865910456,0.773579148678,0
0.222,3.38,4,0.735862551899,0.112971369696,0.773487146295,0
0.223,3.38,4,0.735829394103,0.113079568373,0.773401536432,0
0.224,3.38,4,0.735798855411,0.113190543922,0.773322424128,0
0.225,3.38,4,0.735770972661,0.113304333775,0.773249914423,0
0.226,3.38,4,0.735745782688,0.113420975366,0.773184112355,0
0.227,3.38,4,0.735723322331,0.113540506127,0.773125122963,0
0.228,3.38,4,0.735703628426,0.113662963493,0.773073051288,0
0.229,3.38,4,0.735686737811,0.113788384896,0.773028002368,0
0.23,3.38,4,0.735672687322,0.11391680777,0.772990081242,0
0.231,3.38,4,0.735661513798,0.114048269547,0.77295939295,0
0.232,3.38,4,0.735653254076,0.114182807661,0.77293604253,0.00062643154723
0.233,3.38,4,0.735647944991,0.114320459546,0.772920135022,0.00175383026942
0.234,3.38,4,0.735645623383,0.114461262633,0.772911775466,0.00230115353071
0.235,3.38,4,0.735646326087,0.114605254357,0.7729110689,3.21450023781e-05
0.216,3.39,4,0.736280159872,0.111990290004,0.773957959697,0
0.217,3.39,4,0.736232461749,0.112082628043,0.773837684859,0
0.218,3.39,4,0.736187165429,0.112177517404,0.773723290684,0
0.219,3.39,4,0.736144307749,0.112274995523,0.773614882211,0
0.22,3.39,4,0.736103925546,0.112375099831,0.773512564478,0
0.221,3.39,4,0.736066055657,0.112477867763,0.773416442525,0
0.222,3.39,4,0.73603073492,0.112583336751,0.773326621391,0
0.223,3.39,4,0.735998000171,0.112691544229,0.773243206115,0
0.224,3.39,4,0.735967888248,0.11280252763,0.773166301737,0
0.225,3.39,4,0.735940435988,0.112916324387,0.773096013296,0
0.226,3.39,4,0.735915680228,0.113032971933,0.77303244583,0
0.227,3.39,4,0.735893657805,0.113152507701,0.77297570438,0
0.228,3.39,4,0.735874405557,0.113274969125,0.772925893984,0
0.229,3.39,4,0.735857960321,0.113400393638,0.772883119681,0
0.23,3.39,4,0.735844358934,0.113528818673,0.772847486512,0
0.231,3.39,4,0.735833638233,0.113660281663,0.772819099514,0
0.232,3.39,4,0.735825835056,0.113794820042,0.772798063727,0.000765084278726
0.233,3.39,4,0.735820986239,0.113932471242,0.772784484191,0.00195574680207
0.234,3.39,4,0.735819128619,0.114073272697,0.772778465944,0.00192002390647
0.216,3.4,4,0.736446972085,0.111605971914,0.773795388259,0
0.217,3.4,4,0.73639966983,0.111698323969,0.773677199007,0
0.218,3.4,4,0.7363547731,0.1117932264,0.773564903755,0
0.219,3.4,4,0.736312318733,0.111890716639,0.773458607543,0
0.22,3.4,4,0.736272343564,0.11199083212,0.773358415409,0
0.221,3.4,4,0.736234884431,0.112093610276,0.773264432395,0
0.222,3.4,4,0.736199978172,0.112199088539,0.773176763537,0
0.223,3.4,4,0.736167661624,0.112307304344,0.773095513877,0
0.224,3.4,4,0.736137971623,0.112418295123,0.773020788452,0
0.225,3.4,4,0.736110945008,0.11253209831,0.772952692303,0
0.226,3.4,4,0.736086618614,0.112648751338,0.772891330467,0
0.227,3.4,4,0.736065029281,0.112768291639,0.772836807986,0
0.228,3.4,4,0.736046213843,0.112890756648,0.772789229896,0
0.229,3.4,4,0.73603020914,0.113016183797,0.772748701239,0
0.23,3.4,4,0.736017052008,0.11314461052,0.772715327053,0
0.231,3.4,4,0.736006779284,0.113276074249,0.772689212377,0
0.232,3.4,4,0.735999427805,0.113410612418,0.772670462251,0.000948137623287
0.233,3.4,4,0.735995034409,0.113548262461,0.772659181713,0.00219313632631
0.234,3.4,4,0.735993635933,0.11368906181,0.772655475803,0.00130726395876
0.216,3.41,4,0.73661478521,0.111225405702,0.773643438334,0
0.217,3.41,4,0.736567873977,0.111317771302,0.773527305693,0
0.218,3.41,4,0.736523371992,0.111412686328,0.773417080392,0
0.219,3.41,4,0.73648131609,0.111510188215,0.773312867469,0
0.22,3.41,4,0.736441743109,0.111610314394,0.773214771963,0
0.221,3.41,4,0.736404689887,0.1117131023,0.773122898914,0
0.222,3.41,4,0.73637019326,0.111818589366,0.773037353361,0
0.223,3.41,4,0.736338290066,0.111926813024,0.772958240343,0
0.224,3.41,4,0.736309017142,0.112037810708,0.772885664899,0
0.225,3.41,4,0.736282411325,0.112151619851,0.772819732069,0
0.226,3.41,4,0.736258509452,0.112268277887,0.772760546891,0
0.227,3.41,4,0.736237348361,0.112387822248,0.772708214405,0
0.228,3.41,4,0.736218964888,0.112510290368,0.772662839651,0
0.229,3.41,4,0.736203395872,0.112635719679,0.772624527666,0
0.23,3.41,4,0.736190678148,0.112764147616,0.772593383491,0
0.231,3.41,4,0.736180848555,0.112895611611,0.772569512165,0
0.232,3.41,4,0.736173943929,0.113030149098,0.772553018726,0.001186549066
0.233,3.41,4,0.736170001108,0.11316779751,0.772544008215,0.00247436642915
0.234,3.41,4,0.736169056929,0.113308594279,0.77254258567,0.000571150775211
0.215,3.42,4,0.736832412041,0.110758688051,0.773621811184,0
0.216,3.42,4,0.736783510852,0.110848555676,0.773501890545,0
0.217,3.42,4,0.736736985796,0.110940934346,0.773387785544,0
0.218,3.42,4,0.736692873708,0.111035861495,0.773279601221,0
0.219,3.42,4,0.736651211426,0.111133374555,0.773177442614,0
0.22,3.42,4,0.736612035787,0.11123351096,0.773081414763,0
0.221,3.42,4,0.736575383629,0.111336308142,0.772991622708,0
0.222,3.42,4,0.736541291788,0.111441803536,0.772908171486,0
0.223,3.42,4,0.736509797102,0.111550034574,0.772831166138,0
0.224,3.42,4,0.736480936409,0.11166103869,0.772760711703,0
0.225,3.42,4,0.736454746544,0.111774853316,0.772696913219,0
0.226,3.42,4,0.736431264345,0.111891515886,0.772639875727,0
0.227,3.42,4,0.736410526651,0.112011063833,0.772589704264,0
0.228,3.42,4,0.736392570297,0.11213353459,0.772546503871,0
0.229,3.42,4,0.736377432121,0.112258965591,0.772510379587,0
0.23,3.42,4,0.73636514896,0.112387394269,0.772481436451,0
0.231,3.42,4,0.736355757651,0.112518858056,0.772459779501,0
0.232,3.42,4,0.736349295032,0.112653394387,0.772445513778,0.00149419838776
0.233,3.42,4,0.73634579794,0.112791040694,0.772438744321,0.00264987152496
0.234,3.42,4,0.736345303212,0.11293183441,0.772439576167,0
0.215,3.43,4,0.737001584198,0.11038550497,0.773488460828,0
0.216,3.43,4,0.736953060617,0.110475386141,0.773370525518,0
0.217,3.43,4,0.73690691689,0.110567777408,0.773258419184,0
0.218,3.43,4,0.736863189854,0.110662716206,0.773152246867,0
0.219,3.43,4,0.736821916346,0.110760239966,0.773052113604,0
0.22,3.43,4,0.736783133203,0.110860386122,0.772958124436,0
0.221,3.43,4,0.736746877263,0.110963192108,0.772870384401,0
0.222,3.43,4,0.736713185362,0.111068695357,0.772788998539,0
0.223,3.43,4,0.736682094338,0.111176933301,0.772714071888,0
0.224,3.43,4,0.736653641028,0.111287943374,0.772645709489,0
0.225,3.43,4,0.73662786227,0.11140176301,0.772584016379,0
0.226,3.43,4,0.7366047949,0.111518429641,0.772529097599,0
0.227,3.43,4,0.736584475755,0.111637980701,0.772481058188,0
0.228,3.43,4,0.736566941674,0.111760453622,0.772440003184,0
0.229,3.43,4,0.736552229492,0.111885885839,0.772406037628,0
0.23,3.43,4,0.736540376048,0.112014314783,0.772379266558,0
0.231,3.43,4,0.736531418178,0.11214577789,0.772359795013,0
0.232,3.43,4,0.73652539272,0.11228031259,0.772347728032,0.00188879371948
0.233,3.43,4,0.73652233651,0.112417956319,0.772343170656,0.00208429371363
0.234,3.43,4,0.736522286387,0.112558746509,0.772346227922,0
0.215,3.44,4,0.737171496928,0.110015967161,0.773365102832,0
0.216,3.44,4,0.737123346108,0.110105861403,0.773249123878,0
0.217,3.44,4,0.737077578865,0.110198264794,0.77313898724,0
0.218,3.44,4,0.737034232035,0.110293214767,0.773034797955,0
0.219,3.44,4,0.736993342454,0.110390748753,0.772936661064,0
0.22,3.44,4,0.736954946961,0.110490904188,0.772844681606,0
0.221,3.44,4,0.736919082393,0.110593718504,0.772758964619,0
0.222,3.44,4,0.736885785586,0.110699229133,0.772679615143,0
0.223,3.44,4,0.736855093378,0.11080747351,0.772606738218,0
0.224,3.44,4,0.736827042606,0.110918489068,0.772540438882,0
0.225,3.44,4,0.736801670107,0.11103231324,0.772480822174,0
0.226,3.44,4,0.73677901272,0.111148983458,0.772427993134,0
0.227,3.44,4,0.736759107279,0.111268537157,0.772382056801,0
0.228,3.44,4,0.736741990624,0.111391011769,0.772343118215,0
0.229,3.44,4,0.736727699591,0.111516444727,0.772311282413,0
0.23,3.44,4,0.736716271017,0.111644873466,0.772286654437,0
0.231,3.44,4,0.736707741739,0.111776335417,0.772269339324,0
0.232,3.44,4,0.736702148596,0.111910868015,0.772259442114,0.00239058684869
0.233,3.44,4,0.736699528423,0.112048508692,0.772257067846,0.00131112108619
0.214,3.45,4,0.7373921952,0.109562602854,0.773371320004,0
0.215,3.45,4,0.737342061835,0.109650038928,0.773251517821,0
0.216,3.45,4,0.737294278931,0.109739945769,0.773137466251,0
0.217,3.45,4,0.737248883325,0.10983236081,0.773029270335,0
0.218,3.45,4,0.737205911854,0.109927321484,0.772927035111,0
0.219,3.45,4,0.737165401356,0.110024865224,0.772830865619,0
0.22,3.45,4,0.737127388666,0.110125029463,0.772740866898,0
0.221,3.45,4,0.737091910623,0.110227851635,0.772657143987,0
0.222,3.45,4,0.737059004064,0.110333369172,0.772579801925,0
0.223,3.45,4,0.737028705826,0.110441619509,0.772508945752,0
0.224,3.45,4,0.737001052746,0.110552640077,0.772444680507,0
0.225,3.45,4,0.736976081662,0.110666468311,0.772387111229,0
0.226,3.45,4,0.73695382941,0.110783141643,0.772336342956,0
0.227,3.45,4,0.736934332828,0.110902697507,0.77229248073,0
0.228,3.45,4,0.736917628752,0.111025173336,0.772255629587,0
0.229,3.45,4,0.736903754021,0.111150606564,0.772225894569,0
0.23,3.45,4,0.736892745472,0.111279034622,0.772203380713,0
0.231,3.45,4,0.736884639941,0.111410494945,0.77218819306,1.61975398566e-05
0.232,3.45,4,0.736879474265,0.111545024966,0.772180436647,0.00298406949519
0.233,3.45,4,0.736877285283,0.111682662118,0.772180216516,0.00040267185416
0.214,3.46,4,0.737562964543,0.109200235431,0.773265403531,0
0.215,3.46,4,0.737513190525,0.109287684579,0.77314748642,0
0.216,3.46,4,0.737465770691,0.109377603545,0.773035333262,0
0.217,3.46,4,0.737420741876,0.109470029762,0.772929049095,0
0.218,3.46,4,0.737378140919,0.109565000664,0.772828738959,0
0.219,3.46,4,0.737338004655,0.109662553683,0.772734507894,0
0.22,3.46,4,0.737300369923,0.109762726253,0.772646460938,0
0.221,3.46,4,0.73726527356,0.109865555808,0.77256470313,0
0.222,3.46,4,0.737232752402,0.109971079779,0.77248933951,0
0.223,3.46,4,0.737202843288,0.110079335601,0.772420475117,0
0.224,3.46,4,0.737175583054,0.110190360707,0.77235821499,0
0.225,3.46,4,0.737151008537,0.11030419253,0.772302664168,0
0.226,3.46,4,0.737129156575,0.110420868503,0.772253927691,0
0.227,3.46,4,0.737110064005,0.110540426059,0.772212110598,0
0.228,3.46,4,0.737093767664,0.110662902631,0.772177317928,0
0.229,3.46,4,0.737080304389,0.110788335653,0.772149654719,0
0.23,3.46,4,0.737069711017,0.110916762558,0.772129226012,0
0.231,3.46,4,0.737062024386,0.111048220779,0.772116136846,0.000265624563196
0.232,3.46,4,0.737057281333,0.11118274775,0.772110492259,0.00298368065237
0.233,3.46,4,0.737055518695,0.111320380903,0.772112397291,0
0.214,3.47,4,0.737734214119,0.10884140667,0.773168850264,0
0.215,3.47,4,0.737684794603,0.108928868418,0.773052789254,0
0.216,3.47,4,0.737637732992,0.109018799035,0.772942505535,0
0.217,3.47,4,0.737593066122,0.109111235955,0.772838104146,0
0.218,3.47,4,0.737550830832,0.109206216611,0.772739690126,0
0.219,3.47,4,0.737511063958,0.109303778437,0.772647368514,0
0.22,3.47,4,0.737473802337,0.109403958865,0.77256124435,0
0.221,3.47,4,0.737439082807,0.109506795328,0.772481422673,0
0.222,3.47,4,0.737406942205,0.10961232526,0.772408008523,0
0.223,3.47,4,0.737377417368,0.109720586095,0.772341106937,0
0.224,3.47,4,0.737350545134,0.109831615264,0.772280822956,0
0.225,3.47,4,0.737326362339,0.109945450202,0.772227261619,0
0.226,3.47,4,0.73730490582,0.110062128342,0.772180527964,0
0.227,3.47,4,0.737286212416,0.110181687116,0.772140727032,0
0.228,3.47,4,0.737270318963,0.110304163959,0.772107963861,0
0.229,3.47,4,0.737257262298,0.110429596302,0.77208234349,0
0.23,3.47,4,0.737247079258,0.11055802158,0.772063970959,0
0.231,3.47,4,0.737239806682,0.110689477226,0.772052951307,0.000707822895999
0.232,3.47,4,0.737235481405,0.110824000673,0.772049389573,0.00221583267121
0.233,3.47,4,0.737234140265,0.110961629353,0.772053390796,0
0.213,3.48,4,0.737957250185,0.108401037492,0.773201360304,0
0.214,3.48,4,0.737905855534,0.108486080878,0.773081440832,0
0.215,3.48,4,0.737856785673,0.108573554752,0.772967206949,0
0.216,3.48,4,0.737810077438,0.108663496547,0.772858763696,0
0.217,3.48,4,0.737765767668,0.108755943697,0.772756216112,0
0.218,3.48,4,0.737723893198,0.108850933634,0.772659669235,0
0.219,3.48,4,0.737684490868,0.108948503792,0.772569228105,0
0.22,3.48,4,0.737647597512,0.109048691603,0.772484997761,0
0.221,3.48,4,0.73761324997,0.109151534502,0.772407083242,0
0.222,3.48,4,0.737581485077,0.109257069922,0.772335589588,0
0.223,3.48,4,0.737552339672,0.109365335295,0.772270621838,0
0.224,3.48,4,0.737525850591,0.109476368055,0.77221228503,0
0.225,3.48,4,0.737502054671,0.109590205634,0.772160684204,0
0.226,3.48,4,0.73748098875,0.109706885467,0.7721159244,0
0.227,3.48,4,0.737462689666,0.109826444986,0.772078110656,0
0.228,3.48,4,0.737447194254,0.109948921625,0.772047348012,0
0.229,3.48,4,0.737434539353,0.110074352817,0.772023741506,0
0.23,3.48,4,0.7374247618,0.110202775995,0.772007396179,0
0.231,3.48,4,0.737417898431,0.110334228591,0.771998417069,0.00130759926875
0.232,3.48,4,0.737413986084,0.11046874804,0.771996909215,0.00122503909197
0.233,3.48,4,0.737413061596,0.110606371775,0.772002977657,0
0.213,3.49,4,0.738128853956,0.108049166373,0.773121090512,0
0.214,3.49,4,0.738077800392,0.10813422236,0.773002955857,0
0.215,3.49,4,0.738029075339,0.108221707887,0.77289052013,0
0.216,3.49,4,0.737982715636,0.108311660386,0.772783888371,0
0.217,3.49,4,0.737938758118,0.108404117292,0.772683165619,0
0.218,3.49,4,0.737897239624,0.108499116036,0.772588456913,0
0.219,3.49,4,0.73785819699,0.108596694053,0.772499867292,0
0.22,3.49,4,0.737821667054,0.108696888775,0.772417501795,0
0.221,3.49,4,0.737787686652,0.108799737636,0.772341465462,0
0.222,3.49,4,0.737756292623,0.108905278069,0.772271863332,0
0.223,3.49,4,0.737727521803,0.109013547507,0.772208800444,0
0.224,3.49,4,0.737701411029,0.109124583384,0.772152381837,0
0.225,3.49,4,0.737677997139,0.109238423132,0.772102712551,0
0.226,3.49,4,0.73765731697,0.109355104185,0.772059897624,0
0.227,3.49,4,0.737639407359,0.109474663975,0.772024042096,0
0.228,3.49,4,0.737624305143,0.109597139937,0.771995251006,0
0.229,3.49,4,0.73761204716,0.109722569503,0.771973629393,0
0.23,3.49,4,0.737602670246,0.109850990107,0.771959282297,0
0.231,3.49,4,0.737596211239,0.109982439181,0.771952314757,0.0021023734642
0.232,3.49,4,0.737592706976,0.110116954159,0.771952831811,0.000129748291885
0.233,3.49,4,0.737592194294,0.110254572474,0.771960938499,0
0.212,3.5,4,0.738353690341,0.107618050351,0.773171540814,0
0.213,3.5,4,0.738300677621,0.107700727308,0.773049554776,0
0.214,3.5,4,0.738249960297,0.107785795423,0.772933175966,0
0.215,3.5,4,0.738201575208,0.107873292129,0.772822509422,0
0.216,3.5,4,0.738155559189,0.107963254859,0.772717660184,0
0.217,3.5,4,0.738111949078,0.108055721047,0.772618733292,0
0.218,3.5,4,0.738070781713,0.108150728125,0.772525833784,0
0.219,3.5,4,0.73803209393,0.108248313527,0.772439066699,0
0.22,3.5,4,0.737995922566,0.108348514686,0.772358537078,0
0.221,3.5,4,0.73796230446,0.108451369036,0.772284349958,0
0.222,3.5,4,0.737931276448,0.108556914009,0.772216610379,0
0.223,3.5,4,0.737902875367,0.108665187039,0.772155423381,0
0.224,3.5,4,0.737877138055,0.108776225558,0.772100894003,0
0.225,3.5,4,0.737854101348,0.108890067001,0.772053127283,0
0.226,3.5,4,0.737833802084,0.1090067488,0.772012228261,0
0.227,3.5,4,0.7378162771,0.109126308388,0.771978301977,0
0.228,3.5,4,0.737801563234,0.109248783199,0.771951453469,0
0.229,3.5,4,0.737789697322,0.109374210666,0.771931787776,0
0.23,3.5,4,0.737780716202,0.109502628222,0.771919409939,0
0.231,3.5,4,0.737774656711,0.109634073301,0.771914424995,0.00202504871277
0.232,3.5,4,0.737771555686,0.109768583335,0.771916937985,0
0.233,3.5,4,0.737771449964,0.109906195757,0.771927053947,0
0.212,3.51,4,0.738525317832,0.107272995043,0.773106806226,0
0.213,3.51,4,0.738472632785,0.107355684603,0.772986533721,0
0.214,3.51,4,0.738422246856,0.107440764372,0.772871881783,0
0.215,3.51,4,0.738374196883,0.107528271783,0.77276295545,0
0.216,3.51,4,0.738328519702,0.107618244271,0.772659859761,0
0.217,3.51,4,0.738285252152,0.107710719267,0.772562699756,0
0.218,3.51,4,0.73824443107,0.107805734206,0.772471580473,0
0.219,3.51,4,0.738206093291,0.10790332652,0.772386606953,0
0.22,3.51,4,0.738170275655,0.108003533643,0.772307884234,0
0.221,3.51,4,0.738137014998,0.108106393007,0.772235517355,0
0.222,3.51,4,0.738106348156,0.108211942047,0.772169611355,0
0.223,3.51,4,0.738078311969,0.108320218195,0.772110271275,0
0.224,3.51,4,0.738052943271,0.108431258884,0.772057602152,0
0.225,3.51,4,0.738030278902,0.108545101548,0.772011709027,0
0.226,3.51,4,0.738010355697,0.108661783619,0.771972696938,0
0.227,3.51,4,0.737993210495,0.108781342532,0.771940670924,0
0.228,3.51,4,0.737978880132,0.108903815719,0.771915736025,0
0.229,3.51,4,0.737967401446,0.109029240613,0.771897997281,0
0.23,3.51,4,0.737958811273,0.109157654648,0.771887559729,0
0.231,3.51,4,0.737953146451,0.109289095257,0.77188452841,0.00157791196651
0.232,3.51,4,0.737950443818,0.109423599873,0.771889008362,0
0.212,3.52,4,0.738696993274,0.106931300875,0.773050395916,0
0.213,3.52,4,0.738644631052,0.107014002564,0.772931807973,0
0.214,3.52,4,0.738594571672,0.107099093513,0.772818853934,0
0.215,3.52,4,0.738546851969,0.107186611157,0.772711638839,0
0.216,3.52,4,0.738501508781,0.107276592928,0.772610267727,0
0.217,3.52,4,0.738458578946,0.10736907626,0.772514845636,0
0.218,3.52,4,0.738418099299,0.107464098585,0.772425477607,0
0.219,3.52,4,0.73838010668,0.107561697338,0.772342268678,0
0.22,3.52,4,0.738344637924,0.10766190995,0.772265323889,0
0.221,3.52,4,0.73831172987,0.107764773856,0.772194748278,0
0.222,3.52,4,0.738281419353,0.107870326489,0.772130646885,0
0.223,3.52,4,0.738253743212,0.107978605281,0.77207312475,0
0.224,3.52,4,0.738228738284,0.108089647667,0.77202228691,0
0.225,3.52,4,0.738206441406,0.108203491078,0.771978238407,0
0.226,3.52,4,0.738186889414,0.108320172949,0.771941084278,0
0.227,3.52,4,0.738170119147,0.108439730712,0.771910929563,0
0.228,3.52,4,0.738156167441,0.108562201802,0.771887879301,0
0.229,3.52,4,0.738145071134,0.10868762365,0.771872038531,0
0.23,3.52,4,0.738136867063,0.10881603369,0.771863512293,1.45273333281e-05
0.231,3.52,4,0.738131592065,0.108947469356,0.771862405626,0.000579662845126
0.232,3.52,4,0.738129282977,0.10908196808,0.771868823568,0
0.211,3.53,4,0.738922942236,0.106512569688,0.773124565068,0
0.212,3.53,4,0.738868628269,0.106592932152,0.773002090511,0
0.213,3.53,4,0.738816584028,0.106675645497,0.772885158156,0
0.214,3.53,4,0.73876684635,0.106760747153,0.772773873045,0
0.215,3.53,4,0.738719452071,0.106848274556,0.772668340215,0
0.216,3.53,4,0.73867443803,0.106938265137,0.772568664707,0
0.217,3.53,4,0.738631841063,0.10703075633,0.772474951558,0
0.218,3.53,4,0.738591698007,0.107125785569,0.77238730581,0
0.219,3.53,4,0.7385540457,0.107223390286,0.7723058325,0
0.22,3.53,4,0.738518920979,0.107323607915,0.772230636668,0
0.221,3.53,4,0.738486360681,0.107426475889,0.772161823353,0
0.222,3.53,4,0.738456401644,0.107532031641,0.772099497594,0
0.223,3.53,4,0.738429080704,0.107640312605,0.772043764431,0
0.224,3.53,4,0.738404434698,0.107751356212,0.771994728903,0
0.225,3.53,4,0.738382500465,0.107865199898,0.771952496048,0
0.226,3.53,4,0.73836331484,0.107981881094,0.771917170907,0
0.227,3.53,4,0.738346914662,0.108101437235,0.771888858518,0
0.228,3.53,4,0.738333336768,0.108223905753,0.77186766392,0
0.229,3.53,4,0.738322617994,0.108349324081,0.771853692153,0
0.23,3.53,4,0.738314795178,0.108477729654,0.771847048256,0
0.231,3.53,4,0.738309905157,0.108609159903,0.771847837268,0
0.232,3.53,4,0.738307984768,0.108743652262,0.771856164229,0
0.211,3.54,4,0.739094138979,0.106177478586,0.773082531914,0
0.212,3.54,4,0.739040134424,0.106257853181,0.772961670634,0
0.213,3.54,4,0.738988403317,0.106340577707,0.772846364896,0
0.214,3.54,4,0.738938982495,0.106425689598,0.772736719739,0
0.215,3.54,4,0.738891908795,0.106513226285,0.772632840203,0
0.216,3.54,4,0.738847219053,0.106603225203,0.772534831326,0
0.217,3.54,4,0.738804950109,0.106695723785,0.772442798147,0
0.218,3.54,4,0.738765138797,0.106790759463,0.772356845707,0
0.219,3.54,4,0.738727821957,0.106888369672,0.772277079043,0
0.22,3.54,4,0.738693036424,0.106988591843,0.772203603196,0
0.221,3.54,4,0.738660819037,0.107091463412,0.772136523204,0
0.222,3.54,4,0.738631206632,0.10719702181,0.772075944107,0
0.223,3.54,4,0.738604236046,0.10730530447,0.772021970944,0
0.224,3.54,4,0.738579944118,0.107416348827,0.771974708754,0
0.225,3.54,4,0.738558367683,0.107530192313,0.771934262576,0
0.226,3.54,4,0.73853954358,0.107646872362,0.77190073745,0
0.227,3.54,4,0.738523508645,0.107766426406,0.771874238414,0
0.228,3.54,4,0.738510299715,0.107888891879,0.771854870508,0
0.229,3.54,4,0.738499953628,0.108014306215,0.771842738772,0
0.23,3.54,4,0.738492507221,0.108142706845,0.771837948243,0
0.231,3.54,4,0.738487997332,0.108274131204,0.771840603963,0
0.232,3.54,4,0.738486460796,0.108408616725,0.771850810968,0
0.211,3.55,4,0.739265123333,0.105845642015,0.773048193887,0
0.212,3.55,4,0.739211423344,0.105926028268,0.772928916913,0
0.213,3.55,4,0.739160000524,0.106008763502,0.772815208818,0
0.214,3.55,4,0.739110891712,0.106093885152,0.772707174644,0
0.215,3.55,4,0.739064133744,0.106181430651,0.772604919428,0
0.216,3.55,4,0.739019763457,0.106271437432,0.772508548209,0
0.217,3.55,4,0.738977817688,0.106363942929,0.772418166028,0
0.218,3.55,4,0.738938333275,0.106458984573,0.772333877923,0
0.219,3.55,4,0.738901347055,0.1065565998,0.772255788934,0
0.22,3.55,4,0.738866895865,0.106656826041,0.772184004099,0
0.221,3.55,4,0.738835016542,0.10675970073,0.772118628458,0
0.222,3.55,4,0.738805745923,0.1068652613,0.77205976705,0
0.223,3.55,4,0.738779120846,0.106973545185,0.772007524914,0
0.224,3.55,4,0.738755178148,0.107084589817,0.77196200709,0
0.225,3.55,4,0.738733954666,0.10719843263,0.771923318616,0
0.226,3.55,4,0.738715487237,0.107315111058,0.771891564533,0
0.227,3.55,4,0.738699812699,0.107434662532,0.771866849878,0
0.228,3.55,4,0.738686967888,0.107557124487,0.771849279691,0
0.229,3.55,4,0.738676989643,0.107682534355,0.771838959013,0
0.23,3.55,4,0.738669914799,0.107810929571,0.77183599288,0
0.231,3.55,4,0.738665780194,0.107942347566,0.771840486334,0
0.21,3.56,4,0.739491451225,0.105438937447,0.773144530433,0
0.211,3.56,4,0.739435806901,0.105517024282,0.773021331612,0
0.212,3.56,4,0.739382406632,0.105597421717,0.772903609971,0
0.213,3.56,4,0.739331287254,0.105680167187,0.772791470548,0
0.214,3.56,4,0.739282485606,0.105765298123,0.772685018382,0
0.215,3.56,4,0.739236038523,0.105852851961,0.772584358514,0
0.216,3.56,4,0.739191982844,0.105942866131,0.772489595982,0
0.217,3.56,4,0.739150355406,0.106035378068,0.772400835826,0
0.218,3.56,4,0.739111193045,0.106130425206,0.772318183084,0
0.219,3.56,4,0.739074532599,0.106228044976,0.772241742796,0
0.22,3.56,4,0.739040410905,0.106328274813,0.772171620001,0
0.221,3.56,4,0.7390088648,0.10643115215,0.772107919738,0
0.222,3.56,4,0.738979931122,0.106536714419,0.772050747047,0
0.223,3.56,4,0.738953646707,0.106644999054,0.772000206966,0
0.224,3.56,4,0.738930048394,0.106756043488,0.771956404535,0
0.225,3.56,4,0.738909173019,0.106869885155,0.771919444794,0
0.226,3.56,4,0.738891057418,0.106986561487,0.77188943278,0
0.227,3.56,4,0.738875738431,0.107106109918,0.771866473534,0
0.228,3.56,4,0.738863252893,0.107228567881,0.771850672094,0
0.229,3.56,4,0.738853637642,0.10735397281,0.7718421335,0
0.23,3.56,4,0.738846929515,0.107482362136,0.771840962792,0
0.231,3.56,4,0.738843165349,0.107613773294,0.771847265007,0
0.21,3.57,4,0.739661454461,0.105113491198,0.773123411514,0
0.211,3.57,4,0.739606101289,0.105191589691,0.773001725715,0
0.212,3.57,4,0.739552995894,0.105271997837,0.772885530433,0
0.213,3.57,4,0.739502175112,0.105354753067,0.772774930709,0
0.214,3.57,4,0.739453675781,0.105439892817,0.772670031581,0
0.215,3.57,4,0.739407534738,0.105527454519,0.772570938089,0
0.216,3.57,4,0.739363788821,0.105617475605,0.772477755271,0
0.217,3.57,4,0.739322474866,0.10570999351,0.772390588166,0
0.218,3.57,4,0.739283629711,0.105805045667,0.772309541815,0
0.219,3.57,4,0.739247290193,0.105902669508,0.772234721256,0
0.22,3.57,4,0.73921349315,0.106002902467,0.772166231528,0
0.221,3.57,4,0.739182275417,0.106105781977,0.772104177671,0
0.222,3.57,4,0.739153673833,0.106211345472,0.772048664724,0
0.223,3.57,4,0.739127725235,0.106319630384,0.771999797726,0
0.224,3.57,4,0.73910446646,0.106430674146,0.771957681716,0
0.225,3.57,4,0.739083934345,0.106544514193,0.771922421733,0
0.226,3.57,4,0.739066165727,0.106661187957,0.771894122817,0
0.227,3.57,4,0.739051197444,0.106780732871,0.771872890007,0
0.228,3.57,4,0.739039066333,0.106903186369,0.771858828342,0
0.229,3.57,4,0.739029809231,0.107028585883,0.77185204286,0
0.23,3.57,4,0.739023462975,0.107156968847,0.771852638603,0
0.21,3.58,4,0.739830984969,0.104791192872,0.773109358569,0
0.211,3.58,4,0.739775918102,0.10486930255,0.77298915682,0
0.212,3.58,4,0.739723102734,0.104949720931,0.772874458926,0
0.213,3.58,4,0.739672575702,0.10503248545,0.772765369928,0
0.214,3.58,4,0.739624373842,0.105117633539,0.772661994865,0
0.215,3.58,4,0.739578533993,0.105205202632,0.772564438775,0
0.216,3.58,4,0.739535092992,0.105295230161,0.772472806699,0
0.217,3.58,4,0.739494087675,0.10538775356,0.772387203674,0
0.218,3.58,4,0.73945555488,0.105482810262,0.772307734741,0
0.219,3.58,4,0.739419531444,0.1055804377,0.772234504938,0
0.22,3.58,4,0.739386054204,0.105680673308,0.772167619306,0
0.221,3.58,4,0.739355159998,0.105783554518,0.772107182882,0
0.222,3.58,4,0.739326885662,0.105889118765,0.772053300706,0
0.223,3.58,4,0.739301268034,0.10599740348,0.772006077818,0
0.224,3.58,4,0.739278343951,0.106108446098,0.771965619256,0
0.225,3.58,4,0.73925815025,0.106222284051,0.77193203006,0
0.226,3.58,4,0.739240723769,0.106338954773,0.771905415269,0
0.227,3.58,4,0.739226101344,0.106458495696,0.771885879922,0
0.228,3.58,4,0.739214319814,0.106580944255,0.771873529059,0
0.229,3.58,4,0.739205416014,0.106706337882,0.771868467718,0
0.23,3.58,4,0.739199426782,0.106834714011,0.771870800939,0
0.21,3.59,4,0.739999954352,0.104472006774,0.773102152225,0
0.211,3.59,4,0.739945168944,0.104550127163,0.772983405552,0
0.212,3.59,4,0.739892638758,0.104630555307,0.772870176074,0
0.213,3.59,4,0.739842400629,0.104713328641,0.77276256883,0
0.214,3.59,4,0.739794491395,0.104798484595,0.772660688859,0
0.215,3.59,4,0.739748947893,0.104886060605,0.7725646412,0
0.216,3.59,4,0.739705806962,0.104976094103,0.772474530892,0
0.217,3.59,4,0.739665105436,0.105068622523,0.772390462975,0
0.218,3.59,4,0.739626880155,0.105163683297,0.772312542487,0
0.219,3.59,4,0.739591167955,0.105261313859,0.772240874469,0
0.22,3.59,4,0.739558005673,0.105361551642,0.772175563958,0
0.221,3.59,4,0.739527430146,0.105464434079,0.772116715995,0
0.222,3.59,4,0.739499478212,0.105569998604,0.772064435619,0
0.223,3.59,4,0.739474186708,0.105678282649,0.772018827868,0
0.224,3.59,4,0.739451592472,0.105789323648,0.771979997782,0
0.225,3.59,4,0.739431732339,0.105903159034,0.7719480504,0
0.226,3.59,4,0.739414643148,0.10601982624,0.771923090762,0
0.227,3.59,4,0.739400361736,0.1061393627,0.771905223906,0
0.228,3.59,4,0.73938892494,0.106261805846,0.771894554872,0
0.229,3.59,4,0.739380369596,0.106387193113,0.771891188699,0
0.21,3.6,4,0.740168274215,0.104155897211,0.773101573106,0
0.211,3.6,4,0.740113765421,0.104234027837,0.772984252538,0
0.212,3.6,4,0.740061515569,0.104314465271,0.772872462503,0
0.213,3.6,4,0.740011561498,0.104397246945,0.77276630804,0
0.214,3.6,4,0.739963940043,0.104482410292,0.772665894189,0
0.215,3.6,4,0.739918688043,0.104569992746,0.772571325987,0
0.216,3.6,4,0.739875842335,0.10466003174,0.772482708476,0
0.217,3.6,4,0.739835439755,0.104752564706,0.772400146693,0
0.218,3.6,4,0.739797517141,0.104847629079,0.772323745679,0
0.219,3.6,4,0.739762111331,0.104945262291,0.772253610472,0
0.22,3.6,4,0.73972925916,0.105045501776,0.772189846111,0
0.221,3.6,4,0.739698997468,0.105148384966,0.772132557636,0
0.222,3.6,4,0.73967136309,0.105253949295,0.772081850086,0
0.223,3.6,4,0.739646392864,0.105362232197,0.772037828501,0
0.224,3.6,4,0.739624123627,0.105473271104,0.772000597918,0
0.225,3.6,4,0.739604592217,0.105587103449,0.771970263378,0
0.226,3.6,4,0.73958783547,0.105703766666,0.77194692992,0
0.227,3.6,4,0.739573890224,0.105823298188,0.771930702582,0
0.228,3.6,4,0.739562793316,0.105945735449,0.771921686405,0
0.229,3.6,4,0.739554581583,0.10607111588,0.771919986427,0
0.21,3.61,4,0.740335856164,0.103842828488,0.773107401838,0
0.211,3.61,4,0.740281619137,0.103920968879,0.772991478402,0
0.212,3.61,4,0.740229644774,0.104001415128,0.772881098837,0
0.213,3.61,4,0.740179969914,0.104084204669,0.772776368183,0
0.214,3.61,4,0.740132631392,0.104169374936,0.772677391479,0
0.215,3.61,4,0.740087666048,0.10425696336,0.772584273763,0
0.216,3.61,4,0.740045110716,0.104347007375,0.772497120076,0
0.217,3.61,4,0.740005002236,0.104439544415,0.772416035455,0
0.218,3.61,4,0.739967377444,0.104534611913,0.772341124941,0
0.219,3.61,4,0.739932273177,0.104632247301,0.772272493573,0
0.22,3.61,4,0.739899726272,0.104732488014,0.77221024639,0
0.221,3.61,4,0.739869773567,0.104835371484,0.772154488431,0
0.222,3.61,4,0.739842451899,0.104940935145,0.772105324735,0
0.223,3.61,4,0.739817798105,0.105049216429,0.772062860342,0
0.224,3.61,4,0.739795849022,0.10516025277,0.77202720029,0
0.225,3.61,4,0.739776641487,0.105274081602,0.771998449619,0
0.226,3.61,4,0.739760212339,0.105390740356,0.771976713368,0
0.227,3.61,4,0.739746598413,0.105510266467,0.771962096577,0
0.228,3.61,4,0.739735836547,0.105632697368,0.771954704284,0
0.21,3.62,4,0.740502611802,0.103532764912,0.773119419046,0
0.211,3.62,4,0.740448641696,0.103610914593,0.77300486377,0
0.212,3.62,4,0.740396937976,0.103691369185,0.772895865703,0
0.213,3.62,4,0.740347537481,0.10377416612,0.772792529885,0
0.214,3.62,4,0.740300477047,0.103859342831,0.772694961355,0
0.215,3.62,4,0.740255793511,0.103946936752,0.772603265152,0
0.216,3.62,4,0.740213523711,0.104036985316,0.772517546316,0
0.217,3.62,4,0.740173704484,0.104129525956,0.772437909885,0
0.218,3.62,4,0.740136372667,0.104224596105,0.7723644609,0
0.219,3.62,4,0.740101565098,0.104322233197,0.772297304398,0
0.22,3.62,4,0.740069318613,0.104422474664,0.77223654542,0
0.221,3.62,4,0.740039670049,0.10452535794,0.772182289004,0
0.222,3.62,4,0.740012656245,0.104630920459,0.772134640189,0
0.223,3.62,4,0.739988314036,0.104739199652,0.772093704016,0
0.224,3.62,4,0.739966680261,0.104850232954,0.772059585522,0
0.225,3.62,4,0.739947791756,0.104964057798,0.772032389748,0
0.226,3.62,4,0.739931685359,0.105080711616,0.772012221733,0
0.227,3.62,4,0.739918397907,0.105200231843,0.771999186514,0
0.228,3.62,4,0.739907966237,0.10532265591,0.771993389133,0
0.21,3.63,4,0.740668452736,0.103225670788,0.773137405355,0
0.211,3.63,4,0.740614744704,0.103303829287,0.773024189265,0
0.212,3.63,4,0.740563306781,0.103384291747,0.772916543724,0
0.213,3.63,4,0.740514175805,0.103467095602,0.77281457377,0
0.214,3.63,4,0.740467388612,0.103552278285,0.772718384442,0
0.215,3.63,4,0.740422982039,0.10363987723,0.77262808078,0
0.216,3.63,4,0.740380992924,0.103729929868,0.772543767822,0
0.217,3.63,4,0.740341458104,0.103822473635,0.772465550609,0
0.218,3.63,4,0.740304414417,0.103917545962,0.772393534179,0
0.219,3.63,4,0.740269898698,0.104015184283,0.772327823571,0
0.22,3.63,4,0.740237947787,0.104115426031,0.772268523825,0
0.221,3.63,4,0.740208598519,0.10421830864,0.77221573998,0
0.222,3.63,4,0.740181887731,0.104323869542,0.772169577075,0
0.223,3.63,4,0.740157852263,0.104432146172,0.772130140149,0
0.224,3.63,4,0.740136528949,0.104543175961,0.772097534241,0
0.225,3.63,4,0.740117954628,0.104656996343,0.772071864391,0
0.226,3.63,4,0.740102166137,0.104773644752,0.772053235638,0
0.227,3.63,4,0.740089200313,0.10489315862,0.772041753021,0
0.21,3.64,4,0.740833290569,0.102921510423,0.77316114139,0
0.211,3.64,4,0.740779839766,0.102999677265,0.773049235515,0
0.212,3.64,4,0.740728662794,0.103080147121,0.772942913527,0
0.213,3.64,4,0.74067979649,0.103162957422,0.772842280464,0
0.214,3.64,4,0.740633277692,0.103248145604,0.772747441365,0
0.215,3.64,4,0.740589143236,0.103335749098,0.772658501271,0
0.216,3.64,4,0.74054742996,0.103425805338,0.77257556522,0
0.217,3.64,4,0.740508174701,0.103518351757,0.772498738252,0
0.218,3.64,4,0.740471414297,0.103613425789,0.772428125405,0
0.219,3.64,4,0.740437185583,0.103711064866,0.772363831718,0
0.22,3.64,4,0.740405525399,0.103811306422,0.772305962232,0
0.221,3.64,4,0.74037647058,0.103914187889,0.772254621985,0
0.222,3.64,4,0.740350057964,0.104019746702,0.772209916016,0
0.223,3.64,4,0.740326324389,0.104128020294,0.772171949365,0
0.224,3.64,4,0.740305306691,0.104239046097,0.772140827071,0
0.225,3.64,4,0.740287041707,0.104352861544,0.772116654173,0
0.226,3.64,4,0.740271566276,0.10446950407,0.77209953571,0
0.227,3.64,4,0.740258917233,0.104589011107,0.772089576721,0
0.21,3.65,4,0.740997036906,0.102620248123,0.773190407777,0
0.211,3.65,4,0.740943838485,0.102698422835,0.773079783144,0
0.212,3.65,4,0.740892917618,0.102778899612,0.772974755736,0
0.213,3.65,4,0.740844311141,0.102861715887,0.772875430591,0
0.214,3.65,4,0.740798055891,0.102946909093,0.77278191275,0
0.215,3.65,4,0.740754188706,0.103034516663,0.772694307252,0
0.216,3.65,4,0.740712746423,0.103124576031,0.772612719134,0
0.217,3.65,4,0.740673765879,0.103217124629,0.772537253438,0
0.218,3.65,4,0.740637283912,0.103312199892,0.772468015202,0
0.219,3.65,4,0.740603337358,0.103409839251,0.772405109464,0
0.22,3.65,4,0.740571963054,0.103510080141,0.772348641265,0
0.221,3.65,4,0.740543197839,0.103612959995,0.772298715644,0
0.222,3.65,4,0.740517078548,0.103718516245,0.772255437639,0
0.223,3.65,4,0.74049364202,0.103826786325,0.772218912291,0
0.224,3.65,4,0.740472925091,0.103937807668,0.772189244637,0
0.225,3.65,4,0.740454964599,0.104051617707,0.772166539718,0
0.226,3.65,4,0.740439797381,0.104168253876,0.772150902573,0
0.212,3.66,4,0.741055982859,0.102480513526,0.773011850976,0
0.213,3.66,4,0.741007631363,0.102563335301,0.772913804778,0
0.214,3.66,4,0.740961634816,0.102648533058,0.772821579222,0
0.215,3.66,4,0.740918030055,0.102736144231,0.772735279346,0
0.216,3.66,4,0.740876853919,0.102826206253,0.77265501019,0
0.217,3.66,4,0.740838143244,0.102918756557,0.772580876794,0
0.218,3.66,4,0.740801934867,0.103013832577,0.772512984195,0
0.219,3.66,4,0.740768265626,0.103111471746,0.772451437434,0
0.22,3.66,4,0.740737172358,0.103211711496,0.77239634155,0
0.221,3.66,4,0.740708691899,0.103314589261,0.772347801582,0
0.222,3.66,4,0.740682861088,0.103420142475,0.772305922569,0
0.223,3.66,4,0.740659716761,0.10352840857,0.77227080955,0
0.224,3.66,4,0.740639295755,0.10363942498,0.772242567565,0
0.225,3.66,4,0.740621634909,0.103753229137,0.772221301653,0
0.226,3.66,4,0.740606771058,0.103869858476,0.772207116852,0
0.215,3.67,4,0.741080578888,0.102440596108,0.77278119818,0
0.216,3.67,4,0.741039664052,0.102530660311,0.772702219013,0
0.217,3.67,4,0.7410012184,0.102623211847,0.772629388944,0
0.218,3.67,4,0.740965278768,0.102718288151,0.772562813011,0
0.219,3.67,4,0.740931881993,0.102815926655,0.772502596254,0
0.22,3.67,4,0.740901064914,0.102916164792,0.772448843712,0
0.221,3.67,4,0.740872864366,0.103019039996,0.772401660425,0
0.222,3.67,4,0.740847317188,0.103124589699,0.772361151431,0
0.223,3.67,4,0.740824460216,0.103232851336,0.77232742177,0
0.224,3.67,4,0.740804330287,0.103343862339,0.77230057648,0
0.225,3.67,4,0.74078696424,0.103457660141,0.772280720602,0
0.226,3.67,4,0.74077239891,0.103574282176,0.772267959174,0
0.22,3.68,4,0.741063552327,0.102623404335,0.772505928376,0
0.221,3.68,4,0.741035626844,0.102726276504,0.772460072797,0
0.222,3.68,4,0.741010358453,0.102831822224,0.772420904849,0
0.223,3.68,4,0.74098778399,0.102940078929,0.772388529573,0
0.224,3.68,4,0.740967940292,0.103051084051,0.772363052007,0
0.225,3.68,4,0.740950864198,0.103164875025,0.77234457719,0
0.145,4.5,4,0.748570702971,0.0817814189456,0.789039797619,0
0.146,4.5,4,0.748431654906,0.0817944320532,0.788719979033,0
0.147,4.5,4,0.748292806352,0.0818072334492,0.788400063885,0
0.148,4.5,4,0.748154194146,0.0818198605667,0.788080157214,0
0.149,4.5,4,0.748015855125,0.0818323508391,0.78776036406,0
0.15,4.5,4,0.747877826126,0.0818447416994,0.787440789462,0
0.151,4.5,4,0.747740143987,0.081857070581,0.787121538459,0
0.152,4.5,4,0.747602845544,0.0818693749169,0.78680271609,0
0.153,4.5,4,0.747465967635,0.0818816921403,0.786484427395,0
0.154,4.5,4,0.747329547098,0.0818940596846,0.786166777413,0
0.155,4.5,4,0.747193620768,0.0819065149829,0.785849871182,0
0.156,4.5,4,0.747058225484,0.0819190954683,0.785533813742,0
0.157,4.5,4,0.746923398083,0.0819318385741,0.785218710133,0
0.158,4.5,4,0.746789175401,0.0819447817335,0.784904665393,0
0.159,4.5,4,0.746655594276,0.0819579623797,0.784591784562,0
0.16,4.5,4,0.746522691546,0.0819714179458,0.784280172679,0
0.161,4.5,4,0.746390504047,0.0819851858652,0.783969934783,0
0.162,4.5,4,0.746259068617,0.0819993035709,0.783661175913,0
0.163,4.5,4,0.746128422093,0.0820138084962,0.783354001109,0
0.164,4.5,4,0.745998601312,0.0820287380743,0.783048515409,0
0.165,4.5,4,0.745869643111,0.0820441297383,0.782744823853,0
0.166,4.5,4,0.745741584327,0.0820600209216,0.782443031481,0
0.167,4.5,4,0.745614461798,0.0820764490572,0.78214324333,0
0.168,4.5,4,0.745488312361,0.0820934515784,0.781845564442,0
0.169,4.5,4,0.745363172853,0.0821110659184,0.781550099853,0
0.17,4.5,4,0.745239080112,0.0821293295104,0.781256954605,0
0.171,4.5,4,0.745116070973,0.0821482797875,0.780966233736,0
0.172,4.5,4,0.744994182276,0.0821679541831,0.780678042285,0
0.173,4.5,4,0.744873450856,0.0821883901302,0.780392485292,0
0.174,4.5,4,0.744753913551,0.0822096250621,0.780109667795,0
0.175,4.5,4,0.744635607199,0.082231696412,0.779829694834,0
0.176,4.5,4,0.744518568636,0.0822546416131,0.779552671448,0
0.177,4.5,4,0.7444028347,0.0822784980985,0.779278702677,0
0.178,4.5,4,0.744288442227,0.0823033033015,0.779007893559,0
0.179,4.5,4,0.744175428056,0.0823290946553,0.778740349134,0
0.18,4.5,4,0.744063829023,0.0823559095931,0.77847617444,0
0.181,4.5,4,0.743953681965,0.0823837855481,0.778215474518,0
0.182,4.5,4,0.74384502372,0.0824127599535,0.777958354406,0
0.183,4.5,4,0.743737891125,0.0824428702424,0.777704919144,0
0.184,4.5,4,0.743632321017,0.0824741538481,0.77745527377,0
0.185,4.5,4,0.743528350233,0.0825066482038,0.777209523324,0
0.186,4.5,4,0.74342601561,0.0825403907427,0.776967772845,0
0.187,4.5,4,0.743325353986,0.082575418898,0.776730127373,0
0.188,4.5,4,0.743226402199,0.0826117701028,0.776496691946,0
0.189,4.5,4,0.743129197084,0.0826494817905,0.776267571603,0
0.19,4.5,4,0.743033775479,0.0826885913941,0.776042871385,0
0.191,4.5,4,0.742940174222,0.0827291363469,0.775822696329,0
0.192,4.5,4,0.742848430149,0.082771154082,0.775607151476,0
0.193,4.5,4,0.742758580099,0.0828146820328,0.775396341865,0
0.194,4.5,4,0.742670660907,0.0828597576323,0.775190372534,0
0.195,4.5,4,0.742584709412,0.0829064183138,0.774989348523,0
0.196,4.5,4,0.74250076245,0.0829547015105,0.774793374871,4.23168836532e-05
0.197,4.5,4,0.742418856859,0.0830046446556,0.774602556617,0.000166967885831
0.198,4.5,4,0.742339029475,0.0830562851823,0.774416998801,0.000313867727241
0.199,4.5,4,0.742261317137,0.0831096605237,0.774236806462,0.000485694321955
0.2,4.5,4,0.742185756681,0.0831648081132,0.774062084638,0.000685842937866
0.201,4.5,4,0.742112384944,0.0832217653838,0.77389293837,0.000919441792347
0.202,4.5,4,0.742041238764,0.0832805697688,0.773729472696,0.0011913476062
0.203,4.5,4,0.741972354978,0.0833412587014,0.773571792655,0.00150861578816
0.204,4.5,4,0.741905770423,0.0834038696147,0.773420003287,0.00187840655532
0.205,4.5,4,0.741841521936,0.083468439942,0.773274209631,0.00231047883276
0.206,4.5,4,0.741779646355,0.0835350071166,0.773134516726,0.00281572107672
0.207,4.5,4,0.741720180516,0.0836036085715,0.773001029611,0.00340776299888
0.208,4.5,4,0.741663161258,0.08367428174,0.772873853326,0.00405960405674
0.209,4.5,4,0.741608625416,0.0837470640552,0.772753092909,0.00459307345617
0.21,4.5,4,0.741556609828,0.0838219929505,0.772638853401,0.00518400071595
0.211,4.5,4,0.741507151332,0.0838991058589,0.772531239839,0.00587777840269
0.212,4.5,4,0.741460286765,0.0839784402137,0.772430357264,0.00669971047857
0.213,4.5,4,0.741416052963,0.0840600334481,0.772336310714,0.00767881654967
0.214,4.5,4,0.741374486765,0.0841439229953,0.772249205229,0.00885701657963
0.215,4.5,4,0.741335625006,0.0842301462884,0.772169145848,0.0102865107894
0.216,4.5,4,0.741299504526,0.0843187407608,0.77209623761,0.0120379900481
0.217,4.5,4,0.741266162159,0.0844097438455,0.772030585554,0.0142113543997
0.218,4.5,4,0.741235634745,0.0845031929758,0.77197229472,0.0169376943894
0.219,4.5,4,0.74120795912,0.0845991255849,0.771921470146,0.0204129456169
0.22,4.5,4,0.741183172121,0.0846975791059,0.771878216872,0.0249087479881
0.221,4.5,4,0.741161310585,0.0847985909722,0.771842639938,0.0308415598159
0.222,4.5,4,0.741142411351,0.0849021986168,0.771814844381,0.0388358212551
0.223,4.5,4,0.741126511254,0.085008439473,0.771794935243,0.0498781098411
0.224,4.5,4,0.741113647132,0.085117350974,0.77178301756,0.0523178458824
0.225,4.5,4,0.741103855822,0.085228970553,0.771779196374,0.011060078786
0.226,4.5,4,0.741097174162,0.0853433356431,0.771783576723,0
0.227,4.5,4,0.741093638988,0.0854604836777,0.771796263646,0
0.228,4.5,4,0.741093287138,0.0855804520898,0.771817362183,0
0.237,3,5,0.729977016539,0.140163278143,0.792190752292,0
0.238,3,5,0.729967622886,0.140376168938,0.792105809792,0
0.239,3,5,0.729961387203,0.140592704846,0.792028285302,0
0.24,3,5,0.729958346328,0.1408129233,0.791958283863,0
0.241,3,5,0.729958537099,0.141036861733,0.791895910511,0
0.242,3,5,0.729961996352,0.141264557579,0.791841270288,0
0.243,3,5,0.729968760925,0.141496048271,0.791794468232,0
0.244,3,5,0.729978867655,0.141731371242,0.791755609383,0
0.236,3.01,5,0.730009843668,0.139392252088,0.79160027145,0
0.237,3.01,5,0.72999782838,0.139601540213,0.791511441901,0
0.238,3.01,5,0.729988937948,0.13981443507,0.791429938662,0
0.239,3.01,5,0.729983209209,0.140030974091,0.791355866771,0
0.24,3.01,5,0.729980679001,0.14025119471,0.791289331269,0
0.241,3.01,5,0.72998138416,0.140475134359,0.791230437193,0
0.242,3.01,5,0.729985361523,0.140702830473,0.791179289584,0
0.243,3.01,5,0.729992647928,0.140934320484,0.791135993481,0
0.244,3.01,5,0.730003280213,0.141169641825,0.791100653922,0
0.235,3.02,5,0.730049428639,0.138629930704,0.791029057474,0
0.236,3.02,5,0.730034816264,0.138835655016,0.790936390266,0
0.237,3.02,5,0.73002329563,0.139044947678,0.790850957667,0
0.238,3.02,5,0.730014903574,0.139257846122,0.790772864715,0
0.239,3.02,5,0.730009676933,0.139474387783,0.790702216451,0
0.24,3.02,5,0.730007652544,0.139694610092,0.790639117913,0
0.241,3.02,5,0.730008867245,0.139918550484,0.790583674141,0
0.242,3.02,5,0.730013357873,0.140146246392,0.790535990174,0
0.243,3.02,5,0.730021161264,0.140377735248,0.79049617105,0
0.244,3.02,5,0.730032314257,0.140613054487,0.79046432181,0
0.234,3.03,5,0.730095671924,0.137876239439,0.790476912882,0
0.235,3.03,5,0.730078487009,0.138078438794,0.790380457405,0
0.236,3.03,5,0.73006436072,0.138284168117,0.790291144836,0
0.237,3.03,5,0.730053329894,0.138493464842,0.790209080214,0
0.238,3.03,5,0.730045431367,0.138706366401,0.790134368578,0
0.239,3.03,5,0.730040701978,0.138922910227,0.790067114968,0
0.24,3.03,5,0.730039178563,0.139143133754,0.790007424422,0
0.241,3.03,5,0.73004089796,0.139367074415,0.789955401981,0
0.242,3.03,5,0.730045897005,0.139594769643,0.789911152682,0
0.243,3.03,5,0.730054212537,0.139826256872,0.789874781566,0
0.244,3.03,5,0.730065881391,0.140061573534,0.789846393671,0
0.233,3.04,5,0.730148473996,0.13713110374,0.789943640193,0
0.234,3.04,5,0.730128741088,0.137329816995,0.789843445837,0
0.235,3.04,5,0.730112033691,0.137532021837,0.789750302687,0
0.236,3.04,5,0.730098388641,0.137737755698,0.789664315785,0
0.237,3.04,5,0.730087842776,0.137947056011,0.789585590167,0
0.238,3.04,5,0.730080432933,0.138159960211,0.789514230875,0
0.239,3.04,5,0.73007619595,0.13837650573,0.789450342946,0
0.24,3.04,5,0.730075168663,0.138596730001,0.78939403142,0
0.241,3.04,5,0.730077387909,0.138820670457,0.789345401337,0
0.242,3.04,5,0.730082890526,0.139048364533,0.789304557735,0
0.243,3.04,5,0.730091713352,0.13927984966,0.789271605654,0
0.244,3.04,5,0.730103893222,0.139515163272,0.789246650132,0
0.232,3.05,5,0.730207735326,0.136394449056,0.789429041925,0
0.233,3.05,5,0.730185478973,0.136589715068,0.78932515808,0
0.234,3.05,5,0.730166215014,0.136788434284,0.789228233741,0
0.235,3.05,5,0.730149980288,0.136990644138,0.789138373947,0
0.236,3.05,5,0.730136811631,0.137196382063,0.789055683738,0
0.237,3.05,5,0.730126745882,0.137405685493,0.788980268153,0
0.238,3.05,5,0.730119819877,0.13761859186,0.788912232231,0
0.239,3.05,5,0.730116070452,0.137835138597,0.788851681011,0
0.24,3.05,5,0.730115534447,0.138055363139,0.788798719533,0
0.241,3.05,5,0.730118248697,0.138279302917,0.788753452835,0
0.242,3.05,5,0.73012425004,0.138506995366,0.788715985957,0
0.243,3.05,5,0.730133575313,0.138738477918,0.788686423938,0
0.244,3.05,5,0.730146261353,0.138973788007,0.788664871818,0
0.232,3.06,5,0.730248601135,0.13585805846,0.788825396653,0
0.233,3.06,5,0.730226805162,0.136053330908,0.788724740514,0
0.234,3.06,5,0.730208005307,0.136252055611,0.788631057219,0
0.235,3.06,5,0.730192238406,0.136454270005,0.788544451809,0
0.236,3.06,5,0.730179541296,0.13666001152,0.788465029321,0
0.237,3.06,5,0.730169950816,0.136869317592,0.788392894795,0
0.238,3.06,5,0.730163503802,0.137082225653,0.788328153271,0
0.239,3.06,5,0.730160237091,0.137298773136,0.788270909788,0
0.24,3.06,5,0.730160187521,0.137518997474,0.788221269385,0
0.241,3.06,5,0.730163391929,0.137742936101,0.7881793371,0
0.242,3.06,5,0.730169887151,0.137970626449,0.788145217974,0
0.243,3.06,5,0.730179710026,0.138202105953,0.788119017045,0
0.244,3.06,5,0.73019289739,0.138437412045,0.788100839353,0
0.231,3.07,5,0.730318008048,0.135134772619,0.788343964075,0
0.232,3.07,5,0.730293704607,0.135326637155,0.788239625526,0
0.233,3.07,5,0.730272364169,0.135521915565,0.78814216812,0
0.234,3.07,5,0.730254023571,0.135720645283,0.788051696898,0
0.235,3.07,5,0.730238719649,0.135922863742,0.787968316898,0
0.236,3.07,5,0.730226489241,0.136128608374,0.787892133159,0
0.237,3.07,5,0.730217369183,0.136337916615,0.78782325072,0
0.238,3.07,5,0.730211396314,0.136550825896,0.787761774622,0
0.239,3.07,5,0.730208607471,0.13676737365,0.787707809903,0
0.24,3.07,5,0.73020903949,0.136987597312,0.787661461601,0
0.241,3.07,5,0.730212729209,0.137211534314,0.787622834758,0
0.242,3.07,5,0.730219713465,0.137439222089,0.78759203441,0
0.243,3.07,5,0.730230029095,0.137670698071,0.787569165599,0
0.244,3.07,5,0.730243712937,0.137905999692,0.787554333363,0
0.245,3.07,5,0.730260801827,0.138145164386,0.78754764274,0
0.23,3.08,5,0.730393600182,0.134419782994,0.787880662864,0
0.231,3.08,5,0.730366813822,0.134608278474,0.787772691295,0
0.232,3.08,5,0.730342957348,0.134800149447,0.787671509168,0
0.233,3.08,5,0.730322067599,0.134995433346,0.787577221524,0
0.234,3.08,5,0.730304181411,0.135194167604,0.787489933401,0
0.235,3.08,5,0.730289335622,0.135396389655,0.787409749839,0
0.236,3.08,5,0.730277567069,0.135602136932,0.787336775876,0
0.237,3.08,5,0.730268912588,0.135811446867,0.787271116553,0
0.238,3.08,5,0.730263409019,0.136024356895,0.787212876907,0
0.239,3.08,5,0.730261093196,0.136240904448,0.78716216198,0
0.24,3.08,5,0.730262001959,0.136461126959,0.787119076808,0
0.241,3.08,5,0.730266172143,0.136685061862,0.787083726432,0
0.242,3.08,5,0.730273640586,0.13691274659,0.787056215892,0
0.243,3.08,5,0.730284444126,0.137144218576,0.787036650225,0
0.244,3.08,5,0.730298619599,0.137379515254,0.787025134472,0
0.245,3.08,5,0.730316203842,0.137618674056,0.787021773672,0
0.229,3.09,5,0.730475278012,0.133713015032,0.78743529554,0
0.23,3.09,5,0.730446033278,0.133898180313,0.78732374034,0
0.231,3.09,5,0.730419685315,0.134086682706,0.787218882883,0
0.232,3.09,5,0.730396270962,0.134278559643,0.787120828206,0
0.233,3.09,5,0.730375827056,0.134473848557,0.787029681351,0
0.234,3.09,5,0.730358390432,0.134672586882,0.786945547355,0
0.235,3.09,5,0.73034399793,0.134874812052,0.786868531258,0
0.236,3.09,5,0.730332686386,0.135080561498,0.786798738099,0
0.237,3.09,5,0.730324492636,0.135289872656,0.786736272918,0
0.238,3.09,5,0.730319453519,0.135502782956,0.786681240753,0
0.239,3.09,5,0.730317605872,0.135719329834,0.786633746644,0
0.24,3.09,5,0.730318986531,0.135939550722,0.78659389563,0
0.241,3.09,5,0.730323632335,0.136163483052,0.78656179275,0
0.242,3.09,5,0.730331580119,0.13639116426,0.786537543044,0
0.243,3.09,5,0.730342866722,0.136622631777,0.78652125155,0
0.244,3.09,5,0.73035752898,0.136857923037,0.786513023307,0
0.245,3.09,5,0.730375603731,0.137097075473,0.786512963356,0
0.229,3.1,5,0.730531263447,0.133196268121,0.78689257518,0
0.23,3.1,5,0.730502448543,0.133381440789,0.786784091781,0
0.231,3.1,5,0.730476534133,0.13356994962,0.786682319463,0
0.232,3.1,5,0.730453557055,0.133761832048,0.786587363265,0
0.233,3.1,5,0.730433554144,0.133957125504,0.786499328225,0
0.234,3.1,5,0.73041656224,0.134155867423,0.786418319384,0
0.235,3.1,5,0.730402618178,0.134358095237,0.78634444178,0
0.236,3.1,5,0.730391758796,0.13456384638,0.786277800453,0
0.237,3.1,5,0.730384020932,0.134773158285,0.786218500441,0
0.238,3.1,5,0.730379441421,0.134986068386,0.786166646784,0
0.239,3.1,5,0.730378057103,0.135202614115,0.786122344522,0
0.24,3.1,5,0.730379904813,0.135422832905,0.786085698693,0
0.241,3.1,5,0.730385021389,0.13564676219,0.786056814336,0
0.242,3.1,5,0.730393443669,0.135874439403,0.786035796491,0
0.243,3.1,5,0.730405208489,0.136105901978,0.786022750197,0
0.244,3.1,5,0.730420352686,0.136341187347,0.786017780493,0
0.228,3.11,5,0.730622404802,0.132502467345,0.786478998332,0
0.229,3.11,5,0.730591147504,0.132684349145,0.786366938383,0
0.23,3.11,5,0.730562757584,0.132869528727,0.786261497813,0
0.231,3.11,5,0.73053727188,0.133058043524,0.786162781662,0
0.232,3.11,5,0.73051472723,0.133249930968,0.786070894969,0
0.233,3.11,5,0.73049516047,0.133445228493,0.785985942773,0
0.234,3.11,5,0.730478608438,0.133643973531,0.785908030114,0
0.235,3.11,5,0.73046510797,0.133846203517,0.78583726203,0
0.236,3.11,5,0.730454695905,0.134051955883,0.785773743562,0
0.237,3.11,5,0.730447409079,0.134261268063,0.785717579747,0
0.238,3.11,5,0.73044328433,0.134474177489,0.785668875626,0
0.239,3.11,5,0.730442358494,0.134690721596,0.785627736237,0
0.24,3.11,5,0.730444668409,0.134910937816,0.785594266621,0
0.241,3.11,5,0.730450250912,0.135134863582,0.785568571814,0
0.242,3.11,5,0.73045914284,0.135362536327,0.785550756858,0
0.243,3.11,5,0.730471381031,0.135593993485,0.785540926792,0
0.244,3.11,5,0.730487002322,0.13582927249,0.785539186654,0
0.227,3.12,5,0.730719357815,0.131816703432,0.786082812317,0
0.228,3.12,5,0.730685682669,0.131995333222,0.785967225206,0
0.229,3.12,5,0.730654841786,0.132177222412,0.785858165774,0
0.23,3.12,5,0.730626872004,0.132362408434,0.78575573906,0
0.231,3.12,5,0.730601810161,0.132550928722,0.785660050104,0
0.232,3.12,5,0.730579693093,0.132742820709,0.785571203943,0
0.233,3.12,5,0.730560557637,0.132938121829,0.785489305619,0
0.234,3.12,5,0.730544440631,0.133136869514,0.785414460169,0
0.235,3.12,5,0.730531378912,0.133339101198,0.785346772634,0
0.236,3.12,5,0.730521409317,0.133544854313,0.785286348052,0
0.237,3.12,5,0.730514568684,0.133754166294,0.785233291462,0
0.238,3.12,5,0.730510893849,0.133967074573,0.785187707904,0
0.239,3.12,5,0.73051042165,0.134183616584,0.785149702416,0
0.24,3.12,5,0.730513188923,0.134403829759,0.785119380039,0
0.241,3.12,5,0.730519232507,0.134627751532,0.785096845811,0
0.242,3.12,5,0.730528589238,0.134855419337,0.785082204772,0
0.243,3.12,5,0.730541295954,0.135086870605,0.78507556196,0
0.227,3.13,5,0.730785954511,0.131314318468,0.78558475477,0
0.228,3.13,5,0.730752687212,0.131492956122,0.785472125866,0
0.229,3.13,5,0.7307222579,0.131674852226,0.785366037979,0
0.23,3.13,5,0.73069470341,0.131860044215,0.785266596149,0
0.231,3.13,5,0.73067006058,0.132048569521,0.785173905414,0
0.232,3.13,5,0.730648366248,0.132240465578,0.785088070814,0
0.233,3.13,5,0.73062965725,0.132435769819,0.785009197389,0
0.234,3.13,5,0.730613970425,0.132634519677,0.784937390176,0
0.235,3.13,5,0.730601342608,0.132836752585,0.784872754216,0
0.236,3.13,5,0.730591810637,0.133042505977,0.784815394547,0
0.237,3.13,5,0.73058541135,0.133251817285,0.78476541621,0
0.238,3.13,5,0.730582181584,0.133464723943,0.784722924242,0
0.239,3.13,5,0.730582158175,0.133681263385,0.784688023684,0
0.24,3.13,5,0.730585377961,0.133901473042,0.784660819574,0
0.241,3.13,5,0.73059187778,0.134125390349,0.784641416952,0
0.242,3.13,5,0.730601694468,0.134353052738,0.784629920856,0
0.243,3.13,5,0.730614864862,0.134584497644,0.784626436327,0
0.226,3.14,5,0.730891863503,0.130641230331,0.785219329592,0
0.227,3.14,5,0.730856194335,0.130816655305,0.785103180606,0
0.228,3.14,5,0.730823330038,0.130995300348,0.784993480937,0
0.229,3.14,5,0.730793307449,0.131177202895,0.784890335623,0
0.23,3.14,5,0.730766163405,0.131362400377,0.784793849703,0
0.231,3.14,5,0.730741934743,0.131550930228,0.784704128218,0
0.232,3.14,5,0.730720658301,0.131742829881,0.784621276206,0
0.233,3.14,5,0.730702370915,0.131938136769,0.784545398707,0
0.234,3.14,5,0.730687109423,0.132136888327,0.784476600759,0
0.235,3.14,5,0.730674910663,0.132339121986,0.784414987402,0
0.236,3.14,5,0.73066581147,0.13254487518,0.784360663675,0
0.237,3.14,5,0.730659848683,0.132754185342,0.784313734617,0
0.238,3.14,5,0.730657059139,0.132967089906,0.784274305267,0
0.239,3.14,5,0.730657479675,0.133183626304,0.784242480665,0
0.24,3.14,5,0.730661147128,0.13340383197,0.78421836585,0
0.241,3.14,5,0.730668098335,0.133627744337,0.784202065861,0
0.242,3.14,5,0.730678370133,0.133855400838,0.784193685737,0
0.243,3.14,5,0.73069199936,0.134086838907,0.784193330518,0
0.226,3.15,5,0.730965263626,0.130148245409,0.784751132514,0
0.227,3.15,5,0.730929988891,0.130323678249,0.784637870452,0
0.228,3.15,5,0.73089752275,0.130502330209,0.784531071044,0
0.229,3.15,5,0.730867902038,0.130684238723,0.78443083933,0
0.23,3.15,5,0.730841163594,0.130869441224,0.78433728035,0
0.231,3.15,5,0.730817344254,0.131057975147,0.784250499141,0
0.232,3.15,5,0.730796480855,0.131249877922,0.784170600745,0
0.233,3.15,5,0.730778610236,0.131445186985,0.784097690199,0
0.234,3.15,5,0.730763769232,0.131643939768,0.784031872543,0
0.235,3.15,5,0.730751994681,0.131846173705,0.783973252816,0
0.236,3.15,5,0.730743323421,0.132051926228,0.783921936058,0
0.237,3.15,5,0.730737792288,0.13226123477,0.783878027307,0
0.238,3.15,5,0.73073543812,0.132474136766,0.783841631603,0
0.239,3.15,5,0.730736297754,0.132690669648,0.783812853985,0
0.24,3.15,5,0.730740408027,0.132910870849,0.783791799493,0
0.241,3.15,5,0.730747805776,0.133134777802,0.783778573164,0
0.242,3.15,5,0.730758527839,0.133362427942,0.783773280039,0
0.225,3.16,5,0.731079795557,0.129487651884,0.784415784109,0
0.226,3.16,5,0.731042134933,0.129659911375,0.784299009043,0
0.227,3.16,5,0.731007249786,0.129835351605,0.784188604932,0
0.228,3.16,5,0.730975176953,0.130014010008,0.784084676813,0
0.229,3.16,5,0.730945953273,0.130195924017,0.783987329727,0
0.23,3.16,5,0.730919615582,0.130381131065,0.783896668712,0
0.231,3.16,5,0.730896200718,0.130569668584,0.783812798809,0
0.232,3.16,5,0.730875745517,0.13076157401,0.783735825055,0
0.233,3.16,5,0.730858286817,0.130956884773,0.78366585249,0
0.234,3.16,5,0.730843861455,0.131155638308,0.783602986154,0
0.235,3.16,5,0.730832506268,0.131357872048,0.783547331085,0
0.236,3.16,5,0.730824258094,0.131563623427,0.783498992323,0
0.237,3.16,5,0.730819153769,0.131772929876,0.783458074907,0
0.238,3.16,5,0.730817230131,0.13198582883,0.783424683876,0
0.239,3.16,5,0.730818524017,0.132202357722,0.78339892427,0
0.24,3.16,5,0.730823072264,0.132422553985,0.783380901127,0
0.241,3.16,5,0.73083091171,0.132646455052,0.783370719486,0
0.242,3.16,5,0.730842079191,0.132874098356,0.783368484388,0
0.224,3.17,5,0.731199690601,0.128834800175,0.784096937908,0
0.225,3.17,5,0.731159668633,0.129003925175,0.783976699229,0
0.226,3.17,5,0.731122389028,0.129176192533,0.783862739804,0
0.227,3.17,5,0.731087888622,0.129351639681,0.783755164671,0
0.228,3.17,5,0.731056204253,0.129530304054,0.783654078869,0
0.229,3.17,5,0.731027372758,0.129712223083,0.783559587438,0
0.23,3.17,5,0.731001430975,0.129897434203,0.783471795417,0
0.231,3.17,5,0.73097841574,0.130085974847,0.783390807845,0
0.232,3.17,5,0.730958363891,0.130277882448,0.783316729762,0
0.233,3.17,5,0.730941312264,0.130473194439,0.783249666206,0
0.234,3.17,5,0.730927297698,0.130671948253,0.783189722216,0
0.235,3.17,5,0.730916357029,0.130874181323,0.783137002833,0
0.236,3.17,5,0.730908527094,0.131079931083,0.783091613095,0
0.237,3.17,5,0.730903844731,0.131289234966,0.783053658041,0
0.238,3.17,5,0.730902346777,0.131502130405,0.783023242711,0
0.239,3.17,5,0.730904070069,0.131718654833,0.783000472143,0
0.24,3.17,5,0.730909051444,0.131938845684,0.782985451377,0
0.241,3.17,5,0.73091732774,0.13216274039,0.782978285453,0
0.224,3.18,5,0.731282490466,0.128355645098,0.783670743528,0
0.225,3.18,5,0.731242840949,0.128524778439,0.783553278179,0
0.226,3.18,5,0.731205937516,0.128697053189,0.783442105421,0
0.227,3.18,5,0.731171817006,0.128872506782,0.783337330294,0
0.228,3.18,5,0.731140516254,0.12905117665,0.783239057837,0
0.229,3.18,5,0.731112072098,0.129233100227,0.783147393089,0
0.23,3.18,5,0.731086521376,0.129418314947,0.783062441089,0
0.231,3.18,5,0.731063900924,0.129606858241,0.782984306876,0
0.232,3.18,5,0.73104424758,0.129798767544,0.782913095491,0
0.233,3.18,5,0.731027598181,0.129994080288,0.782848911971,0
0.234,3.18,5,0.731013989565,0.130192833907,0.782791861356,0
0.235,3.18,5,0.731003458567,0.130395065834,0.782742048686,0
0.236,3.18,5,0.730996042026,0.130600813503,0.782699578999,0
0.237,3.18,5,0.730991776779,0.130810114345,0.782664557335,0
0.238,3.18,5,0.730990699662,0.131023005796,0.782637088732,0
0.239,3.18,5,0.730992847514,0.131239525287,0.782617278231,0
0.24,3.18,5,0.730998257172,0.131459710252,0.78260523087,0
0.241,3.18,5,0.731006965471,0.131683598125,0.782601051689,0
0.224,3.19,5,0.73136850602,0.127881034772,0.783260022576,0
0.225,3.19,5,0.731329224108,0.12805017598,0.783145301584,0
0.226,3.19,5,0.731292692003,0.12822245765,0.783036886521,0
0.227,3.19,5,0.731258946541,0.128397917214,0.782934882427,0
0.228,3.19,5,0.73122802456,0.128576592104,0.782839394342,0
0.229,3.19,5,0.731199962898,0.128758519755,0.782750527304,0
0.23,3.19,5,0.731174798391,0.1289437376,0.782668386353,0
0.231,3.19,5,0.731152567876,0.129132283071,0.782593076527,0
0.232,3.19,5,0.731133308192,0.129324193603,0.782524702867,0
0.233,3.19,5,0.731117056174,0.129519506627,0.782463370411,0
0.234,3.19,5,0.73110384866,0.129718259578,0.782409184198,0
0.235,3.19,5,0.731093722488,0.129920489888,0.782362249268,0
0.236,3.19,5,0.731086714495,0.130126234992,0.78232267066,0
0.237,3.19,5,0.731082861517,0.130335532321,0.782290553413,0
0.238,3.19,5,0.731082200393,0.130548419309,0.782266002566,0
0.239,3.19,5,0.731084767958,0.130764933389,0.782249123159,0
0.24,3.19,5,0.731090601051,0.130985111996,0.78224002023,0
0.241,3.19,5,0.731099736509,0.13120899256,0.782238798819,0
0.224,3.2,5,0.73145764887,0.127410933503,0.782864555677,0
0.225,3.2,5,0.731418729717,0.127580082106,0.782752550069,0
0.226,3.2,5,0.731382564092,0.127752370222,0.782646863728,0
0.227,3.2,5,0.731349188833,0.127927835282,0.782547601696,0
0.228,3.2,5,0.731318640777,0.128106514722,0.782454869009,0
0.229,3.2,5,0.731290956762,0.128288445973,0.782368770709,0
0.23,3.2,5,0.731266173624,0.12847366647,0.782289411834,0
0.231,3.2,5,0.7312443282,0.128662213645,0.782216897423,0
0.232,3.2,5,0.731225457329,0.128854124931,0.782151332515,0
0.233,3.2,5,0.731209597846,0.129049437762,0.78209282215,0
0.234,3.2,5,0.73119678659,0.129248189571,0.782041471367,0
0.235,3.2,5,0.731187060398,0.129450417791,0.781997385205,0
0.236,3.2,5,0.731180456106,0.129656159856,0.781960668703,0
0.237,3.2,5,0.731177010551,0.129865453197,0.781931426901,0
0.238,3.2,5,0.731176760572,0.13007833525,0.781909764837,0
0.239,3.2,5,0.731179743005,0.130294843446,0.781895787551,0
0.24,3.2,5,0.731185994688,0.13051501522,0.781889600083,0
0.224,3.21,5,0.73154983062,0.126945305598,0.782484123455,0
0.225,3.21,5,0.731511269379,0.127114461122,0.782374804258,0
0.226,3.21,5,0.731475465389,0.12728675521,0.782271817668,0
0.227,3.21,5,0.731442455487,0.127462225294,0.782175268724,0
0.228,3.21,5,0.73141227651,0.127640908809,0.782085262465,0
0.229,3.21,5,0.731384965295,0.127822843187,0.78200190393,0
0.23,3.21,5,0.73136055868,0.128008065862,0.781925298158,0
0.231,3.21,5,0.731339093502,0.128196614267,0.781855550189,0
0.232,3.21,5,0.731320606597,0.128388525835,0.781792765062,0
0.233,3.21,5,0.731305134804,0.128583837999,0.781737047815,0
0.234,3.21,5,0.731292714959,0.128782588193,0.781688503489,0
0.235,3.21,5,0.731283383899,0.128984813849,0.781647237123,0
0.236,3.21,5,0.731277178462,0.129190552401,0.781613353755,0
0.237,3.21,5,0.731274135486,0.129399841282,0.781586958424,0
0.238,3.21,5,0.731274291806,0.129612717925,0.781568156171,0
0.239,3.21,5,0.731277684261,0.129829219764,0.781557052034,0
0.24,3.21,5,0.731284349687,0.130049384232,0.781553751053,0
0.223,3.22,5,0.731685895185,0.126318053575,0.782231409199,0
0.225,3.22,5,0.7316067547,0.126653277334,0.782011844778,0
0.226,3.22,5,0.731571307499,0.12682557692,0.781911528966,0
0.227,3.22,5,0.731538658107,0.127001051555,0.781817664138,0
0.228,3.22,5,0.731508843363,0.127179738672,0.781730355333,0
0.229,3.22,5,0.731481900103,0.127361675703,0.78164970759,0
0.23,3.22,5,0.731457865164,0.127546900083,0.78157582595,0
0.231,3.22,5,0.731436775385,0.127735449244,0.78150881545,0
0.232,3.22,5,0.731418667601,0.12792736062,0.781448781131,0
0.233,3.22,5,0.731403578651,0.128122671644,0.78139582803,0
0.234,3.22,5,0.731391545371,0.128321419748,0.781350061189,0
0.235,3.22,5,0.731382604598,0.128523642367,0.781311585645,0
0.236,3.22,5,0.731376793171,0.128729376933,0.781280506438,0
0.237,3.22,5,0.731374147925,0.12893866088,0.781256928608,0
0.238,3.22,5,0.731374705699,0.129151531641,0.781240957193,0
0.239,3.22,5,0.731378503329,0.129368026648,0.781232697232,0
0.24,3.22,5,0.731385577652,0.129588183336,0.781232253765,0
0.222,3.23,5,0.731826823883,0.125698251483,0.78199420982,0
0.224,3.23,5,0.731742957239,0.126027327104,0.781767485545,0
0.225,3.23,5,0.731705097285,0.126196495048,0.781663452254,0
0.226,3.23,5,0.731670002026,0.126368799659,0.781565778247,0
0.227,3.23,5,0.731637708298,0.126544278371,0.781474568562,0
0.228,3.23,5,0.73160825294,0.126722968616,0.781389928239,0
0.229,3.23,5,0.731581672789,0.126904907827,0.781311962316,0
0.23,3.23,5,0.731558004681,0.127090133438,0.781240775834,0
0.231,3.23,5,0.731537285454,0.127278682882,0.781176473832,0
0.232,3.23,5,0.731519551945,0.127470593593,0.781119161348,0
0.233,3.23,5,0.731504840992,0.127665903002,0.781068943421,0
0.234,3.23,5,0.731493189431,0.127864648544,0.781025925092,0
0.235,3.23,5,0.731484634099,0.128066867652,0.780990211398,0
0.236,3.23,5,0.731479211835,0.128272597759,0.78096190738,0
0.237,3.23,5,0.731476959474,0.128481876298,0.780941118077,0
0.238,3.23,5,0.731477913855,0.128694740702,0.780927948527,0
0.239,3.23,5,0.731482111814,0.128911228405,0.780922503771,0
0.223,3.24,5,0.731883973477,0.125408829966,0.781538542486,0
0.224,3.24,5,0.731843725317,0.125574905126,0.781430841107,0
0.225,3.24,5,0.731806208737,0.12574407857,0.781329407311,0
0.226,3.24,5,0.731771460574,0.125916387733,0.781234346136,0
0.227,3.24,5,0.731739517666,0.126091870048,0.781145762622,0
0.228,3.24,5,0.731710416848,0.126270562947,0.781063761808,0
0.229,3.24,5,0.731684194959,0.126452503865,0.780988448733,0
0.23,3.24,5,0.731660888836,0.126637730234,0.780919928437,0
0.231,3.24,5,0.731640535315,0.126826279487,0.780858305959,0
0.232,3.24,5,0.731623171235,0.127018189058,0.780803686338,0
0.233,3.24,5,0.731608833432,0.127213496381,0.780756174613,0
0.234,3.24,5,0.731597558744,0.127412238887,0.780715875823,0
0.235,3.24,5,0.731589384007,0.12761445401,0.780682895007,0
0.236,3.24,5,0.73158434606,0.127820179184,0.780657337206,0
0.237,3.24,5,0.731582481738,0.128029451842,0.780639307457,0
0.238,3.24,5,0.73158382788,0.128242309416,0.7806289108,0
0.239,3.24,5,0.731588421322,0.128458789341,0.780626252275,0
0.224,3.25,5,0.731947178715,0.125126813735,0.781108353848,0
0.225,3.25,5,0.731910000663,0.125295992206,0.781009490573,0
0.226,3.25,5,0.73187559475,0.125468305447,0.780917013258,0
0.227,3.25,5,0.731843997813,0.125643790892,0.780831026943,0
0.228,3.25,5,0.73181524669,0.125822485972,0.780751636666,0
0.229,3.25,5,0.731789378217,0.126004428123,0.780678947466,0
0.23,3.25,5,0.731766429233,0.126189654776,0.780613064384,0
0.231,3.25,5,0.731746436573,0.126378203365,0.780554092458,0
0.232,3.25,5,0.731729437075,0.126570111324,0.780502136727,0
0.233,3.25,5,0.731715467577,0.126765416085,0.78045730223,0
0.234,3.25,5,0.731704564915,0.126964155081,0.780419694007,0
0.235,3.25,5,0.731696765927,0.127166365747,0.780389417097,0
0.236,3.25,5,0.73169210745,0.127372085514,0.780366576539,0
0.237,3.25,5,0.731690626322,0.127581351817,0.780351277373,0
0.238,3.25,5,0.731692359378,0.127794202088,0.780343624636,0
0.224,3.26,5,0.732053229036,0.124683017238,0.780799804392,0
0.23,3.26,5,0.731874537477,0.12574587137,0.780319964299,0
0.231,3.26,5,0.731854900831,0.125934418822,0.780263613952,0
0.232,3.26,5,0.73183826107,0.126126324694,0.780214293139,0
0.233,3.26,5,0.73182465503,0.126321626421,0.780172106898,0
0.234,3.26,5,0.731814119549,0.126520361434,0.78013716027,0
0.235,3.26,5,0.731806691464,0.126722567168,0.780109558293,0
0.236,3.26,5,0.731802407611,0.126928281056,0.780089406006,0
0.237,3.26,5,0.731801304829,0.12713754053,0.780076808449,0
0.238,3.26,5,0.731803419955,0.127350383024,0.780071870661,0
0.223,3.27,5,0.732201046166,0.124077388278,0.780605090112,0
0.229,3.27,5,0.732007374419,0.125121118522,0.780101104381,0
0.23,3.27,5,0.731985125173,0.125306344323,0.780040408808,0
0.231,3.27,5,0.731965839695,0.125494890163,0.779986651068,0
0.232,3.27,5,0.731949554824,0.125686793476,0.7799399362,0
0.233,3.27,5,0.731936307397,0.125882091694,0.779900369243,0
0.234,3.27,5,0.73192613425,0.126080822251,0.779868055237,0
0.235,3.27,5,0.731919072221,0.12628302258,0.77984309922,0
0.236,3.27,5,0.731915158148,0.126488730114,0.779825606232,0
0.237,3.27,5,0.731914428866,0.126697982287,0.779815681313,0
0.238,3.27,5,0.731916921214,0.126910816531,0.7798134295,0
0.228,3.28,5,0.732144847872,0.124503870268,0.779897315221,0
0.229,3.28,5,0.732120010572,0.124685813276,0.779832323813,0
0.23,3.28,5,0.732098103925,0.12487103794,0.779774178536,0
0.231,3.28,5,0.73207916477,0.125059581696,0.77972298443,0
0.232,3.28,5,0.732063229943,0.125251481975,0.779678846535,0
0.228,3.29,5,0.732259457501,0.124072751127,0.779639161485,0
0.212,3.56,5,0.736564734485,0.111388605582,0.777830992772,0
0.211,3.57,5,0.736768672235,0.11092815584,0.777937936641,0
0.213,3.57,5,0.736644808778,0.111195050151,0.777721560443,0
0.21,3.58,5,0.736974555223,0.110473440413,0.778054619506,0
0.212,3.58,5,0.736846160596,0.110735140989,0.777830322513,0
0.214,3.58,5,0.736727430304,0.111007308924,0.777627867986,0
0.21,3.59,5,0.737114672507,0.110151406513,0.778062152445,0
0.211,3.59,5,0.737049407221,0.110280969303,0.777948724879,0
0.212,3.59,5,0.736986524903,0.110413110551,0.777840666228,0
0.213,3.59,5,0.736926062392,0.110547867689,0.777738081533,0
0.215,3.59,5,0.736812544134,0.110825379373,0.777549754165,0
0.209,3.6,5,0.737321947457,0.109705436096,0.778193905093,0
0.211,3.6,5,0.737189300642,0.109962025062,0.777964512239,0
0.212,3.6,5,0.737126538851,0.110094167092,0.777857836674,0
0.213,3.6,5,0.737066200588,0.110228924065,0.777756648403,0
0.214,3.6,5,0.73700832269,0.110366333414,0.777661052464,0
0.215,3.6,5,0.736952941994,0.110506432572,0.777571153897,0
0.216,3.6,5,0.736900095338,0.110649258973,0.777487057741,0
0.209,3.61,5,0.737461186774,0.10938954015,0.778213660571,0
0.21,3.61,5,0.737393796676,0.109516566801,0.778097652973,0
0.211,3.61,5,0.737328760154,0.10964613258,0.777986935928,0
0.212,3.61,5,0.737266114044,0.109778274919,0.777881614476,0
0.213,3.61,5,0.737205895184,0.109913031253,0.777781793656,0
0.214,3.61,5,0.737148140411,0.110050439015,0.777687578507,0
0.215,3.61,5,0.737092886562,0.110190535637,0.777599074067,0
0.208,3.62,5,0.737669520647,0.108952133579,0.778359798936,0
0.209,3.62,5,0.73759991348,0.109076661217,0.778239890948,0
0.21,3.62,5,0.737532626772,0.1092036896,0.778125181814,0
0.211,3.62,5,0.737467697363,0.109333256163,0.778015776571,0
0.212,3.62,5,0.737405162087,0.109465398339,0.777911780259,0
0.213,3.62,5,0.737345057784,0.10960015356,0.777813297917,0
0.214,3.62,5,0.737287421289,0.10973755926,0.777720434585,0
0.215,3.62,5,0.737232289441,0.109877652873,0.777633295301,0
0.208,3.63,5,0.737807551524,0.108642233757,0.778391028683,0
0.209,3.63,5,0.737738039179,0.108766763602,0.778272376849,0
0.21,3.63,5,0.737670851016,0.108893793245,0.778158937205,0
0.211,3.63,5,0.737606023872,0.109023360118,0.778050814792,0
0.212,3.63,5,0.737543594586,0.109155501656,0.777948114647,0
0.213,3.63,5,0.737483599993,0.109290255291,0.777850941812,0
0.214,3.63,5,0.737426076931,0.109427658457,0.777759401324,0
0.215,3.63,5,0.737371062237,0.109567748586,0.777673598223,0
0.216,3.63,5,0.737318592749,0.109710563112,0.777593637549,0
0.208,3.64,5,0.737944897845,0.108335280033,0.778428323553,0
0.209,3.64,5,0.737875475476,0.108459811612,0.778310898898,0
0.21,3.64,5,0.737808381011,0.10858684204,0.778198699773,0
0.211,3.64,5,0.737743651288,0.108716408751,0.778091831216,0
0.212,3.64,5,0.737681323144,0.108848549177,0.777990398267,0
0.213,3.64,5,0.737621433415,0.108983300753,0.777894505965,0
0.214,3.64,5,0.73756401894,0.10912070091,0.77780425935,0
0.215,3.64,5,0.737509116555,0.109260787082,0.777719763459,0
0.216,3.64,5,0.737456763097,0.109403596703,0.777641123333,0
0.217,3.64,5,0.737406995404,0.109549167206,0.777568444011,0
0.209,3.65,5,0.738012133977,0.108155769553,0.778355237721,0
0.21,3.65,5,0.737945128364,0.108282800293,0.778244250142,0
0.211,3.65,5,0.737880491215,0.108412366367,0.77813860647,0
0.212,3.65,5,0.737818259366,0.108544505209,0.778038411744,0
0.213,3.65,5,0.737758469656,0.108679254251,0.777943771003,0
0.214,3.65,5,0.737701158921,0.108816650926,0.777854789287,0
0.215,3.65,5,0.737646363998,0.108956732668,0.777771571634,0
0.216,3.65,5,0.737594121725,0.109099536911,0.777694223085,0
0.217,3.65,5,0.737544468939,0.109245101086,0.777622848677,0
0.209,3.66,5,0.738147926285,0.10785460173,0.778405173944,0
0.21,3.66,5,0.738081004678,0.107981632309,0.778295368938,0
0.211,3.66,5,0.738016455257,0.108111197273,0.778190921178,0
0.212,3.66,5,0.737954314858,0.108243334056,0.778091935702,0
0.213,3.66,5,0.73789462032,0.108378080091,0.77799851755,0
0.214,3.66,5,0.737837408479,0.108515472811,0.77791077176,0
0.215,3.66,5,0.737782716173,0.10865554965,0.777828803373,0
0.216,3.66,5,0.737730580238,0.10879834804,0.777752717427,0
0.217,3.66,5,0.737681037512,0.108943905415,0.777682618962,0
0.218,3.66,5,0.737634124832,0.109092259207,0.777618613016,0
0.209,3.67,5,0.738282764005,0.107556272449,0.778460488191,0
0.21,3.67,5,0.738215921558,0.107683302393,0.778351836786,0
0.211,3.67,5,0.738151455019,0.107812865774,0.778248555965,0
0.212,3.67,5,0.738089401225,0.107945000025,0.778150750767,0
0.213,3.67,5,0.738029797012,0.10807974258,0.778058526231,0
0.214,3.67,5,0.73797267922,0.108217130871,0.777971987396,0
0.215,3.67,5,0.737918084683,0.108357202332,0.777891239302,0
0.216,3.67,5,0.737866050241,0.108499994397,0.777816386987,0
0.217,3.67,5,0.737816612729,0.108645544497,0.777747535491,0
0.209,3.68,5,0.738416558744,0.107260746018,0.778520961087,0
0.21,3.68,5,0.73834979061,0.107387774853,0.778413434311,0
0.211,3.68,5,0.738285402107,0.107517336177,0.778311291457,0
0.212,3.68,5,0.73822343007,0.107649467422,0.778214637564,0
0.213,3.68,5,0.738163911338,0.107784206023,0.778123577672,0
0.214,3.68,5,0.738106882747,0.107921589412,0.778038216819,0
0.215,3.68,5,0.738052381134,0.108061655023,0.777958660045,0
0.216,3.68,5,0.738000443338,0.108204440288,0.777885012389,0
0.217,3.68,5,0.737951106194,0.108349982641,0.77781737889,0
0.218,3.68,5,0.737904406541,0.108498319515,0.777755864588,0
0.209,3.69,5,0.738549222104,0.106967986741,0.778586373258,0
0.21,3.69,5,0.738482523438,0.107095013994,0.778479942138,0
0.211,3.69,5,0.738418208124,0.107224572787,0.778378908278,0
0.212,3.69,5,0.738356312999,0.107356700554,0.778283376718,0
0.213,3.69,5,0.738296874901,0.107491434727,0.778193452497,0
0.214,3.69,5,0.738239930665,0.10762881274,0.778109240654,0
0.215,3.69,5,0.738185517131,0.107768872026,0.778030846228,0
0.216,3.69,5,0.738133671135,0.107911650018,0.777958374258,0
0.217,3.69,5,0.738084429513,0.10805718415,0.777891929784,0
0.218,3.69,5,0.738037829104,0.108205511854,0.777831617845,0
0.21,3.7,5,0.738614031647,0.106804984121,0.778551140893,0
0.211,3.7,5,0.738549784676,0.106934539911,0.778451187055,0
0.212,3.7,5,0.738487961617,0.107066663725,0.778356748855,0
0.213,3.7,5,0.738428599306,0.107201392997,0.778267931332,0
0.214,3.7,5,0.738371734581,0.107338765161,0.778184839526,0
0.215,3.7,5,0.738317404278,0.107478817649,0.778107578476,0
0.216,3.7,5,0.738265645235,0.107621587895,0.77803625322,0
0.217,3.7,5,0.73821649429,0.107767113332,0.777970968798,0
0.218,3.7,5,0.738169988278,0.107915431393,0.777911830249,0
0.21,3.71,5,0.738744226841,0.106517649542,0.7786268112,0
0.211,3.71,5,0.738680043368,0.106647201854,0.778527908412,0
0.212,3.71,5,0.738618287528,0.106779321242,0.7784345346,0
0.213,3.71,5,0.738558996159,0.10691404514,0.778346794803,0
0.214,3.71,5,0.738502206097,0.10705141098,0.778264794061,0
0.215,3.71,5,0.73844795418,0.107191456197,0.778188637413,0
0.216,3.71,5,0.738396277245,0.107334218223,0.778118429899,0
0.217,3.71,5,0.738347212129,0.107479734492,0.778054276557,0
0.218,3.71,5,0.738300795669,0.107628042436,0.777996282426,0
0.219,3.71,5,0.738257064704,0.10777917949,0.777944552546,0
0.21,3.72,5,0.738873020626,0.106232974562,0.778706733685,0
0.211,3.72,5,0.738808895804,0.106362522923,0.778608852974,0
0.212,3.72,5,0.738747202338,0.106494637411,0.778516514577,0
0.213,3.72,5,0.738687977063,0.106629355461,0.778429823534,0
0.214,3.72,5,0.738631256819,0.106766714505,0.778348884884,0
0.215,3.72,5,0.738577078442,0.106906751977,0.778273803667,0
0.216,3.72,5,0.738525478768,0.10704950531,0.778204684921,0
0.217,3.72,5,0.738476494636,0.107195011936,0.778141633686,0
0.218,3.72,5,0.738430162882,0.107343309291,0.778084755,0
0.219,3.72,5,0.738386520344,0.107494434805,0.778034153904,0
0.21,3.73,5,0.739000324606,0.105950923487,0.778790688974,0
0.211,3.73,5,0.738936253589,0.106080467423,0.778693801367,0
0.212,3.73,5,0.73887461765,0.106212576538,0.778602469412,0
0.213,3.73,5,0.738815453625,0.106347288266,0.778516798151,0
0.214,3.73,5,0.738758798352,0.106484640041,0.77843689262,0
0.215,3.73,5,0.738704688668,0.106624669294,0.778362857861,0
0.216,3.73,5,0.73865316141,0.10676741346,0.778294798911,0
0.217,3.73,5,0.738604253415,0.106912909971,0.77823282081,0
0.218,3.73,5,0.738558001521,0.107061196261,0.778177028598,0
0.219,3.73,5,0.738514442565,0.107212309764,0.778127527313,0
0.211,3.74,5,0.739062028329,0.105800999661,0.778782534215,0
0.212,3.74,5,0.73900044507,0.105933102929,0.778692179731,0
0.213,3.74,5,0.738941337449,0.106067807862,0.778607499278,0
0.214,3.74,5,0.738884742301,0.106205151893,0.778528597895,0
0.215,3.74,5,0.738830696464,0.106345172454,0.77845558062,0
0.216,3.74,5,0.738779236775,0.10648790698,0.778388552494,0
0.217,3.74,5,0.738730400072,0.106633392902,0.778327618556,0
0.218,3.74,5,0.738684223191,0.106781667655,0.778272883844,0
0.219,3.74,5,0.73864074297,0.106932768672,0.778224453398,0
0.211,3.75,5,0.739186131627,0.105524083942,0.778874832145,0
0.212,3.75,5,0.739124596203,0.10565618089,0.778785426158,0
0.213,3.75,5,0.739065540138,0.105790878555,0.778701707541,0
0.214,3.75,5,0.73900900027,0.105928214368,0.778623781333,0
0.215,3.75,5,0.738955013434,0.106068225764,0.778551752571,0
0.216,3.75,5,0.738903616468,0.106210950176,0.778485726296,0
0.217,3.75,5,0.73885484621,0.106356425036,0.778425807547,0
0.218,3.75,5,0.738808739497,0.106504687778,0.778372101363,0
0.219,3.75,5,0.738765333165,0.106655775835,0.778324712784,0
0.211,3.76,5,0.739308475088,0.105249684573,0.77897047578,0
0.212,3.76,5,0.739246982654,0.105381774727,0.778881989319,0
0.213,3.76,5,0.7391879733,0.10551646465,0.778799203566,0
0.214,3.76,5,0.739131483864,0.105653791773,0.778722223559,0
0.215,3.76,5,0.739077551183,0.10579379353,0.778651154338,0
0.216,3.76,5,0.739026212094,0.105936507353,0.778586100942,0
0.217,3.76,5,0.738977503435,0.106081970677,0.77852716841,0
0.218,3.76,5,0.738931462043,0.106230220935,0.778474461782,0
0.212,3.77,5,0.739367516026,0.105109848746,0.778981649839,0
0.213,3.77,5,0.739308548537,0.105244530453,0.778899767977,0
0.214,3.77,5,0.739252104688,0.105381848412,0.778823705199,0
0.215,3.77,5,0.739198221316,0.105521840056,0.778753566546,0
0.216,3.77,5,0.739146935258,0.105664542819,0.778689457056,0
0.217,3.77,5,0.739098283352,0.105809994134,0.778631481769,0
0.218,3.77,5,0.739052302435,0.105958231433,0.778579745724,0
0.212,3.78,5,0.739486107926,0.104840367253,0.779084188343,0
0.213,3.78,5,0.739427177455,0.104975040271,0.779003181399,0
0.214,3.78,5,0.739370774347,0.105112348592,0.778928006879,0
0.215,3.78,5,0.739316935437,0.10525232965,0.778858769821,0
0.216,3.78,5,0.739265697565,0.105395020878,0.778795575265,0
0.217,3.78,5,0.739217097566,0.10554045971,0.77873852825,0
0.218,3.78,5,0.739171172277,0.105688683578,0.778687733815,0
0.213,3.79,5,0.739543771659,0.104707958409,0.779109224458,0
0.214,3.79,5,0.739487404445,0.104845256619,0.779034909223,0
0.215,3.79,5,0.739433605152,0.104985226617,0.778966544787,0
0.216,3.79,5,0.739382410618,0.105127905838,0.778904236193,0
0.217,3.79,5,0.73933385768,0.105273331713,0.778848088477,0
0.214,3.8,5,0.739601906588,0.104580536799,0.779144192856,0
0.215,3.8,5,0.739548142066,0.104720495264,0.779076672071,0
0.216,3.8,5,0.739496986024,0.104863162003,0.779015220465,0
0.217,3.8,5,0.7394484753,0.105008574448,0.778959943076,0
0.216,3.81,5,0.739609335387,0.10460075368,0.779128308707,0
0.217,3.81,5,0.739560862032,0.104746152221,0.779073872673,0
0.177,4.5,5,0.741082275413,0.0862262466394,0.786568190359,0
0.178,4.5,5,0.740938644823,0.0862927869731,0.786302465001,0
0.179,4.5,5,0.740796520281,0.08636058416,0.786039856057,0
0.18,4.5,5,0.740655938626,0.0864296756334,0.785780468566,0
0.181,4.5,5,0.740516936694,0.0865000988266,0.785524407567,0
0.182,4.5,5,0.740379551322,0.0865718911725,0.785271778101,0
0.183,4.5,5,0.740243819348,0.0866450901046,0.785022685205,0
0.184,4.5,5,0.740109777608,0.086719733056,0.784777233919,0
0.185,4.5,5,0.739977462941,0.0867958574598,0.784535529282,0
0.186,4.5,5,0.739846912182,0.0868735007493,0.784297676334,0
0.187,4.5,5,0.73971816217,0.0869527003577,0.784063780113,0
0.188,4.5,5,0.739591249742,0.0870334937182,0.78383394566,0
0.189,4.5,5,0.739466211735,0.087115918264,0.783608278012,0
0.19,4.5,5,0.739343084985,0.0872000114282,0.78338688221,0
0.191,4.5,5,0.739221906331,0.0872858106442,0.783169863292,0
0.192,4.5,5,0.739102712609,0.087373353345,0.782957326298,0
0.193,4.5,5,0.738985540656,0.0874626769639,0.782749376266,0
0.194,4.5,5,0.73887042731,0.0875538189341,0.782546118237,0
0.195,4.5,5,0.738757409409,0.0876468166887,0.782347657249,0
0.196,4.5,5,0.738646523788,0.0877417076611,0.782154098341,0
0.197,4.5,5,0.738537807286,0.0878385292843,0.781965546553,0
0.198,4.5,5,0.73843129674,0.0879373189916,0.781782106924,0
0.199,4.5,5,0.738327028986,0.0880381142162,0.781603884493,0
0.2,4.5,5,0.738225040862,0.0881409523912,0.7814309843,0
0.201,4.5,5,0.738125369206,0.08824587095,0.781263511382,0
0.202,4.5,5,0.738028050853,0.0883529073256,0.78110157078,0
0.203,4.5,5,0.737933122643,0.0884620989513,0.780945267534,0
0.204,4.5,5,0.737840621411,0.0885734832603,0.780794706681,0
0.205,4.5,5,0.737750583995,0.0886870976858,0.780649993261,3.30556287812e-05
0.206,4.5,5,0.737663047233,0.088802979661,0.780511232314,0.000178354734784
0.207,4.5,5,0.73757804796,0.088921166619,0.780378528879,0.00035316993665
0.208,4.5,5,0.737495623016,0.0890416959931,0.780251987994,0.00055353890856
0.209,4.5,5,0.737415809236,0.0891646052165,0.7801317147,0.000783105725403
0.21,4.5,5,0.737338643458,0.0892899317224,0.780017814035,0.00104631792492
0.211,4.5,5,0.737264162519,0.089417712944,0.779910391038,0.00134822361053
0.212,4.5,5,0.737192403257,0.0895479863144,0.779809550749,0.00169452518272
0.213,4.5,5,0.737123402508,0.0896807892669,0.779715398206,0.0020921322166
0.214,4.5,5,0.73705719711,0.0898161592348,0.77962803845,0.00254948055041
0.215,4.5,5,0.7369938239,0.0899541336511,0.779547576519,0.00307654608771
0.216,4.5,5,0.736933319715,0.090094749949,0.779474117453,0.0036847670068
0.217,4.5,5,0.736875721392,0.0902380455619,0.77940776629,0.00438823004711
0.218,4.5,5,0.73682106577,0.0903840579228,0.77934862807,0.00520435492427
0.219,4.5,5,0.736769389683,0.090532824465,0.779296807832,0.00611977066057
0.22,4.5,5,0.736720729971,0.0906843826218,0.779252410615,0.00689653573326
0.221,4.5,5,0.73667512347,0.0908387698261,0.779215541459,0.00773621490572
0.222,4.5,5,0.736632607018,0.0909960235114,0.779186305402,0.00866341698609
0.223,4.5,5,0.736593217451,0.0911561811108,0.779164807485,0.00922692231257
0.224,4.5,5,0.736556991607,0.0913192800574,0.779151152745,0.00967820346592
0.225,4.5,5,0.736523966322,0.0914853577845,0.779145446222,0.0100613941519
0.226,4.5,5,0.736494178435,0.0916544517253,0.779147792956,0.0055683080184
0.227,4.5,5,0.736467664783,0.091826599313,0.779158297986,1.97987808297e-05
0.228,4.5,5,0.736444462202,0.0920018379807,0.779177066351,0
0.229,4.5,5,0.736424607529,0.0921802051618,0.779204203089,0
0.23,4.5,5,0.736408137603,0.0923617382893,0.779239813241,0
0.231,4.5,5,0.73639508926,0.0925464747965,0.779284001845,0
0.232,4.5,5,0.736385499337,0.0927344521166,0.779336873941,0
0.233,4.5,5,0.736379404672,0.0929257076827,0.779398534568,0
0.234,4.5,5,0.736376842102,0.0931202789282,0.779469088765,0
0.238,3.04,6,0.729737865649,0.145575714514,0.798417830556,0
0.239,3.04,6,0.729736835548,0.145847777086,0.798362318161,0
0.24,3.04,6,0.72973914289,0.146123789113,0.79831423389,0
0.237,3.05,6,0.729744287948,0.144763947078,0.797871507813,0
0.238,3.05,6,0.729740281268,0.145032091289,0.797811939346,0
0.239,3.05,6,0.729739578918,0.145304146573,0.797759707302,0
0.24,3.05,6,0.729742217734,0.145580150364,0.797714916721,0
0.236,3.06,6,0.729757948929,0.143961079494,0.797344130847,0
0.237,3.06,6,0.729750990219,0.144225344201,0.797280555698,0
0.238,3.06,6,0.729747302723,0.1444934816,0.797224225271,0
0.239,3.06,6,0.729746923278,0.144765529124,0.797175244606,0
0.24,3.06,6,0.729749888721,0.145041524205,0.797133718742,0
0.241,3.06,6,0.729756235889,0.145321504277,0.797099752719,0
0.236,3.07,6,0.729768862871,0.143427461272,0.796767969734,0
0.237,3.07,6,0.729762214776,0.143691719642,0.796707590314,0
0.238,3.07,6,0.729758841616,0.143959849754,0.796654468955,0
0.239,3.07,6,0.72975878023,0.144231889043,0.796608710697,0
0.24,3.07,6,0.729762067454,0.144507874941,0.796570420578,0
0.241,3.07,6,0.729768740126,0.144787844882,0.796539703638,0
0.235,3.08,6,0.729793799698,0.142638367949,0.796273983974,0
0.236,3.08,6,0.72978421555,0.142898786146,0.796209604951,0
0.237,3.08,6,0.729777873223,0.143163037704,0.796152392288,0
0.238,3.08,6,0.729774809554,0.143431160057,0.796102451025,0
0.239,3.08,6,0.729775061381,0.143703190637,0.7960598862,0
0.24,3.08,6,0.72977866554,0.143979166879,0.796024802854,0
0.241,3.08,6,0.729785658868,0.144259126214,0.795997306024,0
0.234,3.09,6,0.729825701171,0.14185798968,0.795798400937,0
0.235,3.09,6,0.729813205518,0.142114606561,0.7957300717,0
0.236,3.09,6,0.72980391857,0.142375018421,0.795668817123,0
0.237,3.09,6,0.729797877166,0.142639262694,0.795614742245,0
0.238,3.09,6,0.729795118142,0.142907376814,0.795567952105,0
0.239,3.09,6,0.729795678334,0.143179398213,0.795528551741,0
0.24,3.09,6,0.729799594582,0.143455364324,0.795496646194,0
0.241,3.09,6,0.729806903721,0.143735312581,0.795472340503,0
0.242,3.09,6,0.729817642589,0.144019280417,0.795455739706,0
0.233,3.1,6,0.729864467762,0.141086251914,0.795341023141,0
0.234,3.1,6,0.72984908515,0.141339106335,0.795268793081,0
0.235,3.1,6,0.72983687813,0.141595717354,0.795203545979,0
0.236,3.1,6,0.729827883536,0.141856122404,0.795145386876,0
0.237,3.1,6,0.729822138208,0.142120358919,0.79509442081,0
0.238,3.1,6,0.729819678982,0.142388464332,0.79505075282,0
0.239,3.1,6,0.729820542696,0.142660476075,0.795014487945,0
0.24,3.1,6,0.729824766186,0.142936431583,0.794985731226,0
0.241,3.1,6,0.729832386289,0.143216368288,0.7949645877,0
0.242,3.1,6,0.729843439844,0.143500323623,0.794951162407,0
0.233,3.11,6,0.72989175492,0.140572210916,0.79482557161,0
0.234,3.11,6,0.729876652373,0.14082505995,0.794756381375,0
0.235,3.11,6,0.729864729138,0.141081664634,0.794694187436,0
0.236,3.11,6,0.729856022054,0.141342062401,0.794639094834,0
0.237,3.11,6,0.729850567956,0.141606290684,0.794591208608,0
0.238,3.11,6,0.729848403682,0.141874386916,0.794550633796,0
0.239,3.11,6,0.72984956607,0.142146388531,0.794517475438,0
0.24,3.11,6,0.729854091956,0.142422332961,0.794491838573,0
0.241,3.11,6,0.729862018178,0.142702257641,0.79447382824,0
0.242,3.11,6,0.729873381573,0.142986200002,0.794463549478,0
0.232,3.12,6,0.7299411153,0.139813845752,0.794400209808,0
0.233,3.12,6,0.729923141773,0.140062971658,0.794327125828,0
0.234,3.12,6,0.729908314444,0.140315814832,0.794260946445,0
0.235,3.12,6,0.729896670149,0.140572412708,0.794201776697,0
0.236,3.12,6,0.729888245726,0.140832802718,0.794149721623,0
0.237,3.12,6,0.729883078012,0.141097022295,0.794104886264,0
0.238,3.12,6,0.729881203845,0.141365108874,0.794067375657,0
0.239,3.12,6,0.729882660061,0.141637099886,0.794037294843,0
0.24,3.12,6,0.729887483497,0.141913032765,0.79401474886,0
0.241,3.12,6,0.729895710992,0.142192944945,0.793999842748,0
0.242,3.12,6,0.729907379382,0.142476873859,0.793992681546,0
0.231,3.13,6,0.729997066762,0.13906393629,0.793992510192,0
0.232,3.13,6,0.729976246802,0.139309377925,0.793915581858,0
0.233,3.13,6,0.729958539925,0.139558498446,0.79384546642,0
0.234,3.13,6,0.729943982968,0.139811335287,0.793782268916,0
0.235,3.13,6,0.729932612767,0.140067925881,0.793726094386,0
0.236,3.13,6,0.72992446616,0.14032830766,0.793677047869,0
0.237,3.13,6,0.729919579984,0.140592518059,0.793635234404,0
0.238,3.13,6,0.729917991076,0.140860594509,0.79360075903,0
0.239,3.13,6,0.729919736274,0.141132574446,0.793573726787,0
0.24,3.13,6,0.729924852415,0.141408495301,0.793554242714,0
0.241,3.13,6,0.729933376336,0.141688394508,0.79354241185,0
0.242,3.13,6,0.729945344874,0.141972309501,0.793538339234,0
0.231,3.14,6,0.730035867932,0.1385642042,0.793521551984,0
0.232,3.14,6,0.730015306054,0.138809640925,0.79344754988,0
0.233,3.14,6,0.729997860981,0.139058755587,0.79338037401,0
0.234,3.14,6,0.729983569549,0.139311585621,0.793320129413,0
0.235,3.14,6,0.729972468595,0.139568168459,0.793266921128,0
0.236,3.14,6,0.729964594958,0.139828541534,0.793220854195,0
0.237,3.14,6,0.729959985474,0.14009274228,0.793182033652,0
0.238,3.14,6,0.72995867698,0.14036080813,0.793150564539,0
0.239,3.14,6,0.729960706314,0.140632776517,0.793126551895,0
0.231,3.15,6,0.730078513304,0.138069167715,0.793066999344,0
0.232,3.15,6,0.730058204661,0.138314599056,0.792995894498,0
0.233,3.15,6,0.730041016545,0.138563707386,0.792931629224,0
0.234,3.15,6,0.730026985792,0.138816530139,0.792874308562,0
0.235,3.15,6,0.73001614924,0.139073104748,0.79282403755,0
0.236,3.15,6,0.730008543727,0.139333468646,0.792780921228,0
0.237,3.15,6,0.730004206088,0.139597659266,0.792745064634,0
0.202,4.5,6,0.7363664592,0.0937864234998,0.792057906842,0
0.203,4.5,6,0.736246806927,0.0939401449462,0.791907088951,0
0.204,4.5,6,0.73612970938,0.0940963297784,0.791761865174,0
0.205,4.5,6,0.736015203398,0.0942550154295,0.791622340553,0
0.206,4.5,6,0.735903325816,0.0944162393329,0.791488620125,0
0.207,4.5,6,0.735794113472,0.0945800389216,0.79136080893,0
0.208,4.5,6,0.735687603204,0.0947464516289,0.791239012007,0
0.209,4.5,6,0.735583831848,0.094915514888,0.791123334396,0
0.21,4.5,6,0.735482836242,0.0950872661321,0.791013881135,0
0.211,4.5,6,0.735384653223,0.0952617427944,0.790910757264,0
0.212,4.5,6,0.735289319628,0.095438982308,0.790814067823,0
0.213,4.5,6,0.735196872294,0.0956190221062,0.790723917849,0
0.214,4.5,6,0.735107348059,0.0958018996222,0.790640412383,0
0.215,4.5,6,0.735020783759,0.0959876522892,0.790563656463,0
0.216,4.5,6,0.734937216233,0.0961763175404,0.79049375513,0
0.217,4.5,6,0.734856682316,0.0963679328089,0.790430813421,0
0.218,4.5,6,0.734779218847,0.096562535528,0.790374936376,0
0.219,4.5,6,0.734704862662,0.0967601631309,0.790326229035,0
0.22,4.5,6,0.734633650599,0.0969608530508,0.790284796437,0
0.221,4.5,6,0.734565619495,0.0971646427209,0.79025074362,0.000110268909275
0.222,4.5,6,0.734500806187,0.0973715695744,0.790224175625,0.000387853846155
0.223,4.5,6,0.734439247512,0.0975816710444,0.790205197489,0.000588479846063
0.224,4.5,6,0.734380980308,0.0977949845642,0.790193914253,0.000123002165345
0.225,4.5,6,0.734326041412,0.098011547567,0.790190430956,0
0.226,4.5,6,0.73427446766,0.098231397486,0.790194852636,0
0.227,4.5,6,0.734226295891,0.0984545717544,0.790207284334,0
0.228,4.5,6,0.73418156294,0.0986811078053,0.790227831088,0
0.229,4.5,6,0.734140305647,0.098911043072,0.790256597937,0
0.23,4.5,6,0.734102560847,0.0991444149878,0.79029368992,0
0.231,4.5,6,0.734068365378,0.0993812609856,0.790339212078,0
0.232,4.5,6,0.734037756077,0.0996216184989,0.790393269449,0
0.233,4.5,6,0.734010769781,0.0998655249608,0.790455967071,0
0.234,4.5,6,0.733987443328,0.100113017804,0.790527409986,0
0.235,4.5,6,0.733967813555,0.100364134463,0.79060770323,0
0.236,4.5,6,0.733951917298,0.10061891237,0.790696951845,0
0.237,4.5,6,0.733939791396,0.100877388958,0.790795260869,0
0.238,4.5,6,0.733931472685,0.101139601661,0.790902735341,0
0.239,4.5,6,0.733926998003,0.101405587911,0.7910194803,0
0.24,4.5,6,0.733926404186,0.101675385143,0.791145600786,0
0.235,3.1,7,0.729191143323,0.148226790172,0.805485670051,0
0.236,3.1,7,0.729185333881,0.148537876257,0.805440101733,0
0.237,3.1,7,0.729182901452,0.14885306451,0.805401578173,0
0.238,3.1,7,0.729183882872,0.149172392362,0.805370204412,0
0.239,3.1,7,0.72918831498,0.149495897248,0.805346085487,0
0.234,3.11,7,0.729206414635,0.147405016247,0.805020492411,0
0.235,3.11,7,0.729197388995,0.147712022756,0.804970981179,0
0.236,3.11,7,0.729191707253,0.148023093052,0.804928423005,0
0.237,3.11,7,0.729189406245,0.148338264565,0.804892922927,0
0.238,3.11,7,0.72919052281,0.148657574731,0.804864585986,0
0.239,3.11,7,0.729195093783,0.148981060981,0.804843517219,0
0.233,3.12,7,0.729229157321,0.14659211054,0.804573445716,0
0.234,3.12,7,0.72921694003,0.146895076331,0.80452004096,0
0.235,3.12,7,0.729208033522,0.147202067526,0.804473497561,0
0.236,3.12,7,0.729202474633,0.147513121558,0.804433920558,0
0.237,3.12,7,0.729200300201,0.14782827586,0.804401414989,0
0.238,3.12,7,0.729201547063,0.148147567865,0.804376085896,0
0.239,3.12,7,0.729206252056,0.148471035007,0.804358038316,0
0.24,3.12,7,0.729214452018,0.148798714718,0.804347377288,0
0.232,3.13,7,0.729259271852,0.145787998501,0.804144332484,0
0.233,3.13,7,0.729243887457,0.14608696243,0.804087083594,0
0.234,3.13,7,0.72923178073,0.146389913382,0.80403660436,0
0.235,3.13,7,0.729222988507,0.146696888788,0.803992999821,0
0.236,3.13,7,0.729217547626,0.147007926083,0.803956375016,0
0.237,3.13,7,0.729215494923,0.147323062699,0.803926834985,0
0.238,3.13,7,0.729216867237,0.14764233607,0.803904484767,0
0.239,3.13,7,0.729221701404,0.14796578363,0.8038894294,0
0.24,3.13,7,0.729230034262,0.14829344281,0.803881773925,0
0.231,3.14,7,0.729296658701,0.144992605578,0.803732955234,0
0.232,3.14,7,0.729278131749,0.145287606502,0.8036719116,0
0.233,3.14,7,0.72926284935,0.145586556066,0.803617545921,0
0.234,3.14,7,0.72925084834,0.145889491703,0.803569963236,0
0.235,3.14,7,0.729242165556,0.146196450847,0.803529268585,0
0.236,3.14,7,0.729236837836,0.146507470932,0.803495567006,0
0.237,3.14,7,0.729234902017,0.146822589389,0.803468963539,0
0.238,3.14,7,0.729236394937,0.147141843653,0.803449563224,0
0.239,3.14,7,0.729241353431,0.147465271156,0.803437471099,0
0.24,3.14,7,0.729249814338,0.147792909333,0.803432792203,0
0.23,3.15,7,0.72934121834,0.144205857218,0.803339116485,0
0.231,3.15,7,0.729319573379,0.144496933993,0.803274327496,0
0.232,3.15,7,0.729301139854,0.144791921026,0.803216124762,0
0.233,3.15,7,0.729285954604,0.145090855751,0.803164613321,0
0.234,3.15,7,0.729274054465,0.145393775602,0.803119898213,0
0.235,3.15,7,0.729265476274,0.14570071801,0.803082084477,0
0.236,3.15,7,0.72926025687,0.146011720411,0.803051277152,0
0.237,3.15,7,0.729258433088,0.146326820236,0.803027581278,0
0.238,3.15,7,0.729260041767,0.146646054919,0.803011101892,0
0.239,3.15,7,0.729265119743,0.146969461893,0.803001944036,0
0.24,3.15,7,0.729273703853,0.147297078591,0.803000212748,0
0.229,3.16,7,0.729392851242,0.14342767887,0.802962618754,0
0.23,3.16,7,0.729368112817,0.143714870352,0.802894133801,0
0.231,3.16,7,0.729346552714,0.144005933711,0.802832143402,0
0.232,3.16,7,0.729328207771,0.144300906381,0.802776752596,0
0.233,3.16,7,0.729313114823,0.144599825794,0.802728066421,0
0.234,3.16,7,0.729301310709,0.144902729384,0.802686189917,0
0.235,3.16,7,0.729292832266,0.145209654583,0.802651228124,0
0.236,3.16,7,0.72928771633,0.145520638826,0.80262328608,0
0.237,3.16,7,0.72928599974,0.145835719545,0.802602468825,0
0.238,3.16,7,0.729287719332,0.146154934173,0.802588881398,0
0.239,3.16,7,0.729292911943,0.146478320145,0.802582628837,0
0.229,3.17,7,0.729423650537,0.142941341028,0.802531133034,0
0.23,3.17,7,0.729398988403,0.14322851957,0.80246540436,0
0.231,3.17,7,0.729377508313,0.14351956904,0.802406183578,0
0.232,3.17,7,0.729359247104,0.143814526872,0.802353575726,0
0.233,3.17,7,0.729344241613,0.144113430499,0.802307685845,0
0.234,3.17,7,0.729332528678,0.144416317355,0.802268618973,0
0.235,3.17,7,0.729324145136,0.144723224872,0.80223648015,0
0.236,3.17,7,0.729319127823,0.145034190483,0.802211374415,0
0.237,3.17,7,0.729317513578,0.145349251623,0.802193406807,0
0.238,3.17,7,0.729319339237,0.145668445723,0.802182682365,0
0.239,3.17,7,0.729324641637,0.145991810218,0.802179306128,0
0.228,3.18,7,0.729486087011,0.142176271468,0.802185127714,0
0.229,3.18,7,0.729458347392,0.142459604049,0.802115710154,0
0.23,3.18,7,0.729433756703,0.142746769176,0.802052708786,0
0.231,3.18,7,0.729412351779,0.143037804284,0.801996228647,0
0.232,3.18,7,0.729394169459,0.143332746806,0.801946374779,0
0.233,3.18,7,0.729379246579,0.143631634174,0.801903252218,0
0.234,3.18,7,0.729367619976,0.143934503821,0.801866966006,0
0.235,3.18,7,0.729359326489,0.144241393182,0.801837621181,0
0.236,3.18,7,0.729354402953,0.144552339689,0.801815322781,0
0.237,3.18,7,0.729352886206,0.144867380776,0.801800175848,0
0.238,3.18,7,0.729354813086,0.145186553875,0.801792285419,0
0.239,3.18,7,0.72936022043,0.145509896419,0.801791756533,0
0.227,3.19,7,0.72955532271,0.14141958712,0.801855920358,0
0.228,3.19,7,0.729524530154,0.141699112596,0.801782863303,0
0.229,3.19,7,0.729496853412,0.141982432238,0.801716130739,0
0.23,3.19,7,0.729472329321,0.142269583479,0.801655827704,0
0.231,3.19,7,0.729450994718,0.142560603751,0.801602059237,0
0.232,3.19,7,0.72943288644,0.142855530488,0.801554930378,0
0.233,3.19,7,0.729418041324,0.143154401123,0.801514546167,0
0.234,3.19,7,0.729406496208,0.143457253089,0.801481011641,0
0.235,3.19,7,0.729398287929,0.14376412382,0.801454431841,0
0.236,3.19,7,0.729393453325,0.144075050749,0.801434911805,0
0.237,3.19,7,0.729392029231,0.144390071309,0.801422556574,0
0.238,3.19,7,0.729394052486,0.144709222933,0.801417471185,0
0.226,3.2,7,0.729631258108,0.140671213433,0.801543313486,0
0.227,3.2,7,0.729597437161,0.140946970661,0.801466666326,0
0.228,3.2,7,0.729566698914,0.141226483674,0.801396251955,0
0.229,3.2,7,0.729539080202,0.141509789903,0.801332175413,0
0.23,3.2,7,0.729514617863,0.141796926782,0.801274541739,0
0.231,3.2,7,0.729493348734,0.142087931745,0.801223455972,0
0.232,3.2,7,0.729475309652,0.142382842224,0.801179023151,0
0.233,3.2,7,0.729460537455,0.142681695653,0.801141348315,0
0.234,3.2,7,0.72944906898,0.142984529464,0.801110536504,0
0.235,3.2,7,0.729440941063,0.143291381092,0.801086692756,0
0.236,3.2,7,0.729436190543,0.143602287969,0.801069922112,0
0.237,3.2,7,0.729434854256,0.143917287529,0.801060329609,0
0.238,3.2,7,0.729436969039,0.144236417204,0.801058020288,0
0.225,3.21,7,0.729713793675,0.139931075854,0.801247109616,0
0.226,3.21,7,0.729676968885,0.140203103691,0.80116692174,0
0.227,3.21,7,0.729643193679,0.14047884893,0.801092874954,0
0.228,3.21,7,0.729612504893,0.140758349005,0.801025074295,0
0.229,3.21,7,0.729584939365,0.141041641348,0.800963624803,0
0.23,3.21,7,0.729560533932,0.141328763393,0.800908631517,0
0.231,3.21,7,0.729539325432,0.141619752573,0.800860199476,0
0.232,3.21,7,0.7295213507,0.141914646321,0.80081843372,0
0.233,3.21,7,0.729506646575,0.142213482069,0.800783439288,0
0.234,3.21,7,0.729495249894,0.142516297253,0.800755321219,0
0.235,3.21,7,0.729487197494,0.142823129304,0.800734184552,0
0.236,3.21,7,0.729482526212,0.143134015656,0.800720134326,0
0.237,3.21,7,0.729481272886,0.143448993742,0.80071327558,0
0.225,3.22,7,0.729763025799,0.139467437134,0.800883432066,0
0.226,3.22,7,0.729726238181,0.139739453457,0.800805802253,0
0.227,3.22,7,0.729692503868,0.140015186234,0.800734326867,0
0.228,3.22,7,0.729661859698,0.140294672897,0.800669110947,0
0.229,3.22,7,0.729634342508,0.140577950881,0.800610259533,0
0.23,3.22,7,0.729609989135,0.140865057618,0.800557877663,0
0.231,3.22,7,0.729588836416,0.141156030541,0.800512070376,0
0.232,3.22,7,0.729570921189,0.141450907083,0.800472942713,0
0.233,3.22,7,0.72955628029,0.141749724679,0.800440599712,0
0.234,3.22,7,0.729544950558,0.142052520761,0.800415146412,0
0.235,3.22,7,0.729536968828,0.142359332761,0.800396687852,0
0.236,3.22,7,0.729532371938,0.142670198115,0.800385329072,0
0.237,3.22,7,0.729531196726,0.142985154253,0.800381175111,0
0.224,3.23,7,0.729855508373,0.138739896437,0.800615999821,0
0.225,3.23,7,0.729815732891,0.139008222701,0.800534836371,0
0.226,3.23,7,0.729778977598,0.139280227036,0.800459735649,0
0.227,3.23,7,0.729745279333,0.139555946877,0.800390802691,0
0.228,3.23,7,0.729714674933,0.139835419656,0.800328142538,0
0.229,3.23,7,0.729687201235,0.140118682806,0.800271860228,0
0.23,3.23,7,0.729662895075,0.140405773761,0.800222060801,0
0.231,3.23,7,0.729641793293,0.140696729955,0.800178849297,0
0.232,3.23,7,0.729623932723,0.140991588819,0.800142330754,0
0.233,3.23,7,0.729609350205,0.141290387787,0.800112610211,0
0.234,3.23,7,0.729598082574,0.141593164294,0.800089792708,0
0.235,3.23,7,0.729590166668,0.141899955771,0.800073983283,0
0.236,3.23,7,0.729585639325,0.142210799651,0.800065286977,0
0.237,3.23,7,0.729584537382,0.142525733369,0.800063808828,0
0.223,3.24,7,0.729954317082,0.13802040705,0.800364427523,0
0.224,3.24,7,0.729911578281,0.138285082111,0.800279779828,0
0.225,3.24,7,0.729871826556,0.138553396861,0.800201103158,0
0.226,3.24,7,0.729835098743,0.138825388735,0.800128502552,0
0.227,3.24,7,0.729801431679,0.139101095166,0.80006208305,0
0.228,3.24,7,0.729770862203,0.139380553587,0.800001949691,0
0.229,3.24,7,0.72974342715,0.139663801431,0.799948207514,0
0.23,3.24,7,0.729719163358,0.139950876131,0.799900961558,0
0.231,3.24,7,0.729698107665,0.14024181512,0.799860316863,0
0.232,3.24,7,0.729680296908,0.140536655832,0.799826378467,0
0.233,3.24,7,0.729665767923,0.140835435701,0.799799251411,0
0.234,3.24,7,0.729654557549,0.141138192158,0.799779040732,0
0.235,3.24,7,0.729646702621,0.141444962637,0.79976585147,0
0.236,3.24,7,0.729642239978,0.141755784573,0.799759788665,0
0.237,3.24,7,0.729641206456,0.142070695396,0.799760957356,0
0.222,3.25,7,0.730059352396,0.13730889442,0.800128517693,0
0.223,3.25,7,0.730013674824,0.137569957134,0.800040435141,0
0.224,3.25,7,0.729970951213,0.137834621156,0.799958231914,0
0.225,3.25,7,0.729931218399,0.13810292392,0.79988201305,0
0.226,3.25,7,0.729894513219,0.13837490286,0.79981188359,0
0.227,3.25,7,0.729860872511,0.138650595407,0.799747948571,0
0.228,3.25,7,0.729830333112,0.138930038996,0.799690313033,0
0.229,3.25,7,0.729802931859,0.13921327106,0.799639082016,0
0.23,3.25,7,0.729778705589,0.139500329031,0.799594360559,0
0.231,3.25,7,0.729757691139,0.139791250344,0.7995562537,0
0.232,3.25,7,0.729739925348,0.14008607243,0.79952486648,0
0.233,3.25,7,0.729725445051,0.140384832725,0.799500303936,0
0.234,3.25,7,0.729714287086,0.14068756866,0.799482671109,0
0.235,3.25,7,0.72970648829,0.140994317668,0.799472073038,0
0.236,3.25,7,0.729702085501,0.141305117184,0.799468614761,0
0.237,3.25,7,0.729701115556,0.14162000464,0.799472401319,0
0.222,3.26,7,0.730121922992,0.136862773219,0.799816604829,0
0.223,3.26,7,0.730076252042,0.13712382537,0.799730924435,0
0.224,3.26,7,0.730033538774,0.137388477881,0.799651136703,0
0.225,3.26,7,0.729993820025,0.137656768185,0.799577346674,0
0.226,3.26,7,0.729957132632,0.137928733716,0.799509659386,0
0.227,3.26,7,0.729923513433,0.138204411906,0.799448179878,0
0.228,3.26,7,0.729892999265,0.13848384019,0.799393013189,0
0.229,3.26,7,0.729865626966,0.138767056,0.79934426436,0
0.23,3.26,7,0.729841433371,0.139054096769,0.799302038428,0
0.231,3.26,7,0.729820455319,0.139344999931,0.799266440434,0
0.232,3.26,7,0.729802729647,0.139639802919,0.799237575416,0
0.233,3.26,7,0.729788293192,0.139938543166,0.799215548413,0
0.234,3.26,7,0.729777182791,0.140241258104,0.799200464466,0
0.235,3.26,7,0.729769435281,0.140547985169,0.799192428612,0
0.236,3.26,7,0.7297650875,0.140858761791,0.799191545891,0
0.237,3.26,7,0.729764176284,0.141173625406,0.799197921343,0
0.222,3.27,7,0.730187629515,0.136420934949,0.79951898324,0
0.223,3.27,7,0.730141960339,0.136681976064,0.79943567603,0
0.224,3.27,7,0.730099252568,0.136946616589,0.799358274822,0
0.225,3.27,7,0.730059543038,0.13721489396,0.799286884654,0
0.226,3.27,7,0.730022868587,0.137486845609,0.799221610565,0
0.227,3.27,7,0.729989266051,0.13776250897,0.799162557596,0
0.228,3.27,7,0.729958772268,0.138041921475,0.799109830784,0
0.229,3.27,7,0.729931424076,0.138325120557,0.799063535169,0
0.23,3.27,7,0.729907258311,0.138612143651,0.799023775791,0
0.231,3.27,7,0.72988631181,0.138903028189,0.798990657688,0
0.232,3.27,7,0.729868621412,0.139197811604,0.7989642859,0
0.233,3.27,7,0.729854223952,0.139496531329,0.798944765466,0
0.234,3.27,7,0.729843156268,0.139799224799,0.798932201426,0
0.235,3.27,7,0.729835455198,0.140105929445,0.798926698817,0
0.236,3.27,7,0.729831157579,0.140416682701,0.79892836268,0
0.237,3.27,7,0.729830300247,0.140731522001,0.798937298054,0
0.223,3.28,7,0.730210711322,0.136244373522,0.799154470552,0
0.224,3.28,7,0.730168004201,0.136509001589,0.799079426894,0
0.225,3.28,7,0.730128299044,0.136777265553,0.799010407615,0
0.226,3.28,7,0.730091632687,0.137049202846,0.798947517754,0
0.227,3.28,7,0.730058041969,0.137324850903,0.79889086235,0
0.228,3.28,7,0.730027563725,0.137604247155,0.798840546442,0
0.229,3.28,7,0.730000234794,0.137887429037,0.79879667507,0
0.23,3.28,7,0.729976092012,0.138174433982,0.798759353273,0
0.231,3.28,7,0.729955172217,0.138465299422,0.798728686089,0
0.232,3.28,7,0.729937512246,0.138760062791,0.798704778559,0
0.233,3.28,7,0.729923148935,0.139058761522,0.798687735721,0
0.234,3.28,7,0.729912119123,0.139361433048,0.798677662615,0
0.235,3.28,7,0.729904459647,0.139668114803,0.798674664279,0
0.236,3.28,7,0.729900207343,0.139978844219,0.798678845753,0
0.237,3.28,7,0.729899399048,0.140293658731,0.798690312076,0
0.225,3.29,7,0.730199999647,0.136343847269,0.798747696183,0
0.226,3.29,7,0.730163336539,0.136615769733,0.798687161577,0
0.227,3.29,7,0.730129752792,0.136891402012,0.798632874766,0
0.228,3.29,7,0.730099285241,0.137170781539,0.79858494079,0
0.229,3.29,7,0.730071970725,0.137453945746,0.798543464688,0
0.23,3.29,7,0.73004784608,0.137740932068,0.798508551499,0
0.231,3.29,7,0.730026948144,0.138031777937,0.798480306262,0
0.232,3.29,7,0.730009313754,0.138326520786,0.798458834017,0
0.233,3.29,7,0.729994979747,0.138625198049,0.798444239802,0
0.234,3.29,7,0.72998398296,0.138927847159,0.798436628658,0
0.235,3.29,7,0.729976360231,0.139234505548,0.798436105622,0
0.236,3.29,7,0.729972148396,0.139545210652,0.798442775735,0
0.228,3.3,7,0.73017384842,0.136741488931,0.798342794453,0
0.229,3.3,7,0.730146543473,0.13702463499,0.798303684648,0
0.23,3.3,7,0.730122432119,0.137311602216,0.798271151095,0
0.231,3.3,7,0.730101551196,0.13760242804,0.798245298832,0
0.232,3.3,7,0.730083937541,0.137897149896,0.798226232899,0
0.233,3.3,7,0.730069627991,0.138195805217,0.798214058336,0
0.225,4.5,7,0.733859600621,0.104173399276,0.80217613495,0
0.226,4.5,7,0.733787561367,0.1044400323,0.802186740138,0
0.227,4.5,7,0.733719051843,0.104710260377,0.802205207064,0
0.228,4.5,7,0.733654108886,0.104984120939,0.802231640768,0
0.229,4.5,7,0.733592769333,0.105261651419,0.802266146289,0
0.23,4.5,7,0.733535070022,0.10554288925,0.802308828666,0
0.231,4.5,7,0.733481047789,0.105827871866,0.802359792938,0
0.232,4.5,7,0.733430739472,0.1061166367,0.802419144145,0
0.233,4.5,7,0.733384181909,0.106409221185,0.802486987324,0
0.234,4.5,7,0.733341411935,0.106705662755,0.802563427517,0
0.235,4.5,7,0.733302466389,0.107005998841,0.802648569762,0
0.236,4.5,7,0.733267382107,0.107310266879,0.802742519098,0
0.237,4.5,7,0.733236195928,0.1076185043,0.802845380564,0
0.238,4.5,7,0.733208944687,0.107930748539,0.8029572592,0
0.239,4.5,7,0.733185665223,0.108247037028,0.803078260045,0
0.24,4.5,7,0.733166394372,0.1085674072,0.803208488138,0
0.241,4.5,7,0.733151168972,0.108891896489,0.803348048517,0
0.242,4.5,7,0.733140025859,0.109220542328,0.803497046224,0
0.243,4.5,7,0.733133001872,0.10955338215,0.803655586295,0
0.244,4.5,7,0.733130133846,0.109890453388,0.803823773772,0
0.227,3.33,8,0.728946912952,0.140246721677,0.806442230832,0
0.228,3.33,8,0.72891624765,0.140570376458,0.806420124208,0
0.229,3.33,8,0.728888878018,0.14089808283,0.806404380533,0
0.23,3.33,8,0.728864840894,0.141229878223,0.806395104846,0
0.231,3.33,8,0.728844173115,0.141565800073,0.806392402186,0
0.232,3.33,8,0.728826911518,0.141905885812,0.806396377592,0
0.233,3.33,8,0.728813092939,0.142250172874,0.806407136104,0
0.234,3.33,8,0.728802754217,0.142598698691,0.806424782761,0
0.235,3.33,8,0.728795932189,0.142951500696,0.806449422601,0
0.222,3.34,8,0.729234177378,0.138276158488,0.806438978778,0
0.223,3.34,8,0.729187394327,0.138580093962,0.806388747018,0
0.224,3.34,8,0.729143726481,0.138887892912,0.806344366349,0
0.225,3.34,8,0.729103210679,0.139199592769,0.806305941811,0
0.226,3.34,8,0.729065883758,0.139515230969,0.806273578442,0
0.227,3.34,8,0.729031782555,0.139834844942,0.806247381281,0
0.228,3.34,8,0.729000943907,0.140158472124,0.806227455369,0
0.229,3.34,8,0.728973404652,0.140486149947,0.806213905744,0
0.23,3.34,8,0.728949201626,0.140817915844,0.806206837445,0
0.231,3.34,8,0.728928371667,0.141153807249,0.806206355511,0
0.232,3.34,8,0.728910951612,0.141493861594,0.806212564982,0
0.233,3.34,8,0.728896978297,0.141838116313,0.806225570898,0
0.234,3.34,8,0.728886488562,0.142186608839,0.806245478296,0
0.235,3.34,8,0.728879519242,0.142539376606,0.806272392217,0
0.236,3.34,8,0.728876107174,0.142896457046,0.806306417699,0
0.219,3.35,8,0.729481991922,0.136979478698,0.806424795794,0
0.22,3.35,8,0.729425876305,0.13727202786,0.806359686028,0
0.221,3.35,8,0.729372769106,0.13756832725,0.806300125574,0
0.222,3.35,8,0.72932270716,0.137868414299,0.806246219471,0
0.223,3.35,8,0.729275727306,0.138172326442,0.806198072758,0
0.224,3.35,8,0.72923186638,0.138480101112,0.806155790474,0
0.225,3.35,8,0.72919116122,0.138791775741,0.80611947766,0
0.226,3.35,8,0.729153648662,0.139107387764,0.806089239353,0
0.227,3.35,8,0.729119365545,0.139426974613,0.806065180593,0
0.228,3.35,8,0.729088348705,0.139750573721,0.80604740642,0
0.229,3.35,8,0.729060634979,0.140078222522,0.806036021872,0
0.23,3.35,8,0.729036261205,0.140409958449,0.806031131989,0
0.231,3.35,8,0.72901526422,0.140745818934,0.806032841809,0
0.232,3.35,8,0.728997680861,0.141085841412,0.806041256373,0
0.233,3.35,8,0.728983547965,0.141430063316,0.806056480719,0
0.234,3.35,8,0.728972902369,0.141778522078,0.806078619887,0
0.235,3.35,8,0.728965780912,0.142131255131,0.806107778915,0
0.236,3.35,8,0.728962220429,0.14248829991,0.806144062843,0
0.217,3.36,8,0.729695344134,0.136001815008,0.806380977851,0
0.218,3.36,8,0.729633101936,0.136286956953,0.806307073962,0
0.219,3.36,8,0.729573798203,0.136575773311,0.806238522644,0
0.22,3.36,8,0.729517469772,0.136868301514,0.806175428937,0
0.221,3.36,8,0.72946415348,0.137164578995,0.806117897881,0
0.222,3.36,8,0.729413886164,0.137464643189,0.806066034514,0
0.223,3.36,8,0.729366704661,0.137768531527,0.806019943876,0
0.224,3.36,8,0.729322645808,0.138076281443,0.805979731005,0
0.225,3.36,8,0.729281746443,0.138387930371,0.805945500942,0
0.226,3.36,8,0.729244043404,0.138703515743,0.805917358725,0
0.227,3.36,8,0.729209573526,0.139023074994,0.805895409394,0
0.228,3.36,8,0.729178373647,0.139346645555,0.805879757987,0
0.229,3.36,8,0.729150480605,0.13967426486,0.805870509544,0
0.23,3.36,8,0.729125931237,0.140005970343,0.805867769104,0
0.231,3.36,8,0.72910476238,0.140341799436,0.805871641706,0
0.232,3.36,8,0.729087010871,0.140681789573,0.80588223239,0
0.233,3.36,8,0.729072713547,0.141025978187,0.805899646194,0
0.234,3.36,8,0.729061907245,0.141374402712,0.805923988158,0
0.235,3.36,8,0.729054628804,0.141727100579,0.805955363322,0
0.236,3.36,8,0.729050915059,0.142084109224,0.805993876723,0
0.214,3.37,8,0.729994858924,0.134768387669,0.806450187943,0
0.215,3.37,8,0.729923786084,0.135042714286,0.806362776968,0
0.216,3.37,8,0.72985554492,0.135320602068,0.806280416786,0
0.217,3.37,8,0.729790172268,0.135602088446,0.806203212435,0
0.218,3.37,8,0.729727704966,0.135887210856,0.806131268956,0
0.219,3.37,8,0.72966817985,0.136176006729,0.806064691387,0
0.22,3.37,8,0.729611633758,0.136468513499,0.806003584767,0
0.221,3.37,8,0.729558103526,0.136764768599,0.805948054136,0
0.222,3.37,8,0.729507625993,0.137064809462,0.805898204533,0
0.223,3.37,8,0.729460237996,0.137368673522,0.805854140997,0
0.224,3.37,8,0.72941597637,0.137676398212,0.805815968567,0
0.225,3.37,8,0.729374877955,0.137988020964,0.805783792283,0
0.226,3.37,8,0.729336979587,0.138303579213,0.805757717183,0
0.227,3.37,8,0.729302318102,0.138623110391,0.805737848307,0
0.228,3.37,8,0.72927093034,0.138946651932,0.805724290694,0
0.229,3.37,8,0.729242853135,0.139274241268,0.805717149383,0
0.23,3.37,8,0.729218123327,0.139605915833,0.805716529414,0
0.231,3.37,8,0.729196777751,0.139941713061,0.805722535826,0
0.232,3.37,8,0.729178853246,0.140281670383,0.805735273657,0
0.233,3.37,8,0.729164386648,0.140625825235,0.805754847947,0
0.234,3.37,8,0.729153414794,0.140974215048,0.805781363735,0
0.235,3.37,8,0.729145974522,0.141326877256,0.805814926061,0
0.236,3.37,8,0.72914210267,0.141683849292,0.805855639964,0
0.213,3.38,8,0.730167008423,0.134101832833,0.806369467351,0
0.214,3.38,8,0.730092895906,0.134372619503,0.806278988707,0
0.215,3.38,8,0.73002158195,0.134646928956,0.806193469155,0
0.216,3.38,8,0.72995310339,0.134924798625,0.806113013734,0
0.217,3.38,8,0.729887497065,0.135206265943,0.806037727483,0
0.218,3.38,8,0.729824799811,0.135491368342,0.805967715442,0
0.219,3.38,8,0.729765048466,0.135780143257,0.805903082649,0
0.22,3.38,8,0.729708279867,0.136072628121,0.805843934144,0
0.221,3.38,8,0.72965453085,0.136368860366,0.805790374966,0
0.222,3.38,8,0.729603838254,0.136668877426,0.805742510154,0
0.223,3.38,8,0.729556238916,0.136972716734,0.805700444747,0
0.224,3.38,8,0.729511769672,0.137280415723,0.805664283785,0
0.225,3.38,8,0.72947046736,0.137592011827,0.805634132307,0
0.226,3.38,8,0.729432368817,0.137907542478,0.805610095352,0
0.227,3.38,8,0.72939751088,0.138227045111,0.805592277959,0
0.228,3.38,8,0.729365930386,0.138550557157,0.805580785168,0
0.229,3.38,8,0.729337664173,0.138878116051,0.805575722017,0
0.23,3.38,8,0.729312749078,0.139209759225,0.805577193546,0
0.231,3.38,8,0.729291221938,0.139545524113,0.805585304794,0
0.232,3.38,8,0.729273119591,0.139885448148,0.8056001608,0
0.233,3.38,8,0.729258478872,0.140229568763,0.805621866604,0
0.234,3.38,8,0.729247336621,0.140577923391,0.805650527244,0
0.235,3.38,8,0.729239729673,0.140930549466,0.80568624776,0
0.211,3.39,8,0.730424701797,0.133178826948,0.806400323208,0
0.212,3.39,8,0.730344845543,0.13344266556,0.806302063933,0
0.213,3.39,8,0.730267717896,0.133709951141,0.80620856701,0
0.214,3.39,8,0.730193355694,0.133980721122,0.806119937478,0
0.215,3.39,8,0.730121795774,0.134255012937,0.806036280376,0
0.216,3.39,8,0.730053074973,0.13453286402,0.805957700744,0
0.217,3.39,8,0.729987230128,0.134814311802,0.80588430362,0
0.218,3.39,8,0.729924298077,0.135099393719,0.805816194043,0
0.219,3.39,8,0.729864315657,0.135388147202,0.805753477054,0
0.22,3.39,8,0.729807319704,0.135680609686,0.805696257691,0
0.221,3.39,8,0.729753347057,0.135976818602,0.805644640993,0
0.222,3.39,8,0.729702434552,0.136276811385,0.805598732,0
0.223,3.39,8,0.729654619026,0.136580625468,0.805558635751,0
0.224,3.39,8,0.729609937317,0.136888298284,0.805524457284,0
0.225,3.39,8,0.729568426262,0.137199867265,0.80549630164,0
0.226,3.39,8,0.729530122698,0.137515369846,0.805474273857,0
0.227,3.39,8,0.729495063462,0.137834843459,0.805458478975,0
0.228,3.39,8,0.729463285392,0.138158325538,0.805449022033,0
0.229,3.39,8,0.729434825325,0.138485853516,0.805446008069,0
0.23,3.39,8,0.729409720097,0.138817464826,0.805449542124,0
0.231,3.39,8,0.729388006547,0.139153196901,0.805459729236,0
0.232,3.39,8,0.729369721511,0.139493087174,0.805476674444,0
0.233,3.39,8,0.729354901826,0.139837173079,0.805500482789,0
0.234,3.39,8,0.72934358433,0.140185492049,0.805531259308,0
0.235,3.39,8,0.72933580586,0.140538081517,0.805569109042,0
0.21,3.4,8,0.730611084478,0.132530396539,0.806348916671,0
0.211,3.4,8,0.730528270756,0.1327908113,0.806247780208,0
0.212,3.4,8,0.730448152526,0.133054634647,0.806151314396,0
0.213,3.4,8,0.730370766625,0.133321904013,0.806059624274,0
0.214,3.4,8,0.730296149892,0.133592656831,0.805972814881,0
0.215,3.4,8,0.730224339162,0.133866930535,0.805890991256,0
0.216,3.4,8,0.730155371273,0.134144762558,0.80581425844,0
0.217,3.4,8,0.730089283063,0.134426190332,0.80574272147,0
0.218,3.4,8,0.730026111368,0.134711251292,0.805676485387,0
0.219,3.4,8,0.729965893027,0.13499998287,0.805615655229,0
0.22,3.4,8,0.729908664875,0.1352924225,0.805560336035,0
0.221,3.4,8,0.72985446375,0.135588607615,0.805510632845,0
0.222,3.4,8,0.72980332649,0.135888575647,0.805466650698,0
0.223,3.4,8,0.729755289931,0.136192364031,0.805428494633,0
0.224,3.4,8,0.729710390911,0.136500010199,0.80539626969,0
0.225,3.4,8,0.729668666267,0.136811551585,0.805370080907,0
0.226,3.4,8,0.729630152836,0.137127025622,0.805350033324,0
0.227,3.4,8,0.729594887455,0.137446469742,0.80533623198,0
0.228,3.4,8,0.729562906962,0.13776992138,0.805328781914,0
0.229,3.4,8,0.729534248194,0.138097417968,0.805327788165,0
0.23,3.4,8,0.729508947988,0.13842899694,0.805333355773,0
0.231,3.4,8,0.729487043181,0.138764695728,0.805345589777,0
0.232,3.4,8,0.72946857061,0.139104551766,0.805364595215,0
0.233,3.4,8,0.729453567113,0.139448602488,0.805390477128,0
0.234,3.4,8,0.729442069526,0.139796885326,0.805423340554,0
0.212,3.41,8,0.730553715216,0.132670403076,0.80601233206,0
0.213,3.41,8,0.730476066215,0.132937655754,0.805922419766,0
0.214,3.41,8,0.730401190104,0.133208390936,0.80583740154,0
0.215,3.41,8,0.730329123718,0.133482646055,0.805757382421,0
0.216,3.41,8,0.730259903896,0.133760458545,0.805682467448,0
0.217,3.41,8,0.730193567474,0.134041865838,0.80561276166,0
0.218,3.41,8,0.73013015129,0.134326905368,0.805548370097,0
0.219,3.41,8,0.730069692181,0.134615614567,0.805489397797,0
0.22,3.41,8,0.730012226983,0.13490803087,0.805435949801,0
0.221,3.41,8,0.729957792535,0.135204191709,0.805388131146,0
0.222,3.41,8,0.729906425673,0.135504134518,0.805346046873,0
0.223,3.41,8,0.729858163235,0.135807896729,0.80530980202,0
0.224,3.41,8,0.729813042058,0.136115515776,0.805279501627,0
0.225,3.41,8,0.729771098979,0.136427029093,0.805255250733,0
0.226,3.41,8,0.729732370835,0.136742474111,0.805237154377,0
0.227,3.41,8,0.729696894463,0.137061888266,0.805225317599,0
0.228,3.41,8,0.729664706701,0.137385308989,0.805219845437,0
0.229,3.41,8,0.729635844386,0.137712773713,0.80522084293,0
0.23,3.41,8,0.729610344355,0.138044319874,0.805228415119,0
0.231,3.41,8,0.729588243445,0.138379984902,0.805242667042,0
0.232,3.41,8,0.729569578494,0.138719806232,0.805263703738,0
0.233,3.41,8,0.729554386338,0.139063821296,0.805291630246,0
0.234,3.41,8,0.729542703815,0.139412067529,0.805326551606,0
0.213,3.42,8,0.730583528271,0.132557170672,0.805796734113,0
0.214,3.42,8,0.730508387936,0.132827887744,0.805713478081,0
0.215,3.42,8,0.730436061048,0.133102123805,0.805635234494,0
0.216,3.42,8,0.730366584446,0.133379916288,0.805562108392,0
0.217,3.42,8,0.730299994966,0.133661302625,0.805494204814,0
0.218,3.42,8,0.730236329446,0.133946320251,0.805431628798,0
0.219,3.42,8,0.730175624723,0.134235006599,0.805374485385,0
0.22,3.42,8,0.730117917634,0.134527399101,0.805322879613,0
0.221,3.42,8,0.730063245017,0.134823535191,0.805276916521,0
0.222,3.42,8,0.730011643707,0.135123452302,0.805236701149,0
0.223,3.42,8,0.729963150544,0.135427187867,0.805202338536,0
0.224,3.42,8,0.729917802363,0.13573477932,0.805173933721,0
0.225,3.42,8,0.729875636003,0.136046264094,0.805151591744,0
0.226,3.42,8,0.7298366883,0.136361679621,0.805135417643,0
0.227,3.42,8,0.729800996091,0.136681063335,0.805125516457,0
0.228,3.42,8,0.729768596214,0.13700445267,0.805121993227,0
0.229,3.42,8,0.729739525506,0.137331885058,0.80512495299,0
0.23,3.42,8,0.729713820804,0.137663397933,0.805134500787,0
0.231,3.42,8,0.729691518945,0.137999028728,0.805150741656,0
0.232,3.42,8,0.729672656767,0.138338814876,0.805173780637,0
0.233,3.42,8,0.729657271106,0.13868279381,0.805203722769,0
0.214,3.43,8,0.730617654992,0.132451111561,0.805600825129,0
0.215,3.43,8,0.730545062756,0.132725328089,0.805524328102,0
0.216,3.43,8,0.730475324528,0.133003100092,0.805452961899,0
0.217,3.43,8,0.730408477144,0.133284465,0.805386831557,0
0.218,3.43,8,0.730344557443,0.133569460249,0.805326042117,0
0.219,3.43,8,0.73028360226,0.133858123271,0.805270698617,0
0.22,3.43,8,0.730225648433,0.134150491499,0.805220906097,0
0.221,3.43,8,0.7301707328,0.134446602366,0.805176769596,0
0.222,3.43,8,0.730118892197,0.134746493306,0.805138394153,0
0.223,3.43,8,0.730070163462,0.135050201752,0.805105884807,0
0.224,3.43,8,0.730024583432,0.135357765137,0.805079346598,0
0.225,3.43,8,0.729982188944,0.135669220894,0.805058884564,0
0.226,3.43,8,0.729943016835,0.135984606457,0.805044603745,0
0.227,3.43,8,0.729907103943,0.136303959258,0.80503660918,0
0.228,3.43,8,0.729874487105,0.136627316731,0.805035005908,0
0.229,3.43,8,0.729845203158,0.136954716309,0.805039898969,0
0.23,3.43,8,0.729819288939,0.137286195425,0.805051393402,0
0.231,3.43,8,0.729796781285,0.137621791513,0.805069594245,0
0.232,3.43,8,0.729777717034,0.137961542005,0.805094606538,0
0.216,3.44,8,0.730586035747,0.132629974263,0.805354808593,0
0.217,3.44,8,0.730518925613,0.13291131727,0.805290422516,0
0.218,3.44,8,0.730454746883,0.133196289667,0.805231390678,0
0.219,3.44,8,0.730393536395,0.13348492889,0.80517781812,0
0.22,3.44,8,0.730335330984,0.13377727237,0.805129809879,0
0.221,3.44,8,0.730280167489,0.134073357542,0.805087470996,0
0.222,3.44,8,0.730228082746,0.134373221837,0.805050906509,0
0.223,3.44,8,0.730179113594,0.13467690269,0.805020221457,0
0.224,3.44,8,0.730133296868,0.134984437533,0.804995520881,0
0.225,3.44,8,0.730090669407,0.1352958638,0.804976909818,0
0.226,3.44,8,0.730051268047,0.135611218925,0.804964493309,0
0.227,3.44,8,0.730015129625,0.135930540339,0.804958376392,0
0.228,3.44,8,0.72998229098,0.136253865477,0.804958664107,0
0.229,3.44,8,0.729952788947,0.136581231771,0.804965461493,0
0.23,3.44,8,0.729926660365,0.136912676655,0.804978873589,0
0.231,3.44,8,0.72990394207,0.137248237562,0.804999005434,0
0.232,3.44,8,0.7298846709,0.137587951925,0.805025962067,0
0.218,3.45,8,0.730566809373,0.132826772812,0.805147455107,0
0.219,3.45,8,0.730505338733,0.133115387762,0.805095624517,0
0.22,3.45,8,0.730446876892,0.133407706021,0.805049371583,0
0.221,3.45,8,0.730391460689,0.133703765022,0.805008801345,0
0.222,3.45,8,0.730339126961,0.1340036022,0.804974018842,0
0.223,3.45,8,0.730289912544,0.134307254986,0.804945129113,0
0.224,3.45,8,0.730243854277,0.134614760814,0.804922237197,0
0.225,3.45,8,0.730200988996,0.134926157118,0.804905448133,0
0.226,3.45,8,0.730161353538,0.13524148133,0.804894866961,0
0.227,3.45,8,0.730124984741,0.135560770884,0.80489059872,0
0.228,3.45,8,0.730091919442,0.135884063213,0.804892748449,0
0.229,3.45,8,0.730062194478,0.13621139575,0.804901421187,0
0.23,3.45,8,0.730035846687,0.136542805929,0.804916721973,0
0.231,3.45,8,0.730012912905,0.136878331181,0.804938755847,0
0.22,3.46,8,0.730560197762,0.133041756757,0.804979371835,0
0.221,3.46,8,0.730504524005,0.133337789115,0.80494054127,0
0.222,3.46,8,0.730451936445,0.133637598701,0.804907511778,0
0.223,3.46,8,0.730402471918,0.133941222947,0.804880388398,0
0.224,3.46,8,0.730356167263,0.134248699287,0.80485927617,0
0.225,3.46,8,0.730313059316,0.134560065153,0.804844280133,0
0.226,3.46,8,0.730273184915,0.13487535798,0.804835505326,0
0.227,3.46,8,0.730236580896,0.1351946152,0.804833056788,0
0.228,3.46,8,0.730203284098,0.135517874247,0.804837039558,0
0.229,3.46,8,0.730173331356,0.135845172553,0.804847558676,0
0.23,3.46,8,0.730146759509,0.136176547552,0.80486471918,0
0.231,3.46,8,0.730123605394,0.136512036677,0.804888626111,0
0.228,3.47,8,0.730316296551,0.135155262883,0.80479131806,0
0.229,3.47,8,0.730286111186,0.135482526485,0.804803654585,0
0.231,3.07,10,0.720229088093,0.157984213125,0.819279696696,3.09021830626e-05
0.232,3.07,10,0.720227154391,0.158404332019,0.819262665816,0.000109662342516
0.233,3.07,10,0.720228822429,0.1588292183,0.819251774687,0
0.229,3.08,10,0.720248838391,0.156635360244,0.818709631596,0
0.23,3.08,10,0.720239452199,0.157046022465,0.81868348429,6.95238744576e-05
0.231,3.08,10,0.720233597795,0.157461376258,0.818663279995,0.000312061688318
0.232,3.08,10,0.720231312017,0.157881459057,0.81864912375,0.000258150153484
0.233,3.08,10,0.720232631702,0.158306308295,0.818641120594,0
0.234,3.08,10,0.720237593687,0.158735961404,0.818639375566,0
0.227,3.09,10,0.720289643382,0.155310216047,0.818170420733,0
0.228,3.09,10,0.720272932315,0.155711574649,0.818135494833,0
0.229,3.09,10,0.720259683084,0.156117549008,0.818106315203,0.000117589711259
0.23,3.09,10,0.720249932526,0.156528176558,0.818082986883,0.000336480209015
0.231,3.09,10,0.720243717479,0.156943494731,0.818065614912,0.000379061071005
0.232,3.09,10,0.720241074779,0.157363540962,0.818054304329,0.000308910189836
0.233,3.09,10,0.720242041265,0.157788352683,0.818049160174,0
0.226,3.1,10,0.720327285388,0.15440064487,0.817617971651,0
0.227,3.1,10,0.720306768944,0.154797392848,0.817580154517,4.49041502087e-06
0.228,3.1,10,0.72028968122,0.155198718202,0.817547991953,0.000169605053647
0.229,3.1,10,0.720276059055,0.155604658365,0.817521588998,0.00034412180403
0.23,3.1,10,0.720265939286,0.156015250769,0.817501050691,0.000368436774241
0.231,3.1,10,0.720259358749,0.156430532849,0.817486482071,0.000390980167236
0.232,3.1,10,0.720256354282,0.156850542038,0.817477988179,0.000356208211556
0.233,3.1,10,0.720256962722,0.157275315768,0.817475674051,0
0.224,3.11,10,0.720402202067,0.15311288943,0.817130188951,0
0.225,3.11,10,0.720374546024,0.15350056408,0.817084072144,0
0.226,3.11,10,0.72035024875,0.15389274029,0.817043413167,1.89917052305e-05
0.227,3.11,10,0.720329347081,0.154289455495,0.817008317059,0.000214885111829
0.228,3.11,10,0.720311877856,0.154690747127,0.816978888859,0.00033784631747
0.229,3.11,10,0.720297877911,0.15509665262,0.816955233606,0.000358210195604
0.23,3.11,10,0.720287384084,0.155507209406,0.81693745634,0.000380131707255
0.231,3.11,10,0.720280433211,0.155922454919,0.816925662099,0.000403760788644
0.232,3.11,10,0.72027706213,0.156342426592,0.816919955924,0.000399577292699
0.222,3.12,10,0.720497373,0.151847964627,0.816671420942,0
0.223,3.12,10,0.720462704973,0.152226719002,0.816617342292,0
0.224,3.12,10,0.720431325762,0.152609899123,0.816568524733,0
0.225,3.12,10,0.720403272204,0.152997542423,0.816525073302,3.95787359381e-05
0.226,3.12,10,0.720378581138,0.153389686336,0.81648709304,0.00024636970177
0.227,3.12,10,0.720357289399,0.153786368294,0.816454688984,0.000328551491816
0.228,3.12,10,0.720339433826,0.154187625731,0.816427966176,0.000348363193293
0.229,3.12,10,0.720325051255,0.154593496079,0.816407029653,0.000369689259963
0.23,3.12,10,0.720314178524,0.155004016774,0.816391984454,0.000392675390805
0.231,3.12,10,0.720306852469,0.155419225246,0.81638293562,0.000417484367885
0.232,3.12,10,0.720303109928,0.15583915893,0.81637998819,0.000438310114562
0.233,3.12,10,0.720302987739,0.156263855259,0.816383247201,0
0.221,3.13,10,0.720570936439,0.150975513916,0.816179239168,0
0.222,3.13,10,0.720532602906,0.151349851,0.816122600857,0
0.223,3.13,10,0.720497525074,0.151728575449,0.816071131935,0
0.224,3.13,10,0.720465739781,0.152111724694,0.816024937441,6.39388614262e-05
0.225,3.13,10,0.720437283863,0.152499336171,0.815984122414,0.000265875684332
0.226,3.13,10,0.720412194158,0.152891447312,0.815948791893,0.00031959586761
0.227,3.13,10,0.720390507503,0.15328809555,0.815919050918,0.000338878605857
0.228,3.13,10,0.720372260736,0.153689318318,0.815895004529,0.00035963442934
0.229,3.13,10,0.720357490692,0.154095153049,0.815876757763,0.000382005012459
0.23,3.13,10,0.720346234211,0.154505637178,0.81586441566,0.000406148634747
0.231,3.13,10,0.720338528128,0.154920808136,0.81585808326,0.000432242496961
0.232,3.13,10,0.720334409282,0.155340703358,0.815857865601,0.000460485413353
0.233,3.13,10,0.720333914508,0.155765360276,0.815863867724,1.14734235586e-05
0.219,3.14,10,0.720698931072,0.149746605122,0.815769036978,0
0.22,3.14,10,0.720653770831,0.150112252222,0.815704915746,0
0.221,3.14,10,0.720611796339,0.150482210872,0.815645767163,0
0.222,3.14,10,0.720573044433,0.150856518504,0.815591696269,0
0.223,3.14,10,0.72053755195,0.151235212553,0.815542808101,9.01622402498e-05
0.224,3.14,10,0.720505355728,0.15161833045,0.8154992077,0.000276100051409
0.225,3.14,10,0.720476492604,0.15200590963,0.815461000104,0.000310964260386
0.226,3.14,10,0.720450999415,0.152397987525,0.815428290353,0.00032974018846
0.227,3.14,10,0.720428912997,0.152794601569,0.815401183486,0.00034994981276
0.228,3.14,10,0.72041027019,0.153195789195,0.815379784543,0.00037173098467
0.229,3.14,10,0.720395107828,0.153601587836,0.815364198562,0.000395237709355
0.23,3.14,10,0.72038346275,0.154012034925,0.815354530582,0.000420642397242
0.231,3.14,10,0.720375371794,0.154427167896,0.815350885643,0.00044813848291
0.232,3.14,10,0.720370871795,0.154847024182,0.815353368785,0.000477943478129
0.233,3.14,10,0.720369999592,0.155271641215,0.815362085045,2.23204624306e-05
0.217,3.15,10,0.720846379519,0.148539648919,0.81538600993,0
0.218,3.15,10,0.720794520185,0.148896759089,0.815314743608,0
0.219,3.15,10,0.720745776647,0.149258104993,0.815248253196,0
0.22,3.15,10,0.720700185744,0.149623724065,0.815186643731,0
0.221,3.15,10,0.720657784311,0.149993653738,0.815130020253,0
0.222,3.15,10,0.720618609186,0.150367931445,0.815078487802,0.000116688992684
0.223,3.15,10,0.720582697207,0.15074659462,0.815032151416,0.000279309285904
0.224,3.15,10,0.72055008521,0.151129680696,0.814991116135,0.000302642277754
0.225,3.15,10,0.720520810033,0.151517227105,0.814955486998,0.000320932554546
0.226,3.15,10,0.720494908513,0.151909271281,0.814925369044,0.000340618937637
0.227,3.15,10,0.720472417487,0.152305850658,0.814900867313,0.000361835648163
0.228,3.15,10,0.720453373793,0.152707002668,0.814882086843,0.00038473263251
0.229,3.15,10,0.720437814267,0.153112764745,0.814869132674,0.000409477756098
0.23,3.15,10,0.720425775747,0.153523174322,0.814862109845,0.000436259351304
0.231,3.15,10,0.72041729507,0.153938268831,0.814861123396,0.00046528919046
0.232,3.15,10,0.720412409073,0.154358085707,0.814866278364,0.000496805961795
0.233,3.15,10,0.720411154593,0.154782662382,0.814877679791,2.51191640814e-05
0.216,3.16,10,0.720954541618,0.1477030279,0.81495135865,0
0.217,3.16,10,0.720899156649,0.148055914112,0.814877864238,0
0.218,3.16,10,0.720846854361,0.148412997677,0.814809054034,0
0.219,3.16,10,0.720797671592,0.148774316028,0.814745033077,0
0.22,3.16,10,0.720751645179,0.149139906598,0.814685906406,3.06698249264e-06
0.221,3.16,10,0.720708811959,0.149509806821,0.814631779061,0.000141057510246
0.222,3.16,10,0.72066920877,0.14988405413,0.814582756081,0.000277394057579
0.223,3.16,10,0.720632872447,0.150262685958,0.814538942505,0.000294616268521
0.224,3.16,10,0.72059983983,0.150645739738,0.814500443372,0.00031244111988
0.225,3.16,10,0.720570147754,0.151033252903,0.814467363721,0.000331626202216
0.226,3.16,10,0.720543833057,0.151425262887,0.814439808592,0.000352302288138
0.227,3.16,10,0.720520932577,0.151821807123,0.814417883024,0.000374615472038
0.228,3.16,10,0.72050148315,0.152222923043,0.814401692055,0.000398729306263
0.229,3.16,10,0.720485521613,0.152628648082,0.814391340726,0.000424827285172
0.23,3.16,10,0.720473084805,0.153039019673,0.814386934075,0.000453115741125
0.231,3.16,10,0.720464209561,0.153454075248,0.814388577142,0.000483827232109
0.232,3.16,10,0.72045893272,0.15387385224,0.814396374965,0.000517224516425
0.233,3.16,10,0.720457291118,0.154298388084,0.814410432585,1.87086221327e-05
0.215,3.17,10,0.721071626991,0.14687529453,0.814533874498,0
0.216,3.17,10,0.721012740934,0.14722399564,0.814458201386,0
0.217,3.17,10,0.720956904444,0.147576855722,0.81438712078,0
0.218,3.17,10,0.720904154357,0.147933912208,0.814320737721,0
0.219,3.17,10,0.720854527511,0.148295202532,0.814259157248,8.41783239336e-06
0.22,3.17,10,0.720808060743,0.148660764128,0.814202484399,0.000160704891752
0.221,3.17,10,0.720764790889,0.149030634427,0.814150824214,0.000270706131344
0.222,3.17,10,0.720724754789,0.149404850863,0.814104281733,0.000286873274178
0.223,3.17,10,0.720687989277,0.14978345087,0.814062961994,0.000304252051659
0.224,3.17,10,0.720654531193,0.150166471881,0.814026970036,0.000322956819333
0.225,3.17,10,0.720624417372,0.150553951329,0.813996410899,0.00034311507529
0.226,3.17,10,0.720597684652,0.150945926647,0.813971389622,0.000364869257541
0.227,3.17,10,0.720574369871,0.151342435269,0.813952011244,0.000388378827342
0.228,3.17,10,0.720554509865,0.151743514627,0.813938380804,0.000413822691864
0.229,3.17,10,0.720538141472,0.152149202154,0.813930603342,0.000441402028712
0.23,3.17,10,0.720525301529,0.152559535285,0.813928783897,0.000471343590722
0.231,3.17,10,0.720516026873,0.152974551452,0.813933027508,0.000503903582023
0.232,3.17,10,0.720510354341,0.153394288088,0.813943439213,0.000536083060074
0.233,3.17,10,0.720508320771,0.153818782626,0.813960124054,4.99672861892e-06
0.214,3.18,10,0.721197536112,0.146056374255,0.814133359993,0
0.215,3.18,10,0.721135173515,0.146400929121,0.81405555757,0
0.216,3.18,10,0.721075827368,0.146749604576,0.813982255953,0
0.217,3.18,10,0.72101953451,0.147102438055,0.813913560182,0
0.218,3.18,10,0.720966331778,0.147459466989,0.813849575296,1.45700992996e-05
0.219,3.18,10,0.720916256008,0.147820728813,0.813790406333,0.000174474005913
0.22,3.18,10,0.720869344039,0.148186260959,0.813736158334,0.000263631493358
0.221,3.18,10,0.720825632706,0.148556100861,0.813686936337,0.000279400984413
0.222,3.18,10,0.720785158848,0.148930285952,0.813642845381,0.000296352220165
0.223,3.18,10,0.720747959301,0.149308853665,0.813603990507,0.000314596765265
0.224,3.18,10,0.720714070904,0.149691841433,0.813570476752,0.000334259009285
0.225,3.18,10,0.720683530492,0.15007928669,0.813542409156,0.000355477920634
0.226,3.18,10,0.720656374903,0.150471226869,0.813519892758,0.0003784090807
0.227,3.18,10,0.720632640975,0.150867699402,0.813503032599,0.000403227048779
0.228,3.18,10,0.720612365544,0.151268741724,0.813491933715,0.000430128119706
0.229,3.18,10,0.720595585448,0.151674391266,0.813486701148,0.000459333550268
0.23,3.18,10,0.720582337525,0.152084685464,0.813487439936,0.000491093344487
0.231,3.18,10,0.72057265861,0.152499661749,0.813494255118,0.000525690710316
0.232,3.18,10,0.720566585541,0.152919357555,0.813507251734,0.000536287544401
0.233,3.18,10,0.720564155157,0.153343810315,0.813526534822,0
0.213,3.19,10,0.721332169453,0.145246192524,0.813749617652,0
0.214,3.19,10,0.721266354861,0.145586640002,0.813669735309,0
0.215,3.19,10,0.721203523606,0.145931169688,0.813594262071,0
0.216,3.19,10,0.721143712524,0.146279819015,0.813523302978,0
0.217,3.19,10,0.721086958452,0.146632625416,0.813456963069,2.07327829335e-05
0.218,3.19,10,0.721033298228,0.146989626325,0.813395347382,0.000183473124299
0.219,3.19,10,0.720982768689,0.147350859175,0.813338560958,0.000256799440848
0.22,3.19,10,0.720935406672,0.147716361399,0.813286708836,0.000272187694857
0.221,3.19,10,0.720891249014,0.14808617043,0.813239896054,0.000288729153359
0.222,3.19,10,0.720850332552,0.148460323702,0.813198227652,0.000306532731036
0.223,3.19,10,0.720812694124,0.148838858647,0.813161808669,0.000325719866926
0.224,3.19,10,0.720778370567,0.149221812699,0.813130744145,0.000346426238584
0.225,3.19,10,0.720747398718,0.149609223292,0.813105139118,0.000368803748934
0.226,3.19,10,0.720719815415,0.150001127857,0.813085098627,0.000393022837866
0.227,3.19,10,0.720695657493,0.150397563829,0.813070727713,0.000419275176905
0.228,3.19,10,0.720674961792,0.150798568641,0.813062131414,0.000447776822321
0.229,3.19,10,0.720657765147,0.151204179725,0.813059414768,0.00047877191534
0.23,3.19,10,0.720644104396,0.151614434516,0.813062682817,0.000512537037975
0.231,3.19,10,0.720634016377,0.152029370445,0.813072040598,0.000549386360295
0.232,3.19,10,0.720627537926,0.152449024948,0.813087593151,0.000520316153576
0.233,3.19,10,0.72062470588,0.152873435456,0.813109445515,0
0.212,3.2,10,0.721475427485,0.144444674785,0.813382449996,0
0.213,3.2,10,0.721406185447,0.144781053732,0.813300537122,0
0.214,3.2,10,0.72133989363,0.145121476504,0.813222941653,0
0.215,3.2,10,0.72127658887,0.145465980536,0.813149768627,0
0.216,3.2,10,0.721216308006,0.145814603261,0.813081123085,2.63036176088e-05
0.217,3.2,10,0.721159087875,0.146167382112,0.813017110065,0.000188728706562
0.218,3.2,10,0.721104965313,0.146524354522,0.812957834606,0.000250199494373
0.219,3.2,10,0.721053977158,0.146885557925,0.812903401748,0.00026522226676
0.22,3.2,10,0.721006160247,0.147251029753,0.81285391653,0.000281370994441
0.221,3.2,10,0.720961551418,0.14762080744,0.812809483991,0.000298752076628
0.222,3.2,10,0.720920187507,0.147994928419,0.812770209171,0.000317484153293
0.223,3.2,10,0.720882105351,0.148373430123,0.812736197107,0.000337699781458
0.224,3.2,10,0.720847341789,0.148756349986,0.81270755284,0.000359547378763
0.225,3.2,10,0.720815933657,0.14914372544,0.81268438141,0.000383193483944
0.226,3.2,10,0.720787917792,0.149535593919,0.812666787854,0.000408825393125
0.227,3.2,10,0.720763331031,0.149931992856,0.812654877212,0.000436654244841
0.228,3.2,10,0.720742210212,0.150332959684,0.812648754524,0.00046691863954
0.229,3.2,10,0.720724592173,0.150738531836,0.812648524829,0.000499888902926
0.23,3.2,10,0.720710513749,0.151148746747,0.812654293165,0.000535872122804
0.231,3.2,10,0.720700011778,0.151563641847,0.812666164573,0.000575218982797
0.232,3.2,10,0.720693123098,0.151983254572,0.812684244091,0.000491306600091
0.233,3.2,10,0.720689884546,0.152407622355,0.812708636758,0
0.212,3.21,10,0.721554565744,0.143984095758,0.812947765528,0
0.213,3.21,10,0.721484837911,0.144320450474,0.812868097217,0
0.214,3.21,10,0.721418064021,0.144660848068,0.812792759649,0
0.215,3.21,10,0.721354280912,0.145005325973,0.812721857864,3.08452635061e-05
0.216,3.21,10,0.72129352542,0.145353921622,0.8126554969,0.000191060318481
0.217,3.21,10,0.721235834382,0.145706672449,0.812593781797,0.000243821659519
0.218,3.21,10,0.721181244637,0.146063615887,0.812536817593,0.000258494089718
0.219,3.21,10,0.72112979302,0.146424789369,0.812484709329,0.000274266461849
0.22,3.21,10,0.721081516369,0.146790230327,0.812437562042,0.000291242788546
0.221,3.21,10,0.721036451522,0.147159976196,0.812395480774,0.000309539055797
0.222,3.21,10,0.720994635315,0.147534064409,0.812358570561,0.00032928486362
0.223,3.21,10,0.720956104587,0.147912532399,0.812326936445,0.000350625328776
0.224,3.21,10,0.720920896173,0.148295417598,0.812300683464,0.000373723298271
0.225,3.21,10,0.720889046911,0.14868275744,0.812279916657,0.000398761930334
0.226,3.21,10,0.720860593639,0.149074589359,0.812264741063,0.000425947715859
0.227,3.21,10,0.720835573193,0.149470950788,0.812255261722,0.000455514023916
0.228,3.21,10,0.720814022411,0.149871879159,0.812251583673,0.000487725277166
0.229,3.21,10,0.72079597813,0.150277411906,0.812253811954,0.000522881887246
0.23,3.21,10,0.720781477187,0.150687586462,0.812262051606,0.000561326581745
0.231,3.21,10,0.72077055642,0.151102440261,0.812276407668,0.00060347059319
0.232,3.21,10,0.720763252665,0.151522010735,0.812296985178,0.000447264471841
0.233,3.21,10,0.720759602759,0.151946335318,0.812323889176,0
0.211,3.22,10,0.721711396223,0.143195691529,0.812611223044,0
0.212,3.22,10,0.721638256923,0.143528017045,0.812529531282,0
0.213,3.22,10,0.72156803845,0.143864347058,0.812452078562,0
0.214,3.22,10,0.721500777642,0.144204718999,0.812378969924,3.4064623771e-05
0.215,3.22,10,0.721436511336,0.144549170304,0.812310310406,0.000191105431554
0.216,3.22,10,0.72137527637,0.144897738404,0.812246205048,0.000237656392889
0.217,3.22,10,0.72131710958,0.145250460733,0.812186758889,0.00025199304527
0.218,3.22,10,0.721262047804,0.145607374725,0.812132076968,0.00026740481073
0.219,3.22,10,0.72121012788,0.145968517812,0.812082264324,0.000283993439028
0.22,3.22,10,0.721161386643,0.146333927428,0.812037425997,0.000301872401213
0.221,3.22,10,0.721115860932,0.146703641006,0.811997667026,0.00032116849713
0.222,3.22,10,0.721073587584,0.147077695979,0.81196309245,0.000342023719948
0.223,3.22,10,0.721034603435,0.14745612978,0.811933807308,0.000364597425323
0.224,3.22,10,0.720998945324,0.147838979842,0.81190991664,0.000389068861695
0.225,3.22,10,0.720966650086,0.1482262836,0.811891525484,0.000415640131916
0.226,3.22,10,0.720937754561,0.148618078485,0.81187873888,0.000444539669645
0.227,3.22,10,0.720912295583,0.149014401931,0.811871661867,0.000476026334203
0.228,3.22,10,0.720890309992,0.149415291372,0.811870399484,0.000510394250788
0.229,3.22,10,0.720871834624,0.14982078424,0.81187505677,0.000547978736695
0.23,3.22,10,0.720856906316,0.150230917969,0.811885738765,0.000589182002099
0.231,3.22,10,0.720845561905,0.150645729992,0.811902550508,0.00063442094544
0.232,3.22,10,0.720837838229,0.151065257742,0.811925597038,0.000385887992078
0.233,3.22,10,0.720833772125,0.151489538652,0.811954983394,0
0.234,3.22,10,0.72083340043,0.151918610155,0.811990814616,0
0.21,3.23,10,0.721876577358,0.142415766494,0.81229071219,0
0.211,3.23,10,0.721800051136,0.142744101666,0.812207046367,0
0.212,3.23,10,0.721726412627,0.143076402953,0.812127527885,0
0.213,3.23,10,0.721655698668,0.143412707788,0.812052261783,3.57949191804e-05
0.214,3.23,10,0.721587946095,0.143753053604,0.811981353101,0.000189340994966
0.215,3.23,10,0.721523191747,0.144097477834,0.811914906878,0.00023169456905
0.216,3.23,10,0.721461472461,0.144446017912,0.811853028154,0.000245709472696
0.217,3.23,10,0.721402825073,0.14479871127,0.811795821966,0.000260775796995
0.218,3.23,10,0.721347286421,0.145155595342,0.811743393356,0.000276993147835
0.219,3.23,10,0.721294893342,0.145516707561,0.811695847361,0.000294472615029
0.22,3.23,10,0.721245682674,0.145882085361,0.81165328902,0.000313338348874
0.221,3.23,10,0.721199691253,0.146251766174,0.811615823375,0.000333729389228
0.222,3.23,10,0.721156955916,0.146625787433,0.811583555462,0.000355801793407
0.223,3.23,10,0.721117513502,0.147004186572,0.811556590322,0.000379731119124
0.224,3.23,10,0.721081400847,0.147387001025,0.811535032994,0.000405715330515
0.225,3.23,10,0.721048654788,0.147774268223,0.811518988517,0.00043397821099
0.226,3.23,10,0.721019312162,0.148166025602,0.81150856193,0.000464773382594
0.227,3.23,10,0.720993409808,0.148562310592,0.811503858272,0.000498389059246
0.228,3.23,10,0.720970984561,0.148963160629,0.811504982583,0.000535153707731
0.229,3.23,10,0.720952073259,0.149368613145,0.811512039902,0.000575460390124
0.23,3.23,10,0.72093671274,0.149778705573,0.811525135267,0.000619722609611
0.231,3.23,10,0.72092493984,0.150193475346,0.811544373719,0.000668424540566
0.232,3.23,10,0.720916791396,0.150612959898,0.811569860296,0.000304475479086
0.233,3.23,10,0.720912304247,0.151037196662,0.811601700038,0
0.234,3.23,10,0.720911515229,0.151466223071,0.811639997983,0
0.209,3.24,10,0.722050009621,0.141644246098,0.811986035485,0
0.21,3.24,10,0.721970121024,0.141968629784,0.81190044499,0
0.211,3.24,10,0.721893087026,0.142296941202,0.811818910135,0
0.212,3.24,10,0.721818944462,0.142629217787,0.811741535961,3.59802043821e-05
0.213,3.24,10,0.72174773017,0.142965496971,0.811668427505,0.000186102150795
0.214,3.24,10,0.721679480987,0.143305816188,0.811599689807,0.000225927449157
0.215,3.24,10,0.72161423375,0.14365021287,0.811535427907,0.000239634135847
0.216,3.24,10,0.721552025297,0.143998724452,0.811475746843,0.000254369642657
0.217,3.24,10,0.721492892465,0.144351388366,0.811420751655,0.000270231545892
0.218,3.24,10,0.721436872091,0.144708242045,0.811370547382,0.000287328682892
0.219,3.24,10,0.721384001012,0.145069322922,0.811325239062,0.000305782699584
0.22,3.24,10,0.721334316065,0.145434668432,0.811284931737,0.000325729846541
0.221,3.24,10,0.721287854088,0.145804316006,0.811249730444,0.000347323068547
0.222,3.24,10,0.721244651918,0.146178303079,0.811219740222,0.00037073444356
0.223,3.24,10,0.721204746392,0.146556667083,0.811195066112,0.000396158037528
0.224,3.24,10,0.721168174347,0.146939445451,0.811175813151,0.000423813257952
0.225,3.24,10,0.72113497262,0.147326675618,0.81116208638,0.000453948804489
0.226,3.24,10,0.721105178049,0.147718395015,0.811153990838,0.000486847340892
0.227,3.24,10,0.72107882747,0.148114641077,0.811151631563,0.00052283103931
0.228,3.24,10,0.721055957722,0.148515451236,0.811155113595,0.000562283627378
0.229,3.24,10,0.72103660564,0.148920862926,0.811164541974,0.000605616955604
0.23,3.24,10,0.721020808064,0.149330913579,0.811180021737,0.000653299941257
0.231,3.24,10,0.721008601828,0.149745640629,0.811201657926,0.000705907052085
0.232,3.24,10,0.721000023772,0.15016508151,0.811229555578,0.000199838978062
0.233,3.24,10,0.720995110731,0.150589273654,0.811263819733,0
0.234,3.24,10,0.720993899544,0.151018254495,0.81130455543,0
0.208,3.25,10,0.722231593483,0.140881055792,0.811696995447,0
0.209,3.25,10,0.722148367059,0.141201526847,0.81160952967,0
0.21,3.25,10,0.722067962118,0.141525887254,0.811526027833,0
0.211,3.25,10,0.721990415496,0.141854174445,0.811446594975,3.46620541942e-05
0.212,3.25,10,0.721915764032,0.142186425854,0.811371336135,0.000181598413067
0.213,3.25,10,0.721844044561,0.142522678914,0.811300356352,0.000220346649532
0.214,3.25,10,0.721775293921,0.142862971057,0.811233760666,0.000233758191213
0.215,3.25,10,0.72170954895,0.143207339719,0.811171654116,0.000248177002189
0.216,3.25,10,0.721646846485,0.14355582233,0.81111414174,0.000263698740107
0.217,3.25,10,0.721587223362,0.143908456326,0.811061328579,0.000280430113799
0.218,3.25,10,0.72153071642,0.144265279138,0.811013319671,0.00029849040524
0.219,3.25,10,0.721477362494,0.144626328201,0.810970220055,0.000318013233735
0.22,3.25,10,0.721427198423,0.144991640947,0.810932134772,0.000339148610996
0.221,3.25,10,0.721380261044,0.145361254809,0.810899168859,0.000362065338958
0.222,3.25,10,0.721336587194,0.145735207222,0.810871427356,0.000386953817705
0.223,3.25,10,0.721296213709,0.146113535617,0.810849015302,0.000414029343958
0.224,3.25,10,0.721259177428,0.146496277428,0.810832037737,0.00044353599873
0.225,3.25,10,0.721225515187,0.146883470089,0.8108205997,0.000475751245058
0.226,3.25,10,0.721195263824,0.147275151032,0.81081480623,0.000510991386334
0.227,3.25,10,0.721168460176,0.147671357691,0.810814762365,0.000549631102867
0.228,3.25,10,0.72114514108,0.148072127499,0.810820573146,0.000592081524517
0.229,3.25,10,0.721125343373,0.148477497889,0.810832343612,0.000638796635336
0.23,3.25,10,0.721109103892,0.148887506294,0.810850178801,0.000690343121998
0.231,3.25,10,0.721096459475,0.149302190148,0.810874183753,0.000747359836169
0.232,3.25,10,0.721087446959,0.149721586884,0.810904463507,6.84662724356e-05
0.233,3.25,10,0.721082103181,0.150145733935,0.810941123103,0
0.234,3.25,10,0.721080464979,0.150574668733,0.810984267579,0
0.207,3.26,10,0.722421229417,0.140126121023,0.811423394594,0
0.208,3.26,10,0.722334689713,0.140442718304,0.811334102925,0
0.209,3.26,10,0.722250938376,0.140763166555,0.811248683496,0
0.21,3.26,10,0.722170012244,0.141087503209,0.811167241345,3.19681890055e-05
0.211,3.26,10,0.722091948153,0.1414157657,0.811089881511,0.000175927582682
0.212,3.26,10,0.722016782941,0.141747991459,0.811016709033,0.000214944111917
0.213,3.26,10,0.721944553446,0.142084217921,0.810947828951,0.000228073156216
0.214,3.26,10,0.721875296503,0.142424482518,0.810883346304,0.000242188930473
0.215,3.26,10,0.721809048952,0.142768822685,0.810823366131,0.000257385279816
0.216,3.26,10,0.721745847628,0.143117275853,0.810767993472,0.000273766905553
0.217,3.26,10,0.721685729368,0.143469879457,0.810717333364,0.000291450860427
0.218,3.26,10,0.721628731011,0.143826670929,0.810671490849,0.00031056828622
0.219,3.26,10,0.721574889393,0.144187687703,0.810630570964,0.000331266434913
0.22,3.26,10,0.721524241352,0.144552967212,0.81059467875,0.000353711029669
0.221,3.26,10,0.721476823725,0.144922546889,0.810563919245,0.000378089029416
0.222,3.26,10,0.721432673348,0.145296464168,0.810538397488,0.000404611877026
0.223,3.26,10,0.721391827059,0.14567475648,0.810518218519,0.000433519329285
0.224,3.26,10,0.721354321696,0.146057461261,0.810503487377,0.000465083987185
0.225,3.26,10,0.721320194095,0.146444615942,0.810494309101,0.000499616675943
0.226,3.26,10,0.721289481094,0.146836257958,0.81049078873,0.00053748354622
0.227,3.26,10,0.72126221953,0.147232424741,0.810493031303,0.000579095173697
0.228,3.26,10,0.72123844624,0.147633153724,0.810501141861,0.000624891925589
0.229,3.26,10,0.721218198061,0.148038482341,0.810515225441,0.000675432842143
0.23,3.26,10,0.721201511831,0.148448448025,0.810535387083,0.000731346684242
0.231,3.26,10,0.721188424386,0.148863088209,0.810561731827,0.00070484395912
0.232,3.26,10,0.721178972565,0.149282440326,0.810594364711,0
0.233,3.26,10,0.721173193203,0.14970654181,0.810633390775,0
0.234,3.26,10,0.721171123139,0.150135430093,0.810678915057,0
0.207,3.27,10,0.722528989457,0.139692129603,0.811073967275,0
0.208,3.27,10,0.722441916272,0.140008704555,0.810986679643,0
0.209,3.27,10,0.722357635176,0.140329129529,0.810903277588,2.81028429301e-05
0.21,3.27,10,0.722276183006,0.140653441956,0.81082386615,0.000169087631213
0.211,3.27,10,0.722197596601,0.140981679272,0.810748550368,0.000209712072691
0.212,3.27,10,0.722121912796,0.141313878908,0.81067743528,0.000222570878918
0.213,3.27,10,0.722049168429,0.141650078299,0.810610625926,0.000236396850593
0.214,3.27,10,0.721979400338,0.141990314877,0.810548227346,0.000251282124598
0.215,3.27,10,0.721912645359,0.142334626075,0.810490344578,0.000267329510349
0.216,3.27,10,0.72184894033,0.142683049326,0.810437082662,0.000284653963556
0.217,3.27,10,0.721788322089,0.143035622065,0.810388546636,0.000303384296431
0.218,3.27,10,0.721730827471,0.143392381724,0.810344841541,0.000323665170072
0.219,3.27,10,0.721676493314,0.143753365736,0.810306072415,0.000345659420055
0.22,3.27,10,0.721625356457,0.144118611534,0.810272344297,0.00036955078228
0.221,3.27,10,0.721577453735,0.144488156552,0.810243762227,0.000395547095399
0.222,3.27,10,0.721532821986,0.144862038223,0.810220431244,0.000423884077959
0.223,3.27,10,0.721491498047,0.14524029398,0.810202456387,0.000454829798084
0.224,3.27,10,0.721453518755,0.145622961256,0.810189942695,0.000488689982582
0.225,3.27,10,0.721418920948,0.146010077484,0.810182995208,0.000525822819187
0.226,3.27,10,0.721387741463,0.146401680099,0.810181718964,0.000566638238483
0.227,3.27,10,0.721360017137,0.146797806532,0.810186219003,0.000611564657382
0.228,3.27,10,0.721335784807,0.147198494217,0.810196600364,0.000661153341733
0.229,3.27,10,0.72131508131,0.147603780587,0.810212968086,0.000716024022216
0.23,3.27,10,0.721297943484,0.148013703076,0.810235427209,0.000776897162073
0.231,3.27,10,0.721284408165,0.148428299116,0.810264082772,0.000512605061932
0.232,3.27,10,0.721274512192,0.148847606142,0.810299039813,0
0.233,3.27,10,0.721268292401,0.149271661585,0.810340403373,0
0.234,3.27,10,0.721265785629,0.14970050288,0.810388278489,0
0.206,3.28,10,0.722731166765,0.138949686191,0.810828925237,0
0.207,3.28,10,0.722640796278,0.139262426701,0.810739818793,0
0.208,3.28,10,0.722553184765,0.13957897885,0.810654506225,2.33387096751e-05
0.209,3.28,10,0.722468369063,0.139899380073,0.810573092572,0.000160986749131
0.21,3.28,10,0.722386386011,0.140223667801,0.810495682875,0.000204643032477
0.211,3.28,10,0.722307272444,0.140551879469,0.810422382171,0.000217243506533
0.212,3.28,10,0.7222310652,0.140884052508,0.810353295501,0.00023079252315
0.213,3.28,10,0.722157801116,0.141220224354,0.810288527903,0.000245380611402
0.214,3.28,10,0.72208751703,0.141560432438,0.810228184417,0.000261108802578
0.215,3.28,10,0.722020249778,0.141904714195,0.810172370081,0.000278090082646
0.216,3.28,10,0.721956036198,0.142253107056,0.810121189936,0.00029645107921
0.217,3.28,10,0.721894913128,0.142605648456,0.81007474902,0.000316334025683
0.218,3.28,10,0.721836917403,0.142962375827,0.810033152372,0.000337899056968
0.219,3.28,10,0.721782085862,0.143323326604,0.809996505032,0.000361326897959
0.22,3.28,10,0.721730455342,0.143688538218,0.809964912039,0.000386822026236
0.221,3.28,10,0.721682062679,0.144058048103,0.809938478431,0.00041461640088
0.222,3.28,10,0.721636944711,0.144431893693,0.809917309249,0.000444973878133
0.223,3.28,10,0.721595138276,0.144810112421,0.809901509531,0.000478195457193
0.224,3.28,10,0.72155668021,0.145192741719,0.809891184317,0.000514631957675
0.225,3.28,10,0.721521607351,0.145579819021,0.809886438646,0.000554692406391
0.226,3.28,10,0.721489956535,0.145971381761,0.809887377557,0.000598795159286
0.227,3.28,10,0.721461764601,0.14636746737,0.809894106089,0.000647483407178
0.228,3.28,10,0.721437068385,0.146768113284,0.809906729281,0.000677164161522
0.229,3.28,10,0.721415904724,0.147173356934,0.809925352174,0.000469412912298
0.23,3.28,10,0.721398310456,0.147583235754,0.809950079804,0.000175118514718
0.231,3.28,10,0.721384322418,0.147997787177,0.809981017213,0
0.232,3.28,10,0.721373977446,0.148417048637,0.810018269439,0
0.233,3.28,10,0.721367312379,0.148841057567,0.810061941522,0
0.234,3.28,10,0.721364364054,0.149269851399,0.8101121385,0
0.205,3.29,10,0.722941122108,0.138215313517,0.810598779331,0
0.206,3.29,10,0.722847478866,0.138524258441,0.810507903464,0
0.207,3.29,10,0.722756561483,0.138836976623,0.810420729772,1.6140782827e-05
0.208,3.29,10,0.722668406797,0.139153505496,0.810337363296,0.000151451721444
0.209,3.29,10,0.722583051644,0.139473882494,0.810257909073,0.000199729725354
0.21,3.29,10,0.722500532862,0.139798145049,0.810182472144,0.000212083454729
0.211,3.29,10,0.722420887287,0.140126330595,0.810111157547,0.000225368014448
0.212,3.29,10,0.722344151758,0.140458476565,0.810044070321,0.000239672423879
0.213,3.29,10,0.722270363111,0.140794620392,0.809981315507,0.000255096046474
0.214,3.29,10,0.722199558184,0.141134799509,0.809922998142,0.000271750023409
0.215,3.29,10,0.722131773813,0.14147905135,0.809869223267,0.000289758937968
0.216,3.29,10,0.722067046836,0.141827413348,0.809820095919,0.000309262756579
0.217,3.29,10,0.722005414091,0.142179922936,0.80977572114,0.000330419094454
0.218,3.29,10,0.721946912413,0.142536617546,0.809736203967,0.000353405873759
0.219,3.29,10,0.721891578641,0.142897534613,0.809701649441,0.000378424447951
0.22,3.29,10,0.721839449612,0.14326271157,0.809672162599,0.000405703289454
0.221,3.29,10,0.721790562163,0.143632185849,0.809647848482,0.000435502356736
0.222,3.29,10,0.72174495313,0.144005994885,0.809628812128,0.000468118284247
0.223,3.29,10,0.721702659353,0.144384176109,0.809615158578,0.000503895150688
0.224,3.29,10,0.721663717666,0.144766766956,0.809606992869,0.000543240646214
0.225,3.29,10,0.721628164908,0.145153804858,0.809604420041,0.000586565194573
0.226,3.29,10,0.721596037917,0.145545327249,0.809607545134,0.00053375716748
0.227,3.29,10,0.721567373528,0.145941371562,0.809616473187,0.000291424628359
0.228,3.29,10,0.721542208579,0.146341975231,0.809631309238,4.08139286377e-05
0.229,3.29,10,0.721520579908,0.146747175687,0.809652158327,0
0.23,3.29,10,0.721502524352,0.147157010365,0.809679125494,0
0.231,3.29,10,0.721488078748,0.147571516698,0.809712315777,0
0.232,3.29,10,0.721477279933,0.147990732119,0.809751834215,0
0.233,3.29,10,0.721470164744,0.148414694061,0.809797785848,0
0.234,3.29,10,0.721466770018,0.148843439957,0.809850275715,0
0.204,3.3,10,0.723158755958,0.137488937028,0.810383332074,0
0.205,3.3,10,0.723061864508,0.137794125223,0.810290736175,0
0.206,3.3,10,0.722967665803,0.138103048294,0.81020175075,0
0.207,3.3,10,0.722876196678,0.138415743675,0.810116480839,1.2337317723e-08
0.208,3.3,10,0.722787493972,0.138732248799,0.810035031481,5.21673673548e-05
0.209,3.3,10,0.722701594522,0.139052601098,0.809957507716,0.000139756813871
0.21,3.3,10,0.722618535164,0.139376838007,0.809884014582,0.000216039989274
0.211,3.3,10,0.722538352736,0.139704996958,0.809814657119,0.000234149560107
0.212,3.3,10,0.722461084076,0.140037115384,0.809749540366,0.000249282864624
0.213,3.3,10,0.722386766019,0.140373230719,0.809688769362,0.000265624996538
0.214,3.3,10,0.722315435405,0.140713380396,0.809632449147,0.000283298633276
0.215,3.3,10,0.722247129069,0.141057601848,0.809580684759,0.000302441630012
0.216,3.3,10,0.722181883849,0.141405932508,0.809533581237,0.000323209261164
0.217,3.3,10,0.722119736582,0.14175840981,0.809491243622,0.000345776848847
0.218,3.3,10,0.722060724105,0.142115071187,0.809453776952,0.000370342855711
0.219,3.3,10,0.722004883257,0.142475954071,0.809421286266,0.000397132534963
0.22,3.3,10,0.721952250872,0.142841095896,0.809393876604,0.000426402255592
0.221,3.3,10,0.72190286379,0.143210534096,0.809371653005,0.000458444644343
0.222,3.3,10,0.721856758847,0.143584306103,0.809354720507,0.000493597701985
0.223,3.3,10,0.721813972881,0.143962449351,0.809343184151,0.000526592691834
0.224,3.3,10,0.721774542728,0.144345001273,0.809337148975,0.000392373505123
0.225,3.3,10,0.721738505225,0.144731999302,0.809336720019,0.000158694785247
0.226,3.3,10,0.721705897211,0.145123480871,0.809342002321,1.25002815549e-06
0.227,3.3,10,0.721676755522,0.145519483414,0.809353100922,0
0.228,3.3,10,0.721651116995,0.145920044363,0.809370120859,0
0.229,3.3,10,0.721629018468,0.146325201153,0.809393167173,0
0.23,3.3,10,0.721610496777,0.146734991215,0.809422344902,0
0.231,3.3,10,0.721595588761,0.147149451984,0.809457759087,0
0.232,3.3,10,0.721584331255,0.147568620892,0.809499514765,0
0.233,3.3,10,0.721576761098,0.147992535373,0.809547716976,0
0.234,3.3,10,0.721572915127,0.14842123286,0.80960247076,0
0.203,3.31,10,0.723383968788,0.136770482173,0.810182385987,0
0.204,3.31,10,0.723283853677,0.137071952495,0.810088119444,0
0.205,3.31,10,0.723186398196,0.137377119313,0.809997371676,0
0.206,3.31,10,0.72309163918,0.137686020058,0.809910247721,0
0.207,3.31,10,0.722999613468,0.137998692164,0.809826852618,0
0.208,3.31,10,0.722910357896,0.138315173064,0.809747291407,0
0.209,3.31,10,0.722823909302,0.138635500192,0.809671669126,0
0.21,3.31,10,0.722740304523,0.13895971098,0.809600090815,2.39787137701e-07
0.211,3.31,10,0.722659580395,0.139287842862,0.809532661514,2.70930175943e-05
0.212,3.31,10,0.722581773757,0.139619933272,0.80946948626,5.9801912597e-05
0.213,3.31,10,0.722506921445,0.139956019641,0.809410670095,9.38706285467e-05
0.214,3.31,10,0.722435060297,0.140296139404,0.809356318056,0.000128831941707
0.215,3.31,10,0.72236622715,0.140640329994,0.809306535183,0.000165023557337
0.216,3.31,10,0.722300458841,0.140988628843,0.809261426515,0.000202398391821
0.217,3.31,10,0.722237792207,0.141341073385,0.809221097091,0.000240572153096
0.218,3.31,10,0.722178264085,0.141697701054,0.809185651951,0.000280051994285
0.219,3.31,10,0.722121911313,0.142058549282,0.809155196134,0.000320214656261
0.22,3.31,10,0.722068770728,0.142423655503,0.809129834679,0.000361115536657
0.221,3.31,10,0.722018879167,0.14279305715,0.809109672625,0.000399979494837
0.222,3.31,10,0.721972273467,0.143166791655,0.809094815011,0.000284981261336
0.223,3.31,10,0.721928990465,0.143544896453,0.809085366876,6.92464772331e-05
0.224,3.31,10,0.721889067,0.143927408977,0.809081433261,0
0.225,3.31,10,0.721852539907,0.144314366659,0.809083119203,0
0.226,3.31,10,0.721819446024,0.144705806932,0.809090529743,0
0.227,3.31,10,0.721789822188,0.145101767231,0.809103769918,0
0.228,3.31,10,0.721763705237,0.145502284988,0.80912294477,0
0.229,3.31,10,0.721741132007,0.145907397637,0.809148159336,0
0.23,3.31,10,0.721722139336,0.14631714261,0.809179518656,0
0.231,3.31,10,0.721706764061,0.146731557341,0.809217127769,0
0.232,3.31,10,0.72169504302,0.147150679263,0.809261091714,0
0.233,3.31,10,0.721687013049,0.147574545809,0.809311515531,0
0.202,3.32,10,0.72361666107,0.1360598744,0.809995743586,0
0.203,3.32,10,0.723513346845,0.136357665706,0.809899855791,0
0.204,3.32,10,0.723412659135,0.136659115126,0.809807395069,0
0.205,3.32,10,0.723314634775,0.136964260091,0.80971846646,0
0.206,3.32,10,0.723219310603,0.137273138037,0.809633175002,0
0.207,3.32,10,0.723126723457,0.137585786394,0.809551625734,0
0.208,3.32,10,0.723036910173,0.137902242598,0.809473923697,0
0.209,3.32,10,0.722949907589,0.13822254408,0.809400173928,0
0.21,3.32,10,0.722865752542,0.138546728275,0.809330481468,0
0.211,3.32,10,0.722784481869,0.138874832615,0.809264951356,0
0.212,3.32,10,0.722706132407,0.139206894534,0.80920368863,0
0.213,3.32,10,0.722630740994,0.139542951464,0.80914679833,0
0.214,3.32,10,0.722558344466,0.139883040839,0.809094385495,0
0.215,3.32,10,0.722488979661,0.140227200093,0.809046555164,0
0.216,3.32,10,0.722422683417,0.140575466658,0.809003412377,0
0.217,3.32,10,0.722359492569,0.140927877968,0.808965062173,0
0.218,3.32,10,0.722299443956,0.141284471455,0.808931609591,0
0.219,3.32,10,0.722242574415,0.141645284553,0.808903159669,0
0.22,3.32,10,0.722188920783,0.142010354696,0.808879817448,0
0.221,3.32,10,0.722138519897,0.142379719316,0.808861687967,0
0.222,3.32,10,0.722091408594,0.142753415846,0.808848876264,0
0.223,3.32,10,0.722047623711,0.143131481721,0.808841487379,0
0.224,3.32,10,0.722007202087,0.143513954372,0.808839626351,0
0.225,3.32,10,0.721970180557,0.143900871233,0.80884339822,0
0.226,3.32,10,0.721936595959,0.144292269738,0.808852908024,0
0.227,3.32,10,0.721906485131,0.14468818732,0.808868260803,0
0.228,3.32,10,0.721879884909,0.145088661411,0.808889561595,0
0.229,3.32,10,0.721856832131,0.145493729445,0.808916915441,0
0.23,3.32,10,0.721837363633,0.145903428856,0.808950427379,0
0.231,3.32,10,0.721821516254,0.146317797076,0.808990202449,0
0.232,3.32,10,0.72180932683,0.146736871538,0.809036345689,0
0.233,3.32,10,0.721800832199,0.147160689676,0.809088962139,0
0.201,3.33,10,0.723856733275,0.135357039156,0.809823207391,0
0.202,3.33,10,0.723750244484,0.135651190303,0.809725747734,0
0.203,3.33,10,0.723646349091,0.135948961182,0.809631623448,0
0.204,3.33,10,0.723545083935,0.136250389225,0.809540939574,0
0.205,3.33,10,0.723446485851,0.136555511865,0.809453801151,0
0.206,3.33,10,0.723350591677,0.136864366537,0.809370313217,0
0.207,3.33,10,0.72325743825,0.137176990673,0.809290580813,0
0.208,3.33,10,0.723167062409,0.137493421706,0.809214708977,0
0.209,3.33,10,0.723079500988,0.13781369707,0.809142802748,0
0.21,3.33,10,0.722994790827,0.138137854197,0.809074967166,0
0.211,3.33,10,0.722912968762,0.138465930521,0.80901130727,0
0.212,3.33,10,0.722834071631,0.138797963476,0.808951928099,0
0.213,3.33,10,0.72275813627,0.139133990494,0.808896934693,0
0.214,3.33,10,0.722685199516,0.139474049008,0.808846432089,0
0.215,3.33,10,0.722615298208,0.139818176452,0.808800525329,0
0.216,3.33,10,0.722548469182,0.140166410259,0.80875931945,0
0.217,3.33,10,0.722484749275,0.140518787863,0.808722919492,0
0.218,3.33,10,0.722424175325,0.140875346695,0.808691430495,0
0.219,3.33,10,0.722366784168,0.14123612419,0.808664957497,0
0.22,3.33,10,0.722312612643,0.141601157781,0.808643605538,0
0.221,3.33,10,0.722261697585,0.141970484901,0.808627479657,0
0.222,3.33,10,0.722214075833,0.142344142983,0.808616684892,0
0.223,3.33,10,0.722169784224,0.14272216946,0.808611326284,0
0.224,3.33,10,0.722128859594,0.143104601765,0.808611508872,0
0.225,3.33,10,0.722091338781,0.143491477333,0.808617337694,0
0.226,3.33,10,0.722057258623,0.143882833595,0.80862891779,0
0.227,3.33,10,0.722026655955,0.144278707986,0.808646354199,0
0.228,3.33,10,0.721999567617,0.144679137938,0.808669751961,0
0.229,3.33,10,0.721976030444,0.145084160884,0.808699216114,0
0.23,3.33,10,0.721956081274,0.145493814259,0.808734851697,0
0.231,3.33,10,0.721939756944,0.145908135494,0.808776763751,0
0.232,3.33,10,0.721927094292,0.146327162023,0.808825057313,0
0.2,3.34,10,0.724104085877,0.13466190189,0.809664579921,0
0.201,3.34,10,0.723994447066,0.134952451735,0.809565597791,0
0.202,3.34,10,0.723887368538,0.135246582929,0.809469859332,0
0.203,3.34,10,0.723782887131,0.135544332906,0.809377469583,0
0.204,3.34,10,0.723681039682,0.135845739098,0.809288533584,0
0.205,3.34,10,0.723581863027,0.136150838941,0.809203156375,0
0.206,3.34,10,0.723485394005,0.136459669865,0.809121442994,0
0.207,3.34,10,0.723391669453,0.136772269306,0.80904349848,0
0.208,3.34,10,0.723300726207,0.137088674695,0.808969427872,0
0.209,3.34,10,0.723212601104,0.137408923466,0.808899336211,0
0.21,3.34,10,0.723127330983,0.137733053053,0.808833328535,0
0.211,3.34,10,0.72304495268,0.138061100888,0.808771509883,0
0.212,3.34,10,0.722965503033,0.138393104405,0.808713985294,0
0.213,3.34,10,0.722889018878,0.138729101037,0.808660859808,0
0.214,3.34,10,0.722815537053,0.139069128216,0.808612238464,0
0.215,3.34,10,0.722745094394,0.139413223377,0.808568226301,0
0.216,3.34,10,0.722677727741,0.139761423953,0.808528928358,0
0.217,3.34,10,0.722613473928,0.140113767376,0.808494449674,0
0.218,3.34,10,0.722552369794,0.14047029108,0.80846489529,0
0.219,3.34,10,0.722494452176,0.140831032499,0.808440370243,0
0.22,3.34,10,0.722439757911,0.141196029064,0.808420979573,0
0.221,3.34,10,0.722388323837,0.14156531821,0.808406828319,0
0.222,3.34,10,0.722340186789,0.14193893737,0.808398021521,0
0.223,3.34,10,0.722295383607,0.142316923976,0.808394664217,0
0.224,3.34,10,0.722253951126,0.142699315463,0.808396861448,0
0.225,3.34,10,0.722215926184,0.143086149263,0.808404718251,0
0.226,3.34,10,0.722181345619,0.14347746281,0.808418339667,0
0.227,3.34,10,0.722150246266,0.143873293536,0.808437830734,0
0.228,3.34,10,0.722122664965,0.144273678875,0.808463296492,0
0.229,3.34,10,0.722098638551,0.14467865626,0.808494841979,0
0.23,3.34,10,0.722078203862,0.145088263124,0.808532572236,0
0.231,3.34,10,0.722061397736,0.145502536901,0.808576592301,0
0.232,3.34,10,0.722048257009,0.145921515024,0.808627007213,0
0.199,3.35,10,0.724358619348,0.133974388051,0.809519663694,0
0.2,3.35,10,0.724245855063,0.134261375449,0.809419208481,0
0.201,3.35,10,0.724135617947,0.134551905815,0.809321905238,0
0.202,3.35,10,0.724027944837,0.134846016582,0.809227859005,0
0.203,3.35,10,0.723922872569,0.135143745184,0.809137174821,0
0.204,3.35,10,0.723820437981,0.135445129053,0.809049957725,0
0.205,3.35,10,0.72372067791,0.135750205623,0.808966312757,0
0.206,3.35,10,0.723623629194,0.136059012327,0.808886344955,0
0.207,3.35,10,0.723529328669,0.136371586599,0.808810159359,0
0.208,3.35,10,0.723437813172,0.136687965871,0.808737861008,0
0.209,3.35,10,0.723349119542,0.137008187576,0.808669554942,0
0.21,3.35,10,0.723263284614,0.137332289148,0.808605346199,0
0.211,3.35,10,0.723180345227,0.137660308021,0.808545339818,0
0.212,3.35,10,0.723100338218,0.137992281626,0.808489640839,0
0.213,3.35,10,0.723023300423,0.138328247398,0.808438354301,0
0.214,3.35,10,0.72294926868,0.13866824277,0.808391585244,0
0.215,3.35,10,0.722878279826,0.139012305175,0.808349438706,0
0.216,3.35,10,0.722810370698,0.139360472045,0.808312019726,0
0.217,3.35,10,0.722745578134,0.139712780815,0.808279433344,0
0.218,3.35,10,0.722683938971,0.140069268917,0.8082517846,0
0.219,3.35,10,0.722625490045,0.140429973785,0.808229178531,0
0.22,3.35,10,0.722570268194,0.140794932852,0.808211720178,0
0.221,3.35,10,0.722518310256,0.14116418355,0.80819951458,0
0.222,3.35,10,0.722469653068,0.141537763314,0.808192666775,0
0.223,3.35,10,0.722424333466,0.141915709577,0.808191281803,0
0.224,3.35,10,0.722382388288,0.142298059771,0.808195464704,0
0.225,3.35,10,0.722343854371,0.14268485133,0.808205320516,0
0.226,3.35,10,0.722308768552,0.143076121687,0.808220954279,0
0.227,3.35,10,0.722277167669,0.143471908275,0.808242471031,0
0.228,3.35,10,0.722249088558,0.143872248527,0.808269975813,0
0.229,3.35,10,0.722224568057,0.144277179878,0.808303573662,0
0.23,3.35,10,0.722203643004,0.144686739759,0.80834336962,0
0.231,3.35,10,0.722186350235,0.145100965604,0.808389468723,0
0.198,3.36,10,0.724620234158,0.133294423085,0.809388261229,0
0.199,3.36,10,0.724504368948,0.133577886893,0.809286382322,0
0.2,3.36,10,0.724390997791,0.133864855288,0.809187563686,0
0.201,3.36,10,0.724280157524,0.134155365702,0.809091910358,0
0.202,3.36,10,0.724171884984,0.134449455569,0.808999527379,0
0.203,3.36,10,0.72406621701,0.134747162322,0.808910519787,0
0.204,3.36,10,0.723963190437,0.135048523394,0.808824992622,0
0.205,3.36,10,0.723862842104,0.135353576219,0.808743050922,0
0.206,3.36,10,0.723765208847,0.135662358229,0.808664799728,0
0.207,3.36,10,0.723670327503,0.135974906858,0.808590344077,0
0.208,3.36,10,0.72357823491,0.136291259539,0.80851978901,0
0.209,3.36,10,0.723488967905,0.136611453705,0.808453239566,0
0.21,3.36,10,0.723402563326,0.136935526789,0.808390800783,0
0.211,3.36,10,0.723319058008,0.137263516225,0.808332577701,0
0.212,3.36,10,0.723238488791,0.137595459446,0.80827867536,0
0.213,3.36,10,0.72316089251,0.137931393885,0.808229198798,0
0.214,3.36,10,0.723086306003,0.138271356975,0.808184253054,0
0.215,3.36,10,0.723014766107,0.13861538615,0.808143943169,0
0.216,3.36,10,0.722946309659,0.138963518842,0.80810837418,0
0.217,3.36,10,0.722880973497,0.139315792484,0.808077651128,0
0.218,3.36,10,0.722818794458,0.139672244511,0.80805187905,0
0.219,3.36,10,0.722759809379,0.140032912355,0.808031162988,0
0.22,3.36,10,0.722704055096,0.140397833449,0.808015607979,0
0.221,3.36,10,0.722651568449,0.140767045227,0.808005319063,0
0.222,3.36,10,0.722602386272,0.141140585122,0.80800040128,0
0.223,3.36,10,0.722556545405,0.141518490567,0.808000959668,0
0.224,3.36,10,0.722514082684,0.141900798995,0.808007099266,0
0.225,3.36,10,0.722475034945,0.142287547839,0.808018925114,0
0.226,3.36,10,0.722439439027,0.142678774533,0.808036542251,0
0.227,3.36,10,0.722407331767,0.143074516509,0.808060055717,0
0.228,3.36,10,0.722378750001,0.143474811202,0.80808957055,0
0.229,3.36,10,0.722353730567,0.143879696044,0.808125191789,0
0.23,3.36,10,0.722332310303,0.144289208468,0.808167024474,0
0.231,3.36,10,0.722314526045,0.144703385908,0.808215173644,0
0.197,3.37,10,0.724888830782,0.132621932441,0.809270175044,0
0.198,3.37,10,0.724769889192,0.132901911516,0.809166921834,0
0.199,3.37,10,0.72465340854,0.133185356796,0.809066637194,0
0.2,3.37,10,0.724539425664,0.133472305714,0.808969426162,0
0.201,3.37,10,0.7244279774,0.133762795702,0.808875393777,0
0.202,3.37,10,0.724319100586,0.134056864196,0.808784645079,0
0.203,3.37,10,0.724212832058,0.134354548627,0.808697285107,0
0.204,3.37,10,0.724109208655,0.134655886428,0.808613418899,0
0.205,3.37,10,0.724008267213,0.134960915033,0.808533151496,0
0.206,3.37,10,0.723910044569,0.135269671876,0.808456587936,0
0.207,3.37,10,0.723814577561,0.135582194389,0.808383833258,0
0.208,3.37,10,0.723721903025,0.135898520005,0.808314992503,0
0.209,3.37,10,0.7236320578,0.136218686159,0.808250170708,0
0.21,3.37,10,0.723545078722,0.136542730282,0.808189472913,0
0.211,3.37,10,0.723461002628,0.136870689808,0.808133004158,0
0.212,3.37,10,0.723379866356,0.137202602171,0.808080869482,0
0.213,3.37,10,0.723301706743,0.137538504803,0.808033173923,0
0.214,3.37,10,0.723226560626,0.137878435138,0.807990022521,0
0.215,3.37,10,0.723154464842,0.138222430608,0.807951520315,0
0.216,3.37,10,0.723085456228,0.138570528648,0.807917772345,0
0.217,3.37,10,0.723019571622,0.138922766691,0.807888883649,0
0.218,3.37,10,0.722956847861,0.139279182168,0.807864959267,0
0.219,3.37,10,0.722897321782,0.139639812515,0.807846104238,0
0.22,3.37,10,0.722841030222,0.140004695163,0.807832423601,0
0.221,3.37,10,0.722788010019,0.140373867547,0.807824022395,0
0.222,3.37,10,0.722738298009,0.140747367099,0.80782100566,0
0.223,3.37,10,0.72269193103,0.141125231252,0.807823478435,0
0.224,3.37,10,0.722648945919,0.141507497441,0.807831545759,0
0.225,3.37,10,0.722609379513,0.141894203097,0.807845312671,0
0.226,3.37,10,0.72257326865,0.142285385654,0.80786488421,0
0.227,3.37,10,0.722540650166,0.142681082546,0.807890365416,0
0.228,3.37,10,0.722511560899,0.143081331205,0.807921861327,0
0.229,3.37,10,0.722486037686,0.143486169065,0.807959476984,0
0.23,3.37,10,0.722464117364,0.143895633559,0.808003317424,0
0.197,3.38,10,0.725042316268,0.132233374765,0.809060629535,0
0.198,3.38,10,0.724922750669,0.132513335787,0.808958928281,0
0.199,3.38,10,0.72480564973,0.132796762065,0.808860208934,0
0.2,3.38,10,0.724691050289,0.133083691032,0.808764576534,0
0.201,3.38,10,0.724578989182,0.133374160122,0.80867213612,0
0.202,3.38,10,0.724469503246,0.133668206768,0.80858299273,0
0.203,3.38,10,0.72436262932,0.133965868403,0.808497251405,0
0.204,3.38,10,0.724258404239,0.134267182461,0.808415017183,0
0.205,3.38,10,0.724156864842,0.134572186373,0.808336395103,0
0.206,3.38,10,0.724058047966,0.134880917575,0.808261490205,0
0.207,3.38,10,0.723961990447,0.135193413498,0.808190407528,0
0.208,3.38,10,0.723868729123,0.135509711577,0.808123252111,0
0.209,3.38,10,0.723778300831,0.135829849244,0.808060128994,0
0.21,3.38,10,0.723690742408,0.136153863932,0.808001143215,0
0.211,3.38,10,0.723606090692,0.136481793075,0.807946399814,0
0.212,3.38,10,0.723524382519,0.136813674105,0.807896003829,0
0.213,3.38,10,0.723445654728,0.137149544457,0.807850060301,0
0.214,3.38,10,0.723369944154,0.137489441563,0.807808674269,0
0.215,3.38,10,0.723297287636,0.137833402857,0.80777195077,0
0.216,3.38,10,0.72322772201,0.138181465771,0.807739994846,0
0.217,3.38,10,0.723161284114,0.13853366774,0.807712911534,0
0.218,3.38,10,0.723098010785,0.138890046195,0.807690805875,0
0.219,3.38,10,0.72303793886,0.139250638571,0.807673782906,0
0.22,3.38,10,0.722981105176,0.1396154823,0.807661947669,0
0.221,3.38,10,0.722927546571,0.139984614815,0.807655405201,0
0.222,3.38,10,0.722877299881,0.140358073551,0.807654260542,0
0.223,3.38,10,0.722830401945,0.14073589594,0.807658618731,0
0.224,3.38,10,0.722786889598,0.141118119415,0.807668584808,0
0.225,3.38,10,0.722746799679,0.141504781409,0.807684263811,0
0.226,3.38,10,0.722710169024,0.141895919356,0.807705760779,0
0.227,3.38,10,0.722677034471,0.142291570689,0.807733180753,0
0.228,3.38,10,0.722647432856,0.142691772841,0.807766628771,0
0.229,3.38,10,0.722621401018,0.143096563246,0.807806209872,0
0.23,3.38,10,0.722598975793,0.143505979336,0.807852029096,0
0.196,3.39,10,0.725321550648,0.131572202089,0.808967307944,0
0.197,3.39,10,0.725198924649,0.131848717709,0.808864239466,0
0.198,3.39,10,0.725078730194,0.132128660204,0.808764061194,0
0.199,3.39,10,0.724961004122,0.132412067006,0.808666878169,0
0.2,3.39,10,0.724845783269,0.13269897555,0.808572795428,0
0.201,3.39,10,0.724733104473,0.132989423268,0.808481918011,0
0.202,3.39,10,0.72462300457,0.133283447593,0.808394350957,0
0.203,3.39,10,0.724515520399,0.133581085958,0.808310199307,0
0.204,3.39,10,0.724410688795,0.133882375798,0.808229568097,0
0.205,3.39,10,0.724308546597,0.134187354545,0.808152562369,0
0.206,3.39,10,0.724209130642,0.134496059632,0.808079287161,0
0.207,3.39,10,0.724112477766,0.134808528492,0.808009847512,0
0.208,3.39,10,0.724018624807,0.135124798559,0.807944348461,0
0.209,3.39,10,0.723927608602,0.135444907266,0.807882895049,0
0.21,3.39,10,0.723839465989,0.135768892045,0.807825592313,0
0.211,3.39,10,0.723754233804,0.136096790331,0.807772545293,0
0.212,3.39,10,0.723671948885,0.136428639557,0.807723859029,0
0.213,3.39,10,0.723592648069,0.136764477155,0.807679638559,0
0.214,3.39,10,0.723516368193,0.137104340559,0.807639988922,0
0.215,3.39,10,0.723443146094,0.137448267202,0.807605015159,0
0.216,3.39,10,0.72337301861,0.137796294517,0.807574822308,0
0.217,3.39,10,0.723306022578,0.138148459938,0.807549515408,0
0.218,3.39,10,0.723242194835,0.138504800897,0.807529199499,0
0.219,3.39,10,0.723181572218,0.138865354828,0.807513979619,0
0.22,3.39,10,0.723124191564,0.139230159164,0.807503960808,0
0.221,3.39,10,0.72307008971,0.139599251338,0.807499248105,0
0.222,3.39,10,0.723019303495,0.139972668784,0.80749994655,0
0.223,3.39,10,0.722971869754,0.140350448935,0.807506161181,0
0.224,3.39,10,0.722927825326,0.140732629223,0.807517997038,0
0.225,3.39,10,0.722887207047,0.141119247082,0.807535559159,0
0.226,3.39,10,0.722850051754,0.141510339946,0.807558952585,0
0.227,3.39,10,0.722816396286,0.141905945247,0.807588282354,0
0.228,3.39,10,0.722786277478,0.142306100418,0.807623653506,0
0.229,3.39,10,0.722759732168,0.142710842894,0.807665171079,0
0.195,3.4,10,0.725607492804,0.130918318936,0.808886759578,0
0.196,3.4,10,0.725481830951,0.131191428011,0.808782373266,0
0.197,3.4,10,0.725358567528,0.131467925579,0.80868078546,0
0.198,3.4,10,0.725237739372,0.131747849073,0.808582101199,0
0.199,3.4,10,0.725119383321,0.132031235926,0.808486425522,0
0.2,3.4,10,0.72500353621,0.132318123572,0.808393863468,0
0.201,3.4,10,0.724890234879,0.132608549444,0.808304520076,0
0.202,3.4,10,0.724779516163,0.132902550975,0.808218500386,0
0.203,3.4,10,0.7246714169,0.133200165598,0.808135909437,0
0.204,3.4,10,0.724565973927,0.133501430746,0.808056852269,0
0.205,3.4,10,0.724463224082,0.133806383853,0.807981433919,0
0.206,3.4,10,0.724363204201,0.134115062352,0.807909759428,0
0.207,3.4,10,0.724265951122,0.134427503675,0.807841933834,0
0.208,3.4,10,0.724171501683,0.134743745257,0.807778062178,0
0.209,3.4,10,0.724079892719,0.135063824531,0.807718249497,0
0.21,3.4,10,0.723991161069,0.135387778928,0.807662600832,0
0.211,3.4,10,0.723905343569,0.135715645884,0.807611221221,0
0.212,3.4,10,0.723822477058,0.136047462831,0.807564215704,0
0.213,3.4,10,0.723742598371,0.136383267201,0.80752168932,0
0.214,3.4,10,0.723665744346,0.13672309643,0.807483747108,0
0.215,3.4,10,0.723591951821,0.137066987948,0.807450494107,0
0.216,3.4,10,0.723521257633,0.137414979191,0.807422035356,0
0.217,3.4,10,0.723453698618,0.13776710759,0.807398475896,0
0.218,3.4,10,0.723389311615,0.13812341058,0.807379920764,0
0.219,3.4,10,0.723328133459,0.138483925593,0.807366475,0
0.22,3.4,10,0.723270200989,0.138848690063,0.807358243644,0
0.221,3.4,10,0.723215551042,0.139217741422,0.807355331734,0
0.222,3.4,10,0.723164220454,0.139591117105,0.807357844309,0
0.223,3.4,10,0.723116246064,0.139968854543,0.80736588641,0
0.224,3.4,10,0.723071664708,0.140350991171,0.807379563074,0
0.225,3.4,10,0.723030513223,0.140737564422,0.807398979342,0
0.226,3.4,10,0.722992828447,0.141128611728,0.807424240252,0
0.227,3.4,10,0.722958647216,0.141524170523,0.807455450844,0
0.228,3.4,10,0.722928006369,0.141924278241,0.807492716157,0
0.194,3.41,10,0.725900043209,0.130271650754,0.808818786958,0
0.195,3.41,10,0.725771370049,0.13054139214,0.808713132202,0
0.196,3.41,10,0.725645062205,0.130814483638,0.808610184251,0
0.197,3.41,10,0.725521156512,0.13109096268,0.808510048144,0
0.198,3.41,10,0.725399689808,0.1313708667,0.80841282892,0
0.199,3.41,10,0.725280698931,0.131654233131,0.808318631619,0
0.2,3.41,10,0.725164220717,0.131941099406,0.808227561279,0
0.201,3.41,10,0.725050292004,0.132231502958,0.808139722941,0
0.202,3.41,10,0.724938949628,0.132525481221,0.808055221642,0
0.203,3.41,10,0.724830230428,0.132823071628,0.807974162423,0
0.204,3.41,10,0.72472417124,0.133124311611,0.807896650322,0
0.205,3.41,10,0.724620808901,0.133429238605,0.807822790378,0
0.206,3.41,10,0.72452018025,0.133737890042,0.807752687632,0
0.207,3.41,10,0.724422322122,0.134050303355,0.807686447121,0
0.208,3.41,10,0.724327271355,0.134366515979,0.807624173886,0
0.209,3.41,10,0.724235064786,0.134686565345,0.807565972965,0
0.21,3.41,10,0.724145739253,0.135010488887,0.807511949398,0
0.211,3.41,10,0.724059331593,0.135338324039,0.807462208224,0
0.212,3.41,10,0.723975878642,0.135670108233,0.807416854481,0
0.213,3.41,10,0.723895417239,0.136005878903,0.80737599321,0
0.214,3.41,10,0.72381798422,0.136345673482,0.80733972945,0
0.215,3.41,10,0.723743616422,0.136689529403,0.807308168239,0
0.216,3.41,10,0.723672350683,0.137037484099,0.807281414617,0
0.217,3.41,10,0.72360422384,0.137389575004,0.807259573623,0
0.218,3.41,10,0.72353927273,0.13774583955,0.807242750296,0
0.219,3.41,10,0.72347753419,0.138106315172,0.807231049676,0
0.22,3.41,10,0.723419045058,0.138471039302,0.807224576801,0
0.221,3.41,10,0.72336384217,0.138840049373,0.807223436711,0
0.222,3.41,10,0.723311962365,0.139213382818,0.807227734445,0
0.223,3.41,10,0.723263442478,0.139591077071,0.807237575043,0
0.224,3.41,10,0.723218319348,0.139973169565,0.807253063542,0
0.225,3.41,10,0.723176629811,0.140359697734,0.807274304984,0
0.226,3.41,10,0.723138410705,0.140750699009,0.807301404406,0
0.227,3.41,10,0.723103698866,0.141146210825,0.807334466849,0
0.228,3.41,10,0.723072531133,0.141546270615,0.80737359735,0
0.193,3.42,10,0.726199102334,0.12963212299,0.8087631926,0
0.194,3.42,10,0.726067442415,0.129898535544,0.808656318791,0
0.195,3.42,10,0.725938114695,0.130168259828,0.808552060085,0
0.196,3.42,10,0.725811156013,0.130441333275,0.808450521522,0
0.197,3.42,10,0.725686603204,0.130717793318,0.808351808142,0
0.198,3.42,10,0.725564493106,0.130997677391,0.808256024984,0
0.199,3.42,10,0.725444862557,0.131281022925,0.808163277086,0
0.2,3.42,10,0.725327748394,0.131567867356,0.808073669488,0
0.201,3.42,10,0.725213187453,0.131858248115,0.80798730723,0
0.202,3.42,10,0.725101216572,0.132152202637,0.80790429535,0
0.203,3.42,10,0.724991872588,0.132449768353,0.807824738887,0
0.204,3.42,10,0.724885192338,0.132750982699,0.807748742881,0
0.205,3.42,10,0.724781212661,0.133055883106,0.807676412372,0
0.206,3.42,10,0.724679970391,0.133364507007,0.807607852397,0
0.207,3.42,10,0.724581502368,0.133676891837,0.807543167997,0
0.208,3.42,10,0.724485845428,0.133993075028,0.807482464211,0
0.209,3.42,10,0.724393036409,0.134313094014,0.807425846077,0
0.21,3.42,10,0.724303112146,0.134636986227,0.807373418636,0
0.211,3.42,10,0.724216109479,0.134964789101,0.807325286925,0
0.212,3.42,10,0.724132065244,0.13529654007,0.807281555986,0
0.213,3.42,10,0.724051016277,0.135632276565,0.807242330855,0
0.214,3.42,10,0.723972999417,0.135972036021,0.807207716574,0
0.215,3.42,10,0.723898051501,0.136315855871,0.80717781818,0
0.216,3.42,10,0.723826209365,0.136663773548,0.807152740714,0
0.217,3.42,10,0.723757509848,0.137015826484,0.807132589214,0
0.218,3.42,10,0.723691989785,0.137372052114,0.80711746872,0
0.219,3.42,10,0.723629686015,0.137732487871,0.80710748427,0
0.22,3.42,10,0.723570635374,0.138097171187,0.807102740905,0
0.221,3.42,10,0.7235148747,0.138466139496,0.807103343663,0
0.222,3.42,10,0.72346244083,0.138839430231,0.807109397583,0
0.223,3.42,10,0.723413370601,0.139217080825,0.807121007705,0
0.224,3.42,10,0.723367700851,0.139599128712,0.807138279067,0
0.225,3.42,10,0.723325468416,0.139985611324,0.80716131671,0
0.226,3.42,10,0.723286710134,0.140376566096,0.807190225672,0
0.227,3.42,10,0.723251462842,0.140772030459,0.807225110992,0
0.193,3.43,10,0.72636994852,0.129262783672,0.808611735551,0
0.194,3.43,10,0.726237625472,0.129529179599,0.808506215481,0
0.195,3.43,10,0.726107638347,0.129798886307,0.808403323852,0
0.196,3.43,10,0.72598002398,0.13007194123,0.808303165706,0
0.197,3.43,10,0.725854819209,0.1303483818,0.80820584608,0
0.198,3.43,10,0.725732060872,0.130628245451,0.808111470014,0
0.199,3.43,10,0.725611785805,0.130911569616,0.808020142547,0
0.2,3.43,10,0.725494030845,0.131198391729,0.807931968719,0
0.201,3.43,10,0.725378832831,0.131488749222,0.807847053568,0
0.202,3.43,10,0.725266228598,0.131782679528,0.807765502134,0
0.203,3.43,10,0.725156254985,0.132080220082,0.807687419456,0
0.204,3.43,10,0.725048948828,0.132381408315,0.807612910573,0
0.205,3.43,10,0.724944346964,0.132686281662,0.807542080525,0
0.206,3.43,10,0.724842486232,0.132994877555,0.80747503435,0
0.207,3.43,10,0.724743403467,0.133307233427,0.807411877088,0
0.208,3.43,10,0.724647135508,0.133623386713,0.807352713778,0
0.209,3.43,10,0.724553719191,0.133943374844,0.807297649459,0
0.21,3.43,10,0.724463191353,0.134267235255,0.807246789171,0
0.211,3.43,10,0.724375588833,0.134595005378,0.807200237952,0
0.212,3.43,10,0.724290948466,0.134926722647,0.807158100842,0
0.213,3.43,10,0.724209307091,0.135262424495,0.80712048288,0
0.214,3.43,10,0.724130701544,0.135602148354,0.807087489105,0
0.215,3.43,10,0.724055168663,0.135945931659,0.807059224556,0
0.216,3.43,10,0.723982745284,0.136293811842,0.807035794273,0
0.217,3.43,10,0.723913468246,0.136645826337,0.807017303295,0
0.218,3.43,10,0.723847374385,0.137002012577,0.807003856661,0
0.219,3.43,10,0.723784500538,0.137362407995,0.80699555941,0
0.22,3.43,10,0.723724883543,0.137727050024,0.806992516581,0
0.221,3.43,10,0.723668560236,0.138095976097,0.806994833214,0
0.222,3.43,10,0.723615567456,0.138469223649,0.807002614348,0
0.223,3.43,10,0.723565942039,0.13884683011,0.807015965022,0
0.224,3.43,10,0.723519720822,0.139228832916,0.807034990275,0
0.225,3.43,10,0.723476940643,0.1396152695,0.807059795146,0
0.226,3.43,10,0.723437638339,0.140006177293,0.807090484675,0
0.227,3.43,10,0.723401850747,0.14040159373,0.8071271639,0
0.192,3.44,10,0.726678788836,0.12863406197,0.808579185003,0
0.193,3.44,10,0.726543495008,0.128897168397,0.808472452957,0
0.194,3.44,10,0.726410503987,0.129163547223,0.808368257653,0
0.195,3.44,10,0.726279852609,0.129433235882,0.80826670413,0
0.196,3.44,10,0.726151577712,0.129706271807,0.808167897427,0
0.197,3.44,10,0.726025716133,0.129982692431,0.808071942582,0
0.198,3.44,10,0.725902304709,0.130262535188,0.807978944637,0
0.199,3.44,10,0.725781380278,0.13054583751,0.807889008628,0
0.2,3.44,10,0.725662979677,0.130832636831,0.807802239597,0
0.201,3.44,10,0.725547139742,0.131122970584,0.807718742581,0
0.202,3.44,10,0.725433897312,0.131416876202,0.807638622621,0
0.203,3.44,10,0.725323289223,0.131714391118,0.807561984755,0
0.204,3.44,10,0.725215352312,0.132015552766,0.807488934023,0
0.205,3.44,10,0.725110123417,0.132320398579,0.807419575463,0
0.206,3.44,10,0.725007639375,0.13262896599,0.807354014115,0
0.207,3.44,10,0.724907937023,0.132941292431,0.807292355019,0
0.208,3.44,10,0.724811053198,0.133257415338,0.807234703213,0
0.209,3.44,10,0.724717024738,0.133577372142,0.807181163736,0
0.21,3.44,10,0.724625888479,0.133901200276,0.807131841628,0
0.211,3.44,10,0.724537681259,0.134228937175,0.807086841928,0
0.212,3.44,10,0.724452439915,0.134560620271,0.807046269675,0
0.213,3.44,10,0.724370201285,0.134896286997,0.807010229909,0
0.214,3.44,10,0.724291002205,0.135235974787,0.806978827668,0
0.215,3.44,10,0.724214879513,0.135579721073,0.806952167992,0
0.216,3.44,10,0.724141870046,0.13592756329,0.80693035592,0
0.217,3.44,10,0.72407201064,0.136279538869,0.806913496491,0
0.218,3.44,10,0.724005338134,0.136635685245,0.806901694744,0
0.219,3.44,10,0.723941889365,0.136996039851,0.806895055719,0
0.22,3.44,10,0.723881701169,0.13736064012,0.806893684455,0
0.221,3.44,10,0.723824810384,0.137729523484,0.80689768599,0
0.222,3.44,10,0.723771253847,0.138102727378,0.806907165365,0
0.223,3.44,10,0.723721068395,0.138480289234,0.806922227618,0
0.224,3.44,10,0.723674290866,0.138862246485,0.806942977789,0
0.225,3.44,10,0.723630958097,0.139248636565,0.806969520916,0
0.226,3.44,10,0.723591106924,0.139639496908,0.80700196204,0
0.192,3.45,10,0.726855623775,0.128272151671,0.808450575033,0
0.193,3.45,10,0.726719653404,0.128535241472,0.808345125443,0
0.194,3.45,10,0.726585989562,0.128801602724,0.808242225933,0
0.195,3.45,10,0.726454669086,0.12907127286,0.808141981542,0
0.196,3.45,10,0.726325728813,0.129344289314,0.80804449731,0
0.197,3.45,10,0.72619920558,0.129620689518,0.807949878275,0
0.198,3.45,10,0.726075136224,0.129900510906,0.807858229477,0
0.199,3.45,10,0.725953557583,0.130183790912,0.807769655955,0
0.2,3.45,10,0.725834506493,0.130470566967,0.807684262748,0
0.201,3.45,10,0.725718019793,0.130760876507,0.807602154895,0
0.202,3.45,10,0.725604134318,0.131054756963,0.807523437436,0
0.203,3.45,10,0.725492886907,0.131352245769,0.807448215409,0
0.204,3.45,10,0.725384314396,0.131653380358,0.807376593854,0
0.205,3.45,10,0.725278453624,0.131958198163,0.807308677811,0
0.206,3.45,10,0.725175341426,0.132266736618,0.807244572318,0
0.207,3.45,10,0.72507501464,0.132579033156,0.807184382414,0
0.208,3.45,10,0.724977510104,0.132895125209,0.807128213139,0
0.209,3.45,10,0.724882864654,0.133215050212,0.807076169532,0
0.21,3.45,10,0.724791115128,0.133538845597,0.807028356633,0
0.211,3.45,10,0.724702298363,0.133866548798,0.806984879479,0
0.212,3.45,10,0.724616451196,0.134198197247,0.806945843111,0
0.213,3.45,10,0.724533610464,0.134533828378,0.806911352568,0
0.214,3.45,10,0.724453813005,0.134873479624,0.806881512889,0
0.215,3.45,10,0.724377095656,0.135217188419,0.806856429112,0
0.216,3.45,10,0.724303495253,0.135564992195,0.806836206279,0
0.217,3.45,10,0.724233048635,0.135916928386,0.806820949426,0
0.218,3.45,10,0.724165792638,0.136273034425,0.806810763595,0
0.219,3.45,10,0.7241017641,0.136633347745,0.806805753823,0
0.22,3.45,10,0.724040999857,0.136997905779,0.80680602515,0
0.221,3.45,10,0.723983536747,0.137366745961,0.806811682616,0
0.222,3.45,10,0.723929411608,0.137739905724,0.80682283126,0
0.223,3.45,10,0.723878661276,0.1381174225,0.80683957612,0
0.224,3.45,10,0.723831322588,0.138499333724,0.806862022236,0
0.225,3.45,10,0.723787432382,0.138885676828,0.806890274647,0
0.191,3.46,10,0.727173912245,0.12765405487,0.808440384226,0
0.192,3.46,10,0.727034987072,0.127913894502,0.80833372974,0
0.193,3.46,10,0.726898335313,0.128176967203,0.808229533634,0
0.194,3.46,10,0.726763993804,0.128443310407,0.808127900946,0
0.195,3.46,10,0.726631999384,0.128712961546,0.808028936715,0
0.196,3.46,10,0.726502388888,0.128985958055,0.807932745981,0
0.197,3.46,10,0.726375199154,0.129262337366,0.807839433783,0
0.198,3.46,10,0.72625046702,0.129542136913,0.80774910516,0
0.199,3.46,10,0.726128229322,0.129825394128,0.807661865151,0
0.2,3.46,10,0.726008522899,0.130112146445,0.807577818796,0
0.201,3.46,10,0.725891384586,0.130402431297,0.807497071133,0
0.202,3.46,10,0.725776851221,0.130696286118,0.807419727203,0
0.203,3.46,10,0.725664959642,0.13099374834,0.807345892043,0
0.204,3.46,10,0.725555746686,0.131294855396,0.807275670694,0
0.205,3.46,10,0.725449249189,0.131599644721,0.807209168194,0
0.206,3.46,10,0.72534550399,0.131908153746,0.807146489583,0
0.207,3.46,10,0.725244547924,0.132220419906,0.8070877399,0
0.208,3.46,10,0.72514641783,0.132536480634,0.807033024184,0
0.209,3.46,10,0.725051150545,0.132856373362,0.806982447474,0
0.21,3.46,10,0.724958782905,0.133180135523,0.80693611481,0
0.211,3.46,10,0.724869351748,0.133507804552,0.806894131231,0
0.212,3.46,10,0.724782893912,0.133839417882,0.806856601775,0
0.213,3.46,10,0.724699446233,0.134175012944,0.806823631482,0
0.214,3.46,10,0.724619045548,0.134514627174,0.806795325392,0
0.215,3.46,10,0.724541728696,0.134858298003,0.806771788543,0
0.216,3.46,10,0.724467532512,0.135206062865,0.806753125975,0
0.217,3.46,10,0.724396493835,0.135557959194,0.806739442727,0
0.218,3.46,10,0.724328649501,0.135914024422,0.806730843838,0
0.219,3.46,10,0.724264036348,0.136274295983,0.806727434347,0
0.22,3.46,10,0.724202691212,0.136638811309,0.806729319294,0
0.221,3.46,10,0.724144650932,0.137007607835,0.806736603717,0
0.222,3.46,10,0.724089952343,0.137380722993,0.806749392657,0
0.223,3.46,10,0.724038632284,0.137758194217,0.806767791151,0
0.224,3.46,10,0.723990727592,0.138140058939,0.80679190424,0
0.225,3.46,10,0.723946275104,0.138526354593,0.806821836962,0
0.19,3.47,10,0.72749826089,0.12704280344,0.808441683056,0
0.191,3.47,10,0.727356405462,0.12729943176,0.808333873064,0
0.192,3.47,10,0.727216790333,0.127559254767,0.808228429751,0
0.193,3.47,10,0.727079452339,0.127822309895,0.808125458155,0
0.194,3.47,10,0.726944428317,0.128088634577,0.808025063316,0
0.195,3.47,10,0.726811755106,0.128358266247,0.807927350273,0
0.196,3.47,10,0.726681469541,0.128631242338,0.807832424065,0
0.197,3.47,10,0.726553608461,0.128907600282,0.807740389731,0
0.198,3.47,10,0.726428208703,0.129187377513,0.807651352311,0
0.199,3.47,10,0.726305307103,0.129470611465,0.807565416843,0
0.2,3.47,10,0.726184940499,0.12975733957,0.807482688367,0
0.201,3.47,10,0.726067145728,0.130047599261,0.807403271922,0
0.202,3.47,10,0.725951959627,0.130341427972,0.807327272548,0
0.203,3.47,10,0.725839419034,0.130638863137,0.807254795283,0
0.204,3.47,10,0.725729560785,0.130939942188,0.807185945166,0
0.205,3.47,10,0.725622421718,0.131244702558,0.807120827238,0
0.206,3.47,10,0.725518038671,0.13155318168,0.807059546536,0
0.207,3.47,10,0.725416448479,0.131865416989,0.807002208101,0
0.208,3.47,10,0.725317687981,0.132181445916,0.806948916972,0
0.209,3.47,10,0.725221794014,0.132501305896,0.806899778187,0
0.21,3.47,10,0.725128803415,0.132825034361,0.806854896785,0
0.211,3.47,10,0.725038753021,0.133152668745,0.806814377807,0
0.212,3.47,10,0.724951679669,0.133484246481,0.806778326291,0
0.213,3.47,10,0.724867620196,0.133819805001,0.806746847277,0
0.214,3.47,10,0.72478661144,0.13415938174,0.806720045803,0
0.215,3.47,10,0.724708690239,0.134503014131,0.80669802691,0
0.216,3.47,10,0.724633893428,0.134850739606,0.806680895635,0
0.217,3.47,10,0.724562257845,0.135202595598,0.806668757018,0
0.218,3.47,10,0.724493820328,0.135558619542,0.806661716099,0
0.219,3.47,10,0.724428617714,0.13591884887,0.806659877917,0
0.22,3.47,10,0.724366686839,0.136283321016,0.80666334751,0
0.221,3.47,10,0.724308064542,0.136652073412,0.806672229919,0
0.222,3.47,10,0.724252787658,0.137025143492,0.806686630182,0
0.223,3.47,10,0.724200893027,0.137402568689,0.806706653338,0
0.224,3.47,10,0.724152417484,0.137784386436,0.806732404427,0
0.189,3.48,10,0.727828570182,0.126438322831,0.808454274041,0
0.19,3.48,10,0.727683809046,0.126691778694,0.808345357933,0
0.191,3.48,10,0.727541255094,0.126948390864,0.808238716803,0
0.192,3.48,10,0.727400945161,0.127208196773,0.80813445569,0
0.193,3.48,10,0.727262916086,0.127471233855,0.808032679633,0
0.194,3.48,10,0.727127204706,0.127737539542,0.80793349367,0
0.195,3.48,10,0.726993847858,0.128007151268,0.807837002842,0
0.196,3.48,10,0.726862882379,0.128280106467,0.807743312187,0
0.197,3.48,10,0.726734345106,0.128556442571,0.807652526745,0
0.198,3.48,10,0.726608272877,0.128836197013,0.807564751555,0
0.199,3.48,10,0.726484702528,0.129119407228,0.807480091655,0
0.2,3.48,10,0.726363670898,0.129406110647,0.807398652086,0
0.201,3.48,10,0.726245214822,0.129696344704,0.807320537887,0
0.202,3.48,10,0.726129371139,0.129990146833,0.807245854096,0
0.203,3.48,10,0.726016176686,0.130287554466,0.807174705753,0
0.204,3.48,10,0.725905668299,0.130588605038,0.807107197897,0
0.205,3.48,10,0.725797882816,0.13089333598,0.807043435567,0
0.206,3.48,10,0.725692857074,0.131201784726,0.806983523803,0
0.207,3.48,10,0.725590627911,0.13151398871,0.806927567643,0
0.208,3.48,10,0.725491232163,0.131829985364,0.806875672127,0
0.209,3.48,10,0.725394706668,0.132149812122,0.806827942294,0
0.21,3.48,10,0.725301088263,0.132473506417,0.806784483184,0
0.211,3.48,10,0.725210413785,0.132801105682,0.806745399835,0
0.212,3.48,10,0.725122720071,0.13313264735,0.806710797286,0
0.213,3.48,10,0.725038043959,0.133468168856,0.806680780577,0
0.214,3.48,10,0.724956422286,0.13380770763,0.806655454748,0
0.215,3.48,10,0.724877891888,0.134151301108,0.806634924836,0
0.216,3.48,10,0.724802489604,0.134498986722,0.806619295882,0
0.217,3.48,10,0.72473025227,0.134850801906,0.806608672925,0
0.218,3.48,10,0.724661216724,0.135206784092,0.806603161004,0
0.219,3.48,10,0.724595419802,0.135566970713,0.806602865157,0
0.22,3.48,10,0.724532898342,0.135931399204,0.806607890425,0
0.221,3.48,10,0.724473689182,0.136300106997,0.806618341846,0
0.222,3.48,10,0.724417829158,0.136673131525,0.80663432446,0
0.223,3.48,10,0.724365355107,0.137050510222,0.806655943306,0
0.189,3.49,10,0.728017098297,0.126090860754,0.808367986866,0
0.19,3.49,10,0.727871630068,0.126344300943,0.808260197309,0
0.191,3.49,10,0.727728372744,0.126600896489,0.808154696068,0
0.192,3.49,10,0.727587363162,0.126860684827,0.808051588182,0
0.193,3.49,10,0.72744863816,0.127123703388,0.80795097869,0
0.194,3.49,10,0.727312234575,0.127389989607,0.807852972632,0
0.195,3.49,10,0.727178189244,0.127659580916,0.807757675046,0
0.196,3.49,10,0.727046539004,0.127932514749,0.807665190973,0
0.197,3.49,10,0.726917320692,0.128208828539,0.80757562545,0
0.198,3.49,10,0.726790571147,0.12848855972,0.807489083517,0
0.199,3.49,10,0.726666327203,0.128771745723,0.807405670214,0
0.2,3.49,10,0.7265446257,0.129058423983,0.807325490579,0
0.201,3.49,10,0.726425503474,0.129348631933,0.807248649652,0
0.202,3.49,10,0.726308997363,0.129642407005,0.807175252472,0
0.203,3.49,10,0.726195144203,0.129939786634,0.807105404079,0
0.204,3.49,10,0.726083980832,0.130240808252,0.807039209511,0
0.205,3.49,10,0.725975544087,0.130545509293,0.806976773807,0
0.206,3.49,10,0.725869870805,0.130853927189,0.806918202007,0
0.207,3.49,10,0.725766997823,0.131166099374,0.806863599151,0
0.208,3.49,10,0.725666961979,0.131482063282,0.806813070276,0
0.209,3.49,10,0.72556980011,0.131801856345,0.806766720423,0
0.21,3.49,10,0.725475549053,0.132125515996,0.80672465463,0
0.211,3.49,10,0.725384245645,0.132453079669,0.806686977938,0
0.212,3.49,10,0.725295926724,0.132784584797,0.806653795384,0
0.213,3.49,10,0.725210629126,0.133120068813,0.806625212008,0
0.214,3.49,10,0.725128389689,0.13345956915,0.80660133285,0
0.215,3.49,10,0.72504924525,0.133803123242,0.806582262949,0
0.216,3.49,10,0.724973232646,0.134150768521,0.806568107343,0
0.217,3.49,10,0.724900388715,0.134502542422,0.806558971073,0
0.218,3.49,10,0.724830750293,0.134858482376,0.806554959176,0
0.219,3.49,10,0.724764354218,0.135218625818,0.806556176693,0
0.22,3.49,10,0.724701237327,0.135583010181,0.806562728663,0
0.221,3.49,10,0.724641436457,0.135951672897,0.806574720124,0
0.222,3.49,10,0.724584988446,0.1363246514,0.806592256116,0
0.223,3.49,10,0.72453193013,0.136701983123,0.806615441679,0
0.188,3.5,10,0.728356173687,0.125496603386,0.808401562381,0
0.189,3.5,10,0.728207815728,0.125746910451,0.808292673787,0
0.19,3.5,10,0.728061635559,0.126000334491,0.808185981808,0
0.191,3.5,10,0.727917670018,0.126256912941,0.808081591484,0
0.192,3.5,10,0.727775955941,0.126516683233,0.807979607853,0
0.193,3.5,10,0.727636530166,0.126779682801,0.807880135954,0
0.194,3.5,10,0.72749942953,0.127045949078,0.807783280828,0
0.195,3.5,10,0.72736469087,0.127315519497,0.807689147512,0
0.196,3.5,10,0.727232351023,0.127588431491,0.807597841047,0
0.197,3.5,10,0.727102446826,0.127864722493,0.80750946647,0
0.198,3.5,10,0.726975015117,0.128144429938,0.807424128823,0
0.199,3.5,10,0.726850092733,0.128427591257,0.807341933143,0
0.2,3.5,10,0.726727716512,0.128714243884,0.80726298447,0
0.201,3.5,10,0.726607923289,0.129004425253,0.807187387844,0
0.202,3.5,10,0.726490749903,0.129298172796,0.807115248302,0
0.203,3.5,10,0.72637623319,0.129595523946,0.807046670886,0
0.204,3.5,10,0.726264409989,0.129896516138,0.806981760633,0
0.205,3.5,10,0.726155317135,0.130201186803,0.806920622583,0
0.206,3.5,10,0.726048991467,0.130509573376,0.806863361775,0
0.207,3.5,10,0.725945469821,0.130821713289,0.806810083249,0
0.208,3.5,10,0.725844789035,0.131137643976,0.806760892043,0
0.209,3.5,10,0.725746985946,0.13145740287,0.806715893197,0
0.21,3.5,10,0.725652097391,0.131781027404,0.80667519175,0
0.211,3.5,10,0.725560160207,0.132108555011,0.806638892742,0
0.212,3.5,10,0.725471211232,0.132440023125,0.80660710121,0
0.213,3.5,10,0.725385287302,0.132775469179,0.806579922195,0
0.214,3.5,10,0.725302425255,0.133114930605,0.806557460736,0
0.215,3.5,10,0.725222661928,0.133458444837,0.806539821872,0
0.216,3.5,10,0.725146034159,0.133806049309,0.806527110642,0
0.217,3.5,10,0.725072578784,0.134157781453,0.806519432086,0
0.218,3.5,10,0.725002332641,0.134513678702,0.806516891242,0
0.219,3.5,10,0.724935332566,0.134873778491,0.80651959315,0
0.22,3.5,10,0.724871615398,0.135238118252,0.806527642849,0
0.221,3.5,10,0.724811217973,0.135606735418,0.806541145378,0
0.222,3.5,10,0.724754177128,0.135979667422,0.806560205776,0
0.187,3.51,10,0.728700935687,0.124908932039,0.808445886996,0
0.188,3.51,10,0.728549712546,0.125156144836,0.808335948756,0
0.189,3.51,10,0.72840063408,0.125406436227,0.808228115429,0
0.19,3.51,10,0.728253737126,0.125659843646,0.808122492056,0
0.191,3.51,10,0.728109058521,0.125916404525,0.808019183676,0
0.192,3.51,10,0.727966635103,0.126176156299,0.807918295327,0
0.193,3.51,10,0.727826503708,0.1264391364,0.80781993205,0
0.194,3.51,10,0.727688701175,0.126705382261,0.807724198882,0
0.195,3.51,10,0.727553264339,0.126974931316,0.807631200864,0
0.196,3.51,10,0.727420230039,0.127247820997,0.807541043034,0
0.197,3.51,10,0.727289635112,0.127524088739,0.807453830432,0
0.198,3.51,10,0.727161516394,0.127803771974,0.807369668097,0
0.199,3.51,10,0.727035910723,0.128086908135,0.807288661069,0
0.2,3.51,10,0.726912854936,0.128373534656,0.807210914385,0
0.201,3.51,10,0.726792385871,0.12866368897,0.807136533086,0
0.202,3.51,10,0.726674540364,0.128957408509,0.807065622211,0
0.203,3.51,10,0.726559355253,0.129254730708,0.806998286799,0
0.204,3.51,10,0.726446867375,0.129555693,0.806934631889,0
0.205,3.51,10,0.726337113567,0.129860332817,0.80687476252,0
0.206,3.51,10,0.726230130666,0.130168687593,0.806818783732,0
0.207,3.51,10,0.72612595551,0.130480794761,0.806766800564,0
0.208,3.51,10,0.726024624936,0.130796691754,0.806718918054,0
0.209,3.51,10,0.72592617578,0.131116416005,0.806675241243,0
0.21,3.51,10,0.725830644881,0.131440004948,0.806635875169,0
0.211,3.51,10,0.725738069075,0.131767496016,0.806600924872,0
0.212,3.51,10,0.7256484852,0.132098926642,0.80657049539,0
0.213,3.51,10,0.725561930092,0.132434334259,0.806544691764,0
0.214,3.51,10,0.725478440589,0.132773756301,0.806523619031,0
0.215,3.51,10,0.725398053528,0.1331172302,0.806507382232,0
0.216,3.51,10,0.725320805747,0.13346479339,0.806496086405,0
0.217,3.51,10,0.725246734082,0.133816483305,0.806489836591,0
0.218,3.51,10,0.725175875371,0.134172337376,0.806488737827,0
0.219,3.51,10,0.725108266451,0.134532393038,0.806492895153,0
0.22,3.51,10,0.725043944159,0.134896687723,0.806502413609,0
0.221,3.51,10,0.724982945333,0.135265258865,0.806517398233,0
0.186,3.52,10,0.729051284771,0.124327772161,0.808500763231,0
0.187,3.52,10,0.728897220994,0.124571929547,0.808389824734,0
0.188,3.52,10,0.728745268777,0.124819127145,0.80828089945,0
0.189,3.52,10,0.728595464957,0.125069402389,0.808174092418,0
0.19,3.52,10,0.728447846371,0.125322792712,0.808069508678,0
0.191,3.52,10,0.728302449857,0.125579335548,0.80796725327,0
0.192,3.52,10,0.728159312251,0.12583906833,0.807867431231,0
0.193,3.52,10,0.728018470391,0.12610202849,0.807770147601,0
0.194,3.52,10,0.727879961114,0.126368253462,0.80767550742,0
0.195,3.52,10,0.727743821258,0.126637780679,0.807583615727,0
0.196,3.52,10,0.727610087659,0.126910647575,0.807494577561,0
0.197,3.52,10,0.727478797154,0.127186891582,0.807408497961,0
0.198,3.52,10,0.727349986581,0.127466550134,0.807325481966,0
0.199,3.52,10,0.727223692777,0.127749660664,0.807245634616,0
0.2,3.52,10,0.727099952579,0.128036260605,0.807169060949,0
0.201,3.52,10,0.726978802825,0.12832638739,0.807095866005,0
0.202,3.52,10,0.726860280351,0.128620078453,0.807026154824,0
0.203,3.52,10,0.726744421996,0.128917371227,0.806960032444,0
0.204,3.52,10,0.726631264595,0.129218303145,0.806897603904,0
0.205,3.52,10,0.726520844986,0.12952291164,0.806838974244,0
0.206,3.52,10,0.726413200007,0.129831234145,0.806784248503,0
0.207,3.52,10,0.726308366494,0.130143308094,0.80673353172,0
0.208,3.52,10,0.726206381285,0.13045917092,0.806686928934,0
0.209,3.52,10,0.726107281218,0.130778860055,0.806644545185,0
0.21,3.52,10,0.726011103128,0.131102412934,0.806606485512,0
0.211,3.52,10,0.725917883854,0.131429866989,0.806572854954,0
0.212,3.52,10,0.725827660232,0.131761259654,0.806543758549,0
0.213,3.52,10,0.7257404691,0.132096628361,0.806519301338,0
0.214,3.52,10,0.725656347295,0.132436010545,0.80649958836,0
0.215,3.52,10,0.725575331655,0.132779443638,0.806484724653,0
0.216,3.52,10,0.725497459016,0.133126965073,0.806474815257,0
0.217,3.52,10,0.725422766215,0.133478612283,0.806469965212,0
0.218,3.52,10,0.72535129009,0.133834422702,0.806470279555,0
0.219,3.52,10,0.725283067478,0.134194433764,0.806475863327,0
0.22,3.52,10,0.725218135217,0.1345586829,0.806486821567,0
0.185,3.53,10,0.729407121409,0.1237530492,0.808565993604,0
0.186,3.53,10,0.729250241544,0.123994190031,0.80845410424,0
0.187,3.53,10,0.729095440123,0.124238332693,0.808344136388,0
0.188,3.53,10,0.728942753984,0.124485514619,0.808236195088,0
0.189,3.53,10,0.728792219965,0.124735773243,0.808130385379,0
0.19,3.53,10,0.728643874901,0.124989145997,0.8080268123,0
0.191,3.53,10,0.728497755631,0.125245670316,0.80792558089,0
0.192,3.53,10,0.728353898992,0.125505383631,0.807826796188,0
0.193,3.53,10,0.72821234182,0.125768323377,0.807730563235,0
0.194,3.53,10,0.728073120954,0.126034526987,0.807636987068,0
0.195,3.53,10,0.72793627323,0.126304031893,0.807546172727,0
0.196,3.53,10,0.727801835485,0.126576875529,0.807458225252,0
0.197,3.53,10,0.727669844557,0.126853095328,0.807373249681,0
0.198,3.53,10,0.727540337283,0.127132728724,0.807291351053,0
0.199,3.53,10,0.7274133505,0.127415813149,0.807212634409,0
0.2,3.53,10,0.727288921045,0.127702386036,0.807137204787,0
0.201,3.53,10,0.727167085756,0.12799248482,0.807065167226,0
0.202,3.53,10,0.72704788147,0.128286146933,0.806996626766,0
0.203,3.53,10,0.726931345023,0.128583409808,0.806931688445,0
0.204,3.53,10,0.726817513253,0.128884310878,0.806870457303,0
0.205,3.53,10,0.726706422998,0.129188887578,0.806813038379,0
0.206,3.53,10,0.726598111094,0.129497177339,0.806759536713,0
0.207,3.53,10,0.726492614378,0.129809217595,0.806710057343,0
0.208,3.53,10,0.726389969689,0.13012504578,0.806664705308,0
0.209,3.53,10,0.726290213863,0.130444699326,0.806623585649,0
0.21,3.53,10,0.726193383737,0.130768215667,0.806586803404,0
0.211,3.53,10,0.726099516148,0.131095632236,0.806554463612,0
0.212,3.53,10,0.726008647934,0.131426986466,0.806526671312,0
0.213,3.53,10,0.725920815932,0.13176231579,0.806503531544,0
0.214,3.53,10,0.725836056979,0.132101657642,0.806485149348,0
0.215,3.53,10,0.725754407912,0.132445049455,0.806471629761,0
0.216,3.53,10,0.725675905569,0.132792528661,0.806463077823,0
0.217,3.53,10,0.725600586786,0.133144132695,0.806459598574,0
0.218,3.53,10,0.725528488402,0.133499898988,0.806461297053,0
0.219,3.53,10,0.725459647252,0.133859864976,0.806468278298,0
0.185,3.54,10,0.729608674668,0.123422851737,0.808528589793,0
0.186,3.54,10,0.729451048591,0.123663978319,0.808417628763,0
0.187,3.54,10,0.72929550468,0.123908105784,0.808308602584,0
0.188,3.54,10,0.729142079773,0.124155271565,0.808201616296,0
0.189,3.54,10,0.728990810708,0.124405513094,0.808096774936,0
0.19,3.54,10,0.72884173432,0.124658867807,0.807994183545,0
0.191,3.54,10,0.728694887448,0.124915373134,0.807893947162,0
0.192,3.54,10,0.728550306929,0.12517506651,0.807796170825,0
0.193,3.54,10,0.7284080296,0.125437985369,0.807700959575,0
0.194,3.54,10,0.728268092298,0.125704167142,0.807608418449,0
0.195,3.54,10,0.728130531861,0.125973649263,0.807518652489,0
0.196,3.54,10,0.727995385124,0.126246469166,0.807431766732,0
0.197,3.54,10,0.727862688927,0.126522664284,0.807347866218,0
0.198,3.54,10,0.727732480106,0.126802272049,0.807267055985,0
0.199,3.54,10,0.727604795497,0.127085329896,0.807189441075,0
0.2,3.54,10,0.727479671939,0.127371875257,0.807115126524,0
0.201,3.54,10,0.727357146269,0.127661945565,0.807044217373,0
0.202,3.54,10,0.727237255323,0.127955578254,0.806976818662,0
0.203,3.54,10,0.727120035939,0.128252810757,0.806913035428,0
0.204,3.54,10,0.727005524955,0.128553680507,0.806852972711,0
0.205,3.54,10,0.726893759206,0.128858224937,0.806796735551,0
0.206,3.54,10,0.726784775532,0.129166481481,0.806744428987,0
0.207,3.54,10,0.726678610768,0.129478487571,0.806696158057,0
0.208,3.54,10,0.726575301751,0.129794280641,0.806652027802,0
0.209,3.54,10,0.72647488532,0.130113898124,0.80661214326,0
0.21,3.54,10,0.726377398312,0.130437377454,0.80657660947,0
0.211,3.54,10,0.726282877563,0.130764756063,0.806545531472,0
0.212,3.54,10,0.72619135991,0.131096071384,0.806519014305,0
0.213,3.54,10,0.726102882192,0.131431360852,0.806497163007,0
0.214,3.54,10,0.726017481245,0.131770661899,0.80648008262,0
0.215,3.54,10,0.725935193906,0.132114011957,0.80646787818,0
0.216,3.54,10,0.725856057012,0.132461448462,0.806460654728,0
0.217,3.54,10,0.725780107402,0.132813008845,0.806458517304,0
0.184,3.55,10,0.729972420839,0.122857840112,0.808613083911,0
0.185,3.55,10,0.729811994652,0.123095989471,0.808501179093,0
0.186,3.55,10,0.729653617516,0.123337101331,0.808391117426,0
0.187,3.55,10,0.729497326269,0.123581213125,0.808283003948,0
0.188,3.55,10,0.729343157748,0.123828362287,0.808176943698,0
0.189,3.55,10,0.72919114879,0.12407858625,0.808073041715,0
0.19,3.55,10,0.729041336233,0.124331922446,0.80797140304,0
0.191,3.55,10,0.728893756913,0.124588408309,0.807872132711,0
0.192,3.55,10,0.728748447668,0.124848081273,0.807775335767,0
0.193,3.55,10,0.728605445336,0.125110978769,0.807681117247,0
0.194,3.55,10,0.728464786752,0.125377138233,0.807589582191,0
0.195,3.55,10,0.728326508754,0.125646597096,0.807500835638,0
0.196,3.55,10,0.728190648181,0.125919392793,0.807414982626,0
0.197,3.55,10,0.728057241868,0.126195562755,0.807332128196,0
0.198,3.55,10,0.727926326653,0.126475144417,0.807252377387,0
0.199,3.55,10,0.727797939373,0.126758175212,0.807175835237,0
0.2,3.55,10,0.727672116866,0.127044692572,0.807102606786,0
0.201,3.55,10,0.727548895968,0.127334733931,0.807032797073,0
0.202,3.55,10,0.727428313517,0.127628336723,0.806966511137,0
0.203,3.55,10,0.72731040635,0.12792553838,0.806903854018,0
0.204,3.55,10,0.727195211304,0.128226376336,0.806844930754,0
0.205,3.55,10,0.727082765217,0.128530888023,0.806789846385,0
0.206,3.55,10,0.726973104925,0.128839110876,0.80673870595,0
0.207,3.55,10,0.726866267266,0.129151082327,0.806691614489,0
0.208,3.55,10,0.726762289078,0.129466839809,0.80664867704,0
0.209,3.55,10,0.726661207196,0.129786420755,0.806609998642,0
0.21,3.55,10,0.726563058458,0.1301098626,0.806575684335,0
0.211,3.55,10,0.726467879703,0.130437202776,0.806545839159,0
0.212,3.55,10,0.726375707766,0.130768478715,0.806520568151,0
0.213,3.55,10,0.726286579485,0.131103727853,0.806499976352,0
0.214,3.55,10,0.726200531697,0.131442987621,0.806484168801,0
0.215,3.55,10,0.72611760124,0.131786295452,0.806473250537,0
0.216,3.55,10,0.72603782495,0.132133688781,0.806467326598,0
0.183,3.56,10,0.730341380529,0.122299080605,0.808707389113,0
0.184,3.56,10,0.730178178779,0.122534291597,0.808594589898,0
0.185,3.56,10,0.730016992965,0.122772426709,0.808483542131,0
0.186,3.56,10,0.729857859925,0.123013523374,0.808374350853,0
0.187,3.56,10,0.729700816495,0.123257619024,0.808267121103,0
0.188,3.56,10,0.729545899514,0.123504751093,0.80816195792,0
0.189,3.56,10,0.729393145818,0.123754957015,0.808058966342,0
0.19,3.56,10,0.729242592245,0.124008274221,0.80795825141,0
0.191,3.56,10,0.729094275631,0.124264740147,0.807859918162,0
0.192,3.56,10,0.728948232814,0.124524392224,0.807764071638,0
0.193,3.56,10,0.728804500631,0.124787267886,0.807670816876,0
0.194,3.56,10,0.72866311592,0.125053404566,0.807580258917,0
0.195,3.56,10,0.728524115516,0.125322839698,0.807492502798,0
0.196,3.56,10,0.728387536259,0.125595610714,0.807407653561,0
0.197,3.56,10,0.728253414984,0.125871755048,0.807325816242,0
0.198,3.56,10,0.72812178853,0.126151310133,0.807247095883,0
0.199,3.56,10,0.727992693733,0.126434313402,0.807171597522,0
0.2,3.56,10,0.72786616743,0.126720802288,0.807099426197,0
0.201,3.56,10,0.727742246459,0.127010814225,0.80703068695,0
0.202,3.56,10,0.727620967656,0.127304386646,0.806965484817,0
0.203,3.56,10,0.72750236786,0.127601556984,0.80690392484,0
0.204,3.56,10,0.727386483907,0.127902362672,0.806846112057,0
0.205,3.56,10,0.727273352635,0.128206841143,0.806792151506,0
0.206,3.56,10,0.72716301088,0.128515029831,0.806742148229,0
0.207,3.56,10,0.72705549548,0.128826966168,0.806696207262,0
0.208,3.56,10,0.726950843272,0.129142687589,0.806654433647,0
0.209,3.56,10,0.726849091093,0.129462231526,0.806616932422,0
0.21,3.56,10,0.726750275781,0.129785635412,0.806583808626,0
0.211,3.56,10,0.726654434173,0.130112936681,0.806555167298,0
0.212,3.56,10,0.726561603105,0.130444172765,0.806531113478,0
0.213,3.56,10,0.726471819416,0.130779381098,0.806511752204,0
0.214,3.56,10,0.726385119941,0.131118599114,0.806497188517,0
0.182,3.57,10,0.730715454209,0.121746498663,0.808811307918,0
0.183,3.57,10,0.730549501443,0.121978810146,0.808697663694,0
0.184,3.57,10,0.730385531498,0.122214007366,0.808585679219,0
0.185,3.57,10,0.730223581212,0.122452127757,0.808475459532,0
0.186,3.57,10,0.730063687421,0.122693208752,0.808367109671,0
0.187,3.57,10,0.729905886963,0.122937287785,0.808260734676,0
0.188,3.57,10,0.729750216676,0.123184402288,0.808156439586,0
0.189,3.57,10,0.729596713396,0.123434589695,0.808054329441,0
0.19,3.57,10,0.72944541396,0.123687887439,0.80795450928,0
0.191,3.57,10,0.729296355206,0.123944332953,0.807857084141,0
0.192,3.57,10,0.729149573971,0.12420396367,0.807762159064,0
0.193,3.57,10,0.729005107092,0.124466817024,0.807669839088,0
0.194,3.57,10,0.728862991406,0.124732930447,0.807580229253,0
0.195,3.57,10,0.728723263751,0.125002341374,0.807493434597,0
0.196,3.57,10,0.728585960964,0.125275087236,0.80740956016,0
0.197,3.57,10,0.728451119882,0.125551205468,0.807328710981,0
0.198,3.57,10,0.728318777341,0.125830733502,0.807250992099,0
0.199,3.57,10,0.72818897018,0.126113708772,0.807176508554,0
0.2,3.57,10,0.728061735236,0.126400168711,0.807105365384,0
0.201,3.57,10,0.727937109345,0.126690150752,0.807037667629,0
0.202,3.57,10,0.727815129345,0.126983692329,0.806973520328,0
0.203,3.57,10,0.727695832074,0.127280830874,0.80691302852,0
0.204,3.57,10,0.727579254368,0.12758160382,0.806856297244,0
0.205,3.57,10,0.727465433064,0.127886048602,0.80680343154,0
0.206,3.57,10,0.727354405,0.128194202651,0.806754536447,0
0.207,3.57,10,0.727246207013,0.128506103402,0.806709717004,0
0.208,3.57,10,0.72714087594,0.128821788288,0.80666907825,0
0.209,3.57,10,0.727038448618,0.129141294741,0.806632725224,0
0.21,3.57,10,0.726938961885,0.129464660195,0.806600762966,0
0.211,3.57,10,0.726842452578,0.129791922083,0.806573296514,0
0.212,3.57,10,0.726748957533,0.130123117839,0.806550430909,0
0.181,3.58,10,0.731094542353,0.121200019735,0.808924642844,0
0.182,3.58,10,0.730925863117,0.121429470564,0.808810203002,0
0.183,3.58,10,0.730759133588,0.12166176875,0.808697331208,0
0.184,3.58,10,0.730594390603,0.121896951724,0.808586132501,0
0.185,3.58,10,0.730431670998,0.122135056921,0.80847671192,0
0.186,3.58,10,0.73027101161,0.122376121774,0.808369174503,0
0.187,3.58,10,0.730112449278,0.122620183715,0.808263625292,0
0.188,3.58,10,0.729956020838,0.122867280179,0.808160169323,0
0.189,3.58,10,0.729801763127,0.123117448597,0.808058911638,0
0.19,3.58,10,0.729649712983,0.123370726405,0.807959957274,0
0.191,3.58,10,0.729499907243,0.123627151034,0.807863411272,0
0.192,3.58,10,0.729352382744,0.123886759917,0.80776937867,0
0.193,3.58,10,0.729207176323,0.124149590489,0.807677964507,0
0.194,3.58,10,0.729064324817,0.124415680183,0.807589273824,0
0.195,3.58,10,0.728923865064,0.12468506643,0.807503411658,0
0.196,3.58,10,0.7287858339,0.124957786665,0.807420483049,0
0.197,3.58,10,0.728650268164,0.125233878322,0.807340593037,0
0.198,3.58,10,0.728517204692,0.125513378832,0.80726384666,0
0.199,3.58,10,0.728386680321,0.125796325629,0.807190348958,0
0.2,3.58,10,0.728258731889,0.126082756147,0.80712020497,0
0.201,3.58,10,0.728133396233,0.126372707819,0.807053519735,0
0.202,3.58,10,0.728010710189,0.126666218077,0.806990398293,0
0.203,3.58,10,0.727890710596,0.126963324356,0.806930945682,0
0.204,3.58,10,0.727773434291,0.127264064087,0.806875266942,0
0.205,3.58,10,0.727658918109,0.127568474706,0.806823467111,0
0.206,3.58,10,0.72754719889,0.127876593644,0.80677565123,0
0.207,3.58,10,0.72743831347,0.128188458334,0.806731924337,0
0.208,3.58,10,0.727332298686,0.128504106211,0.806692391472,0
0.209,3.58,10,0.727229191375,0.128823574707,0.806657157674,0
0.21,3.58,10,0.727129028375,0.129146901256,0.806626327981,0
0.211,3.58,10,0.727031846522,0.12947412329,0.806600007434,0
0.18,3.59,10,0.731478545431,0.120659569269,0.809047196409,0
0.181,3.59,10,0.731307164274,0.120886198301,0.80893201034,0
0.182,3.59,10,0.731137699708,0.121115636308,0.808818300617,0
0.183,3.59,10,0.73097018857,0.121347920722,0.80870617228,0
0.184,3.59,10,0.730804667697,0.121583088978,0.808595730368,0
0.185,3.59,10,0.730641173927,0.121821178507,0.80848707992,0
0.186,3.59,10,0.730479744097,0.122062226743,0.808380325976,0
0.187,3.59,10,0.730320415044,0.12230627112,0.808275573575,0
0.188,3.59,10,0.730163223606,0.12255334907,0.808172927756,0
0.189,3.59,10,0.730008206618,0.122803498027,0.808072493557,0
0.19,3.59,10,0.72985540092,0.123056755425,0.80797437602,0
0.191,3.59,10,0.729704843347,0.123313158695,0.807878680181,0
0.192,3.59,10,0.729556570737,0.123572745272,0.807785511081,0
0.193,3.59,10,0.729410619928,0.123835552589,0.80769497376,0
0.194,3.59,10,0.729267027756,0.124101618078,0.807607173255,0
0.195,3.59,10,0.729125831059,0.124370979173,0.807522214607,0
0.196,3.59,10,0.728987066673,0.124643673308,0.807440202854,0
0.197,3.59,10,0.728850771437,0.124919737915,0.807361243036,0
0.198,3.59,10,0.728716982187,0.125199210427,0.807285440192,0
0.199,3.59,10,0.72858573576,0.125482128278,0.807212899361,0
0.2,3.59,10,0.728457068994,0.125768528902,0.807143725582,0
0.201,3.59,10,0.728331018726,0.12605844973,0.807078023895,0
0.202,3.59,10,0.728207621793,0.126351928197,0.807015899338,0
0.203,3.59,10,0.728086915032,0.126649001736,0.806957456952,0
0.204,3.59,10,0.727968935281,0.12694970778,0.806902801774,0
0.205,3.59,10,0.727853719376,0.127254083761,0.806852038845,0
0.206,3.59,10,0.727741304155,0.127562167114,0.806805273204,0
0.207,3.59,10,0.727631726456,0.127873995271,0.806762609889,0
0.208,3.59,10,0.727525023114,0.128189605665,0.80672415394,0
0.209,3.59,10,0.727421230968,0.128509035731,0.806690010396,0
0.18,3.6,10,0.731693305385,0.120348918805,0.809062888225,0
0.181,3.6,10,0.731521130328,0.120575535489,0.808948389964,0
0.182,3.6,10,0.731350875585,0.1208049602,0.808835381387,0
0.183,3.6,10,0.731182577992,0.12103723037,0.808723967534,0
0.184,3.6,10,0.731016274386,0.121272383432,0.808614253445,0
0.185,3.6,10,0.730852001605,0.12151045682,0.808506344159,0
0.186,3.6,10,0.730689796486,0.121751487967,0.808400344715,0
0.187,3.6,10,0.730529695867,0.121995514305,0.808296360152,0
0.188,3.6,10,0.730371736583,0.122242573269,0.808194495509,0
0.189,3.6,10,0.730215955473,0.122492702291,0.808094855825,0
0.19,3.6,10,0.730062389374,0.122745938805,0.80799754614,0
0.191,3.6,10,0.729911075123,0.123002320243,0.807902671493,0
0.192,3.6,10,0.729762049557,0.12326188404,0.807810336924,0
0.193,3.6,10,0.729615349513,0.123524667627,0.80772064747,0
0.194,3.6,10,0.729471011828,0.123790708439,0.807633708172,0
0.195,3.6,10,0.729329073341,0.124060043909,0.807549624069,0
0.196,3.6,10,0.729189570887,0.124332711469,0.807468500199,0
0.197,3.6,10,0.729052541305,0.124608748553,0.807390441603,0
0.198,3.6,10,0.72891802143,0.124888192594,0.807315553319,0
0.199,3.6,10,0.728786048102,0.125171081026,0.807243940386,0
0.2,3.6,10,0.728656658156,0.125457451281,0.807175707844,0
0.201,3.6,10,0.72852988843,0.125747340794,0.807110960732,0
0.202,3.6,10,0.728405775761,0.126040786996,0.807049804089,0
0.203,3.6,10,0.728284356986,0.126337827321,0.806992342955,0
0.204,3.6,10,0.728165668943,0.126638499202,0.806938682368,0
0.205,3.6,10,0.728049748469,0.126942840073,0.806888927367,0
0.206,3.6,10,0.727936632401,0.127250887367,0.806843182993,0
0.207,3.6,10,0.727826357575,0.127562678517,0.806801554283,0
0.179,3.61,10,0.732084186922,0.119817557522,0.809202639178,0
0.18,3.61,10,0.731909325923,0.120041391742,0.809087401767,0
0.181,3.61,10,0.731736352121,0.120267995605,0.808973562341,0
0.182,3.61,10,0.731565302354,0.120497406547,0.808861225938,0
0.183,3.61,10,0.73139621346,0.120729661999,0.808750497597,0
0.184,3.61,10,0.731229122275,0.120964799395,0.808641482359,0
0.185,3.61,10,0.731064065637,0.121202856168,0.808534285261,0
0.186,3.61,10,0.730901080383,0.121443869751,0.808429011344,0
0.187,3.61,10,0.73074020335,0.121687877578,0.808325765646,0
0.188,3.61,10,0.730581471376,0.121934917081,0.808224653207,0
0.189,3.61,10,0.730424921297,0.122185025695,0.808125779066,0
0.19,3.61,10,0.730270589951,0.122438240851,0.808029248262,0
0.191,3.61,10,0.730118514175,0.122694599984,0.807935165834,0
0.192,3.61,10,0.729968730806,0.122954140526,0.807843636821,0
0.193,3.61,10,0.729821276682,0.123216899912,0.807754766264,0
0.194,3.61,10,0.729676188639,0.123482915573,0.8076686592,0
0.195,3.61,10,0.729533503515,0.123752224943,0.807585420669,0
0.196,3.61,10,0.729393258147,0.124024865455,0.80750515571,0
0.197,3.61,10,0.729255489372,0.124300874543,0.807427969363,0
0.198,3.61,10,0.729120234028,0.12458028964,0.807353966667,0
0.199,3.61,10,0.728987528951,0.124863148178,0.80728325266,0
0.2,3.61,10,0.728857410979,0.125149487592,0.807215932382,0
0.201,3.61,10,0.728729916949,0.125439345314,0.807152110873,0
0.202,3.61,10,0.728605083698,0.125732758777,0.807091893171,0
0.203,3.61,10,0.728482948063,0.126029765416,0.807035384316,0
0.204,3.61,10,0.728363546883,0.126330402662,0.806982689347,0
0.205,3.61,10,0.728246916992,0.126634707949,0.806933913302,0
0.206,3.61,10,0.72813309523,0.126942718711,0.806889161222,0
0.178,3.62,10,0.732479709359,0.119292039902,0.809351065717,0
0.179,3.62,10,0.732302186962,0.119513130513,0.809235138547,0
0.18,3.62,10,0.732126518649,0.119736952386,0.80912051766,0
0.181,3.62,10,0.731952741255,0.119963542955,0.809007308097,0
0.182,3.62,10,0.731780891619,0.120192939654,0.808895614895,0
0.183,3.62,10,0.731611006578,0.120425179914,0.808785543094,0
0.184,3.62,10,0.731443122968,0.12066030117,0.808677197733,0
0.185,3.62,10,0.731277277626,0.120898340855,0.808570683852,0
0.186,3.62,10,0.731113507391,0.121139336401,0.808466106489,0
0.187,3.62,10,0.7309518491,0.121383325243,0.808363570685,0
0.188,3.62,10,0.730792339588,0.121630344813,0.808263181477,0
0.189,3.62,10,0.730635015694,0.121880432544,0.808165043905,0
0.19,3.62,10,0.730479914256,0.12213362587,0.808069263009,0
0.191,3.62,10,0.730327072109,0.122389962223,0.807975943828,0
0.192,3.62,10,0.730176526091,0.122649479038,0.8078851914,0
0.193,3.62,10,0.73002831304,0.122912213747,0.807797110766,0
0.194,3.62,10,0.729882469793,0.123178203784,0.807711806963,0
0.195,3.62,10,0.729739033186,0.123447486581,0.807629385032,0
0.196,3.62,10,0.729598040058,0.123720099572,0.807549950012,0
0.197,3.62,10,0.729459527244,0.12399608019,0.807473606942,0
0.198,3.62,10,0.729323531584,0.124275465869,0.80740046086,0
0.199,3.62,10,0.729190089912,0.124558294041,0.807330616807,0
0.2,3.62,10,0.729059239068,0.124844602139,0.807264179821,0
0.201,3.62,10,0.728931015888,0.125134427598,0.807201254942,0
0.202,3.62,10,0.728805457209,0.125427807849,0.807141947209,0
0.203,3.62,10,0.728682599868,0.125724780327,0.807086361661,0
0.204,3.62,10,0.728562480704,0.126025382464,0.807034603337,0
0.205,3.62,10,0.728445136552,0.126329651694,0.806986777276,0
0.179,3.63,10,0.732521275642,0.119211755991,0.809276049864,0
0.18,3.63,10,0.732344795169,0.119435565044,0.80916201653,0
0.181,3.63,10,0.732170209338,0.119662141845,0.809049407856,0
0.182,3.63,10,0.731997554986,0.119891523827,0.808938328883,0
0.183,3.63,10,0.731826868951,0.120123748423,0.808828884649,0
0.184,3.63,10,0.731658188069,0.120358853065,0.808721180194,0
0.185,3.63,10,0.731491549179,0.120596875188,0.808615320556,0
0.186,3.63,10,0.731326989117,0.120837852224,0.808511410776,0
0.187,3.63,10,0.73116454472,0.121081821607,0.808409555891,0
0.188,3.63,10,0.731004252825,0.121328820769,0.808309860942,0
0.189,3.63,10,0.73084615027,0.121578887145,0.808212430968,0
0.19,3.63,10,0.730690273892,0.121832058166,0.808117371008,0
0.191,3.63,10,0.730536660529,0.122088371267,0.8080247861,0
0.192,3.63,10,0.730385347016,0.122347863881,0.807934781285,0
0.193,3.63,10,0.730236370192,0.122610573441,0.807847461601,0
0.194,3.63,10,0.730089766894,0.122876537379,0.807762932088,0
0.195,3.63,10,0.729945573959,0.12314579313,0.807681297785,0
0.196,3.63,10,0.729803828224,0.123418378126,0.80760266373,0
0.197,3.63,10,0.729664566526,0.123694329801,0.807527134964,0
0.198,3.63,10,0.729527825703,0.123973685588,0.807454816525,0
0.199,3.63,10,0.729393642591,0.12425648292,0.807385813453,0
0.2,3.63,10,0.729262054028,0.124542759229,0.807320230786,0
0.201,3.63,10,0.729133096852,0.124832551951,0.807258173565,0
0.202,3.63,10,0.729006807899,0.125125898517,0.807199746828,0
0.203,3.63,10,0.728883224006,0.12542283636,0.807145055614,0
0.204,3.63,10,0.728762382011,0.125723402915,0.807094204963,0
0.179,3.64,10,0.732741364566,0.118913398261,0.809325153755,0
0.18,3.64,10,0.732564067087,0.119137194022,0.809211679,0
0.181,3.64,10,0.732388667972,0.119363756581,0.809099642244,0
0.182,3.64,10,0.732215204059,0.119593123373,0.808989148527,0
0.183,3.64,10,0.732043712184,0.11982533183,0.808880302888,0
0.184,3.64,10,0.731874229185,0.120060419385,0.808773210365,0
0.185,3.64,10,0.731706791899,0.120298423473,0.808667975999,0
0.186,3.64,10,0.731541437163,0.120539381525,0.808564704828,0
0.187,3.64,10,0.731378201815,0.120783330975,0.808463501892,0
0.188,3.64,10,0.731217122691,0.121030309257,0.80836447223,0
0.189,3.64,10,0.731058236629,0.121280353803,0.80826772088,0
0.19,3.64,10,0.730901580466,0.121533502047,0.808173352883,0
0.191,3.64,10,0.730747191039,0.121789791422,0.808081473277,0
0.192,3.64,10,0.730595105186,0.122049259361,0.807992187101,0
0.193,3.64,10,0.730445359743,0.122311943298,0.807905599396,0
0.194,3.64,10,0.730297991548,0.122577880665,0.807821815199,0
0.195,3.64,10,0.730153037438,0.122847108896,0.807740939551,0
0.196,3.64,10,0.73001053425,0.123119665424,0.807663077489,0
0.197,3.64,10,0.729870518822,0.123395587682,0.807588334055,0
0.198,3.64,10,0.72973302799,0.123674913103,0.807516814286,0
0.199,3.64,10,0.729598098592,0.123957679121,0.807448623222,0
0.2,3.64,10,0.729465767465,0.124243923168,0.807383865903,0
0.201,3.64,10,0.729336071446,0.124533682679,0.807322647367,0
0.202,3.64,10,0.729209047372,0.124826995086,0.807265072653,0
0.203,3.64,10,0.729084732081,0.125123897822,0.807211246801,0
0.179,3.65,10,0.732962365339,0.118618021631,0.809382230845,0
0.18,3.65,10,0.732784246008,0.118841803625,0.809269285697,0
0.181,3.65,10,0.732608028763,0.119068351469,0.809157791887,0
0.182,3.65,10,0.732433750442,0.119297702597,0.809047854453,0
0.183,3.65,10,0.732261447882,0.119529894442,0.808939578436,0
0.184,3.65,10,0.732091157919,0.119764964437,0.808833068874,0
0.185,3.65,10,0.731922917392,0.120002950015,0.808728430806,0
0.186,3.65,10,0.731756763137,0.12024388861,0.808625769273,0
0.187,3.65,10,0.731592731991,0.120487817654,0.808525189312,0
0.188,3.65,10,0.731430860792,0.120734774582,0.808426795963,0
0.189,3.65,10,0.731271186376,0.120984796825,0.808330694266,0
0.19,3.65,10,0.731113745582,0.121237921818,0.808236989259,0
0.191,3.65,10,0.730958575246,0.121494186993,0.808145785982,0
0.192,3.65,10,0.730805712205,0.121753629785,0.808057189474,0
0.193,3.65,10,0.730655193298,0.122016287624,0.807971304774,0
0.194,3.65,10,0.73050705536,0.122282197947,0.807888236922,0
0.195,3.65,10,0.730361335229,0.122551398184,0.807808090956,0
0.196,3.65,10,0.730218069742,0.12282392577,0.807730971915,0
0.197,3.65,10,0.730077295737,0.123099818137,0.80765698484,0
0.198,3.65,10,0.72993905005,0.12337911272,0.807586234769,0
0.199,3.65,10,0.729803369519,0.12366184695,0.807518826741,0
0.2,3.65,10,0.729670290981,0.123948058262,0.807454865796,0
0.201,3.65,10,0.729539851274,0.124237784089,0.807394456972,0
0.202,3.65,10,0.729412087234,0.124531061863,0.807337705309,0
0.18,3.66,10,0.733005243537,0.118549358159,0.809334617246,0
0.181,3.66,10,0.732828203317,0.118775890815,0.809223637408,0
0.182,3.66,10,0.732653105742,0.119005225806,0.809114227286,0
0.183,3.66,10,0.732479987649,0.119237400565,0.809006491918,0
0.184,3.66,10,0.732308885877,0.119472452526,0.808900536344,0
0.185,3.66,10,0.732139837262,0.119710419122,0.808796465603,0
0.186,3.66,10,0.731972878641,0.119951337786,0.808694384734,0
0.187,3.66,10,0.731808046852,0.120195245951,0.808594398776,0
0.188,3.66,10,0.731645378731,0.12044218105,0.808496612769,0
0.189,3.66,10,0.731484911116,0.120692180517,0.808401131751,0
0.19,3.66,10,0.731326680844,0.120945281785,0.808308060762,0
0.191,3.66,10,0.731170724753,0.121201522287,0.808217504842,0
0.192,3.66,10,0.731017079679,0.121460939457,0.808129569029,0
0.193,3.66,10,0.73086578246,0.121723570727,0.808044358362,0
0.194,3.66,10,0.730716869933,0.12198945353,0.807961977881,0
0.195,3.66,10,0.730570378935,0.1222586253,0.807882532625,0
0.196,3.66,10,0.730426346303,0.122531123471,0.807806127633,0
0.197,3.66,10,0.730284808875,0.122806985475,0.807732867944,0
0.198,3.66,10,0.730145803488,0.123086248745,0.807662858598,0
0.199,3.66,10,0.730009366978,0.123368950714,0.807596204634,0
0.2,3.66,10,0.729875536184,0.123655128817,0.80753301109,0
0.201,3.66,10,0.729744347941,0.123944820486,0.807473383007,0
0.181,3.67,10,0.733049103237,0.118486338925,0.809296959434,0
0.182,3.67,10,0.732873181562,0.118715657305,0.809188047651,0
0.183,3.67,10,0.732699243091,0.118947814505,0.80908082396,0
0.184,3.67,10,0.732527324663,0.119182847958,0.808975393401,0
0.185,3.67,10,0.732357463114,0.119420795098,0.808871861014,0
0.186,3.67,10,0.732189695281,0.119661693357,0.808770331837,0
0.187,3.67,10,0.732024058002,0.119905580169,0.808670910909,0
0.188,3.67,10,0.731860588114,0.120152492968,0.808573703271,0
0.189,3.67,10,0.731699322454,0.120402469185,0.808478813961,0
0.19,3.67,10,0.731540297858,0.120655546255,0.808386348017,0
0.191,3.67,10,0.731383551166,0.12091176161,0.808296410481,0
0.192,3.67,10,0.731229119212,0.121171152684,0.80820910639,0
0.193,3.67,10,0.731077038836,0.12143375691,0.808124540784,0
0.194,3.67,10,0.730927346874,0.121699611722,0.808042818702,0
0.195,3.67,10,0.730780080162,0.121968754552,0.807964045184,0
0.196,3.67,10,0.73063527554,0.122241222833,0.807888325267,0
0.197,3.67,10,0.730492969842,0.122517053999,0.807815763993,0
0.198,3.67,10,0.730353199908,0.122796285483,0.807746466399,0
0.199,3.67,10,0.730216002573,0.123078954719,0.807680537526,0
0.2,3.67,10,0.730081414676,0.123365099139,0.807618082412,0
0.201,3.67,10,0.729949473053,0.123654756176,0.807559206096,0
0.182,3.68,10,0.733093889507,0.1184289614,0.809269096173,0
0.183,3.68,10,0.732919125812,0.118661100568,0.809162355186,0
0.184,3.68,10,0.732746385882,0.11889611504,0.80905742067,0
0.185,3.68,10,0.732575706553,0.11913404225,0.808954397664,0
0.186,3.68,10,0.732407124662,0.119374919631,0.808853391207,0
0.187,3.68,10,0.732240677048,0.119618784617,0.808754506337,0
0.188,3.68,10,0.732076400545,0.11986567464,0.808657848095,0
0.189,3.68,10,0.731914331993,0.120115627134,0.80856352152,0
0.19,3.68,10,0.731754508229,0.120368679532,0.80847163165,0
0.191,3.68,10,0.731596966088,0.120624869267,0.808382283525,0
0.192,3.68,10,0.73144174241,0.120884233773,0.808295582184,0
0.193,3.68,10,0.73128887403,0.121146810482,0.808211632666,0
0.194,3.68,10,0.731138397786,0.121412636827,0.808130540011,0
0.195,3.68,10,0.730990350515,0.121681750243,0.808052409257,0
0.196,3.68,10,0.730844769055,0.121954188162,0.807977345444,0
0.197,3.68,10,0.730701690243,0.122229988017,0.807905453611,0
0.198,3.68,10,0.730561150915,0.122509187242,0.807836838798,0
0.199,3.68,10,0.73042318791,0.12279182327,0.807771606043,0
0.2,3.68,10,0.730287838064,0.123077933533,0.807709860385,0
0.184,3.69,10,0.732965981139,0.118612218077,0.809146398777,0
0.185,3.69,10,0.732794479184,0.118850124884,0.809043856179,0
0.186,3.69,10,0.732625078389,0.119090980914,0.808943343469,0
0.187,3.69,10,0.732457815592,0.1193348236,0.808844965685,0
0.188,3.69,10,0.73229272763,0.119581690374,0.808748827867,0
0.189,3.69,10,0.73212985134,0.119831618671,0.808655035054,0
0.19,3.69,10,0.73196922356,0.120084645924,0.808563692284,0
0.191,3.69,10,0.731810881126,0.120340809565,0.808474904598,0
0.192,3.69,10,0.731654860876,0.120600147028,0.808388777035,0
0.193,3.69,10,0.731501199646,0.120862695747,0.808305414632,0
0.194,3.69,10,0.731349934275,0.121128493153,0.808224922431,0
0.195,3.69,10,0.731201101599,0.121397576681,0.80814740547,0
0.196,3.69,10,0.731054738455,0.121669983764,0.808072968788,0
0.197,3.69,10,0.730910881682,0.121945751835,0.808001717424,0
0.198,3.69,10,0.730769568115,0.122224918327,0.807933756419,0
0.199,3.69,10,0.730630834592,0.122507520673,0.807869190809,0
0.185,3.7,10,0.733013692611,0.118569007306,0.809140017185,0
0.186,3.7,10,0.732843468066,0.118809841511,0.809039969249,0
0.187,3.7,10,0.732675385241,0.119053661423,0.808942069578,0
0.188,3.7,10,0.732509480973,0.119300504475,0.808846423211,0
0.189,3.7,10,0.7323457921,0.119550408102,0.808753135188,0
0.19,3.7,10,0.732184355457,0.119803409736,0.808662310547,0
0.191,3.7,10,0.732025207883,0.12005954681,0.808574054327,0
0.192,3.7,10,0.731868386215,0.120318856757,0.808488471568,0
0.193,3.7,10,0.73171392729,0.120581377011,0.808405667309,0
0.194,3.7,10,0.731561867945,0.120847145005,0.808325746589,0
0.195,3.7,10,0.731412245018,0.121116198172,0.808248814448,0
0.196,3.7,10,0.731265095345,0.121388573945,0.808174975924,0
0.197,3.7,10,0.731120455764,0.121664309758,0.808104336058,0
0.198,3.7,10,0.730978363111,0.121943443043,0.808036999887,0
0.186,3.71,10,0.733062205299,0.118531465728,0.809143049172,0
0.187,3.71,10,0.732893297599,0.118775262393,0.809045598642,0
0.188,3.71,10,0.732726572179,0.11902208125,0.808950414754,0
0.189,3.71,10,0.732562065875,0.119271959733,0.808857602547,0
0.19,3.71,10,0.732399815525,0.119524935274,0.808767267061,0
0.191,3.71,10,0.732239857965,0.119781045307,0.808679513336,0
0.192,3.71,10,0.732082230033,0.120040327265,0.808594446409,0
0.193,3.71,10,0.731926968566,0.120302818581,0.808512171321,0
0.194,3.71,10,0.731774110402,0.120568556689,0.80843279311,0
0.195,3.71,10,0.731623692376,0.120837579021,0.808356416817,0
0.196,3.71,10,0.731475751328,0.121109923011,0.808283147479,0
0.187,3.72,10,0.733111464271,0.118499590815,0.8091553335,0
0.188,3.72,10,0.732943912853,0.118746385004,0.809060583119,0
0.189,3.72,10,0.732778584273,0.118996237869,0.808968217757,0
0.19,3.72,10,0.732615515368,0.119249186844,0.808878342454,0
0.191,3.72,10,0.732454742977,0.119505269363,0.80879106225,0
0.192,3.72,10,0.732296303935,0.119764522858,0.808706482183,0
0.193,3.72,10,0.73214023508,0.120026984763,0.808624707293,0
0.194,3.72,10,0.731986573249,0.120292692511,0.808545842619,0
0.195,3.72,10,0.73183535528,0.120561683535,0.8084699932,0
0.189,3.73,10,0.732995258897,0.118723206817,0.809084761442,0
0.19,3.73,10,0.732831366592,0.118976128752,0.80899531735,0
0.191,3.73,10,0.732669774522,0.119232183283,0.808908481695,0
0.192,3.73,10,0.732510519524,0.119491407842,0.808824359516,0
0.193,3.73,10,0.732353638435,0.119753839862,0.808743055851,0
0.19,3.74,10,0.733047280801,0.118705725305,0.809117972375,0
0.191,3.74,10,0.732884864206,0.118961751374,0.809031552296,0
